"rank","instrument","score","pct_rank","close","ret_5d","ret_20d","ann_vol_20d","sector","sic_description","news_count_5d","news_pos_count_5d","news_neg_count_5d","news_sentiment","most_recent_published_utc","pub_lag_days","pub_hour_utc","most_recent_title","most_recent_reasoning","most_recent_keywords","rule_avoid_high_precision","rule_buy_high_precision","rule_buy_legal_veto"
"1","COHR","0.3289616898756885","0.00099601593625498","335.260009765625","0.017481088638305664","0.09027647972106934","0.5918566584587097","Manufacturing","OPTICAL INSTRUMENTS & LENSES","2","1","0","POS","2026-05-05T15:34:47Z","2.3508449074074074","15.0","These 3 Telecom Stocks Rallied Over 1,000% In A Year: Nvidia Did 75%","Mentioned as part of the optical transceiver cohort but not analyzed for investment merit in the article.","optical components;datacenter buildout;AI infrastructure;hyperscaler capex;analyst ratings","False","False","False"
"2","STX","0.32428193201563543","0.00298804780876494","782.6400146484375","0.0766373872756958","0.5555423498153687","0.5471848845481873","Manufacturing","COMPUTER STORAGE DEVICES","3","2","0","POS","2026-05-06T18:11:00Z","1.242361111111111","18.0","Super Micro Computer Ignites AI Rally With Strong Sales and Earnings Guidance","Memory-related stock experiencing strength during the AI rally, indicating positive sentiment in the storage and semiconductor sector.","AI rally;Super Micro Computer;earnings guidance;sales growth;operating margins","False","False","False"
"3","CIEN","0.32195870894316464","0.0049800796812749","548.1099853515625","0.023949623107910156","0.10501587390899658","0.64329993724823","Manufacturing","TELEPHONE & TELEGRAPH APPARATUS","0","0","0","NO-NEWS","","","","","","","False","False","False"
"4","CNC","0.32186927555625977","0.0069721115537848604","55.959999084472656","0.049118876457214355","0.5002681016921997","0.6192110776901245","Finance_Insurance_RealEstate","HOSPITAL & MEDICAL SERVICE PLANS","0","0","0","NO-NEWS","","","","","","","False","False","False"
"5","SMCI","0.32176620933417666","0.008964143426294821","35.369998931884766","0.3056478500366211","0.40023744106292725","1.058095097541809","Manufacturing","ELECTRONIC COMPUTERS","14","6","6","NEUTRAL","2026-05-07T17:54:00Z","0.25416666666666665","17.0","DEADLINE ALERT for ATRA, COTY, SMCI, IBRX: Law Offices of Howard G. Smith Reminds Investors of Opportunity to Lead Securities Fraud Class Actions","Alleged violations of U.S. export control laws through sales to Chinese companies and material weaknesses in compliance controls.","securities fraud;class action lawsuit;false statements;misleading disclosures;investor losses","False","False","False"
"6","INTC","0.32159405169066646","0.010956175298804782","124.91999816894531","0.25396502017974854","1.0025649070739746","1.1309857368469238","Manufacturing","SEMICONDUCTORS & RELATED DEVICES","32","19","4","POS","2026-05-08T18:20:00Z","-0.7638888888888888","18.0","Arm Just Made a Bold Prediction, And It Could Be a Huge Buy Signal","Arm's CEO predicts Arm will surpass Intel (and AMD) in CPU market share by end of decade, positioning Arm as a competitive threat to Intel's x86 platform dominance.","CPU market share;AGI CPU;supply chain constraints;data center;x86 competition","False","False","False"
"7","AMD","0.315004662413141","0.012948207171314742","455.19000244140625","0.26252281665802","0.8576151132583618","0.9789613485336304","Manufacturing","SEMICONDUCTORS & RELATED DEVICES","42","28","3","POS","2026-05-08T18:20:00Z","-0.7638888888888888","18.0","Arm Just Made a Bold Prediction, And It Could Be a Huge Buy Signal","Arm's CEO predicts Arm will surpass AMD (and Intel) in CPU market share by end of decade, positioning Arm as a competitive threat to AMD's x86 platform dominance.","CPU market share;AGI CPU;supply chain constraints;data center;x86 competition","False","False","False"
"8","DELL","0.3008183986520194","0.014940239043824702","260.4599914550781","0.239282488822937","0.4649043083190918","0.7598803639411926","Manufacturing","ELECTRONIC COMPUTERS","3","3","0","STRONG-POS","2026-05-08T08:58:00Z","-0.3736111111111111","8.0","Data Protection as a Service (DPaaS) Research Report 2026 - Global Market Analysis, Competitive Landscape, Opportunities, and Forecasts, 2021-2025 & 2025-2031","Key market player in DPaaS sector positioned to benefit from enterprise demand for integrated data protection and disaster recovery solutions.","Data Protection as a Service;DPaaS;cloud security;ransomware;data privacy","False","False","False"
"9","MU","0.3008136913116059","0.01693227091633466","746.8099975585938","0.3773444890975952","0.7756247520446777","0.8189917206764221","Manufacturing","SEMICONDUCTORS & RELATED DEVICES","21","17","1","POS","2026-05-08T18:42:56Z","-0.7798148148148148","18.0","SanDisk Did In Months What Nvidia Took 9 Years To Pull Off — And The Chart Looks Almost Unreal","Strong fundamentals with 157% YTD gain, 682% non-GAAP EPS growth, and accounts for 51% of S&P 500 EPS revisions. Trading at attractive 8.0x forward earnings despite multi-year contract visibility and 80%+ margin potential.","AI memory supercycle;NAND flash;DRAM;HBM;supply shortage","False","False","False"
"10","MCHP","0.2971270150002625","0.018924302788844622","99.08999633789062","0.05470991134643555","0.3847121000289917","0.5124272108078003","Manufacturing","SEMICONDUCTORS & RELATED DEVICES","2","2","0","POS","2026-05-08T13:48:00Z","-0.575","13.0","Dow Jones Rises as US NFP Beats, Middle East Stays in Focus","Rising 3.9% pre-market after forecasting Q1 revenue above estimates on strong demand for industrial and automotive chips","non-farm payroll;US jobs report;Dow Jones;US-Iran tensions;Strait of Hormuz","False","False","False"
"11","BLDR","0.29541319703357577","0.02091633466135458","77.4000015258789","0.022186994552612305","-0.09261429309844971","0.5254114866256714","Retail","RETAIL-LUMBER & OTHER BUILDING MATERIALS DEALERS","0","0","0","NO-NEWS","","","","","","","False","False","False"
"12","NCLH","0.2912656816261771","0.022908366533864542","17.079999923706055","-0.09197235107421875","-0.1442885398864746","0.5658782124519348","Transportation_Utilities","WATER TRANSPORTATION","4","0","4","STRONG-NEG","2026-05-07T18:00:00Z","0.25","18.0","Norwegian Cruise Lines Holdings Ltd. Investigated by the Portnoy Law Firm","The company issued disappointing Q1 2026 financial results with lowered full year EPS guidance, resulting in a sharp 29.32% stock price decline. Additionally, the company is now subject to a securities fraud investigation and potential class action lawsuit, indicating serious con","securities fraud;class action lawsuit;earnings miss;EPS guidance reduction;stock price decline","False","False","True"
"13","SNDK","0.2821369118300508","0.0249003984063745","1562.3399658203125","0.31620895862579346","0.834227442741394","1.0373246669769287","Manufacturing","COMPUTER STORAGE DEVICES","10","8","1","POS","2026-05-08T18:42:56Z","-0.7798148148148148","18.0","SanDisk Did In Months What Nvidia Took 9 Years To Pull Off — And The Chart Looks Almost Unreal","Exceptional 4,086% YTD gain driven by pure-play NAND exposure, 80%+ margins, 251% YoY revenue growth, and development of next-generation High-Bandwidth Flash technology. Trading at only 9.5x forward earnings despite explosive growth.","AI memory supercycle;NAND flash;DRAM;HBM;supply shortage","False","False","False"
"14","APA","0.27626199936298895","0.026892430278884463","35.560001373291016","-0.11387985944747925","-0.0794718861579895","0.591107189655304","Mining","CRUDE PETROLEUM & NATURAL GAS","0","0","0","NO-NEWS","","","","","","","False","False","False"
"15","GLW","0.24271225313429243","0.02888446215139442","186.94000244140625","0.1812208890914917","0.09168422222137451","0.6990824937820435","Manufacturing","DRAWING & INSULATING OF NONFERROUS WIRE","1","1","0","POS","2026-05-07T11:18:00Z","0.5291666666666667","11.0","Corning Stock Surges on Nvidia’s $500 Million Warrant Investment","Stock surged 12%+ on the announcement, up 25% in 30 days and 110% year-to-date. The $500M warrant investment from Nvidia de-risks massive capital expenditure, secures a major buyer for output, and repositions the company from cyclical materials supplier to essential AI infrastruc","optical fiber;photonics;AI infrastructure;data centers;warrant investment","False","False","False"
"16","LITE","0.23367470449824965","0.030876494023904383","903.7999877929688","-0.0485614538192749","0.007243990898132324","0.7712909579277039","Manufacturing","COMMUNICATIONS EQUIPMENT, NEC","2","2","0","POS","2026-05-05T16:05:00Z","2.329861111111111","16.0","1 Update Amazon CEO Andy Jassy Just Said That Every Artificial Intelligence (AI) Investor Should Hear","AI supply chain company providing essential components; highlighted as beneficiary of hyperscaler infrastructure spending","artificial intelligence;AWS;capital expenditure;cloud computing;AI infrastructure","False","False","False"
"17","CVNA","0.2336699381486457","0.03286852589641434","77.94000244140625","-0.7962885499000549","-0.76824951171875","2.9562599658966064","Retail","RETAIL-AUTO DEALERS & GASOLINE STATIONS","2","0","0","NEUTRAL","2026-05-07T10:06:00Z","0.5791666666666667","10.0","Wall Street's Next Blockbuster Stock Split Has Arrived -- and This Industry Leader Has Soared Over 10,000% in Less Than 4 Years","While Carvana demonstrates impressive growth metrics (49% sales growth, record net income of $1.9B, 10,000%+ stock appreciation), the article balances this with significant concerns: exorbitant valuation multiples (50x 2026 earnings), vulnerability to market corrections, and elev","stock split;Carvana;used-car retailer;profitability;valuation concerns","False","False","False"
"18","ANET","0.22812714380246685","0.0348605577689243","141.77000427246094","-0.17909663915634155","-0.037869036197662354","0.6430397033691406","Manufacturing","COMPUTER COMMUNICATIONS EQUIPMENT","5","2","2","NEUTRAL","2026-05-08T07:02:00Z","-0.29305555555555557","7.0","Why Arista Networks Stock Rocketed 41% Higher in April and Why It's Likely Just Getting Started","Multiple analyst upgrades with $200 price targets, innovative XPO technology for AI data centers, strong Q1 earnings beat-and-raise, 93% buy ratings from analysts, and expected AI revenue to more than double. Stock up 56% year-over-year despite recent pullback.","AI data centers;networking hardware;XPO optics technology;analyst upgrades;AI infrastructure investment","False","False","False"
"19","HUM","0.22738739502074115","0.036852589641434265","274.9599914550781","0.1769036054611206","0.4309654235839844","0.4834872782230377","Finance_Insurance_RealEstate","HOSPITAL & MEDICAL SERVICE PLANS","0","0","0","NO-NEWS","","","","","","","False","False","False"
"20","PSKY","0.22667381850066937","0.03884462151394422","11.09000015258789","0.0","0.04425609111785889","0.5092335939407349","Transportation_Utilities","TELEVISION BROADCASTING STATIONS","1","0","1","NEG","2026-05-06T12:18:52Z","1.4868981481481482","12.0","Barry Diller Says He'd Buy CNN 'Tonight' Before It Becomes 'Extinct' Amid Warner Bros-Paramount Deal: 'So Ripe For Innovation...'","As the acquiring entity in the merger with Warner Bros. Discovery, the company faces the same 'savage' integration challenges and cost-cutting pressures that Diller warned about.","CNN acquisition;Barry Diller;media consolidation;Warner Bros. Discovery;Paramount Skydance","False","False","False"
"21","HPE","0.226334496406262","0.04083665338645418","31.350000381469727","0.09730494022369385","0.25954198837280273","0.40350261330604553","Manufacturing","COMPUTER & OFFICE EQUIPMENT","1","1","0","POS","2026-05-05T08:00:00Z","2.6666666666666665","8.0","SPEC Releases the SPEC CPU 2026 Benchmark Suites to Address the Latest Advances in CPU, Memory, and Compiler Technology","Listed as a SPEC CPU committee member; updated benchmarks support their enterprise server and datacenter solutions","CPU benchmarks;performance evaluation;SPEC CPU 2026;processor architecture;compiler technology","False","False","False"
"22","TER","0.22606000718561742","0.04282868525896414","359.7699890136719","0.04154360294342041","-0.02233755588531494","1.0210617780685425","Manufacturing","INSTRUMENTS FOR MEAS & TESTING OF ELECTRICITY & ELEC SIGNALS","0","0","0","NO-NEWS","","","","","","","False","False","False"
"23","QCOM","0.2216082538991902","0.044820717131474105","219.08999633789062","0.23772668838500977","0.7108386754989624","0.7965465188026428","Manufacturing","RADIO & TV BROADCASTING & COMMUNICATIONS EQUIPMENT","8","6","0","STRONG-POS","2026-05-08T17:36:32Z","-0.7337037037037037","17.0","Nasdaq Tops 29,000 Records, Micron Soars 13%: Stock Market Today","Rallied 9.3% as part of semiconductor sector strength.","Nasdaq record high;semiconductor rally;jobs report;Micron Technology;tech sector leadership","False","False","False"
"24","GEV","0.2167136879390303","0.046812749003984064","1040.1500244140625","-0.021449685096740723","0.049257516860961914","0.6135203242301941","Manufacturing","ELECTRONIC & OTHER ELECTRICAL EQUIPMENT (NO COMPUTER EQUIP)","5","5","0","STRONG-POS","2026-05-07T13:14:00Z","0.4486111111111111","13.0","Here's Why Vertiv Shares Popped Higher in April","Strengthening demand for gas turbines to power AI data centers demonstrates broad-based growth across the AI infrastructure supply chain.","AI data centers;infrastructure;earnings beat;guidance raise;power and cooling solutions","False","True","False"
"25","POOL","0.21523736542205005","0.04880478087649402","187.77000427246094","-0.09764999151229858","-0.12628543376922607","0.43380656838417053","Wholesale","WHOLESALE-MISC DURABLE GOODS","0","0","0","NO-NEWS","","","","","","","False","False","False"
"26","CHTR","0.20822402682614832","0.05079681274900399","154.86000061035156","-0.09828811883926392","-0.29229503870010376","1.084591031074524","Transportation_Utilities","CABLE & OTHER PAY TELEVISION SERVICES","1","0","1","NEG","2026-05-07T17:30:00Z","0.2708333333333333","17.0","Where Are Comcast and Charter's Internet Customers Going? Here.","Lost 117,000 residential broadband customers last quarter and over 1 million since 2023 peak. Internet service represents ~40% of revenue, making this customer migration particularly damaging. EBITDA declined due to broadband weakness.","broadband internet;fixed wireless access (FWA);5G networks;cord-cutting;customer churn","False","False","False"
"27","VRT","0.1891136804014334","0.052788844621513946","339.9700012207031","0.0355151891708374","0.15201115608215332","0.5526950359344482","Manufacturing","ELECTRONIC COMPONENTS, NEC","2","1","0","POS","2026-05-07T13:14:00Z","0.4486111111111111","13.0","Here's Why Vertiv Shares Popped Higher in April","Strong Q1 earnings beat with significant full-year guidance raises (net sales and adjusted operating profit), strategic Nvidia partnership for AI infrastructure, and robust demand outlook position the company for continued growth in the AI data center buildout.","AI data centers;infrastructure;earnings beat;guidance raise;power and cooling solutions","False","False","False"
"28","EPAM","0.18472660064488544","0.054780876494023904","99.2300033569336","-0.11662065982818604","-0.1897607445716858","0.3707908093929291","Services","SERVICES-COMPUTER PROGRAMMING SERVICES","0","0","0","NO-NEWS","","","","","","","False","False","False"
"29","BF.B","0.1824717741542923","0.05677290836653386","27.68000030517578","0.0833660364151001","-0.06137669086456299","0.51663738489151","Manufacturing","BEVERAGES","0","0","0","NO-NEWS","","","","","","","False","False","False"
"30","CSGP","0.1804981338519848","0.05876494023904383","32.77000045776367","-0.05616360902786255","-0.10169953107833862","0.433356910943985","Services","SERVICES-BUSINESS SERVICES, NEC","0","0","0","NO-NEWS","","","","","","","False","False","False"
"31","DDOG","0.17531508316531302","0.060756972111553786","200.16000366210938","0.424322247505188","0.8995919227600098","1.157232642173767","Services","SERVICES-PREPACKAGED SOFTWARE","3","2","0","POS","2026-05-08T10:21:00Z","-0.43125","10.0","Datadog Stock Surges 30% on Q1 Earnings Beat and Raised Guidance","Strong Q1 earnings beat with 32% revenue growth exceeding consensus by 500 bps, first billion-dollar quarter, net income more than doubling, raised guidance for Q2 and full year, FedRAMP High certification opening government business opportunities, and analyst price target revisi","earnings beat;guidance raise;revenue growth;agentic AI;SaaS","False","False","False"
"32","ERIE","0.17145426705585323","0.06274900398406374","215.89999389648438","0.004372835159301758","-0.1491960883140564","0.444750040769577","Finance_Insurance_RealEstate","INSURANCE AGENTS, BROKERS & SERVICE","0","0","0","NO-NEWS","","","","","","","False","False","False"
"33","EXPE","0.16935614962237894","0.0647410358565737","229.97999572753906","-0.08680117130279541","0.008286237716674805","0.5668173432350159","Transportation_Utilities","TRANSPORTATION SERVICES","3","2","1","POS","2026-05-08T17:36:32Z","-0.7337037037037037","17.0","Nasdaq Tops 29,000 Records, Micron Soars 13%: Stock Market Today","Fell 7% despite 56.8% EPS beat and revenue topping estimates, due to weak travel commentary.","Nasdaq record high;semiconductor rally;jobs report;Micron Technology;tech sector leadership","False","False","False"
"34","ORCL","0.16873825210416668","0.06673306772908366","195.9499969482422","0.14037132263183594","0.41900205612182617","0.6721680164337158","Services","SERVICES-PREPACKAGED SOFTWARE","13","7","2","POS","2026-05-08T09:30:00Z","-0.3958333333333333","9.0","Why Bloom Energy Stock Skyrocketed 109% in April","Expanded partnership with Bloom Energy to secure reliable power for AI and cloud infrastructure expansion, addressing critical power bottleneck for data center development. Demonstrates strategic commitment to scaling AI capabilities.","fuel cells;AI infrastructure;data centers;renewable energy;power solutions","False","False","False"
"35","AXON","0.16377823821925158","0.06872509960159362","403.5400085449219","0.0030573606491088867","0.16650283336639404","0.5839582681655884","Manufacturing","ORDNANCE & ACCESSORIES, (NO VEHICLES/GUIDED MISSILES)","1","0","0","NEUTRAL","2026-05-06T20:49:06Z","1.1325694444444445","20.0","Axon Shares Slip Despite Q1 Results Above Expectations","The company delivered strong financial results with earnings and revenue beats, exceptional growth in AI products (700%+) and Platform Solutions (95%), and raised full-year guidance. However, the stock declined 2.81% in after-hours trading despite these positive results, suggesti","Q1 earnings;revenue beat;AI products growth;Software & Services;fiscal 2026 guidance","False","False","False"
"36","FIX","0.16151541145848472","0.07071713147410359","1952.3699951171875","0.045714497566223145","0.22571635246276855","0.43744736909866333","Construction","ELECTRICAL WORK","0","0","0","NO-NEWS","","","","","","","False","False","False"
"37","LRCX","0.15708506547356174","0.07270916334661355","294.04998779296875","0.14541125297546387","0.11526203155517578","0.52800452709198","Manufacturing","SPECIAL INDUSTRY MACHINERY, NEC","1","1","0","POS","2026-05-05T12:21:00Z","2.4854166666666666","12.0","Why the VanEck Semiconductor ETF Rallied Over 30% in April","Beat analyst expectations and provided similarly bullish commentary for rest of year and into 2027 as semiconductor equipment supplier benefiting from strong chip demand.","semiconductor ETF;AI demand;earnings reports;agentic AI;chip manufacturing","False","False","False"
"38","NOW","0.15246322561220907","0.07470119521912351","91.18000030517578","0.0002193450927734375","0.09855425357818604","0.8518555760383606","Services","SERVICES-PREPACKAGED SOFTWARE","3","2","1","POS","2026-05-08T14:15:00Z","-0.59375","14.0","ServiceNow Had Problems Long Before Agentic AI. Here's Why.","The company faces structural headwinds including decelerating revenue growth (30% to 21%), eroding gross margins (80% to 75%), and an unprofitable Professional Services segment. While the AI obsolescence narrative may be overblown, these fundamental deteriorations indicate Servic","SaaS;agentic AI;revenue deceleration;margin erosion;professional services","False","False","False"
"39","WDC","0.15222746248467942","0.07669322709163347","480.0","0.11234712600708008","0.39766478538513184","0.43258875608444214","Manufacturing","COMPUTER STORAGE DEVICES","3","2","0","POS","2026-05-08T19:15:00Z","-0.8020833333333334","19.0","This Glorious Growth Stock Has Surged 170% in 2026. It Is Set to Skyrocket Higher","Strong Q3 2026 results with 45% revenue and 97% earnings growth, driven by severe HDD shortage in AI data centers. Company has pricing power, long-term customer contracts at higher prices, and favorable market conditions expected to persist through 2030. Analyst projections sugge","Western Digital;AI data centers;storage demand;HDD shortage;earnings growth","False","False","False"
"40","WST","0.15096720691028648","0.07868525896414343","325.9200134277344","0.08394312858581543","0.27039575576782227","0.5087143182754517","Manufacturing","SURGICAL & MEDICAL INSTRUMENTS & APPARATUS","0","0","0","NO-NEWS","","","","","","","False","False","False"
"41","GNRC","0.14909281959281132","0.08067729083665338","269.4100036621094","0.03882932662963867","0.3013089895248413","0.6332558393478394","Manufacturing","MOTORS & GENERATORS","0","0","0","NO-NEWS","","","","","","","False","False","False"
"42","AOS","0.14836828178009073","0.08266932270916334","58.599998474121094","-0.02899754047393799","-0.11104369163513184","0.32886001467704773","Manufacturing","HOUSEHOLD APPLIANCES","0","0","0","NO-NEWS","","","","","","","False","False","False"
"43","PNR","0.14289732367268823","0.0846613545816733","76.81999969482422","-0.028824269771575928","-0.1484314203262329","0.4431122839450836","Manufacturing","SPECIAL INDUSTRY MACHINERY (NO METALWORKING MACHINERY)","1","1","0","POS","2026-05-06T20:21:00Z","1.1520833333333333","20.0","Profit From Water With These Dividend Stocks","Strong performance with 5% revenue growth beating estimates, 9% YoY EPS growth beating consensus, and management guidance of 10% long-term EPS growth driven by organic growth and acquisitions. Positive momentum in water technology and infrastructure markets.","water stocks;dividend stocks;dividend yield;water solutions;essential commodities","False","False","False"
"44","COIN","0.14148845652416905","0.08665338645418327","201.16000366210938","0.05181705951690674","0.19845092296600342","0.6524490714073181","Finance_Insurance_RealEstate","FINANCE SERVICES","10","7","3","POS","2026-05-08T14:00:00Z","-0.5833333333333334","14.0","SaintQuant Launches Free AI Trading Bot Platform with Cash Bonus as AI Agents Begin Outpacing Human Traders","Q1 2026 results show significant deterioration: $394 million net loss, 31% revenue decline year-over-year, and 48% collapse in global crypto trading volumes. Article uses Coinbase as a cautionary example of passive business model vulnerability.","AI trading bot;quantitative trading;automated investing;agentic investing;crypto trading","False","False","False"
"45","BSX","0.13980531520841155","0.08864541832669323","53.93000030517578","-0.04548674821853638","-0.12720507383346558","0.521102786064148","Manufacturing","SURGICAL & MEDICAL INSTRUMENTS & APPARATUS","1","0","1","NEG","2026-05-03T22:00:00Z","4.083333333333333","22.0","BSX DEADLINE: ROSEN, GLOBAL INVESTOR COUNSEL, Encourages Boston Scientific Corporation Investors to Secure Counsel Before Important May 4 Deadline in Securities","Company is accused of making materially false and misleading statements about its U.S. Electrophysiology segment's growth sustainability while concealing adverse facts, resulting in investor losses from missed earnings and weak guidance.","securities class action;Boston Scientific;Camping World Holdings;ADMA Biologics;investor lawsuit","False","False","False"
"46","CF","0.13675780528037026","0.09063745019920319","115.0199966430664","-0.06251531839370728","-0.051928818225860596","0.5782197117805481","Manufacturing","AGRICULTURAL CHEMICALS","0","0","0","NO-NEWS","","","","","","","False","False","False"
"47","ON","0.13586717274920426","0.09262948207171315","103.19999694824219","0.0016499757766723633","0.5032774209976196","0.6034833192825317","Manufacturing","SEMICONDUCTORS & RELATED DEVICES","5","2","2","NEUTRAL","2026-05-05T15:33:00Z","2.3520833333333333","15.0","onsemi Stock Dips After Earnings: Why the Dip Is Buyable","Strong earnings beat with 4.1% revenue growth (first in 2+ years), exceptional data center growth (30% sequential, 100%+ YoY), margin expansion, better-than-expected guidance with 50 bps sequential improvement, and aggressive share buybacks signaling management confidence. The po","semiconductor;earnings;data center;AI demand;industrial chips","False","False","False"
"48","NXPI","0.12477538083011099","0.0946215139442231","294.75","-0.0016596317291259766","0.44223713874816895","0.9685132503509521","Manufacturing","SEMICONDUCTORS & RELATED DEVICES","2","2","0","POS","2026-05-05T01:15:45Z","2.947395833333333","1.0","How NXP Semiconductors Stock Soared 49% Last Month","Company beat analyst estimates on revenue ($3.18B vs $3.15B expected) and earnings ($3.05 vs $2.98 expected). Q2 guidance significantly exceeded consensus ($3.45B vs $3.27B). Strong growth in AI data center market, new product launches, and strategic positioning in power/cooling/","NXP Semiconductors;semiconductor earnings;AI data center;stock surge;power and cooling solutions","False","False","False"
"49","COR","0.12380973949116443","0.09661354581673307","261.0799865722656","-0.1411842703819275","-0.18621039390563965","0.6533167362213135","Wholesale","WHOLESALE-DRUGS, PROPRIETARIES & DRUGGISTS' SUNDRIES","0","0","0","NO-NEWS","","","","","","","False","False","False"
"50","UHS","0.12227186072173335","0.09860557768924302","169.9600067138672","0.01772463321685791","-0.05985170602798462","0.43502798676490784","Services","SERVICES-GENERAL MEDICAL & SURGICAL HOSPITALS, NEC","0","0","0","NO-NEWS","","","","","","","False","False","False"
"51","AVGO","0.1220560927878902","0.10059760956175298","430.0","0.02069878578186035","0.15731394290924072","0.3895076513290405","Manufacturing","SEMICONDUCTORS & RELATED DEVICES","29","17","2","POS","2026-05-08T16:35:00Z","-0.6909722222222222","16.0","Meet the Super Semiconductor Stock Obliterating Nvidia, AMD, and Broadcom Right Now","Broadcom is grouped with other major chipmakers that have underperformed in 2026 due to valuation concerns rather than fundamental deterioration. No specific analysis or outlook is provided.","semiconductor testing equipment;AI boom;data center testing;EV testing;backlog growth","False","False","False"
"52","XYZ","0.12199542626291576","0.10258964143426295","74.8499984741211","0.04233396053314209","0.2033761739730835","0.40984705090522766","Services","SERVICES-PREPACKAGED SOFTWARE","3","3","0","STRONG-POS","2026-05-07T21:47:37Z","0.09193287037037037","21.0","Block Shares Climb After Q1 Report — Here's Why","Block significantly beat EPS expectations (25% above consensus), raised full-year guidance with strong projected growth rates (19% gross profit growth, 62% EPS growth), and demonstrated accelerating gross profit growth across most segments (27% overall, 38% in Cash App, 55% in Fi","Q1 earnings;earnings beat;guidance raise;gross profit growth;AI integration","False","False","False"
"53","HOOD","0.1174828999044311","0.10458167330677291","77.02999877929688","0.04575073719024658","0.11331117153167725","0.845072329044342","Finance_Insurance_RealEstate","SECURITY BROKERS, DEALERS & FLOTATION COMPANIES","5","1","2","NEG","2026-05-07T19:13:56Z","0.1986574074074074","19.0","Nancy Pelosi's Databricks Bet Is Up 302% — Now 150,000 Robinhood Investors Want The Same Pre‑IPO Upside","Successfully launched Venture Fund I with over 150,000 retail investor participants, democratizing access to pre-IPO investments. Strong demand indicates successful product expansion and customer engagement.","Databricks;pre-IPO investments;Robinhood Venture Fund;retail investors;private markets","False","False","False"
"54","NRG","0.11705697316646557","0.10657370517928287","138.11000061035156","-0.09949791431427002","-0.1582251787185669","0.5157362222671509","Transportation_Utilities","ELECTRIC SERVICES","1","0","1","NEG","2026-05-06T16:46:38Z","1.3009490740740741","16.0","What Hurt NRG's Quarterly Earnings Despite Higher Revenue, Asset Contributions","Adjusted EPS of $1.48 missed analyst estimates of $1.77, adjusted net income and EBITDA declined year-over-year, operating and free cash flow turned negative, and total liquidity decreased significantly. While revenue grew and guidance was reaffirmed, the earnings miss and operat","Q1 earnings;adjusted EPS miss;hedge losses;Texas weather;revenue growth","False","False","False"
"55","PODD","0.1167105443511838","0.10856573705179283","154.16000366210938","-0.11928695440292358","-0.21718370914459229","0.7188014984130859","Manufacturing","SURGICAL & MEDICAL INSTRUMENTS & APPARATUS","0","0","0","NO-NEWS","","","","","","","False","False","False"
"56","TPL","0.11645315515573287","0.11055776892430279","394.20001220703125","-0.09090906381607056","-0.03846621513366699","0.2922031581401825","Finance_Insurance_RealEstate","OIL ROYALTY TRADERS","0","0","0","NO-NEWS","","","","","","","False","False","False"
"57","SYK","0.10796428338704803","0.11254980079681275","285.4700012207031","-0.03141862154006958","-0.15827804803848267","0.31890439987182617","Manufacturing","SURGICAL & MEDICAL INSTRUMENTS & APPARATUS","4","3","0","STRONG-POS","2026-05-08T13:53:00Z","-0.5784722222222223","13.0","Computer Vision in Healthcare Market Report 2026: Revenue Expected to Surpass $33.4 Billion by 2036","Major player in the computer vision healthcare market with exposure to growing surgical assistance and robotics applications.","computer vision;healthcare market;artificial intelligence;medical imaging;diagnostic systems","False","False","False"
"58","APH","0.10622734223786268","0.1145418326693227","128.02999877929688","-0.10028111934661865","-0.09037303924560547","0.39250433444976807","Manufacturing","ELECTRONIC CONNECTORS","0","0","0","NO-NEWS","","","","","","","False","False","False"
"59","IR","0.10579715296887073","0.11653386454183266","75.75","-0.028721630573272705","-0.11278986930847168","0.4111529290676117","Manufacturing","GENERAL INDUSTRIAL MACHINERY & EQUIPMENT","0","0","0","NO-NEWS","","","","","","","False","False","False"
"60","TTD","0.09682592167737589","0.11852589641434264","23.079999923706055","-0.04785478115081787","0.14883029460906982","0.5870787501335144","Services","SERVICES-COMPUTER PROGRAMMING, DATA PROCESSING, ETC.","4","0","4","STRONG-NEG","2026-05-08T15:33:06Z","-0.6479861111111112","15.0","Why The Trade Desk Stock Fell 11.7% Friday Morning","Stock fell 11.7% despite beating revenue expectations due to earnings miss ($0.29 vs $0.32 expected), reduced Q2 EBITDA guidance ($260M vs $270M YoY), and ongoing concerns about the Publicis relationship which represents billions in historical revenue.","earnings miss;revenue beat;digital advertising;platform spending;Publicis conflict","False","False","False"
"61","LYB","0.09299277143959378","0.1205179282868526","71.76000213623047","-0.04307234287261963","-0.026587069034576416","0.5910768508911133","Manufacturing","INDUSTRIAL ORGANIC CHEMICALS","0","0","0","NO-NEWS","","","","","","","False","False","False"
"62","CDW","0.09216945440078772","0.12250996015936255","104.79000091552734","-0.2296552062034607","-0.16521942615509033","0.8267830610275269","Retail","RETAIL-CATALOG & MAIL-ORDER HOUSES","2","0","2","STRONG-NEG","2026-05-06T19:29:09Z","1.1880902777777778","19.0","CDW Stock Sinks To 52-Week Low - Here's Why","Stock declined 19.98% to a 52-week low despite beating revenue expectations. EPS missed analyst estimates, gross and operating margins contracted, and management provided cautious guidance for H2 2026 citing macroeconomic uncertainty, geopolitical risks, and potential demand norm","CDW earnings;Q1 2026 results;margin compression;AI infrastructure;IT solutions","False","False","False"
"63","CLX","0.09005285273125183","0.12450199203187251","92.16000366210938","0.05797266960144043","-0.12462002038955688","0.45785319805145264","Manufacturing","SPECIALTY CLEANING, POLISHING AND SANITATION PREPARATIONS","3","1","1","NEUTRAL","2026-05-08T18:33:00Z","-0.7729166666666667","18.0","3 Defensive Dividend Stocks to Weather Market Uncertainty","Modest 9% YTD decline demonstrates resilience, 5.4% dividend yield, and significant 20.8% analyst target upside to $107.41. Strong portfolio of essential consumer products and innovation pipeline support defensive positioning.","defensive stocks;dividend yield;market volatility;income investing;financial stability","False","False","False"
"64","LUV","0.08657913877733067","0.12649402390438247","41.310001373291016","0.06578958034515381","0.04423666000366211","0.48006734251976013","Transportation_Utilities","AIR TRANSPORTATION, SCHEDULED","4","2","1","POS","2026-05-07T20:17:00Z","0.15486111111111112","20.0","SOUTHWEST AIRLINES DECLARES 189th QUARTERLY DIVIDEND","The declaration of the 189th consecutive quarterly dividend demonstrates consistent shareholder returns and financial stability. Regular dividend payments indicate the company's confidence in its cash flow generation and commitment to returning capital to shareholders, which is g","dividend;quarterly;Southwest Airlines;shareholder returns;cash dividend","False","False","False"
"65","KLAC","0.08500456488058411","0.12848605577689243","1869.18994140625","0.08279740810394287","0.07592904567718506","0.49125853180885315","Manufacturing","OPTICAL INSTRUMENTS & LENSES","1","1","0","POS","2026-05-07T20:15:00Z","0.15625","20.0","KLA Corporation Announces Ten-to-One Stock Split and Quarterly Cash Dividend Payment","The company announced a 10-for-1 stock split to enhance share accessibility and liquidity, combined with a significant 21% increase in quarterly dividend payments. These actions demonstrate confidence in the company's financial position and long-term growth strategy, while provid","stock split;dividend increase;capital allocation;share accessibility;semiconductor equipment","False","False","False"
"66","HII","0.08317051998949061","0.13047808764940239","316.2799987792969","-0.12290626764297485","-0.19809335470199585","0.4094424843788147","Manufacturing","SHIP & BOAT BUILDING & REPAIRING","1","1","0","POS","2026-05-08T19:00:00Z","-0.7916666666666666","19.0","Flight III Destroyer Ted Stevens (DDG 128) Sails Away from HII’s Ingalls Shipbuilding","Strong operational momentum with successful delivery of advanced destroyer, robust pipeline of 12 additional Flight III destroyers in construction/planning phases, strategic expansion of distributed shipbuilding network to increase throughput, and significant outsourcing plans (2","Flight III destroyer;Arleigh Burke-class;Ted Stevens DDG 128;Ingalls Shipbuilding;Navy contracts","False","False","False"
"67","FICO","0.0826627741075832","0.13247011952191234","1126.0","0.08739733695983887","0.22076821327209473","0.49485498666763306","Services","SERVICES-BUSINESS SERVICES, NEC","0","0","0","NO-NEWS","","","","","","","False","False","False"
"68","CCL","0.08168125152514907","0.1344621513944223","26.3799991607666","-0.010502636432647705","-0.05718374252319336","0.5480844974517822","Transportation_Utilities","WATER TRANSPORTATION","2","1","1","NEUTRAL","2026-05-05T14:39:00Z","2.3895833333333334","14.0","Norwegian Cruise Line Cuts Outlook as Headwinds Build","Carnival shares are up more than 30% over the past year, significantly outperforming Norwegian and demonstrating resilience in the cruise industry while Norwegian struggles with self-inflicted operational issues.","cruise industry;earnings guidance;cost cutting;macro headwinds;fuel costs","False","False","False"
"69","LULU","0.08156533344718049","0.13645418326693226","131.17999267578125","-0.017966806888580322","-0.19943857192993164","0.5501813888549805","Manufacturing","APPAREL & OTHER FINISHD PRODS OF FABRICS & SIMILAR MATL","0","0","0","NO-NEWS","","","","","","","False","False","False"
"70","ZTS","0.07791176226499791","0.13844621513944222","82.83000183105469","-0.27443939447402954","-0.2972170114517212","0.803527295589447","Manufacturing","PHARMACEUTICAL PREPARATIONS","1","0","1","NEG","2026-05-07T16:44:28Z","0.3024537037037037","16.0","Nasdaq 100 Climbs Records, Oil Extends Drop As Iran Weighs Hormuz Deal: Stock Market Today","Stock sank 22% after missing on both earnings and revenue lines, with management citing challenging market environment.","oil prices;Strait of Hormuz;tech stocks;earnings;record highs","False","False","False"
"71","CTSH","0.07751661041888548","0.14043824701195218","51.68000030517578","-0.014304816722869873","-0.1077347993850708","0.3380538523197174","Services","SERVICES-COMPUTER PROGRAMMING SERVICES","0","0","0","NO-NEWS","","","","","","","False","False","False"
"72","MDT","0.07719255769473758","0.14243027888446216","76.1500015258789","-0.04812496900558472","-0.12682026624679565","0.23573435842990875","Manufacturing","ELECTROMEDICAL & ELECTROTHERAPEUTIC APPARATUS","3","1","0","POS","2026-05-07T08:14:00Z","0.6569444444444444","8.0","Becton Dickinson at 13x Earnings: MedTech’s Most Mispriced Compounder","Referenced as medtech peer for valuation and accounting practice comparison, with GAAP/adjusted EPS gap of 52% cited as standard in sector. No specific performance commentary provided.","medical devices;valuation discount;margin expansion;GLP-1 drug delivery;corporate spin-off","False","False","False"
"73","COO","0.0767289826097855","0.14442231075697212","60.0","-0.03784477710723877","-0.15742170810699463","0.22141073644161224","Manufacturing","OPHTHALMIC GOODS","0","0","0","NO-NEWS","","","","","","","False","False","False"
"74","TXN","0.07276100322770492","0.14641434262948208","287.79998779296875","0.024126410484313965","0.34028780460357666","0.7368860244750977","Manufacturing","SEMICONDUCTORS & RELATED DEVICES","3","2","0","POS","2026-05-07T02:30:00Z","0.8958333333333334","2.0","This Wall Street Analyst Has a Simple Method for Finding the Next Chip Stock Winners. Will It Pay Off?","Mentioned as part of the basket of chip stocks that have yet to fully surge and could prove to be winners over the next year or two.","semiconductor stocks;chip stocks;Edge AI;AI boom;laggard stocks","False","False","False"
"75","PANW","0.06739702356330542","0.14840637450199204","207.8800048828125","0.14800095558166504","0.3348745107650757","0.4174860417842865","Manufacturing","COMPUTER PERIPHERAL EQUIPMENT, NEC","0","0","0","NO-NEWS","","","","","","","False","False","False"
"76","CRWD","0.06739702356330542","0.150398406374502","527.77001953125","0.15830481052398682","0.3924596309661865","0.46057045459747314","Services","SERVICES-PREPACKAGED SOFTWARE","3","3","0","STRONG-POS","2026-05-06T01:16:47Z","1.9466782407407408","1.0","AI Is Reshaping Cybersecurity Threats: Why Zscaler and CrowdStrike Could Be Long-Term Winners","Identified as a potential long-term winner in the cybersecurity space as AI and quantum technology reshape the cyber threat landscape. Expected to benefit from increased demand for trusted security partners navigating evolving attack surfaces.","AI cybersecurity;quantum threats;cyberattacks;security vendors;long-term opportunity","False","False","False"
"77","VTRS","0.06738795170966952","0.15239043824701196","17.170000076293945","0.14162230491638184","0.27468442916870117","0.38316282629966736","Manufacturing","PHARMACEUTICAL PREPARATIONS","0","0","0","NO-NEWS","","","","","","","False","False","False"
"78","AKAM","0.0657940747357603","0.15438247011952191","147.7100067138672","0.4220660924911499","0.6169677972793579","1.0918378829956055","Services","SERVICES-BUSINESS SERVICES, NEC","2","1","1","NEUTRAL","2026-05-08T17:36:32Z","-0.7337037037037037","17.0","Nasdaq Tops 29,000 Records, Micron Soars 13%: Stock Market Today","Rallied approximately 20% on strong earnings results and guidance.","Nasdaq record high;semiconductor rally;jobs report;Micron Technology;tech sector leadership","False","False","False"
"79","FTNT","0.0657940747357603","0.15637450199203187","114.06999969482422","0.3219376802444458","0.4872230291366577","0.7654010057449341","Manufacturing","COMPUTER PERIPHERAL EQUIPMENT, NEC","2","2","0","POS","2026-05-07T16:44:28Z","0.3024537037037037","16.0","Nasdaq 100 Climbs Records, Oil Extends Drop As Iran Weighs Hormuz Deal: Stock Market Today","Stock jumped 23% after Q1 EPS beat and company raised full-year revenue guidance.","oil prices;Strait of Hormuz;tech stocks;earnings;record highs","False","False","False"
"80","TSCO","0.06283469765387534","0.15836653386454183","30.649999618530273","-0.09399944543838501","-0.3193426728248596","0.46155691146850586","Retail","RETAIL-BUILDING MATERIALS, HARDWARE, GARDEN SUPPLY","0","0","0","NO-NEWS","","","","","","","False","False","False"
"81","IP","0.060489129621393634","0.1603585657370518","33.029998779296875","0.03998732566833496","-0.09506851434707642","0.5522696375846863","Manufacturing","PAPER MILLS","0","0","0","NO-NEWS","","","","","","","False","False","False"
"82","ABT","0.05796068267390174","0.16235059760956175","84.31999969482422","-0.05745583772659302","-0.1593220829963684","0.30936041474342346","Manufacturing","PHARMACEUTICAL PREPARATIONS","3","1","0","POS","2026-05-08T08:47:00Z","-0.3659722222222222","8.0","Pregnancy Detection Kits Market Analysis Report 2026 - Competitive Landscape, Opportunities, and Forecasts, 2021-2025 & 2025-2031","Listed as a key market player in the growing pregnancy detection kits market, which is expanding at 5.87% CAGR with increasing demand for early detection and digital solutions.","pregnancy detection kits;market forecast;digital health;early pregnancy detection;e-commerce distribution","False","False","False"
"83","DLTR","0.05527979860429135","0.1643426294820717","94.23999786376953","-0.004542112350463867","-0.05334007740020752","0.41112926602363586","Retail","RETAIL-VARIETY STORES","0","0","0","NO-NEWS","","","","","","","False","False","False"
"84","MCK","0.05291112162662919","0.16633466135458166","736.0900268554688","-0.09573471546173096","-0.14961868524551392","0.2863199710845947","Wholesale","WHOLESALE-DRUGS, PROPRIETARIES & DRUGGISTS' SUNDRIES","1","1","0","POS","2026-05-06T17:00:00Z","1.2916666666666667","17.0","Global Healthcare Analytics Market is Predicted to Cross the USD 380 Billion Mark by 2034 | DelveInsight","Listed as a key player in the rapidly growing healthcare analytics market","healthcare analytics;electronic health records;artificial intelligence;machine learning;value-based care","False","False","False"
"85","JBL","0.04924013720207286","0.16832669322709162","355.1499938964844","0.0370250940322876","0.18580961227416992","0.488211065530777","Manufacturing","PRINTED CIRCUIT BOARDS","0","0","0","NO-NEWS","","","","","","","False","False","False"
"86","GEHC","0.04820999625824647","0.17031872509960158","63.470001220703125","0.039980411529541016","-0.13268649578094482","0.545927107334137","Manufacturing","X-RAY APPARATUS & TUBES & RELATED IRRADIATION APPARATUS","2","2","0","POS","2026-05-08T13:53:00Z","-0.5784722222222223","13.0","Computer Vision in Healthcare Market Report 2026: Revenue Expected to Surpass $33.4 Billion by 2036","Leading healthcare technology provider in the computer vision market, well-positioned to capitalize on growth in medical imaging diagnostics and surgical assistance applications.","computer vision;healthcare market;artificial intelligence;medical imaging;diagnostic systems","False","False","False"
"87","MRNA","0.047476799483300136","0.17231075697211157","54.349998474121094","0.19792819023132324","0.06652271747589111","0.6319334506988525","Manufacturing","BIOLOGICAL PRODUCTS, (NO DIAGNOSTIC SUBSTANCES)","2","2","0","POS","2026-05-08T18:18:06Z","-0.7625694444444444","18.0","What's Going On With Novavax Stock On Friday?","Stock up 13.4% following publication of positive Phase 3 results for mRNA-1010 seasonal flu vaccine in New England Journal of Medicine, meeting superiority criteria versus standard-dose vaccine in adults 50+","mRNA vaccines;seasonal flu vaccine;hantavirus;Phase 3 results;vaccine efficacy","False","False","False"
"88","CVS","0.041923416275955624","0.17430278884462153","90.55000305175781","0.10305774211883545","0.14143455028533936","0.4144175350666046","Retail","RETAIL-DRUG STORES AND PROPRIETARY STORES","2","1","0","POS","2026-05-06T16:37:58Z","1.3069675925925925","16.0","CVS Health's Lower Medical Cost Ratio Lift Profit, Outlook","Strong Q1 earnings beat ($2.57 vs $2.20 estimate), revenue beat ($100.43B vs $95.09B estimate), improved medical benefit ratio, raised 2026 guidance, and stock trading at new 52-week high with 6.09% gain.","CVS Health earnings;medical benefit ratio;biosimilars strategy;2026 guidance raise;pharmacy benefit management","False","False","False"
"89","SW","0.04134595874597909","0.17629482071713148","41.54999923706055","0.05376613140106201","-0.012125611305236816","0.424654096364975","Manufacturing","PAPERBOARD CONTAINERS & BOXES","0","0","0","NO-NEWS","","","","","","","False","False","False"
"90","MPWR","0.04090222815650724","0.17828685258964144","1600.8399658203125","0.010963201522827148","0.1824352741241455","0.484499454498291","Manufacturing","SEMICONDUCTORS & RELATED DEVICES","1","1","0","POS","2026-05-05T14:17:00Z","2.404861111111111","14.0","Monolithic Power Systems: AI Stock Beat, Raised and Upgraded Post-Earnings","Strong Q1 earnings beat (revenue +26% YOY vs. 23% expected, EPS $5.10 vs. $4.90 expected), exceptional Q2 guidance ($900M vs. $817M expected), Enterprise Data segment growing 97.7% YOY, analyst price targets raised 29% on average, and significant exposure to high-growth AI and da","AI chips;power management;semiconductor;data center;earnings beat","False","False","False"
"91","APP","0.04009148151955869","0.1802788844621514","468.54998779296875","0.01858687400817871","0.197174072265625","0.6144227385520935","Services","SERVICES-COMPUTER PROGRAMMING, DATA PROCESSING, ETC.","1","0","1","NEG","2026-05-04T14:45:07Z","3.385335648148148","14.0","Earnings Volatility Watch: 7 AI-Linked Stocks Are Set For Double-Digit Moves This Week","Worst performer in cohort, down 31.73% YTD due to SEC probe into ad-attribution practices and insider-selling disclosures, despite four consecutive quarterly beats.","earnings volatility;AI infrastructure;implied moves;semiconductor IP;optical networking","False","False","False"
"92","BAX","0.038442655829069756","0.18227091633466136","17.989999771118164","0.045322537422180176","0.04897964000701904","0.4193826913833618","Manufacturing","SURGICAL & MEDICAL INSTRUMENTS & APPARATUS","1","0","1","NEG","2026-05-07T08:14:00Z","0.6569444444444444","8.0","Becton Dickinson at 13x Earnings: MedTech’s Most Mispriced Compounder","Only peer trading at comparable 13x multiple to BD, but carries negative GAAP profitability and is undergoing restructuring, making it a lower-quality comparison point that highlights BD's superior quality profile.","medical devices;valuation discount;margin expansion;GLP-1 drug delivery;corporate spin-off","False","False","False"
"93","DVA","0.037085584268789364","0.18426294820717132","198.64999389648438","0.3099241256713867","0.3238919973373413","0.8651872277259827","Services","SERVICES-MISC HEALTH & ALLIED SERVICES, NEC","1","1","0","POS","2026-05-06T17:35:23Z","1.2670949074074074","17.0","S&P 500, Nasdaq 100 Smash Records As AMD Jumps 16% On AI Hype: Stock Market Today","Jumped 18.4% after reporting Q1 EPS beat and raising full-year EPS guidance","AI earnings;semiconductor stocks;record highs;oil prices;Iran-U.S. diplomacy","False","False","False"
"94","LDOS","0.031188205586735955","0.18625498007968128","130.11000061035156","-0.12812435626983643","-0.14894038438796997","0.3565460741519928","Services","SERVICES-COMPUTER INTEGRATED SYSTEMS DESIGN","0","0","0","NO-NEWS","","","","","","","False","False","False"
"95","MOS","0.027265768973364933","0.18824701195219123","22.190000534057617","-0.04146862030029297","-0.10379642248153687","0.2878859341144562","Manufacturing","AGRICULTURAL CHEMICALS","0","0","0","NO-NEWS","","","","","","","False","False","False"
"96","PWR","0.026650566167774645","0.1902390438247012","745.0","0.003759026527404785","0.2727210521697998","0.6143507957458496","Construction","ELECTRICAL WORK","1","1","0","POS","2026-05-06T20:30:00Z","1.1458333333333333","20.0","The Smartest Energy Stocks to Buy With $1,000 Right Now","Backlog more than doubled from $19.3 billion to $44 billion, expected 17% revenue CAGR and 19% adjusted EBITDA CAGR through 2028, benefits from grid modernization and data center electrification trends, reasonable valuation at 29x forward adjusted EBITDA with significant room for","energy stocks;electrification;power generation;data centers;grid modernization","False","False","False"
"97","WAT","0.025818744515977456","0.19223107569721115","355.1300048828125","0.15632331371307373","0.10978126525878906","0.6491208076477051","Manufacturing","LABORATORY ANALYTICAL INSTRUMENTS","1","0","0","NEUTRAL","2026-05-07T08:14:00Z","0.6569444444444444","8.0","Becton Dickinson at 13x Earnings: MedTech’s Most Mispriced Compounder","Received BD's Biosciences and Diagnostic Solutions business through spin-off completed February 9, 2026. Mentioned as recipient of high-margin business segment but no specific performance data or outlook provided in article.","medical devices;valuation discount;margin expansion;GLP-1 drug delivery;corporate spin-off","False","False","False"
"98","DG","0.02462485124536415","0.1942231075697211","113.29000091552734","-0.00996243953704834","-0.021083593368530273","0.2731902003288269","Retail","RETAIL-VARIETY STORES","0","0","0","NO-NEWS","","","","","","","False","False","False"
"99","FFIV","0.018112324666975804","0.19621513944223107","354.0299987792969","0.09538984298706055","0.22159349918365479","0.3884478211402893","Manufacturing","COMPUTER COMMUNICATIONS EQUIPMENT","0","0","0","NO-NEWS","","","","","","","False","False","False"
"100","CDNS","0.01735003072082581","0.19820717131474103","362.70001220703125","0.06382358074188232","0.365278959274292","0.4561631977558136","Services","SERVICES-PREPACKAGED SOFTWARE","0","0","0","NO-NEWS","","","","","","","False","False","False"
"101","GIS","0.013177180093772547","0.20019920318725098","34.68000030517578","-0.0011520981788635254","-0.02556896209716797","0.24041035771369934","Manufacturing","GRAIN MILL PRODUCTS","3","3","0","STRONG-POS","2026-05-08T18:33:00Z","-0.7729166666666667","18.0","3 Defensive Dividend Stocks to Weather Market Uncertainty","Despite 23% YTD decline, the stock offers attractive 6.83% dividend yield, 13.8% fair value upside, strong ROE of 24.6%, and reliable 50+ year dividend history. Positioned as defensive anchor with counter-cyclical traits and robust brands.","defensive stocks;dividend yield;market volatility;income investing;financial stability","False","False","False"
"102","NOC","0.004211585393122079","0.20219123505976094","549.52001953125","-0.032773613929748535","-0.18436163663864136","0.2875913083553314","Manufacturing","SEARCH, DETECTION, NAVIGATION, GUIDANCE, AERONAUTICAL SYS","1","0","0","NEUTRAL","2026-05-05T19:22:30Z","2.1927083333333335","19.0","Michael Burry Targets Palantir's Valuation (Again) As Stock Drops After Earnings","Used as a valuation comparison point; represents established defense contractor with decades of Pentagon relationships and industrial footprint","valuation criticism;earnings drop;AI software;defense contractors;market capitalization","False","False","False"
"103","EL","0.0018879654806786689","0.20418326693227093","86.19999694824219","0.08701121807098389","0.18618404865264893","0.3064182698726654","Manufacturing","PERFUMES, COSMETICS & OTHER TOILET PREPARATIONS","1","0","0","NEUTRAL","2026-05-03T23:00:00Z","4.041666666666667","23.0","Moisturizing Cream Market Size to Hit USD 24.54 Billion by 2035, Driven by Rising Skincare Awareness and Demand for Natural Products | Research by SNS Insider","Identified as a key market player but no specific recent developments or strategic initiatives mentioned in the article.","moisturizing cream market;skincare awareness;natural products;premium segment;Asia Pacific growth","False","False","False"
"104","GOOG","0.001566704840543976","0.2061752988047809","397.04998779296875","0.03608894348144531","0.25760161876678467","0.394204318523407","Services","SERVICES-COMPUTER PROGRAMMING, DATA PROCESSING, ETC.","62","35","2","POS","2026-05-08T19:34:00Z","-0.8152777777777778","19.0","Want SpaceX Stock Before the IPO? These 3 Plays Give You a Back Door In.","Alphabet holds a 6% stake in SpaceX and has an infrastructure partnership with Starlink, positioning it to benefit from SpaceX's IPO and growth.","SpaceX IPO;indirect exposure;space exploration;satellite communications;equity investment","False","False","False"
"105","GOOGL","7.981862834441789e-05","0.20816733067729085","400.79998779296875","0.03917646408081055","0.2633967399597168","0.3892154395580292","Services","SERVICES-COMPUTER PROGRAMMING, DATA PROCESSING, ETC.","62","35","2","POS","2026-05-08T19:34:00Z","-0.8152777777777778","19.0","Want SpaceX Stock Before the IPO? These 3 Plays Give You a Back Door In.","Alphabet holds a 6% stake in SpaceX and has an infrastructure partnership with Starlink, positioning it to benefit from SpaceX's IPO and growth.","SpaceX IPO;indirect exposure;space exploration;satellite communications;equity investment","False","False","False"
"106","RVTY","-0.0056185155585856475","0.2101593625498008","101.0","0.16520535945892334","0.12484681606292725","0.5777576565742493","Manufacturing","LABORATORY ANALYTICAL INSTRUMENTS","0","0","0","NO-NEWS","","","","","","","False","False","False"
"107","IFF","-0.006759250442768407","0.21215139442231076","81.05000305175781","0.14461243152618408","0.11762285232543945","0.7272258400917053","Manufacturing","INDUSTRIAL ORGANIC CHEMICALS","2","2","0","POS","2026-05-06T17:35:23Z","1.2670949074074074","17.0","S&P 500, Nasdaq 100 Smash Records As AMD Jumps 16% On AI Hype: Stock Market Today","Rallied 15.1% on Q1 EPS and EBITDA beat with revenue topping consensus despite year-over-year sales decline","AI earnings;semiconductor stocks;record highs;oil prices;Iran-U.S. diplomacy","False","False","False"
"108","CAG","-0.010119143956136499","0.21414342629482072","14.130000114440918","0.004978656768798828","-0.06916999816894531","0.2928374409675598","Manufacturing","FOOD AND KINDRED PRODUCTS","0","0","0","NO-NEWS","","","","","","","False","False","False"
"109","CBOE","-0.010463764727651578","0.21613545816733068","348.55999755859375","0.06606316566467285","0.17776644229888916","0.41494375467300415","Finance_Insurance_RealEstate","SECURITY & COMMODITY BROKERS, DEALERS, EXCHANGES & SERVICES","0","0","0","NO-NEWS","","","","","","","False","False","False"
"110","ARES","-0.011128207825706586","0.21812749003984064","126.25","0.060924410820007324","0.25671911239624023","0.4864969253540039","Finance_Insurance_RealEstate","INVESTMENT ADVICE","0","0","0","NO-NEWS","","","","","","","False","False","False"
"111","LMT","-0.013109554779607607","0.2201195219123506","506.510009765625","-0.012208223342895508","-0.17468875646591187","0.25260862708091736","Manufacturing","GUIDED MISSILES & SPACE VEHICLES & PARTS","6","2","0","POS","2026-05-07T14:40:00Z","0.3888888888888889","14.0","The Hormuz Defense Hedge: Cashing In on Chaos","Mixed near-term performance with Q1 EPS miss ($6.44 vs. $6.79 consensus), negative free cash flow, and margin compression in Aeronautics division. However, Missiles and Fire Control segment posted robust 8% YoY growth. Lower forward P/E of 17 suggests analyst expectations for ear","defense contractors;Strait of Hormuz;Project Freedom;arms sales;missile defense systems","False","False","False"
"112","APTV","-0.015867996304556452","0.22211155378486055","57.939998626708984","-0.04215580224990845","-0.02866727113723755","0.39820343255996704","Manufacturing","MOTOR VEHICLE PARTS & ACCESSORIES","0","0","0","NO-NEWS","","","","","","","False","False","False"
"113","STLD","-0.015883193739065576","0.2241035856573705","235.10000610351562","0.02542853355407715","0.23366737365722656","0.33872199058532715","Manufacturing","STEEL WORKS, BLAST FURNACES & ROLLING MILLS (COKE OVENS)","1","1","0","POS","2026-05-07T14:00:00Z","0.4166666666666667","14.0","Steel Dynamics Announces Second Quarter 2026 Cash Dividend","The company declared a cash dividend of $0.53 per share, demonstrating financial strength and commitment to returning capital to shareholders. Dividend announcements are typically viewed positively as they indicate profitability and management confidence in future cash flows.","dividend announcement;cash dividend;shareholder returns;steel producer;Q2 2026","False","False","False"
"114","MKC","-0.016322553189294778","0.22609561752988047","48.31999969482422","-0.038216590881347656","-0.10035371780395508","0.24727094173431396","Manufacturing","MISCELLANEOUS FOOD PREPARATIONS & KINDRED PRODUCTS","1","0","1","NEG","2026-05-05T18:53:00Z","2.2131944444444445","18.0","Halper Sadeh LLC is Investigating Whether MKC, LEG, OGN, KW are Obtaining Fair Deals for their Shareholders","Under investigation for potential breach of fiduciary duties in merger with Unilever Foods; shareholders will own only 35% of combined entity, suggesting potentially unfavorable terms","shareholder investigation;merger;acquisition;fiduciary duty;securities law","False","False","False"
"115","GEN","-0.016610973515481995","0.22808764940239043","22.68000030517578","0.17088282108306885","0.2677474021911621","0.5606332421302795","Services","SERVICES-PREPACKAGED SOFTWARE","0","0","0","NO-NEWS","","","","","","","False","False","False"
"116","LEN","-0.0168618438684245","0.2300796812749004","88.37999725341797","-0.0007914304733276367","-0.00663149356842041","0.3873879313468933","Construction","GENERAL BLDG CONTRACTORS - RESIDENTIAL BLDGS","1","1","0","POS","2026-05-06T12:32:00Z","1.4777777777777779","12.0","2 Top Dividend Stocks to Double Up on Right Now","Despite current housing market challenges and 14% stock decline, company has proven resilience through past cycles, maintains 2.3% dividend yield (above market average), sustainable 29% payout ratio, and strong long-term demand fundamentals as interest rates eventually decline.","dividend stocks;cyclical companies;Royal Caribbean Cruises;Lennar;dividend yield","False","False","False"
"117","DPZ","-0.01963680687577456","0.23207171314741035","323.4800109863281","-0.04230684041976929","-0.11605411767959595","0.39252743124961853","Wholesale","WHOLESALE-GROCERIES & RELATED PRODUCTS","1","0","1","NEG","2026-05-06T11:27:00Z","1.5229166666666667","11.0","Domino's Pizza Stock Fell After Reporting Disappointing Sales. Should Investors Buy the Dip?","Company missed Q1 2026 earnings expectations on revenue ($1.1B vs. expected higher) and EPS ($4.13 vs. $4.26 expected). Same-store sales growth significantly underperformed (0.9% U.S. vs. 2.6% expected; 0.4% international vs. 0.7% expected). Management cited COVID-level low consu","earnings miss;same-store sales;consumer sentiment;stock buyback;inflation impact","False","False","False"
"118","DOC","-0.02012803946735198","0.2340637450199203","19.639999389648438","0.19610226154327393","0.17323768138885498","0.6879795789718628","Finance_Insurance_RealEstate","REAL ESTATE INVESTMENT TRUSTS","0","0","0","NO-NEWS","","","","","","","False","False","False"
"119","FCX","-0.022033329287971914","0.2360557768924303","61.650001525878906","0.09018576145172119","-0.09070795774459839","0.6091075539588928","Mining","METAL MINING","0","0","0","NO-NEWS","","","","","","","False","False","False"
"120","ARE","-0.02218762190256663","0.23804780876494025","46.2599983215332","0.1176612377166748","0.08566057682037354","0.6122785210609436","Finance_Insurance_RealEstate","REAL ESTATE INVESTMENT TRUSTS","0","0","0","NO-NEWS","","","","","","","False","False","False"
"121","HPQ","-0.022909483085603286","0.2400398406374502","22.68000030517578","0.08881425857543945","0.2420591115951538","0.4903872609138489","Manufacturing","COMPUTER & OFFICE EQUIPMENT","0","0","0","NO-NEWS","","","","","","","False","False","False"
"122","TSLA","-0.02549126217567226","0.24203187250996017","428.3500061035156","0.09602880477905273","0.2275397777557373","0.4081977903842926","Manufacturing","MOTOR VEHICLES & PASSENGER CAR BODIES","19","6","4","POS","2026-05-07T16:44:28Z","0.3024537037037037","16.0","Nasdaq 100 Climbs Records, Oil Extends Drop As Iran Weighs Hormuz Deal: Stock Market Today","Stock climbed 2.9% as part of Magnificent Seven strength driving market to records.","oil prices;Strait of Hormuz;tech stocks;earnings;record highs","False","False","False"
"123","KEYS","-0.028150554998176532","0.24402390438247012","360.29998779296875","0.022388696670532227","0.11141955852508545","0.2936786413192749","Manufacturing","INDUSTRIAL INSTRUMENTS FOR MEASUREMENT, DISPLAY, AND CONTROL","0","0","0","NO-NEWS","","","","","","","False","False","False"
"124","NKE","-0.02942254237202732","0.24601593625498008","44.13999938964844","-0.005855917930603027","0.03566396236419678","0.23804938793182373","Manufacturing","RUBBER & PLASTICS FOOTWEAR","2","0","2","STRONG-NEG","2026-05-06T11:15:00Z","1.53125","11.0","Nike Is Down 32% This Year and Under Investigation by the EEOC. Is NKE a Buy, Sell, or Hold?","Stock down 32% YTD and 76% from 2021 highs; revenue declining with net margins compressed from 12.8% to 4.8%; China sales down 10% for seven consecutive quarters; facing EEOC investigation, poor PR campaigns, and significant layoffs; analyst recommends avoiding the stock despite ","Nike stock decline;EEOC investigation;China market weakness;profit margin compression;layoffs","False","False","False"
"125","AMAT","-0.029954332323095925","0.24800796812749004","435.44000244140625","0.11915290355682373","0.08998978137969971","0.48103293776512146","Manufacturing","SEMICONDUCTORS & RELATED DEVICES","4","4","0","STRONG-POS","2026-05-08T17:36:32Z","-0.7337037037037037","17.0","Nasdaq Tops 29,000 Records, Micron Soars 13%: Stock Market Today","Gained 5.5% as part of semiconductor equipment sector strength.","Nasdaq record high;semiconductor rally;jobs report;Micron Technology;tech sector leadership","False","False","False"
"126","NUE","-0.030571484347746324","0.25","227.5","0.0064591169357299805","0.2223297357559204","0.28797248005867004","Manufacturing","STEEL WORKS, BLAST FURNACES & ROLLING MILLS (COKE OVENS)","0","0","0","NO-NEWS","","","","","","","False","False","False"
"127","IQV","-0.036238243831097416","0.25199203187250996","178.7100067138672","0.13272488117218018","0.06794559955596924","0.5336276292800903","Services","SERVICES-COMMERCIAL PHYSICAL & BIOLOGICAL RESEARCH","1","1","0","POS","2026-05-07T14:06:00Z","0.4125","14.0","8 Stocks Yet to Join the Rally With Upside Potential of Up to 85%","Despite falling 28.6% YTD, company reported strong Q1 2026 results with EPS of $2.90 (above $2.83 expectations) and raised full-year guidance. Stock trades 25-85% below fair value with analyst target of $229.60 vs current $157, suggesting significant upside.","market rally;undervalued stocks;US-Iran peace deal;tech earnings;semiconductor stocks","False","False","False"
"128","URI","-0.03963482204829653","0.2539840637450199","937.0","-0.012884080410003662","0.21384060382843018","0.8586296439170837","Services","SERVICES-EQUIPMENT RENTAL & LEASING, NEC","0","0","0","NO-NEWS","","","","","","","False","False","False"
"129","CPB","-0.04059895898532689","0.2559760956175299","20.84000015258789","0.005306363105773926","0.02006852626800537","0.2162107229232788","Manufacturing","FOOD AND KINDRED PRODUCTS","0","0","0","NO-NEWS","","","","","","","False","False","False"
"130","BEN","-0.04207368302090293","0.25796812749003983","31.049999237060547","0.040549516677856445","0.24648737907409668","0.3422466814517975","Finance_Insurance_RealEstate","INVESTMENT ADVICE","0","0","0","NO-NEWS","","","","","","","False","False","False"
"131","UNH","-0.04892323962451266","0.2599601593625498","379.9800109863281","0.030370473861694336","0.24857890605926514","0.30507105588912964","Finance_Insurance_RealEstate","HOSPITAL & MEDICAL SERVICE PLANS","3","2","0","POS","2026-05-06T17:00:00Z","1.2916666666666667","17.0","Global Healthcare Analytics Market is Predicted to Cross the USD 380 Billion Mark by 2034 | DelveInsight","Major healthcare analytics company that expanded its analytics suite in May 2025 with enhanced revenue cycle modules","healthcare analytics;electronic health records;artificial intelligence;machine learning;value-based care","False","False","False"
"132","OXY","-0.05124151813272879","0.26195219123505975","53.029998779296875","-0.09674674272537231","-0.08521652221679688","0.4726545214653015","Mining","CRUDE PETROLEUM & NATURAL GAS","3","2","0","POS","2026-05-06T18:32:00Z","1.2277777777777779","18.0","Occidental Petroleum: Buy, Sell, or Hold?","Stock has rebounded 45% in 2026 with strong catalysts including the OxyChem sale generating $9.7B, significant debt paydown, improved operational efficiency, and elevated crude oil prices well above break-even. Fair valuation metrics and strong projected free cash flow of ~$7B su","oil and gas;stock rebound;OxyChem sale;debt reduction;crude oil prices","False","False","False"
"133","FSLR","-0.05131996320896913","0.2639442231075697","219.9499969482422","0.03892111778259277","0.08099472522735596","0.4224669337272644","Manufacturing","SEMICONDUCTORS & RELATED DEVICES","0","0","0","NO-NEWS","","","","","","","False","False","False"
"134","NVR","-0.051813434145999496","0.26593625498007967","5974.06982421875","-0.02926003932952881","-0.11495786905288696","0.357290655374527","Construction","OPERATIVE BUILDERS","0","0","0","NO-NEWS","","","","","","","False","False","False"
"135","NFLX","-0.054937286151278554","0.2679282868525896","87.48999786376953","-0.049641549587249756","-0.1506650447845459","0.41542088985443115","Services","SERVICES-VIDEO TAPE RENTAL","3","1","0","POS","2026-05-07T07:00:00Z","0.7083333333333334","7.0","Ashley Graham to Spotlight the Power of Authentic Partnerships as a Keynote Speaker at Licensing Expo 2026","Listed among brands represented at the expo with over 5,000 brands on the show floor, indicating industry participation without specific strategic announcements.","licensing;brand partnerships;authenticity;talent collaboration;entrepreneurship","False","False","False"
"136","VRSK","-0.06319904653625492","0.2699203187250996","171.8699951171875","-0.05101877450942993","0.04620158672332764","0.3986074924468994","Services","SERVICES-COMPUTER PROCESSING & DATA PREPARATION","0","0","0","NO-NEWS","","","","","","","False","False","False"
"137","GPC","-0.06439273757558742","0.27191235059760954","104.72000122070312","-0.0025716423988342285","-0.025951087474822998","0.28557878732681274","Wholesale","WHOLESALE-MOTOR VEHICLE SUPPLIES & NEW PARTS","0","0","0","NO-NEWS","","","","","","","False","False","False"
"138","SNPS","-0.06652753581753343","0.2739043824701195","516.47998046875","0.056153059005737305","0.3167448043823242","0.48083919286727905","Services","SERVICES-PREPACKAGED SOFTWARE","0","0","0","NO-NEWS","","","","","","","False","False","False"
"139","OTIS","-0.06820413288513393","0.27589641434262946","74.81999969482422","-0.029320240020751953","-0.06416505575180054","0.24210816621780396","Manufacturing","ELECTRONIC & OTHER ELECTRICAL EQUIPMENT (NO COMPUTER EQUIP)","1","0","0","NEUTRAL","2026-05-07T08:16:00Z","0.6555555555555556","8.0","Vertiv: The Backlog is Massive, the Margin of Safety is Not","Mentioned as peer with significantly lower valuation (19.1x forward P/E) but operates in different market segment.","data center infrastructure;AI buildout;liquid cooling;power management;backlog conversion","False","False","False"
"140","ULTA","-0.06890040674084207","0.2778884462151394","521.5800170898438","-0.019494295120239258","0.0023059844970703125","0.28431013226509094","Retail","RETAIL-RETAIL STORES, NEC","1","1","0","POS","2026-05-07T18:44:06Z","0.219375","18.0","What's Going On With Uber Stock Thursday?","Strategic partnership with Uber Eats to expand beauty and wellness delivery across 1,500+ stores nationwide ahead of Mother's Day represents significant growth opportunity for the company's omnichannel presence and customer reach.","Uber earnings;Q1 revenue;Uber Eats expansion;Ulta Beauty partnership;stock decline","False","False","False"
"141","MNST","-0.06893871641919716","0.2798804780876494","86.29000091552734","0.11890554428100586","0.139593243598938","0.5293508172035217","Manufacturing","BOTTLED & CANNED SOFT DRINKS & CARBONATED WATERS","1","1","0","POS","2026-05-08T17:36:32Z","-0.7337037037037037","17.0","Nasdaq Tops 29,000 Records, Micron Soars 13%: Stock Market Today","Gained 15% on positive earnings results.","Nasdaq record high;semiconductor rally;jobs report;Micron Technology;tech sector leadership","False","False","False"
"142","BR","-0.06966817017994824","0.2818725099601594","149.5","-0.037037014961242676","-0.01071995496749878","0.2878302037715912","Services","SERVICES-BUSINESS SERVICES, NEC","0","0","0","NO-NEWS","","","","","","","False","False","False"
"143","DOW","-0.07114464289492395","0.28386454183266935","36.869998931884766","-0.0848846435546875","-0.054857730865478516","0.5647053122520447","Manufacturing","PLASTIC MATERIALS, SYNTH RESINS & NONVULCAN ELASTOMERS","0","0","0","NO-NEWS","","","","","","","False","False","False"
"144","AMZN","-0.07172604349990806","0.2858565737051793","272.67999267578125","0.01647651195526123","0.14388787746429443","0.2145983874797821","Retail","RETAIL-CATALOG & MAIL-ORDER HOUSES","73","34","5","POS","2026-05-08T19:30:00Z","-0.8125","19.0","Amazon vs. Microsoft: Which Tech Giant Looks Better After Its Earnings Report?","AWS accelerating faster at 28% YoY growth, highest net profit margin in company history at 16.7%, multiple high-margin growth segments (advertising +24%, AI chips at $20B run rate), and more diversified revenue drivers position Amazon favorably for continued growth.","cloud computing;AWS;Microsoft Cloud;artificial intelligence;profit margins","False","False","False"
"145","CPAY","-0.07356298741079362","0.28784860557768926","343.989990234375","0.11968612670898438","0.13591790199279785","0.5400930643081665","Services","SERVICES-BUSINESS SERVICES, NEC","0","0","0","NO-NEWS","","","","","","","False","False","False"
"146","ELV","-0.08039705507145078","0.2898406374501992","378.07000732421875","0.014462828636169434","0.21359097957611084","0.29755428433418274","Finance_Insurance_RealEstate","HOSPITAL & MEDICAL SERVICE PLANS","0","0","0","NO-NEWS","","","","","","","False","False","False"
"147","AMCR","-0.08116415823154247","0.2918326693227092","39.93000030517578","0.05774831771850586","-0.029883384704589844","0.3748198449611664","Manufacturing","MISCELLANEOUS MANUFACTURING INDUSTRIES","0","0","0","NO-NEWS","","","","","","","False","False","False"
"148","VRSN","-0.08194319081359623","0.29382470119521914","288.2099914550781","0.05788421630859375","0.10943877696990967","0.2899019718170166","Services","SERVICES-COMPUTER PROGRAMMING SERVICES","1","1","0","POS","2026-05-08T11:35:00Z","-0.4826388888888889","11.0","Even in a Volatile Market, These 3 Warren Buffett Stocks Are No-Brainers","Positioned as a practical monopoly on an essential, non-cyclical business managing over a billion websites. Generates reliable revenue from modest annual fees with strong profitability ($826 million net income on $1.66 billion revenue). Described as 'slow and steady' with durable","Warren Buffett;Berkshire Hathaway;long-term investing;dividend stocks;market volatility","False","False","False"
"149","NVDA","-0.1015613662162708","0.2958167330677291","215.1999969482422","0.0844041109085083","0.14085769653320312","0.39716479182243347","Manufacturing","SEMICONDUCTORS & RELATED DEVICES","110","55","5","POS","2026-05-08T19:20:40Z","-0.8060185185185185","19.0","Why IREN Stock Jumped Today","Strategic partnership with IREN to deploy large-scale AI infrastructure using Nvidia's DSX architecture and chips. The deal secures a valued partner for infrastructure buildout and provides Nvidia with managed cloud services for its own AI needs.","AI infrastructure;data centers;strategic partnership;cloud computing;AI factories","False","False","False"
"150","TECH","-0.10261774127813603","0.29780876494023906","48.36000061035156","-0.12104690074920654","-0.12927621603012085","0.893022894859314","Manufacturing","BIOLOGICAL PRODUCTS, (NO DIAGNOSTIC SUBSTANCES)","1","0","1","NEG","2026-05-06T17:35:23Z","1.2670949074074074","17.0","S&P 500, Nasdaq 100 Smash Records As AMD Jumps 16% On AI Hype: Stock Market Today","Slid 13.9% after Q1 revenue missed consensus by 3.7% and EPS fell below estimates with year-over-year sales decline","AI earnings;semiconductor stocks;record highs;oil prices;Iran-U.S. diplomacy","False","False","False"
"151","BDX","-0.1029317851602932","0.299800796812749","149.42999267578125","0.0008037090301513672","-0.031059563159942627","0.31782087683677673","Manufacturing","SURGICAL & MEDICAL INSTRUMENTS & APPARATUS","3","3","0","STRONG-POS","2026-05-08T08:47:00Z","-0.3659722222222222","8.0","Pregnancy Detection Kits Market Analysis Report 2026 - Competitive Landscape, Opportunities, and Forecasts, 2021-2025 & 2025-2031","Key player in the market positioned to benefit from growing adoption of home diagnostic testing and digital health integration trends.","pregnancy detection kits;market forecast;digital health;early pregnancy detection;e-commerce distribution","False","False","False"
"152","SWK","-0.10659575934551817","0.301792828685259","81.06999969482422","0.03234434127807617","0.12300872802734375","0.5068325400352478","Manufacturing","CUTLERY, HANDTOOLS & GENERAL HARDWARE","0","0","0","NO-NEWS","","","","","","","False","False","False"
"153","SYY","-0.10660484490102572","0.30378486055776893","72.44000244140625","-0.021742045879364014","-0.005218327045440674","0.21388867497444153","Wholesale","WHOLESALE-GROCERIES & RELATED PRODUCTS","0","0","0","NO-NEWS","","","","","","","False","False","False"
"154","ALLE","-0.11103506049509529","0.3057768924302789","134.3699951171875","-0.0082663893699646","-0.07209450006484985","0.35542353987693787","Services","SERVICES-DETECTIVE, GUARD & ARMORED CAR SERVICES","0","0","0","NO-NEWS","","","","","","","False","False","False"
"155","Q","-0.11276485537538102","0.30776892430278885","147.3300018310547","0.027907609939575195","0.12766945362091064","0.4065960645675659","Manufacturing","SEMICONDUCTORS & RELATED DEVICES","0","0","0","NO-NEWS","","","","","","","False","False","False"
"156","BRO","-0.11357924509020643","0.3097609561752988","56.45000076293945","-0.020475447177886963","-0.13260602951049805","0.35375460982322693","Finance_Insurance_RealEstate","INSURANCE AGENTS, BROKERS & SERVICE","0","0","0","NO-NEWS","","","","","","","False","False","False"
"157","IRM","-0.11690551119733864","0.31175298804780877","128.83999633789062","0.012972712516784668","0.17801952362060547","0.45995643734931946","Finance_Insurance_RealEstate","REAL ESTATE INVESTMENT TRUSTS","0","0","0","NO-NEWS","","","","","","","False","False","False"
"158","SWKS","-0.11801136654255705","0.3137450199203187","66.77999877929688","-0.03775221109390259","0.18488287925720215","0.6548640727996826","Manufacturing","SEMICONDUCTORS & RELATED DEVICES","1","1","0","POS","2026-05-07T02:30:00Z","0.8958333333333334","2.0","This Wall Street Analyst Has a Simple Method for Finding the Next Chip Stock Winners. Will It Pay Off?","One of only two semiconductor stocks with gains under 25% in the last year; positioned to benefit from Edge AI growth in smartphones despite recent flat revenue growth.","semiconductor stocks;chip stocks;Edge AI;AI boom;laggard stocks","False","False","False"
"159","ADI","-0.11841145455387503","0.3157370517928287","416.5199890136719","0.04734838008880615","0.1895812749862671","0.36829668283462524","Manufacturing","SEMICONDUCTORS & RELATED DEVICES","1","0","0","NEUTRAL","2026-05-05T12:42:00Z","2.470833333333333","12.0","Nvidia’s China Connection: Investor Risks With Earnings Ahead","Mentioned as part of broad-based semiconductor supercycle in Q1-Q2 2026, but lacks specific analysis or outlook.","Nvidia earnings;China restrictions;GPU market share;gray market;export controls","False","False","False"
"160","INTU","-0.12046925049323652","0.31772908366533864","396.30999755859375","-0.006841421127319336","0.1292814016342163","0.49965900182724","Services","SERVICES-PREPACKAGED SOFTWARE","1","0","0","NEUTRAL","2026-05-07T13:22:41Z","0.4425810185185185","13.0","Financial Advisor Exits Position in Industrial Stock, According to Latest SEC Filing","Listed as a top holding of Aurora Investment Counsel ($3.30 million, 1.8% of AUM) with no specific news or sentiment drivers in the article.","SEC filing;position exit;Gorman-Rupp;industrial stock;AI data centers","False","False","False"
"161","HCA","-0.12259523317814189","0.3197211155378486","435.19000244140625","0.004848837852478027","-0.12166225910186768","0.37836945056915283","Services","SERVICES-GENERAL MEDICAL & SURGICAL HOSPITALS, NEC","1","0","0","NEUTRAL","2026-05-04T14:59:00Z","3.3756944444444446","14.0","Awareness is Key: 3 Steps to Help Recognize Stroke Signs and Risks for Better Outcomes","HCA Healthcare is mentioned only as the employer of Dr. Adrian Jaquin-Valdivia, a stroke neurologist providing expert commentary. The mention is purely informational with no direct business implications or performance-related content.","stroke prevention;B.E. F.A.S.T.;warning signs;brain health;blood pressure management","False","False","False"
"162","MAS","-0.12307471259222771","0.32171314741035856","71.73999786376953","0.007018566131591797","0.1392725706100464","0.5091318488121033","Manufacturing","HEATING EQUIP, EXCEPT ELEC & WARM AIR; & PLUMBING FIXTURES","1","0","0","NEUTRAL","2026-05-06T20:21:00Z","1.1520833333333333","20.0","Profit From Water With These Dividend Stocks","Mixed results with positive dividend growth (3.2% increase, 13-year streak) and strong shareholder returns ($832M returned), but offset by declining revenue (-2.2%), lower EPS ($0.82 vs $0.89), margin compression, and full-year EPS decline ($3.96 vs $4.10).","water stocks;dividend stocks;dividend yield;water solutions;essential commodities","False","False","False"
"163","APO","-0.1251386741762837","0.3237051792828685","133.1999969482422","0.021002531051635742","0.27733027935028076","0.4073012173175812","Finance_Insurance_RealEstate","INVESTMENT ADVICE","2","1","0","POS","2026-05-06T14:45:02Z","1.3853935185185184","14.0","Siris Completes Acquisition of TAKKION","Apollo successfully divested its majority stake in TAKKION to Siris, representing a liquidity event and portfolio optimization, but the article does not indicate material impact on Apollo's core business or strategic direction.","acquisition;private equity;renewable energy;TAKKION;Siris","False","False","False"
"164","FISV","-0.13452643598980094","0.3256972111553785","55.47999954223633","-0.10717731714248657","-0.010875403881072998","0.45115476846694946","Services","SERVICES-BUSINESS SERVICES, NEC","1","0","1","NEG","2026-05-05T18:32:21Z","2.2275347222222224","18.0","Why Fiserv Stock Is Sinking Today","Despite beating earnings expectations, the company missed on revenue and reported year-over-year revenue decline of 2.3%. Weak sales momentum and conservative forward guidance for only 1-3% organic growth disappointed investors, causing a 9.5% stock decline. The near-term outlook","earnings beat;sales miss;revenue decline;growth concerns;forward guidance","False","False","False"
"165","HSY","-0.14175284199566165","0.32768924302788843","185.94000244140625","0.01974332332611084","-0.08091539144515991","0.21751075983047485","Manufacturing","SUGAR & CONFECTIONERY PRODUCTS","1","1","0","POS","2026-05-07T12:15:00Z","0.4895833333333333","12.0","These 3 Dividend Stocks Have Made Investors Rich. They Can Do It Again.","Cocoa prices down 74% from peak, enabling significant margin recovery (33.7% to 39.4% in Q1 2026). Q1 earnings beat consensus by 14.9% with operating profit up 73.5%. Dividend yield elevated to 3.19%, not seen in years. Main risk is volume recovery timing.","dividend stocks;consumer goods;margin expansion;cocoa prices;acquisition","False","False","False"
"166","MPC","-0.1418700373022211","0.3296812749003984","244.8699951171875","-0.005200088024139404","0.09994614124298096","0.4084621071815491","Manufacturing","PETROLEUM REFINING","1","1","0","POS","2026-05-07T20:38:18Z","0.14006944444444444","20.0","Oil Falls Below $100, But Gas Prices Keep Climbing: These 4 Stocks Are Winning","Reported Q1 adjusted earnings of $1.65 per share, more than double the 75-cent consensus estimate, with adjusted EBITDA of $2.76 billion. Expanded share buyback authorization by $5 billion.","crude oil;gasoline prices;refining margins;crack spread;refiner earnings","False","False","False"
"167","EME","-0.15533270858790213","0.33167330677290835","921.6400146484375","0.02007746696472168","0.1485612392425537","0.37157440185546875","Construction","ELECTRICAL WORK","0","0","0","NO-NEWS","","","","","","","False","False","False"
"168","MTD","-0.16215207850023272","0.3336653386454183","1124.4599609375","-0.11255097389221191","-0.15135741233825684","0.6113461852073669","Manufacturing","LABORATORY ANALYTICAL INSTRUMENTS","0","0","0","NO-NEWS","","","","","","","False","False","False"
"169","DASH","-0.16503105133842233","0.33565737051792827","163.92999267578125","-0.06773203611373901","0.07438719272613525","0.557142972946167","Services","SERVICES-BUSINESS SERVICES, NEC","2","1","0","POS","2026-05-07T16:44:28Z","0.3024537037037037","16.0","Nasdaq 100 Climbs Records, Oil Extends Drop As Iran Weighs Hormuz Deal: Stock Market Today","Stock popped 12% on Q1 EPS beat and bullish Q2 marketplace GOV guidance.","oil prices;Strait of Hormuz;tech stocks;earnings;record highs","False","False","False"
"170","UAL","-0.16572224256367937","0.3376494023904382","99.58000183105469","0.07630789279937744","0.03298759460449219","0.5184573531150818","Transportation_Utilities","AIR TRANSPORTATION, SCHEDULED","2","0","1","NEG","2026-05-04T18:34:57Z","3.2257291666666665","18.0","Spirit Airlines is Going Out of Business. Here's What's Next for Investors.","Slashed profit outlook due to elevated jet fuel costs. Large carriers also reporting significant damage from fuel price spike despite better margins than low-cost carriers.","airline bankruptcy;jet fuel prices;liquidation;creditor hierarchy;Middle East war","False","False","False"
"171","TAP","-0.16864605198458674","0.3396414342629482","42.40999984741211","0.006407260894775391","-0.058601558208465576","0.2536954879760742","Manufacturing","MALT BEVERAGES","1","0","0","NEUTRAL","2026-05-07T14:10:00Z","0.4097222222222222","14.0","Anheuser-Busch Stock Jumps as Volume Growth Signals Turnaround","Mentioned as a primary competitor that also reported similar positive volume growth trends in recent earnings, suggesting broader market recovery in the beer industry. However, no specific financial details or performance metrics provided, limiting sentiment assessment.","earnings beat;volume growth;premium beer;portfolio diversification;consumer discretionary","False","False","False"
"172","NTAP","-0.16994231732747797","0.34163346613545814","118.0","0.05281937122344971","0.2300635576248169","0.30988749861717224","Manufacturing","COMPUTER STORAGE DEVICES","0","0","0","NO-NEWS","","","","","","","False","False","False"
"173","RMD","-0.17135797018191415","0.3436254980079681","206.75999450683594","0.00848698616027832","-0.09660506248474121","0.24746951460838318","Manufacturing","SURGICAL & MEDICAL INSTRUMENTS & APPARATUS","1","1","0","POS","2026-05-05T17:04:00Z","2.2888888888888888","17.0","9 Stocks That Could Defy the ’Sell in May and Go Away’ Trend This Time","Q3 fiscal 2026 results exceeded expectations with EPS of $2.86 vs $2.79 estimate, 10.8% YoY revenue growth, expanded gross margins to 62.2%, and Royal Bank of Canada raised price target to $321 with outperform rating","sell in May;earnings season;stock market;healthcare stocks;valuation","False","False","False"
"174","TEL","-0.17152706256454917","0.3456175298804781","206.1999969482422","-0.005929708480834961","-0.10261988639831543","0.4769711196422577","Wholesale","WHOLESALE-ELECTRONIC PARTS & EQUIPMENT, NEC","0","0","0","NO-NEWS","","","","","","","False","False","False"
"175","ROK","-0.17161519628817393","0.34760956175298807","453.8900146484375","0.11403191089630127","0.1461869478225708","0.4451366662979126","Manufacturing","MEASURING & CONTROLLING DEVICES, NEC","1","1","0","POS","2026-05-05T14:11:54Z","2.408402777777778","14.0","Rockwell Automation Surge On Strong Demand, Boosts Outlook","Company exceeded analyst expectations with strong Q2 results, raised full-year EPS and sales guidance significantly above estimates, demonstrated margin expansion across all segments, and benefited from robust demand in key growth areas including warehouse automation and data cen","earnings;guidance raise;warehouse automation;data center demand;semiconductor","False","False","False"
"176","ODFL","-0.1760584059398982","0.34960159362549803","198.3300018310547","-0.036344170570373535","-0.04809218645095825","0.4347905218601227","Transportation_Utilities","TRUCKING (NO LOCAL)","0","0","0","NO-NEWS","","","","","","","False","False","False"
"177","CAH","-0.17750944952676692","0.351593625498008","183.64999389648438","-0.05936288833618164","-0.14787495136260986","0.30166611075401306","Wholesale","WHOLESALE-DRUGS, PROPRIETARIES & DRUGGISTS' SUNDRIES","2","2","0","POS","2026-05-08T08:47:00Z","-0.3659722222222222","8.0","Pregnancy Detection Kits Market Analysis Report 2026 - Competitive Landscape, Opportunities, and Forecasts, 2021-2025 & 2025-2031","Listed as a key player with distribution channel exposure through retail and online pharmacies, benefiting from the shift toward e-commerce and subscription models.","pregnancy detection kits;market forecast;digital health;early pregnancy detection;e-commerce distribution","False","False","False"
"178","IVZ","-0.17898845804564342","0.35358565737051795","27.59000015258789","0.06566250324249268","0.17005932331085205","0.2834509611129761","Finance_Insurance_RealEstate","INVESTMENT ADVICE","0","0","0","NO-NEWS","","","","","","","False","False","False"
"179","CSCO","-0.17962448491171848","0.3555776892430279","96.56999969482422","0.05138814449310303","0.1745316982269287","0.28594768047332764","Manufacturing","COMPUTER COMMUNICATIONS EQUIPMENT","1","0","0","NEUTRAL","2026-05-07T13:07:35Z","0.45306712962962964","13.0","Intel Stock Bubble Warning — More Extreme Than Cisco At Dot‑Com Peak","Used as historical comparison point for dot-com bubble peak in 2000. Article notes Cisco's business fundamentals were strong despite the price collapse, drawing parallel to Intel's current situation.","valuation bubble;forward P/E ratio;dot-com comparison;AI foundry;technical analysis","False","False","False"
"180","WTW","-0.18167780229226457","0.35756972111553786","256.3599853515625","7.796287536621094e-05","-0.08488625288009644","0.4738851487636566","Finance_Insurance_RealEstate","INSURANCE AGENTS, BROKERS & SERVICE","1","0","0","NEUTRAL","2026-05-06T08:00:00Z","1.6666666666666667","8.0","Specialty insurance rates soften at faster than expected pace, retreating to 2020 pricing levels, WTW survey finds","WTW is the survey publisher providing market analysis data. The article presents factual market findings showing rate declines across specialty insurance, which is neither inherently positive nor negative for WTW as a data provider and advisory firm. The softening rates may impac","specialty insurance;rate softening;insurance marketplace;premium pricing;property insurance","False","False","False"
"181","SBAC","-0.18194154779472235","0.3595617529880478","218.1699981689453","-0.001875758171081543","-0.024938583374023438","0.28249701857566833","Finance_Insurance_RealEstate","REAL ESTATE INVESTMENT TRUSTS","0","0","0","NO-NEWS","","","","","","","False","False","False"
"182","HWM","-0.18441158100304292","0.3615537848605578","270.55999755859375","0.12963974475860596","0.07080376148223877","0.418063759803772","Manufacturing","ROLLING DRAWING & EXTRUDING OF NONFERROUS METALS","0","0","0","NO-NEWS","","","","","","","False","False","False"
"183","CAT","-0.18487203630772112","0.36354581673306774","897.4500122070312","0.00874483585357666","0.1350644826889038","0.4541547894477844","Manufacturing","CONSTRUCTION MACHINERY & EQUIP","2","1","1","NEUTRAL","2026-05-05T18:20:58Z","2.2354398148148147","18.0","S&P 500 and Dow Jones Climb; Intel's 14% Surge Steals the Show","Advanced 2.8% as the Dow's largest percentage gainer, benefiting from bullish earnings reports and strong year-to-date performance.","semiconductor stocks;Intel partnership;Apple chip manufacturing;supply chain diversification;AI spending","False","False","False"
"184","MSI","-0.18572116127892616","0.3655378486055777","383.989990234375","-0.11908698081970215","-0.11459803581237793","0.43529754877090454","Manufacturing","RADIO & TV BROADCASTING & COMMUNICATIONS EQUIPMENT","1","0","1","NEG","2026-05-08T17:36:32Z","-0.7337037037037037","17.0","Nasdaq Tops 29,000 Records, Micron Soars 13%: Stock Market Today","Fell approximately 11% on negative market sentiment.","Nasdaq record high;semiconductor rally;jobs report;Micron Technology;tech sector leadership","False","False","False"
"185","TPR","-0.190661180452359","0.36752988047808766","133.47999572753906","-0.06487327814102173","-0.11190956830978394","0.5513602495193481","Manufacturing","LEATHER & LEATHER PRODUCTS","0","0","0","NO-NEWS","","","","","","","False","False","False"
"186","CMCSA","-0.1990102305689123","0.3695219123505976","25.399999618530273","-0.06583303213119507","-0.09058362245559692","0.6059562563896179","Transportation_Utilities","CABLE & OTHER PAY TELEVISION SERVICES","1","0","1","NEG","2026-05-07T17:30:00Z","0.2708333333333333","17.0","Where Are Comcast and Charter's Internet Customers Going? Here.","Lost 65,000 high-speed internet subscribers last quarter and over 1 million since 2023 peak. Internet service represents ~20% of revenue. Weak EBITDA performance driven by broadband business decline poses significant financial risk.","broadband internet;fixed wireless access (FWA);5G networks;cord-cutting;customer churn","False","False","False"
"187","ALGN","-0.20867739745867017","0.3715139442231076","168.77999877929688","-0.056620657444000244","-0.025181949138641357","0.38732653856277466","Manufacturing","ORTHOPEDIC, PROSTHETIC & SURGICAL APPLIANCES & SUPPLIES","0","0","0","NO-NEWS","","","","","","","False","False","False"
"188","HRL","-0.21153106883961928","0.37350597609561753","20.440000534057617","-0.041725218296051025","-0.02060377597808838","0.23927532136440277","Manufacturing","MEAT PACKING PLANTS","0","0","0","NO-NEWS","","","","","","","False","False","False"
"189","FDS","-0.21238709306998493","0.3754980079681275","223.61000061035156","-0.0174444317817688","0.05675804615020752","0.47396841645240784","Services","SERVICES-COMPUTER PROGRAMMING, DATA PROCESSING, ETC.","0","0","0","NO-NEWS","","","","","","","False","False","False"
"190","ZBRA","-0.21242358244879375","0.37749003984063745","226.02999877929688","-0.0046239495277404785","0.017557263374328613","0.2920474112033844","Manufacturing","GENERAL INDUSTRIAL MACHINERY & EQUIPMENT","0","0","0","NO-NEWS","","","","","","","False","False","False"
"191","IT","-0.21315612624593633","0.3794820717131474","158.64999389648438","0.08367490768432617","0.1038825511932373","0.4245528280735016","Services","SERVICES-MANAGEMENT SERVICES","4","0","2","STRONG-NEG","2026-05-08T10:00:00Z","-0.4166666666666667","10.0","Dmitry Shubov Consulting: Navigating the “Digital Border” as AI Fragmentation Begins to Shape Southeast Asian Tech Expansion","Gartner is cited as a source for market projections (35% of nations adopting region-specific AI platforms by 2027). The mention is factual and informational without positive or negative implications for the company itself.","AI fragmentation;digital sovereignty;Southeast Asian startups;regulatory compliance;data residency","False","False","False"
"192","CHRW","-0.21365564426372138","0.38147410358565736","171.38999938964844","-0.03333336114883423","0.04832100868225098","0.5080193877220154","Transportation_Utilities","ARRANGEMENT OF TRANSPORTATION OF FREIGHT & CARGO","2","0","2","STRONG-NEG","2026-05-05T17:45:58Z","2.2597453703703705","17.0","Amazon's Next Gold Mine Is Worth $1.3 Trillion: Transport Stocks Begin Paying For It","As the largest U.S. truck broker relying on freight matching and capacity arbitrage, C.H. Robinson faces automation risk from Amazon's platform automating these exact functions.","Amazon Supply Chain Services;third-party logistics;3PL market;transportation sector;last-mile delivery","False","False","False"
"193","STT","-0.21471516388871878","0.3834661354581673","149.49000549316406","-0.01651310920715332","0.0722278356552124","0.24892620742321014","Finance_Insurance_RealEstate","STATE COMMERCIAL BANKS","0","0","0","NO-NEWS","","","","","","","False","False","False"
"194","EXPD","-0.21480922355157958","0.3854581673306773","156.69000244140625","0.06425321102142334","0.09527468681335449","0.43566495180130005","Transportation_Utilities","ARRANGEMENT OF TRANSPORTATION OF FREIGHT & CARGO","0","0","0","NO-NEWS","","","","","","","False","False","False"
"195","ALB","-0.21665615289891965","0.38745019920318724","203.52000427246094","0.049721479415893555","0.1720801591873169","0.8269272446632385","Manufacturing","PLASTIC MATERIALS, SYNTH RESINS & NONVULCAN ELASTOMERS","1","1","0","POS","2026-05-05T20:15:00Z","2.15625","20.0","Albemarle Announces Quarterly Common Stock Dividend","The announcement of a quarterly dividend demonstrates financial strength and confidence in future cash flows. The company is returning capital to shareholders, which is typically viewed positively by investors and indicates stable operational performance and profitability.","dividend;quarterly;Albemarle;lithium;bromine","False","False","False"
"196","PSX","-0.21909810892301923","0.3894422310756972","171.55999755859375","-0.02627849578857422","0.07729983329772949","0.37538355588912964","Manufacturing","PETROLEUM REFINING","1","1","0","POS","2026-05-07T20:38:18Z","0.14006944444444444","20.0","Oil Falls Below $100, But Gas Prices Keep Climbing: These 4 Stocks Are Winning","Posted adjusted earnings of 49 cents per share against 39-cent consensus loss—an 88-cent swing. Realized refining margin jumped to $10.11 per barrel from $6.81 year-over-year. Stock rose 6.7% on results.","crude oil;gasoline prices;refining margins;crack spread;refiner earnings","False","False","False"
"197","WFC","-0.21966716134854414","0.39143426294820716","75.63999938964844","-0.0639771819114685","-0.11428570747375488","0.3090619146823883","Finance_Insurance_RealEstate","NATIONAL COMMERCIAL BANKS","2","2","0","POS","2026-05-08T13:05:00Z","-0.5451388888888888","13.0","Wells Fargo’s Comeback Is Real—But Not Risk-Free","Strong Q1 earnings beat with net income up 8% YoY and revenue growth of 6%. Asset cap removal enabling 13% balance sheet expansion, 11% loan growth, and accelerating capital returns through $4B buybacks and dividend increases. Analysts recommend Moderate Buy with 20% upside poten","asset cap lifted;earnings beat;loan growth;net interest margin pressure;credit losses","False","False","False"
"198","PPG","-0.2219925942073326","0.3934262948207171","109.61000061035156","0.01953303813934326","-0.006525874137878418","0.39253664016723633","Manufacturing","PAINTS, VARNISHES, LACQUERS, ENAMELS & ALLIED PRODS","0","0","0","NO-NEWS","","","","","","","False","False","False"
"199","YUM","-0.2259901421396627","0.3954183266932271","151.9499969482422","-0.04047739505767822","-0.06064540147781372","0.24398298561573029","Retail","RETAIL-EATING PLACES","0","0","0","NO-NEWS","","","","","","","False","False","False"
"200","CEG","-0.22886077810456895","0.39741035856573703","303.6300048828125","-0.013579785823822021","0.059790611267089844","0.4930921792984009","Transportation_Utilities","ELECTRIC SERVICES","0","0","0","NO-NEWS","","","","","","","False","False","False"
"201","ACN","-0.23039757227123328","0.399402390438247","180.4199981689453","0.0032808780670166016","0.004957437515258789","0.4053418040275574","Services","SERVICES-BUSINESS SERVICES, NEC","1","0","0","NEUTRAL","2026-05-04T14:49:00Z","3.3826388888888888","14.0","U.S. Transportation Leaders Convene in Los Angeles at the 2026 WTS International Annual Conference","Accenture is mentioned as a thought leader providing professional development sessions at the conference, representing standard corporate participation without specific business impact details.","WTS International;transportation;women in transportation;annual conference;leadership","False","False","False"
"202","ABNB","-0.23048413860571126","0.40139442231075695","141.49000549316406","-0.0012000203132629395","0.09716188907623291","0.21953557431697845","Services","SERVICES-TO DWELLINGS & OTHER BUILDINGS","2","1","1","NEUTRAL","2026-05-07T19:03:00Z","0.20625","19.0","Uber’s Annual Product Showcase Reveals It Is Coming for Airbnb and Booking","Uber is directly competing with Airbnb by entering the short-term rental booking market through partnerships with Expedia Group brands like Vrbo, positioning itself as a competitor in the vacation rental space.","travel expansion;hotel booking;short-term rentals;Expedia partnership;Uber One membership","False","False","False"
"203","ZBH","-0.23050807546195895","0.4033864541832669","82.33000183105469","-0.006875753402709961","-0.11587202548980713","0.45573586225509644","Manufacturing","ORTHOPEDIC, PROSTHETIC & SURGICAL APPLIANCES & SUPPLIES","0","0","0","NO-NEWS","","","","","","","False","False","False"
"204","C","-0.2343712061123794","0.40537848605577687","125.55000305175781","-0.014830529689788818","0.009325504302978516","0.2347012460231781","Finance_Insurance_RealEstate","NATIONAL COMMERCIAL BANKS","1","1","0","POS","2026-05-06T14:35:00Z","1.3923611111111112","14.0","Welcome to Shareholder Meeting Month: AI, Oil, and Consumer Are in the Spotlight","Stock up 78% over past year with CEO Jane Fraser executing well; first Investor Day in years suggests positive news; AGM could reinforce momentum.","shareholder meetings;AGM;consumer spending;AI strategy;energy prices","False","False","False"
"205","CRL","-0.23744598978241394","0.4073705179282869","177.6199951171875","0.07141995429992676","0.011215448379516602","0.5308293104171753","Services","SERVICES-COMMERCIAL PHYSICAL & BIOLOGICAL RESEARCH","1","1","0","POS","2026-05-04T17:00:00Z","3.2916666666666665","17.0","Global Plasmid DNA Manufacturing Market Anticipates Impressive Growth Trajectory at a CAGR of ~18% by 2034 | DelveInsight","Identified as a leading plasmid DNA manufacturing company with subsidiary Cobra Biologics also mentioned, positioning the company to benefit from market growth.","plasmid DNA manufacturing;gene therapy;DNA vaccines;CAR-T cell therapy;mRNA vaccine production","False","False","False"
"206","VST","-0.24082465287720461","0.40936254980079684","147.72000122070312","-0.048686206340789795","-0.045304715633392334","0.4363292455673218","Transportation_Utilities","ELECTRIC SERVICES","1","1","0","POS","2026-05-06T20:30:00Z","1.1458333333333333","20.0","The Smartest Energy Stocks to Buy With $1,000 Right Now","Strong growth trajectory with 14% revenue CAGR expected through 2028, EPS expected to grow nearly sixfold, attractive valuation at 14x forward earnings, 7 consecutive years of dividend increases, and secured major 20-year deal with Meta for data center power supply.","energy stocks;electrification;power generation;data centers;grid modernization","False","False","False"
"207","J","-0.2417090682198955","0.4113545816733068","118.43000030517578","-0.08136826753616333","-0.03613579273223877","0.4039277136325836","Construction","HEAVY CONSTRUCTION OTHER THAN BLDG CONST - CONTRACTORS","0","0","0","NO-NEWS","","","","","","","False","False","False"
"208","FIS","-0.2421006644115435","0.41334661354581675","43.4900016784668","-0.06553500890731812","0.0027669668197631836","0.4662293493747711","Services","SERVICES-BUSINESS SERVICES, NEC","0","0","0","NO-NEWS","","","","","","","False","False","False"
"209","DHR","-0.24426919884278972","0.4153386454183267","171.16000366210938","-0.022780418395996094","-0.09730499982833862","0.30333879590034485","Manufacturing","INDUSTRIAL INSTRUMENTS FOR MEASUREMENT, DISPLAY, AND CONTROL","3","3","0","STRONG-POS","2026-05-08T08:47:00Z","-0.3659722222222222","8.0","Pregnancy Detection Kits Market Analysis Report 2026 - Competitive Landscape, Opportunities, and Forecasts, 2021-2025 & 2025-2031","Listed as a key market player in the expanding pregnancy detection kits sector with favorable market growth trends and increasing consumer demand.","pregnancy detection kits;market forecast;digital health;early pregnancy detection;e-commerce distribution","False","False","False"
"210","TMO","-0.24572260591353914","0.41733067729083667","465.0","-0.008972525596618652","-0.06270784139633179","0.4376254975795746","Manufacturing","MEASURING & CONTROLLING DEVICES, NEC","3","3","0","STRONG-POS","2026-05-06T17:00:00Z","1.2916666666666667","17.0","Global DNA Microarray Market is Predicted to Exhibit Remarkable Growth at a CAGR of ~7% by 2034 | DelveInsight","Listed as a key market player and recently launched the Axiom™ PangenomiX Array in January 2024, demonstrating active product innovation and market expansion in the growing DNA microarray sector.","DNA microarray;genomic research;personalized medicine;gene expression analysis;genotyping","False","False","False"
"211","CMI","-0.24621771135843798","0.41932270916334663","679.5499877929688","0.03363037109375","0.10291492938995361","0.408782422542572","Manufacturing","ENGINES & TURBINES","1","1","0","POS","2026-05-04T10:30:00Z","3.5625","10.0","Clean Energy Broadens RNG Footprint With New Stations Positioned on Key Freight Corridors","Cummins' X15N 15-liter natural gas engine is highlighted as a 'gamechanger' that enables long-haul and heavy-duty fleets to operate on RNG. The engine's availability from multiple OEMs and its role in supporting Clean Energy's expansion indicates positive market traction and grow","renewable natural gas;RNG stations;heavy-duty trucks;freight corridors;emissions reduction","False","False","False"
"212","BKNG","-0.24705613399928592","0.4213147410358566","165.92999267578125","-0.021812260150909424","-0.043410658836364746","0.39099299907684326","Transportation_Utilities","TRANSPORTATION SERVICES","3","2","1","POS","2026-05-07T19:03:00Z","0.20625","19.0","Uber’s Annual Product Showcase Reveals It Is Coming for Airbnb and Booking","Uber is directly targeting Booking Holdings' core business by offering hotel and lodging reservations through its app, creating new competition in the online travel booking service market.","travel expansion;hotel booking;short-term rentals;Expedia partnership;Uber One membership","False","False","False"
"213","RCL","-0.2480092252899687","0.42330677290836655","275.239990234375","0.03649032115936279","-0.00613856315612793","0.5659043788909912","Transportation_Utilities","WATER TRANSPORTATION","4","3","1","POS","2026-05-06T12:32:00Z","1.4777777777777779","12.0","2 Top Dividend Stocks to Double Up on Right Now","Strong Q1 revenue growth of 11% year-over-year despite economic headwinds, recent 50% dividend increase to $1.50/share, 2.3% dividend yield (double S&P 500), sustainable 26% payout ratio, and expected recovery as economic conditions improve.","dividend stocks;cyclical companies;Royal Caribbean Cruises;Lennar;dividend yield","False","False","False"
"214","CTAS","-0.24850811621310484","0.4252988047808765","166.97000122070312","-0.015565097332000732","-0.045503854751586914","0.18317335844039917","Manufacturing","MEN'S & BOYS' FURNISHGS, WORK CLOTHG, & ALLIED GARMENTS","0","0","0","NO-NEWS","","","","","","","False","False","False"
"215","SOLV","-0.2513702766661949","0.42729083665338646","73.37999725341797","0.10130572319030762","0.11536705493927002","0.27249622344970703","Manufacturing","SURGICAL & MEDICAL INSTRUMENTS & APPARATUS","0","0","0","NO-NEWS","","","","","","","False","False","False"
"216","EBAY","-0.25370055022016935","0.4292828685258964","107.69000244140625","0.03478431701660156","0.12882602214813232","0.4115357995033264","Services","SERVICES-BUSINESS SERVICES, NEC","12","5","1","POS","2026-05-08T18:10:41Z","-0.7574189814814815","18.0","Deal Dispatch: J.M. Smucker Considers Strategic Review, Meta Buys Assured Robot Intelligence, Buzzfeed On Brink Of Bankruptcy","Received unsolicited $55 billion acquisition proposal from GameStop; will review but outcome remains uncertain.","M&A;strategic review;activist investor;bankruptcy;acquisition","False","False","False"
"217","META","-0.2591515401794433","0.4312749003984064","609.6300048828125","0.0014538764953613281","-0.03211820125579834","0.40697571635246277","Services","SERVICES-COMPUTER PROGRAMMING, DATA PROCESSING, ETC.","42","17","7","POS","2026-05-08T18:20:00Z","-0.7638888888888888","18.0","Arm Just Made a Bold Prediction, And It Could Be a Huge Buy Signal","Mentioned as a key customer needing to secure memory chips to purchase Arm CPUs. No specific positive or negative sentiment indicated about Meta itself.","CPU market share;AGI CPU;supply chain constraints;data center;x86 competition","False","False","False"
"218","IBKR","-0.26079568852154283","0.43326693227091634","84.41999816894531","0.04921698570251465","0.1855076551437378","0.38061773777008057","Finance_Insurance_RealEstate","SECURITY BROKERS, DEALERS & FLOTATION COMPANIES","4","1","0","POS","2026-05-08T11:11:00Z","-0.46597222222222223","11.0","Kalshi vs. Polymarket? This Small‑Cap Sports Data Stock Is the Surefire Winner Either Way.","Mentioned as a traditional trading platform making a push into prediction markets, but not the focus of the article. The mention is contextual rather than analytical, and the company is noted as a competitor to newer platforms rather than a primary investment thesis.","prediction markets;sports betting;sports data;Kalshi;Polymarket","False","False","False"
"219","SATS","-0.262019455638147","0.4352589641434263","127.1500015258789","0.03222930431365967","-0.011198341846466064","0.5476493239402771","Transportation_Utilities","COMMUNICATIONS SERVICES, NEC","2","2","0","POS","2026-05-08T19:34:00Z","-0.8152777777777778","19.0","Want SpaceX Stock Before the IPO? These 3 Plays Give You a Back Door In.","EchoStar could acquire a 2.8% stake in SpaceX worth approximately $56 billion at a $2 trillion valuation pending regulatory approval, with shares already rallying fivefold in the past year.","SpaceX IPO;indirect exposure;space exploration;satellite communications;equity investment","False","False","False"
"220","DXCM","-0.26363195599918005","0.43725099601593626","60.61000061035156","-0.012061893939971924","-0.0532645583152771","0.3547876179218292","Manufacturing","SURGICAL & MEDICAL INSTRUMENTS & APPARATUS","2","2","0","POS","2026-05-05T17:04:00Z","2.2888888888888888","17.0","9 Stocks That Could Defy the ’Sell in May and Go Away’ Trend This Time","Strong Q1 2026 results with EPS beating estimates ($0.56 vs $0.47), 15% YoY revenue growth, raised operating margin outlook, and stock trading below average analyst price target of $86.88 with 30%+ upside potential","sell in May;earnings season;stock market;healthcare stocks;valuation","False","False","False"
"221","SJM","-0.26363195599918005","0.4392430278884462","99.25","0.02351236343383789","0.09173905849456787","0.21878056228160858","Manufacturing","CANNED, FRUITS, VEG, PRESERVES, JAMS & JELLIES","1","0","0","NEUTRAL","2026-05-08T18:10:41Z","-0.7574189814814815","18.0","Deal Dispatch: J.M. Smucker Considers Strategic Review, Meta Buys Assured Robot Intelligence, Buzzfeed On Brink Of Bankruptcy","Strategic review initiated under activist pressure could lead to portfolio restructuring; outcome uncertain but suggests potential value realization or operational changes.","M&A;strategic review;activist investor;bankruptcy;acquisition","False","False","False"
"222","KKR","-0.2660233858898908","0.44123505976095617","102.5199966430664","-0.011188328266143799","0.12387633323669434","0.4203283488750458","Finance_Insurance_RealEstate","INVESTMENT ADVICE","0","0","0","NO-NEWS","","","","","","","False","False","False"
"223","VLO","-0.2665551923312527","0.44322709163346613","241.05999755859375","-0.023534655570983887","0.009379386901855469","0.47233936190605164","Manufacturing","PETROLEUM REFINING","1","1","0","POS","2026-05-07T20:38:18Z","0.14006944444444444","20.0","Oil Falls Below $100, But Gas Prices Keep Climbing: These 4 Stocks Are Winning","Reported Q1 adjusted earnings of $4.22 per share, 33% above $3.16 consensus, reversing prior-year loss. Refining segment operating income surged to $1.8 billion from $530 million loss. Raised dividend 6%.","crude oil;gasoline prices;refining margins;crack spread;refiner earnings","False","False","False"
"224","LHX","-0.27668805792912005","0.4452191235059761","299.6400146484375","-0.04381394386291504","-0.15257781744003296","0.20982690155506134","Manufacturing","SEARCH, DETECTION, NAVIGATION, GUIDANCE, AERONAUTICAL SYS","1","0","0","NEUTRAL","2026-05-05T19:22:30Z","2.1927083333333335","19.0","Michael Burry Targets Palantir's Valuation (Again) As Stock Drops After Earnings","Used as a valuation comparison point; represents established defense contractor included in Burry's alternative investment thesis","valuation criticism;earnings drop;AI software;defense contractors;market capitalization","False","False","False"
"225","GDDY","-0.2771273879506697","0.44721115537848605","91.0199966430664","0.04910087585449219","0.14793789386749268","0.3804735839366913","Services","SERVICES-COMPUTER INTEGRATED SYSTEMS DESIGN","0","0","0","NO-NEWS","","","","","","","False","False","False"
"226","NWS","-0.27740670489135727","0.449203187250996","31.309999465942383","0.029595494270324707","0.1079263687133789","0.21089033782482147","Manufacturing","NEWSPAPERS: PUBLISHING OR PUBLISHING & PRINTING","0","0","0","NO-NEWS","","","","","","","False","False","False"
"227","FE","-0.27758861546703006","0.45119521912350596","44.33000183105469","-0.055200278759002686","-0.13805168867111206","0.17739902436733246","Transportation_Utilities","ELECTRIC SERVICES","0","0","0","NO-NEWS","","","","","","","False","False","False"
"228","HAL","-0.2789620409148162","0.4531872509960159","39.83000183105469","-0.04392695426940918","0.05959033966064453","0.3469387888908386","Mining","OIL & GAS FIELD SERVICES, NEC","2","1","0","POS","2026-05-08T14:22:00Z","-0.5986111111111111","14.0","SLB’s Tough Quarter Masks a Powerful Long-Term Shift","Mentioned as a competitor that has not yet caught up to SLB's technological sophistication in oilfield services, implying competitive disadvantage in the digital/AI transition.","oilfield services;digital transformation;AI partnership;Middle East tensions;shareholder returns","False","False","False"
"229","DVN","-0.2802614323220696","0.4551792828685259","45.61000061035156","-0.09790349006652832","-0.0456162691116333","0.4606502056121826","Mining","CRUDE PETROLEUM & NATURAL GAS","2","2","0","POS","2026-05-07T12:30:00Z","0.4791666666666667","12.0","Devon Energy and Coterra Energy Complete Merger","The merger completion is presented as transformative and strategically beneficial, creating a premier operator with scale, inventory depth, financial strength, and $1 billion in identified synergies. Leadership expresses confidence in delivering resilient free cash flow and share","merger completion;all-stock merger;Delaware Basin;shale operator;synergies","False","False","False"
"230","PTC","-0.28046864942727345","0.45717131474103584","146.64999389648438","0.07412290573120117","0.09899568557739258","0.33531099557876587","Services","SERVICES-PREPACKAGED SOFTWARE","0","0","0","NO-NEWS","","","","","","","False","False","False"
"231","CASY","-0.2841623208726065","0.4591633466135458","859.489990234375","0.02819645404815674","0.1643524169921875","0.2537904679775238","Retail","RETAIL-AUTO DEALERS & GASOLINE STATIONS","0","0","0","NO-NEWS","","","","","","","False","False","False"
"232","WYNN","-0.28542646391906856","0.46115537848605576","102.41999816894531","-0.033591270446777344","-0.01519232988357544","0.2865639626979828","Services","HOTELS & MOTELS","0","0","0","NO-NEWS","","","","","","","False","False","False"
"233","A","-0.28542646391906856","0.4631474103585657","115.62000274658203","0.00960540771484375","0.004867076873779297","0.386223167181015","Manufacturing","LABORATORY ANALYTICAL INSTRUMENTS","1","1","0","POS","2026-05-06T17:00:00Z","1.2916666666666667","17.0","Global DNA Microarray Market is Predicted to Exhibit Remarkable Growth at a CAGR of ~7% by 2034 | DelveInsight","Identified as a leading company in the market and received European regulatory approval for its SurePrint G3 Human CNV Microarray in May 2025, indicating successful product expansion and market penetration.","DNA microarray;genomic research;personalized medicine;gene expression analysis;genotyping","False","False","False"
"234","TKO","-0.28542646391906856","0.4651394422310757","186.7899932861328","0.004517316818237305","-0.05360490083694458","0.21891875565052032","Services","SERVICES-AMUSEMENT & RECREATION SERVICES","0","0","0","NO-NEWS","","","","","","","False","False","False"
"235","MCD","-0.28542646391906856","0.46713147410358563","275.75","-0.03799194097518921","-0.09791284799575806","0.20682574808597565","Retail","RETAIL-EATING PLACES","5","1","2","NEG","2026-05-07T13:16:00Z","0.44722222222222224","13.0","S&P 500 Record Highs Leave Valuations Exposed to Any Oil Reversal","Rising more than 3% after reporting stronger-than-expected earnings ($2.83 EPS vs $2.74 forecast) and revenue ($6.52B vs $6.47B expected)","S&P 500 record high;oil prices;US-Iran peace deal;labor market;earnings","False","False","False"
"236","EW","-0.28542646391906856","0.46912350597609564","79.95999908447266","-0.04786860942840576","0.026839613914489746","0.32406556606292725","Manufacturing","ORTHOPEDIC, PROSTHETIC & SURGICAL APPLIANCES & SUPPLIES","0","0","0","NO-NEWS","","","","","","","False","False","False"
"237","TROW","-0.28662573903660626","0.4711155378486056","105.33000183105469","0.018468379974365234","0.15127336978912354","0.21301889419555664","Finance_Insurance_RealEstate","INVESTMENT ADVICE","1","1","0","POS","2026-05-07T21:32:00Z","0.10277777777777777","21.0","T. ROWE PRICE GROUP, INC., DECLARES QUARTERLY DIVIDEND AND ANNOUNCES ANNUAL MEETING VOTING RESULTS","The company declared a quarterly dividend and successfully completed annual meeting votes with stockholder approval on all matters, including director elections and executive compensation. The company manages $1.71 trillion in assets, demonstrating strong business operations and ","quarterly dividend;board of directors;annual meeting;stockholder vote;executive compensation","False","False","False"
"238","DECK","-0.2906642389166072","0.47310756972111556","100.41999816894531","-0.004559874534606934","-0.06897830963134766","0.3582209050655365","Manufacturing","RUBBER & PLASTICS FOOTWEAR","0","0","0","NO-NEWS","","","","","","","False","False","False"
"239","WDAY","-0.291218573517315","0.4750996015936255","127.83000183105469","0.006852626800537109","0.13626670837402344","0.6259541511535645","Services","SERVICES-COMPUTER PROCESSING & DATA PREPARATION","0","0","0","NO-NEWS","","","","","","","False","False","False"
"240","NWSA","-0.2926386253421853","0.4770916334661355","27.020000457763672","0.02972567081451416","0.10375821590423584","0.218466117978096","Manufacturing","NEWSPAPERS: PUBLISHING OR PUBLISHING & PRINTING","0","0","0","NO-NEWS","","","","","","","False","False","False"
"241","PH","-0.29641937466415763","0.47908366533864544","878.8300170898438","-0.0038538575172424316","-0.10708874464035034","0.31218981742858887","Manufacturing","MISCELLANEOUS FABRICATED METAL PRODUCTS","0","0","0","NO-NEWS","","","","","","","False","False","False"
"242","CMG","-0.29791325601666496","0.4810756972111554","32.4900016784668","-0.01485741138458252","-0.046934545040130615","0.31571832299232483","Retail","RETAIL-EATING PLACES","1","1","0","POS","2026-05-04T13:30:00Z","3.4375","13.0","Higher Gas and Diesel Prices Are Coming for Consumer Wallets and the Stocks That Depend on Them","Stock down 34.5% over the past year, creating an attractive valuation with P/E ratio dropping from 48 to 30. Company shows resilience with positive same-store sales growth (0.5%) and strong long-term growth prospects with 350-370 new restaurant openings planned. Consumers will re","gas prices;consumer spending;discretionary stocks;valuation;economic headwinds","False","False","False"
"243","HUBB","-0.2997565449108761","0.48306772908366535","492.5799865722656","-0.031174421310424805","-0.0810246467590332","0.34129709005355835","Manufacturing","ELECTRONIC COMPONENTS & ACCESSORIES","1","1","0","POS","2026-05-04T17:28:55Z","3.271585648148148","17.0","Hubbell Strikes $3 Billion Deal To Acquire NSI, Bets Big On Electrification Boom","The $3 billion acquisition of NSI is strategically aligned with electrification trends and expected to be accretive to earnings per share in 2026. The deal strengthens the Electrical Solutions segment and supports long-term growth strategy. Stock was up 0.77% on the announcement ","acquisition;electrification;electrical solutions;M&A;infrastructure","False","False","False"
"244","DD","-0.30215654470846953","0.4850597609561753","49.7599983215332","0.07612454891204834","0.05312168598175049","0.41030219197273254","Manufacturing","PLASTIC MATERIALS, SYNTH RESINS & NONVULCAN ELASTOMERS","1","1","0","POS","2026-05-05T17:16:58Z","2.2798842592592594","17.0","DuPont Flexes Pricing Power, Initiates Accelerated Stock Buyback","Company exceeded Q1 financial expectations with strong EPS and revenue beats, demonstrated pricing power and margin expansion of 230 basis points, raised full-year 2026 guidance above analyst estimates, generated solid cash flow of $232 million from operations, and announced acce","earnings beat;margin expansion;pricing power;share buyback;guidance raise","False","False","False"
"245","TRMB","-0.3023286037014536","0.48705179282868527","60.79999923706055","-0.11137092113494873","-0.06129378080368042","0.356481671333313","Manufacturing","MEASURING & CONTROLLING DEVICES, NEC","2","2","0","POS","2026-05-07T01:16:00Z","0.9472222222222222","1.0","ENR FutureTech 2026 Wraps Three-Day Conference With Record Attendance and Sold-Out Sponsor Floor","Named as Diamond Sponsor of the event, indicating strong market presence and investment in the AEC technology sector","construction technology;autonomous equipment;AI and predictive analytics;reality capture;labor shortage","False","False","False"
"246","CARR","-0.30276080859735366","0.48904382470119523","66.83000183105469","-0.01168292760848999","0.0550994873046875","0.5637316107749939","Manufacturing","AIR-COND & WARM AIR HEATG EQUIP & COMM & INDL REFRIG EQUIP","1","1","0","POS","2026-05-06T14:31:38Z","1.3946990740740741","14.0","You Just Missed The SanDisk And Micron Memory Trade: These 10 Stocks Could Ride The Next AI Wave","CEO reported meaningful 2027 orders for data center cooling with capacity available; global data center orders rose 500% YoY; backlog covers full 2026 sales target of $1.5B","liquid cooling;AI infrastructure;thermal management;data centers;AI factories","False","False","False"
"247","BA","-0.3067877350368381","0.4910358565737052","237.36000061035156","0.043891310691833496","0.09065842628479004","0.3422233760356903","Manufacturing","AIRCRAFT","2","2","0","POS","2026-05-04T17:34:04Z","3.268009259259259","17.0","Stock Market Today: Oil Jumps 5%, S&P 500 Drops As Iran Strikes UAE Port","Traded higher as defense spending narratives support aerospace and defense sector valuations","Iran drone strike;oil prices;S&P 500;Fed rate hike;transportation stocks","False","False","False"
"248","PCAR","-0.3070355603259699","0.49302788844621515","114.30999755859375","-0.015248119831085205","-0.10126584768295288","0.30167487263679504","Manufacturing","MOTOR VEHICLES & PASSENGER CAR BODIES","0","0","0","NO-NEWS","","","","","","","False","False","False"
"249","LLY","-0.3086515844925722","0.4950199203187251","948.4500122070312","-0.01544642448425293","0.009558677673339844","0.46873554587364197","Manufacturing","PHARMACEUTICAL PREPARATIONS","10","9","0","STRONG-POS","2026-05-08T13:30:00Z","-0.5625","13.0","Will Eli Lilly Be the First $2 Trillion Healthcare Stock? 3 Catalysts That Could Get It There.","The article highlights Eli Lilly's strong market position as the leader in weight management, deep pipeline of investigational therapies, potential for clinical breakthroughs in multiple therapeutic areas, and AI-driven productivity gains. The company is positioned as well-suited","Eli Lilly;market cap;weight-loss drugs;pharmaceutical pipeline;AI in drug development","False","False","False"
"250","LOW","-0.3135537015922394","0.49701195219123506","229.1999969482422","-0.017700254917144775","-0.061501920223236084","0.3243100345134735","Retail","RETAIL-LUMBER & OTHER BUILDING MATERIALS DEALERS","0","0","0","NO-NEWS","","","","","","","False","False","False"
"251","FANG","-0.31385775361665613","0.499003984063745","188.6999969482422","-0.09125930070877075","0.0026301145553588867","0.37253594398498535","Mining","CRUDE PETROLEUM & NATURAL GAS","0","0","0","NO-NEWS","","","","","","","False","False","False"
"252","TYL","-0.3155555161993505","0.500996015936255","324.5799865722656","-0.032548487186431885","0.022943615913391113","0.386869877576828","Services","SERVICES-PREPACKAGED SOFTWARE","0","0","0","NO-NEWS","","","","","","","False","False","False"
"253","DHI","-0.3158349685323929","0.5029880478087649","147.6300048828125","-0.01566869020462036","0.034983158111572266","0.4106990098953247","Construction","OPERATIVE BUILDERS","0","0","0","NO-NEWS","","","","","","","False","False","False"
"254","BKR","-0.31644571347838385","0.5049800796812749","63.88999938964844","-0.07566553354263306","0.016870856285095215","0.405597448348999","Manufacturing","OIL & GAS FIELD MACHINERY & EQUIPMENT","2","1","0","POS","2026-05-08T14:22:00Z","-0.5986111111111111","14.0","SLB’s Tough Quarter Masks a Powerful Long-Term Shift","Mentioned as a competitor that has not yet caught up to SLB's technological sophistication in oilfield services, implying competitive disadvantage in the digital/AI transition.","oilfield services;digital transformation;AI partnership;Middle East tensions;shareholder returns","False","False","False"
"255","PLTR","-0.3200176823465356","0.5069721115537849","137.8000030517578","-0.04352051019668579","0.07605814933776855","0.5149054527282715","Services","SERVICES-PREPACKAGED SOFTWARE","18","5","8","NEG","2026-05-08T07:11:00Z","-0.29930555555555555","7.0","After Palantir's Impressive Q1 Earnings Report, This Remains the Biggest Issue With the Stock","While the company delivered impressive financial results (84% YoY revenue growth, doubled EPS, beat estimates), the stock is priced for perfection at 94x forward earnings and 44x forward sales. The 7% post-earnings decline despite beating expectations demonstrates the stock's vul","Palantir Technologies;Q1 earnings;stock valuation;revenue growth;earnings per share","False","False","False"
"256","UBER","-0.32115841723071836","0.5089641434262948","75.44999694824219","0.004392862319946289","0.07051634788513184","0.451962411403656","Services","SERVICES-BUSINESS SERVICES, NEC","18","7","0","STRONG-POS","2026-05-08T13:05:00Z","-0.5451388888888888","13.0","Could Lucid Motors Stock Turn $10,000 into $1 Million?","Uber's $500 million investment in Lucid and commitment to purchase up to 35,000 Gravity SUVs for robotaxi operations represents a strategic partnership, but the article focuses primarily on Lucid's challenges rather than Uber's prospects. The partnership is presented as a potenti","electric vehicles;cash burn;production volume;operating losses;equity dilution","False","False","False"
"257","TDG","-0.32234267172225783","0.5109561752988048","1215.0799560546875","0.052518486976623535","0.0065441131591796875","0.41769739985466003","Manufacturing","AIRCRAFT PARTS & AUXILIARY EQUIPMENT, NEC","0","0","0","NO-NEWS","","","","","","","False","False","False"
"258","GRMN","-0.3223693687044556","0.5129482071713147","240.08999633789062","-0.009611427783966064","-0.06539767980575562","0.2836756408214569","Manufacturing","SEARCH, DETECTION, NAVIGATION, GUIDANCE, AERONAUTICAL SYS","0","0","0","NO-NEWS","","","","","","","False","False","False"
"259","ADM","-0.3227556011096896","0.5149402390438247","77.66000366210938","0.03629577159881592","0.11372435092926025","0.29672473669052124","Manufacturing","FATS & OILS","0","0","0","NO-NEWS","","","","","","","False","False","False"
"260","MO","-0.32368447246753207","0.5169322709163346","68.12000274658203","-0.08625084161758423","0.010982513427734375","0.3650704622268677","Manufacturing","CIGARETTES","0","0","0","NO-NEWS","","","","","","","False","False","False"
"261","GWW","-0.3274376165585932","0.5189243027888446","1233.7099609375","0.07408022880554199","0.05259072780609131","0.28424564003944397","Wholesale","WHOLESALE-DURABLE GOODS","0","0","0","NO-NEWS","","","","","","","False","False","False"
"262","AIZ","-0.32843244570901076","0.5209163346613546","239.6699981689453","0.035246849060058594","0.09238839149475098","0.21571679413318634","Finance_Insurance_RealEstate","INSURANCE CARRIERS, NEC","0","0","0","NO-NEWS","","","","","","","False","False","False"
"263","PPL","-0.3286656525133764","0.5229083665338645","35.90999984741211","-0.04494678974151611","-0.09432536363601685","0.182072713971138","Transportation_Utilities","ELECTRIC SERVICES","0","0","0","NO-NEWS","","","","","","","False","False","False"
"264","DGX","-0.3286656525133764","0.5249003984063745","187.38999938964844","-0.027404367923736572","-0.02151322364807129","0.2749708294868469","Services","SERVICES-MEDICAL LABORATORIES","0","0","0","NO-NEWS","","","","","","","False","False","False"
"265","STZ","-0.3286656525133764","0.5268924302788844","148.2100067138672","-0.030166208744049072","-0.10797464847564697","0.28176644444465637","Manufacturing","BEVERAGES","1","0","0","NEUTRAL","2026-05-05T17:30:00Z","2.2708333333333335","17.0","Diageo Stock Continues to Sink -- What Investors Need to Know","Mentioned as a comparable company facing similar existential challenges in the alcoholic beverage industry, trading at the same 12x forward earnings multiple as Diageo. No specific negative or positive developments highlighted.","spirits market decline;dividend cut;U.S. market weakness;Asia sales decline;tequila oversupply","False","False","False"
"266","TGT","-0.3286656525133764","0.5288844621513944","125.25","-0.02824115753173828","0.027565836906433105","0.2822687327861786","Retail","RETAIL-VARIETY STORES","1","0","0","NEUTRAL","2026-05-07T07:00:00Z","0.7083333333333334","7.0","Ashley Graham to Spotlight the Power of Authentic Partnerships as a Keynote Speaker at Licensing Expo 2026","Listed as a confirmed major retailer attending the expo, indicating participation in the licensing industry but without specific business developments mentioned.","licensing;brand partnerships;authenticity;talent collaboration;entrepreneurship","False","False","False"
"267","TSN","-0.3292575586336428","0.5308764940239044","68.37999725341797","0.0738065242767334","0.041742801666259766","0.34448203444480896","Manufacturing","POULTRY SLAUGHTERING AND PROCESSING","2","2","0","POS","2026-05-04T20:05:00Z","3.1631944444444446","20.0","Tyson Foods’ Total Returns: Tasty Treats for Income Investors?","Strong fundamentals with 3.2% dividend yield, 15-year history of dividend increases, Q2 earnings beat consensus estimates by over 1,000 basis points, solid technical double bottom setup with 50% upside potential, analyst consensus with bullish bias (35% Buy-side, no Sell ratings)","Tyson Foods;dividend yield;earnings growth;technical analysis;double bottom pattern","False","False","False"
"268","LYV","-0.32938019837105803","0.5328685258964143","163.27999877929688","0.03178513050079346","0.016750693321228027","0.4284493327140808","Services","SERVICES-AMUSEMENT & RECREATION SERVICES","1","0","1","NEG","2026-05-07T18:08:54Z","0.24381944444444445","18.0","Ticketmaster Lays Off 8% Of Workforce Following Live Nation Q1 Report","While Q1 ticketing revenue showed strong 10% growth and beat revenue estimates, the company reported a significant $370.5 million operating loss, a $450 million legal accrual, and announced an 8% workforce reduction. The layoffs signal management concerns about future profitabili","layoffs;Ticketmaster;Live Nation;Q1 earnings;workforce reduction","False","False","False"
"269","LVS","-0.33012922394560346","0.5348605577689243","53.11000061035156","-0.0126417875289917","-0.006361067295074463","0.4159034192562103","Services","HOTELS & MOTELS","0","0","0","NO-NEWS","","","","","","","False","False","False"
"270","CTVA","-0.33012922394560346","0.5368525896414342","81.12999725341797","0.003463149070739746","-0.03220808506011963","0.24489396810531616","Agriculture","","0","0","0","NO-NEWS","","","","","","","False","False","False"
"271","GILD","-0.33012922394560346","0.5388446215139442","131.3300018310547","-0.0024306178092956543","-0.05511188507080078","0.21153436601161957","Manufacturing","BIOLOGICAL PRODUCTS, (NO DIAGNOSTIC SUBSTANCES)","3","1","0","POS","2026-05-07T20:00:00Z","0.16666666666666666","20.0","Assembly Biosciences Reports First Quarter 2026 Financial Results and Recent Highlights","Gilead is mentioned as a collaborative partner with exclusive rights to develop and commercialize the helicase-primase inhibitor program. The relationship appears on track with Assembly Bio evaluating cost-profit share options, but Gilead's own performance and strategic implicati","Assembly Biosciences;ABI-5366;ABI-1179;ABI-6250;herpes","False","False","False"
"272","STE","-0.33012922394560346","0.5408366533864541","207.4499969482422","-0.03241604566574097","-0.06797558069229126","0.25760307908058167","Manufacturing","ORTHOPEDIC, PROSTHETIC & SURGICAL APPLIANCES & SUPPLIES","1","1","0","POS","2026-05-05T20:30:00Z","2.1458333333333335","20.0","STERIS Announces Dividend of $0.63 per share","The announcement of a quarterly dividend of $0.63 per share demonstrates the company's financial health and confidence in its cash flow generation. Regular dividend payments are typically viewed positively by investors as they indicate stable profitability and management's commit","dividend announcement;quarterly dividend;shareholder returns;infection prevention;healthcare products","False","False","False"
"273","BAC","-0.33012922394560346","0.5428286852589641","51.310001373291016","-0.036250948905944824","-0.02341073751449585","0.208347886800766","Finance_Insurance_RealEstate","NATIONAL COMMERCIAL BANKS","7","3","1","POS","2026-05-08T19:34:00Z","-0.8152777777777778","19.0","Want SpaceX Stock Before the IPO? These 3 Plays Give You a Back Door In.","Bank of America holds less than 1% of SpaceX from a 2018 investment, providing minimal direct exposure to SpaceX's IPO upside.","SpaceX IPO;indirect exposure;space exploration;satellite communications;equity investment","False","False","False"
"274","RTX","-0.330563738341431","0.5448207171314741","176.08999633789062","0.01206958293914795","-0.1263643503189087","0.2669709622859955","Manufacturing","AIRCRAFT ENGINES & ENGINE PARTS","4","3","0","STRONG-POS","2026-05-08T11:07:00Z","-0.46319444444444446","11.0","Forget the Iran War. Threats from Russia and China Just Won RTX an $833 Million Missile Contract.","While RTX secured a substantial $833 million contract, the author notes it will have minimal impact on earnings per share (~$0.01 annually when spread across 1.3 billion shares). Additionally, RTX's current valuation of 32x trailing earnings with only 10% expected annual growth i","defense contract;RTX;SeaSparrow missiles;NATO;Russia and China threats","False","False","False"
"275","HSIC","-0.3315906976904296","0.546812749003984","70.81999969482422","-0.04206681251525879","-0.059994637966156006","0.2668289244174957","Wholesale","WHOLESALE-MEDICAL, DENTAL & HOSPITAL EQUIPMENT & SUPPLIES","0","0","0","NO-NEWS","","","","","","","False","False","False"
"276","KHC","-0.3335678944977556","0.548804780876494","23.959999084472656","0.06536233425140381","0.03902864456176758","0.23467357456684113","Manufacturing","CANNED, FROZEN & PRESERVD FRUIT, VEG & FOOD SPECIALTIES","0","0","0","NO-NEWS","","","","","","","False","False","False"
"277","COP","-0.3417292868118217","0.5507968127490039","113.87000274658203","-0.07565546035766602","-0.07082825899124146","0.38809025287628174","Manufacturing","PETROLEUM REFINING","3","1","1","NEUTRAL","2026-05-08T19:30:00Z","-0.8125","19.0","Shell's CEO Says the Oil Market Is Short 1 Billion Barrels and Getting Worse. Here's What Investors Should Do Now.","Expected to generate significantly higher operating cash flow ($25B+ vs. <$20B) at elevated oil prices, with plans to increase drilling and shareholder returns.","oil supply shortage;Iran war;Strait of Hormuz;oil prices;Persian Gulf production","False","False","False"
"278","BBY","-0.3423863277191562","0.5527888446215139","59.400001525878906","-0.010824263095855713","-0.047618985176086426","0.3613109290599823","Retail","RETAIL-RADIO, TV & CONSUMER ELECTRONICS STORES","0","0","0","NO-NEWS","","","","","","","False","False","False"
"279","KDP","-0.3427856532842031","0.5547808764940239","28.829999923706055","-0.0089377760887146","0.08505833148956299","0.3521304428577423","Manufacturing","BEVERAGES","0","0","0","NO-NEWS","","","","","","","False","False","False"
"280","GD","-0.34547861151367015","0.5567729083665338","346.5299987792969","0.0019952058792114258","0.03395497798919678","0.33440208435058594","Manufacturing","SHIP & BOAT BUILDING & REPAIRING","1","0","0","NEUTRAL","2026-05-05T19:22:30Z","2.1927083333333335","19.0","Michael Burry Targets Palantir's Valuation (Again) As Stock Drops After Earnings","Used as a valuation comparison point; represents established defense contractor with strong market position","valuation criticism;earnings drop;AI software;defense contractors;market capitalization","False","False","False"
"281","PYPL","-0.3460115711688542","0.5587649402390438","45.369998931884766","-0.10051548480987549","0.002873539924621582","0.4192602038383484","Services","SERVICES-BUSINESS SERVICES, NEC","3","0","2","STRONG-NEG","2026-05-07T22:31:27Z","0.06149305555555556","22.0","Stripe, Spacex, Databricks — And The End Of A Traditional IPO","PayPal faces downward pressure as a public company, having to balance long-term growth with near-term earnings visibility, while private competitors like Stripe achieve similar scale without these constraints.","IPO;private markets;secondary markets;startup funding;liquidity","False","False","False"
"282","AJG","-0.3465032020356728","0.5607569721115537","198.8699951171875","-0.04439961910247803","-0.06874269247055054","0.2928982079029083","Finance_Insurance_RealEstate","INSURANCE AGENTS, BROKERS & SERVICE","0","0","0","NO-NEWS","","","","","","","False","False","False"
"283","EFX","-0.3465032020356728","0.5627490039840638","175.8300018310547","0.01138913631439209","-0.012024521827697754","0.3925205171108246","Services","SERVICES-CONSUMER CREDIT REPORTING, COLLECTION AGENCIES","1","1","0","POS","2026-05-07T17:10:00Z","0.2847222222222222","17.0","Equifax Board of Directors Declares Quarterly Dividend","The declaration of a quarterly dividend demonstrates financial strength and confidence in the company's cash flow generation. The continuation of dividend payments for over 100 consecutive years reflects stability and commitment to shareholder returns, which is generally viewed p","dividend;quarterly;shareholder returns;Equifax;cash dividend","False","False","False"
"284","IBM","-0.3465032020356728","0.5647410358565738","229.75999450683594","-0.010508179664611816","-0.00433349609375","0.40174758434295654","Manufacturing","COMPUTER & OFFICE EQUIPMENT","7","5","0","STRONG-POS","2026-05-08T13:53:00Z","-0.5784722222222223","13.0","Computer Vision in Healthcare Market Report 2026: Revenue Expected to Surpass $33.4 Billion by 2036","Listed as a key player in the rapidly growing computer vision in healthcare market, which is expected to expand at 22.6% CAGR through 2036, presenting significant revenue opportunities.","computer vision;healthcare market;artificial intelligence;medical imaging;diagnostic systems","False","False","False"
"285","UPS","-0.34675320137645527","0.5667330677290837","100.77999877929688","-0.06312167644500732","-0.009046196937561035","0.4628385603427887","Transportation_Utilities","TRUCKING & COURIER SERVICES (NO AIR)","9","2","7","NEG","2026-05-07T15:33:52Z","0.3514814814814815","15.0","Here's Why UPS Stock Is Rising and Falling in 2026","UPS faces near-term margin pressure from reducing Amazon volume (11.8% of revenue), transitional costs (~$150M in Q1), broader package volume declines beyond Amazon, and rising fuel/transportation costs. While management expects second-half recovery, significant headwinds and com","UPS stock;Amazon deliveries;package volume decline;margin pressure;logistics competition","False","False","False"
"286","F","-0.3483419304152555","0.5687250996015937","12.319999694824219","0.037037014961242676","0.015663623809814453","0.32683587074279785","Manufacturing","MOTOR VEHICLES & PASSENGER CAR BODIES","3","0","2","STRONG-NEG","2026-05-06T14:35:00Z","1.3923611111111112","14.0","Welcome to Shareholder Meeting Month: AI, Oil, and Consumer Are in the Spotlight","Down 13% YTD, badly lagging S&P 500; faces headwinds from EV strategy scrutiny, rising aluminum costs, and elevated gas prices impacting consumer demand.","shareholder meetings;AGM;consumer spending;AI strategy;energy prices","False","False","False"
"287","DRI","-0.34944278711697363","0.5707171314741036","196.22999572753906","0.007547736167907715","0.019959449768066406","0.25429394841194153","Retail","RETAIL-EATING PLACES","0","0","0","NO-NEWS","","","","","","","False","False","False"
"288","ADBE","-0.35384658109577966","0.5727091633466136","253.0399932861328","0.009293556213378906","0.12287545204162598","0.4535333514213562","Services","SERVICES-PREPACKAGED SOFTWARE","1","1","0","POS","2026-05-06T19:28:16Z","1.1887037037037036","19.0","Michael Burry's Chip Short Just Got Wilder: SOXX Went From 43% Above Trend To 60%","Burry added to software positions including Adobe as part of rotation away from overvalued hardware sector toward software and services.","semiconductor short;technical analysis;mean reversion;200-day moving average;valuation stretch","False","False","False"
"289","GE","-0.35456576922407707","0.5747011952191236","297.1499938964844","0.03713655471801758","-0.03632241487503052","0.45798569917678833","Manufacturing","ELECTRONIC & OTHER ELECTRICAL EQUIPMENT (NO COMPUTER EQUIP)","0","0","0","NO-NEWS","","","","","","","False","False","False"
"290","NEM","-0.35689005416034475","0.5766932270916335","116.51000213623047","0.07263851165771484","-0.03631097078323364","0.5962288975715637","Mining","GOLD AND SILVER ORES","2","2","0","POS","2026-05-07T14:09:00Z","0.41041666666666665","14.0","Greenland Mines Just Reported PdEq Grades Up 45-55% in MetalPrice Sensitivity Work at One of the World's Largest Undeveloped Pd-Au-Pt Deposits","Reported record Q1 2026 quarterly free cash flow of $3.1 billion with realized gold price of ~$4,900/oz, confirming the high-price gold environment already embedded in Greenland Mines' sensitivity analysis. Strong operational performance and increased share repurchase authorizati","palladium;gold;platinum;precious metals;mineral resources","False","False","False"
"291","VLTO","-0.3597778972106979","0.5786852589641435","86.83999633789062","-0.009015202522277832","-0.029720723628997803","0.2616104781627655","Manufacturing","INSTRUMENTS FOR MEAS & TESTING OF ELECTRICITY & ELEC SIGNALS","0","0","0","NO-NEWS","","","","","","","False","False","False"
"292","GPN","-0.3605174132555349","0.5806772908366534","69.19000244140625","-0.043808698654174805","0.05730438232421875","0.3573979139328003","Services","SERVICES-BUSINESS SERVICES, NEC","0","0","0","NO-NEWS","","","","","","","False","False","False"
"293","PAYX","-0.3612864464314863","0.5826693227091634","93.93000030517578","0.009782910346984863","0.09769785404205322","0.2854636311531067","Services","SERVICES-ENGINEERING, ACCOUNTING, RESEARCH, MANAGEMENT","2","1","0","POS","2026-05-07T18:48:00Z","0.21666666666666667","18.0","2026 ChicagoCISO ORBIE Awards Recognize Top Security Executives","VP & CISO received Global ORBIE award for organizations over $5 billion revenue, demonstrating recognized leadership excellence in cybersecurity and business protection.","CISO;cybersecurity leadership;ORBIE Awards;enterprise security;business transformation","False","False","False"
"294","BIIB","-0.3612864464314863","0.5846613545816733","193.4499969482422","0.03416013717651367","0.11840200424194336","0.33558550477027893","Manufacturing","BIOLOGICAL PRODUCTS, (NO DIAGNOSTIC SUBSTANCES)","2","1","0","POS","2026-05-08T15:31:32Z","-0.6468981481481482","15.0","Biogen Stock Gains Despite Extended FDA Review For Alzheimer's Therapy","Stock trading higher despite FDA review extension; strong 12-month performance (+63.29%); positive technical indicators (MACD above signal line); strategic acquisition of Apellis to enhance pipeline; recent FDA approval for Spinraza high-dose regimen demonstrates pipeline progres","Biogen;Leqembi Iqlik;Alzheimer's disease;FDA review;Apellis Pharmaceuticals","False","False","False"
"295","AME","-0.36247070092302575","0.5866533864541833","232.39999389648438","0.008330464363098145","-0.010684967041015625","0.27888256311416626","Manufacturing","INDUSTRIAL INSTRUMENTS FOR MEASUREMENT, DISPLAY, AND CONTROL","1","1","0","POS","2026-05-08T18:10:41Z","-0.7574189814814815","18.0","Deal Dispatch: J.M. Smucker Considers Strategic Review, Meta Buys Assured Robot Intelligence, Buzzfeed On Brink Of Bankruptcy","Acquiring $5 billion portfolio of instrumentation businesses that complement existing operations and expand market presence.","M&A;strategic review;activist investor;bankruptcy;acquisition","False","False","False"
"296","WM","-0.3627500178637133","0.5886454183266933","215.3699951171875","-0.058574140071868896","-0.06136411428451538","0.23551541566848755","Transportation_Utilities","REFUSE SYSTEMS","0","0","0","NO-NEWS","","","","","","","False","False","False"
"297","RL","-0.3631652391793014","0.5906374501992032","358.45001220703125","-0.010380685329437256","-0.05638766288757324","0.3394891321659088","Manufacturing","MEN'S & BOYS' FURNISHGS, WORK CLOTHG, & ALLIED GARMENTS","0","0","0","NO-NEWS","","","","","","","False","False","False"
"298","IDXX","-0.3639342723552528","0.5926294820717132","560.1099853515625","-0.01295250654220581","-0.005133211612701416","0.3072398602962494","Manufacturing","IN VITRO & IN VIVO DIAGNOSTIC SUBSTANCES","1","1","0","POS","2026-05-05T14:20:28Z","2.4024537037037037","14.0","Idexx Laboratories Raises Guidance On Higher Clinical Visits, Diagnostic Frequency","Company beat Q1 earnings expectations, reported 11% organic sales growth, raised full-year 2026 guidance for both earnings and revenue, demonstrated strong operational execution with 100 basis point margin improvement, and showed positive momentum in diagnostics segment with stra","pet healthcare;diagnostics;earnings beat;guidance raise;clinical visits","False","False","False"
"299","ROP","-0.3639342723552528","0.5946215139442231","343.32000732421875","-0.041594505310058594","0.0004954338073730469","0.23216287791728973","Manufacturing","INDUSTRIAL INSTRUMENTS FOR MEASUREMENT, DISPLAY, AND CONTROL","3","3","0","STRONG-POS","2026-05-06T20:21:00Z","1.1520833333333333","20.0","Profit From Water With These Dividend Stocks","Solid results with 10% revenue growth and 8% EPS growth, 10.3% dividend increase, and impressive 33-year dividend increase streak. Active capital deployment with $500M share repurchases and $3.3B in strategic acquisitions demonstrates strong financial health and growth strategy.","water stocks;dividend stocks;dividend yield;water solutions;essential commodities","False","False","False"
"300","LH","-0.3639342723552528","0.5966135458167331","254.1199951171875","-0.006722927093505859","-0.026098966598510742","0.1952294558286667","Services","SERVICES-MEDICAL LABORATORIES","0","0","0","NO-NEWS","","","","","","","False","False","False"
"301","VMC","-0.3639342723552528","0.598605577689243","283.7200012207031","-0.0457419753074646","-0.03979969024658203","0.24905134737491608","Mining","MINING & QUARRYING OF NONMETALLIC MINERALS (NO FUELS)","0","0","0","NO-NEWS","","","","","","","False","False","False"
"302","JBHT","-0.3659062790691558","0.600597609561753","245.39999389648438","-0.01338803768157959","0.08086681365966797","0.38381388783454895","Transportation_Utilities","TRUCKING (NO LOCAL)","1","0","1","NEG","2026-05-05T17:45:58Z","2.2597453703703705","17.0","Amazon's Next Gold Mine Is Worth $1.3 Trillion: Transport Stocks Begin Paying For It","With 124,000 intermodal containers, J.B. Hunt faces competitive pressure as Amazon's intermodal fleet (24,000+ containers) grows and Amazon controls the demand it serves.","Amazon Supply Chain Services;third-party logistics;3PL market;transportation sector;last-mile delivery","False","False","False"
"303","NTRS","-0.3673698505013828","0.602589641434263","160.41000366210938","-0.024744629859924316","0.053734540939331055","0.3564710021018982","Finance_Insurance_RealEstate","STATE COMMERCIAL BANKS","0","0","0","NO-NEWS","","","","","","","False","False","False"
"304","JKHY","-0.3678179413800479","0.6045816733067729","145.83999633789062","-0.05317145586013794","-0.009239137172698975","0.2687516510486603","Services","SERVICES-COMPUTER INTEGRATED SYSTEMS DESIGN","0","0","0","NO-NEWS","","","","","","","False","False","False"
"305","WSM","-0.3719083175629881","0.6065737051792829","182.10000610351562","0.011722922325134277","-0.0371701717376709","0.33069920539855957","Retail","RETAIL-HOME FURNITURE, FURNISHINGS & EQUIPMENT STORES","0","0","0","NO-NEWS","","","","","","","False","False","False"
"306","ED","-0.3726773507389395","0.6085657370517928","106.30999755859375","-0.03783148527145386","-0.06384289264678955","0.17123843729496002","Transportation_Utilities","ELECTRIC & OTHER SERVICES COMBINED","0","0","0","NO-NEWS","","","","","","","False","False","False"
"307","RSG","-0.3741409221711665","0.6105577689243028","200.02000427246094","-0.03166145086288452","-0.06820088624954224","0.22558322548866272","Transportation_Utilities","REFUSE SYSTEMS","0","0","0","NO-NEWS","","","","","","","False","False","False"
"308","MCO","-0.3741409221711665","0.6125498007968128","451.32000732421875","-0.009763658046722412","0.05594158172607422","0.23268571496009827","Services","SERVICES-CONSUMER CREDIT REPORTING, COLLECTION AGENCIES","1","0","0","NEUTRAL","2026-05-07T08:24:00Z","0.65","8.0","The Stock Market Faces Serious Problems in President Trump's Economy. History Says This Could Happen Next.","Moody's is cited as a source providing economic analysis and forecasts about inflation and tariff impacts, but the company itself is not directly affected by the economic concerns discussed.","Iran military operations;oil supply disruption;gasoline prices;tariffs;inflation","False","False","False"
"309","CRM","-0.3741409221711665","0.6145418326693227","181.82000732421875","-0.010880231857299805","0.10220658779144287","0.4883911907672882","Services","SERVICES-PREPACKAGED SOFTWARE","8","4","1","POS","2026-05-08T17:32:00Z","-0.7305555555555555","17.0","Shopify's Revenue Is Surging, but Stock Falls. Here's Why It's a Buying Opportunity.","Joined the UCP council, indicating participation in AI e-commerce standards, but no specific competitive positioning discussed.","Shopify;revenue growth;AI integration;e-commerce;stock valuation","False","False","False"
"310","ES","-0.3741409221711665","0.6165338645418327","66.51000213623047","-0.06416207551956177","-0.04944974184036255","0.2233348786830902","Transportation_Utilities","ELECTRIC SERVICES","0","0","0","NO-NEWS","","","","","","","False","False","False"
"311","JPM","-0.3741409221711665","0.6185258964143426","302.1000061035156","-0.033187150955200195","-0.025075018405914307","0.20979805290699005","Finance_Insurance_RealEstate","NATIONAL COMMERCIAL BANKS","8","3","1","POS","2026-05-08T13:05:00Z","-0.5451388888888888","13.0","Wells Fargo’s Comeback Is Real—But Not Risk-Free","Mentioned as a competitor that benefited from Wells Fargo's asset cap constraints. No specific performance data provided in the article.","asset cap lifted;earnings beat;loan growth;net interest margin pressure;credit losses","False","False","False"
"312","DAL","-0.3750036513808342","0.6205179282868526","73.33000183105469","0.06306171417236328","0.08124446868896484","0.3821088671684265","Transportation_Utilities","AIR TRANSPORTATION, SCHEDULED","1","1","0","POS","2026-05-07T10:09:00Z","0.5770833333333333","10.0","Prediction: These 2 Airline Stocks Will Rebound Before Year's End","Strong Q4 2025 earnings growth of 45% year-over-year, sustained premium ticket sales momentum (14% growth in Q1 2026), and analyst expectations of only 5.3% earnings decline despite fuel cost headwinds position the company well for recovery by year-end.","airline stocks;geopolitical conflict;oil prices;premium ticket sales;low-cost carriers","False","False","False"
"313","MGM","-0.37689323845298867","0.6225099601593626","38.790000915527344","0.007532477378845215","0.03938913345336914","0.2552666664123535","Services","HOTELS & MOTELS","0","0","0","NO-NEWS","","","","","","","False","False","False"
"314","SBUX","-0.3786570195878709","0.6245019920318725","104.93000030517578","-0.009159624576568604","0.08623194694519043","0.34302985668182373","Retail","RETAIL-EATING & DRINKING PLACES","3","1","0","POS","2026-05-08T15:19:00Z","-0.6381944444444444","15.0","Dutch Bros: The Newest Starbucks Rival Faces Its First Big Reality Check","Positioned as established competitor with lower growth expectations (less than 3% upside vs. Dutch Bros' 40%), lower volatility, and more stable institutional ownership. Serves as benchmark but lacks the growth narrative of Dutch Bros, making it a defensive alternative rather tha","earnings beat;revenue growth;margin compression;expansion strategy;valuation concerns","False","False","False"
"315","AVY","-0.382404590833359","0.6264940239043825","163.50999450683594","0.0029442310333251953","-0.04469507932662964","0.24234069883823395","Manufacturing","CONVERTED PAPER & PAPERBOARD PRODS (NO CONTANERS/BOXES)","0","0","0","NO-NEWS","","","","","","","False","False","False"
"316","PHM","-0.382404590833359","0.6284860557768924","117.55000305175781","-0.013924956321716309","-0.02310311794281006","0.3647754192352295","Construction","OPERATIVE BUILDERS","1","1","0","POS","2026-05-04T18:06:00Z","3.245833333333333","18.0","Netflix, Pulte, and Mobileye Are Buying Their Own Dips—Should You?","Pulte increased buyback authorization by $1.5 billion to $2.1 billion total (9% of market cap) and increased quarterly buyback spending 15% to second-highest ever, demonstrating confidence despite sales falling 12% YOY. Analyst consensus indicates over 20% upside.","share buybacks;stock repurchase;management confidence;depressed valuations;consumer discretionary","False","False","False"
"317","KVUE","-0.38507344892034207","0.6304780876494024","17.59000015258789","0.00917959213256836","0.013832807540893555","0.16674643754959106","Manufacturing","PERFUMES, COSMETICS & OTHER TOILET PREPARATIONS","2","0","0","NEUTRAL","2026-05-07T12:15:00Z","0.4895833333333333","12.0","These 3 Dividend Stocks Have Made Investors Rich. They Can Do It Again.","Being acquired by Kimberly-Clark in deal valued at $48.7 billion, approved January 2026, closing expected second half 2026. Neutral sentiment as it's transitioning to subsidiary status rather than independent company.","dividend stocks;consumer goods;margin expansion;cocoa prices;acquisition","False","False","False"
"318","XOM","-0.38514727659008363","0.6324701195219123","144.57000732421875","-0.05355149507522583","-0.05206209421157837","0.275452196598053","Manufacturing","PETROLEUM REFINING","4","3","0","STRONG-POS","2026-05-06T18:32:00Z","1.2277777777777779","18.0","Occidental Petroleum: Buy, Sell, or Hold?","Cited as a better-positioned competitor relative to Occidental, particularly if oil prices decline. This implies stronger diversification and resilience compared to Occidental.","oil and gas;stock rebound;OxyChem sale;debt reduction;crude oil prices","False","False","False"
"319","ETN","-0.38514727659008363","0.6344621513944223","401.510009765625","-0.05649155378341675","-0.003697216510772705","0.37116575241088867","Manufacturing","MISC INDUSTRIAL & COMMERCIAL MACHINERY & EQUIPMENT","4","2","0","POS","2026-05-07T08:16:00Z","0.6555555555555556","8.0","Vertiv: The Backlog is Massive, the Margin of Safety is Not","Competitor in power management benefiting from same data center cycle but growing 2.6x slower than Vertiv with lower valuation (30.5x forward P/E).","data center infrastructure;AI buildout;liquid cooling;power management;backlog conversion","False","False","False"
"320","FDX","-0.39074646969959287","0.6364541832669323","378.5799865722656","-0.038331687450408936","0.012029528617858887","0.46723708510398865","Transportation_Utilities","AIR COURIER SERVICES","3","0","3","STRONG-NEG","2026-05-05T17:45:58Z","2.2597453703703705","17.0","Amazon's Next Gold Mine Is Worth $1.3 Trillion: Transport Stocks Begin Paying For It","Similar to UPS, FedEx is exposed to last-mile competition from Amazon's new service offering. Stock declined ~9% as market priced in the threat.","Amazon Supply Chain Services;third-party logistics;3PL market;transportation sector;last-mile delivery","False","False","False"
"321","TTWO","-0.3914702573812022","0.6384462151394422","220.4499969482422","0.020460128784179688","0.1186380386352539","0.3028690218925476","Services","SERVICES-PREPACKAGED SOFTWARE","0","0","0","NO-NEWS","","","","","","","False","False","False"
"322","EXE","-0.3914702573812022","0.6404382470119522","95.94000244140625","-0.04174989461898804","-0.0308111310005188","0.2645794749259949","Mining","CRUDE PETROLEUM & NATURAL GAS","0","0","0","NO-NEWS","","","","","","","False","False","False"
"323","PCG","-0.3914702573812022","0.6424302788844621","16.06999969482422","-0.02310037612915039","-0.13322550058364868","0.19458024203777313","Transportation_Utilities","ELECTRIC & OTHER SERVICES COMBINED","0","0","0","NO-NEWS","","","","","","","False","False","False"
"324","MS","-0.3914702573812022","0.6444223107569721","193.08999633789062","0.015354633331298828","0.08697366714477539","0.2622644901275635","Finance_Insurance_RealEstate","SECURITY BROKERS, DEALERS & FLOTATION COMPANIES","3","1","0","POS","2026-05-08T04:30:00Z","-0.1875","4.0","This Small-Cap Stock Just Crushed Earnings. Is It a Buy?","Downgraded Appian to equal weight, citing challenges in seat-based software models and requiring sustained sales acceleration. Represents cautious institutional view on the stock despite strong earnings.","earnings;software-as-a-service;business process automation;AI integration;guidance raise","False","False","False"
"325","LII","-0.3914702573812022","0.646414342629482","521.25","-0.009651780128479004","0.031545042991638184","0.41869333386421204","Manufacturing","AIR-COND & WARM AIR HEATG EQUIP & COMM & INDL REFRIG EQUIP","0","0","0","NO-NEWS","","","","","","","False","False","False"
"326","INVH","-0.3914702573812022","0.648406374501992","28.729999542236328","0.007010102272033691","0.10415065288543701","0.2331254482269287","Finance_Insurance_RealEstate","REAL ESTATE OPERATORS (NO DEVELOPERS) & LESSORS","0","0","0","NO-NEWS","","","","","","","False","False","False"
"327","T","-0.3914702573812022","0.650398406374502","25.15999984741211","-0.03675347566604614","-0.04913073778152466","0.2679763436317444","Transportation_Utilities","TELEPHONE COMMUNICATIONS (NO RADIOTELEPHONE)","0","0","0","NO-NEWS","","","","","","","False","False","False"
"328","IEX","-0.3914702573812022","0.6523904382470119","216.9199981689453","0.009258866310119629","0.07872092723846436","0.2899717688560486","Manufacturing","PUMPS & PUMPING EQUIPMENT","0","0","0","NO-NEWS","","","","","","","False","False","False"
"329","BXP","-0.3914702573812022","0.6543824701195219","59.43000030517578","0.0010106563568115234","0.12132072448730469","0.254259318113327","Finance_Insurance_RealEstate","REAL ESTATE INVESTMENT TRUSTS","0","0","0","NO-NEWS","","","","","","","False","False","False"
"330","SPGI","-0.39176659477583775","0.6563745019920318","420.1199951171875","-0.013941705226898193","0.011313796043395996","0.21225345134735107","Services","SERVICES-CONSUMER CREDIT REPORTING, COLLECTION AGENCIES","1","0","0","NEUTRAL","2026-05-08T19:30:00Z","-0.8125","19.0","Shell's CEO Says the Oil Market Is Short 1 Billion Barrels and Getting Worse. Here's What Investors Should Do Now.","Cited as a data source regarding well restart timelines; no direct business impact from the oil supply crisis indicated.","oil supply shortage;Iran war;Strait of Hormuz;oil prices;Persian Gulf production","False","False","False"
"331","HD","-0.39278716613367887","0.6583665338645418","317.45001220703125","-0.01985299587249756","-0.05896121263504028","0.27301791310310364","Retail","RETAIL-LUMBER & OTHER BUILDING MATERIALS DEALERS","2","1","0","POS","2026-05-06T14:35:00Z","1.3923611111111112","14.0","Welcome to Shareholder Meeting Month: AI, Oil, and Consumer Are in the Spotlight","Notable AGM scheduled; consumer discretionary exposure provides insight into household spending trends and housing market health.","shareholder meetings;AGM;consumer spending;AI strategy;energy prices","False","False","False"
"332","PSA","-0.39314710969858596","0.6603585657370518","311.0400085449219","0.03147077560424805","0.05437290668487549","0.2775536775588989","Finance_Insurance_RealEstate","REAL ESTATE INVESTMENT TRUSTS","0","0","0","NO-NEWS","","","","","","","False","False","False"
"333","EOG","-0.39314710969858596","0.6623505976095617","130.02999877929688","-0.06419575214385986","-0.0452309250831604","0.3215096890926361","Mining","CRUDE PETROLEUM & NATURAL GAS","0","0","0","NO-NEWS","","","","","","","False","False","False"
"334","EQT","-0.39314710969858596","0.6643426294820717","55.959999084472656","-0.046027958393096924","-0.04635310173034668","0.2590487003326416","Mining","CRUDE PETROLEUM & NATURAL GAS","1","1","0","POS","2026-05-06T17:25:51Z","1.2737152777777778","17.0","This $4 Million NMI Holdings Sale Comes as the Insurer Grows Book Value 15%","Listed as Muhlenkamp's second-largest holding at $25.54 million (6.7% of AUM), indicating the fund manager's confidence in the company's prospects.","mortgage insurance;private mortgage guaranty;book value growth;fund rebalancing;underperformance","False","False","False"
"335","CVX","-0.39314710969858596","0.6663346613545816","181.6199951171875","-0.04726439714431763","-0.03675419092178345","0.2612011432647705","Manufacturing","PETROLEUM REFINING","8","7","0","STRONG-POS","2026-05-06T18:32:00Z","1.2277777777777779","18.0","Occidental Petroleum: Buy, Sell, or Hold?","Similarly mentioned as a better-positioned competitor with greater diversification than Occidental, suggesting stronger positioning in potential downturns in oil prices.","oil and gas;stock rebound;OxyChem sale;debt reduction;crude oil prices","False","False","False"
"336","HST","-0.39314710969858596","0.6683266932270916","22.270000457763672","0.05395174026489258","0.10575973987579346","0.2199418544769287","Finance_Insurance_RealEstate","REAL ESTATE INVESTMENT TRUSTS","0","0","0","NO-NEWS","","","","","","","False","False","False"
"337","DIS","-0.39314710969858596","0.6703187250996016","108.0199966430664","0.047923922538757324","0.0892406702041626","0.3335905075073242","Services","SERVICES-MISCELLANEOUS AMUSEMENT & RECREATION","10","6","0","STRONG-POS","2026-05-07T13:01:00Z","0.4576388888888889","13.0","Disney Stock Surges 8% on Beat-and-Raise Q2 Results","Strong Q2 beat-and-raise results with 6.7% revenue growth, 460 basis point EPS beat, margin expansion, accelerated capital returns, raised guidance, analyst consensus of Moderate Buy with 74% buy-side bias, and robust institutional accumulation at 3-to-1 buying pace. Stock surged","earnings beat;guidance raise;capital returns;dividend increase;share buyback","False","False","False"
"338","BALL","-0.39314710969858596","0.6723107569721115","58.52000045776367","-0.04581773281097412","-0.060523390769958496","0.3223533034324646","Manufacturing","METAL CANS","0","0","0","NO-NEWS","","","","","","","False","False","False"
"339","SYF","-0.3957525417382348","0.6743027888446215","73.13999938964844","-0.03458291292190552","0.01008141040802002","0.27458664774894714","Finance_Insurance_RealEstate","FINANCE SERVICES","0","0","0","NO-NEWS","","","","","","","False","False","False"
"340","TT","-0.3957525417382348","0.6762948207171314","466.1700134277344","-0.041748881340026855","0.0009877681732177734","0.27136173844337463","Manufacturing","AUTO CONTROLS FOR REGULATING RESIDENTIAL & COMML ENVIRONMENTS","2","1","0","POS","2026-05-07T08:16:00Z","0.6555555555555556","8.0","Vertiv: The Backlog is Massive, the Margin of Safety is Not","Peer company in thermal infrastructure with lower valuation multiple (32.1x forward P/E) and slower growth compared to Vertiv.","data center infrastructure;AI buildout;liquid cooling;power management;backlog conversion","False","False","False"
"341","BK","-0.3957525417382348","0.6782868525896414","130.5","-0.024517834186553955","0.023048043251037598","0.19246375560760498","Finance_Insurance_RealEstate","STATE COMMERCIAL BANKS","0","0","0","NO-NEWS","","","","","","","False","False","False"
"342","CRH","-0.3957525417382348","0.6802788844621513","113.76000213623047","-0.014638304710388184","-0.03503262996673584","0.3146364986896515","Manufacturing","CEMENT, HYDRAULIC","0","0","0","NO-NEWS","","","","","","","False","False","False"
"343","BX","-0.3957525417382348","0.6822709163346613","123.7699966430664","-0.02041947841644287","0.07785415649414062","0.42705947160720825","Finance_Insurance_RealEstate","INVESTMENT ADVICE","1","1","0","POS","2026-05-05T09:01:32Z","2.6239351851851853","9.0","Roundhill Files for 'Magnificent Seven Plus' ETF With AI, Space Twist","Committing $450 million to Anthropic joint venture, demonstrating confidence in AI sector growth and strategic positioning.","ETF filing;Magnificent Seven;AI exposure;space companies;mega-cap tech","False","False","False"
"344","MAR","-0.3957525417382348","0.6842629482071713","353.17999267578125","-0.005042731761932373","-0.0025981664657592773","0.28255340456962585","Services","HOTELS & MOTELS","1","0","0","NEUTRAL","2026-05-07T20:30:00Z","0.14583333333333334","20.0","Ryman Hospitality Properties, Inc. Declares Second Quarter Dividend","Marriott is mentioned only as the management company for RHP's hotel portfolio. The article provides no information about Marriott's performance or strategic implications, so sentiment is neutral.","dividend declaration;second quarter;cash dividend;REIT;hospitality","False","False","False"
"345","MET","-0.3957525417382348","0.6862549800796812","78.08000183105469","-0.026797950267791748","0.056849002838134766","0.1908033937215805","Finance_Insurance_RealEstate","LIFE INSURANCE","0","0","0","NO-NEWS","","","","","","","False","False","False"
"346","MSFT","-0.3957525417382348","0.6882470119521913","415.1199951171875","0.0016407966613769531","0.11931407451629639","0.35115161538124084","Services","SERVICES-PREPACKAGED SOFTWARE","59","29","5","POS","2026-05-08T19:30:00Z","-0.8125","19.0","Amazon vs. Microsoft: Which Tech Giant Looks Better After Its Earnings Report?","While Microsoft Cloud grew 29% YoY and maintains higher absolute profit margins at 38.3%, growth is decelerating compared to historical trends. Some segments like Xbox declined 5% YoY, and the company's profitability improvements are modest compared to Amazon's seismic gains.","cloud computing;AWS;Microsoft Cloud;artificial intelligence;profit margins","False","False","False"
"347","WMB","-0.39742939405561856","0.6902390438247012","71.95999908447266","-0.04739212989807129","-0.010723114013671875","0.2390214055776596","Transportation_Utilities","NATURAL GAS TRANSMISSION","2","1","0","POS","2026-05-07T08:25:00Z","0.6493055555555556","8.0","Williams Companies Stock Beats on EPS With Record EBITDA in Q1 2026","Strong EPS beat, record EBITDA, significant growth catalysts from natural gas demand (35% expected increase), substantial backlog of $15.5B, and strategic positioning in high-growth data center power market. Morgan Stanley raised price target to $90. However, positive sentiment i","Williams Companies;Q1 2026 earnings;natural gas demand;EBITDA;data center power","False","False","False"
"348","EXC","-0.39742939405561856","0.6922310756972112","43.90999984741211","-0.055698931217193604","-0.09594398736953735","0.18567201495170593","Transportation_Utilities","ELECTRIC & OTHER SERVICES COMBINED","0","0","0","NO-NEWS","","","","","","","False","False","False"
"349","EMR","-0.39742939405561856","0.6942231075697212","141.30999755859375","0.028082966804504395","-0.017110705375671387","0.4134941101074219","Manufacturing","ELECTRONIC & OTHER ELECTRICAL EQUIPMENT (NO COMPUTER EQUIP)","0","0","0","NO-NEWS","","","","","","","False","False","False"
"350","OKE","-0.39742939405561856","0.6962151394422311","85.16000366210938","-0.057547569274902344","-0.01217949390411377","0.2897760272026062","Transportation_Utilities","NATURAL GAS TRANSMISSION & DISTRIBUTION","0","0","0","NO-NEWS","","","","","","","False","False","False"
"351","SLB","-0.39742939405561856","0.6982071713147411","53.27000045776367","-0.06412506103515625","0.026001572608947754","0.27897050976753235","Mining","OIL & GAS FIELD SERVICES, NEC","2","1","0","POS","2026-05-08T14:22:00Z","-0.5986111111111111","14.0","SLB’s Tough Quarter Masks a Powerful Long-Term Shift","Mixed near-term and long-term outlook. Q1 showed weak organic revenue (-7% YOY excluding ChampionX), compressed margins (-346 bps), and lower earnings. However, digital business growth (9% YOY), NVIDIA partnership expansion, and strategic pivot toward high-margin AI/software serv","oilfield services;digital transformation;AI partnership;Middle East tensions;shareholder returns","False","False","False"
"352","ETR","-0.39742939405561856","0.700199203187251","111.58999633789062","-0.041570067405700684","-0.041899263858795166","0.24659927189350128","Transportation_Utilities","ELECTRIC SERVICES","1","0","0","NEUTRAL","2026-05-07T13:22:41Z","0.4425810185185185","13.0","Financial Advisor Exits Position in Industrial Stock, According to Latest SEC Filing","Mentioned as a top holding of Aurora Investment Counsel ($3.27 million, 1.8% of AUM) with no specific news or sentiment drivers in the article.","SEC filing;position exit;Gorman-Rupp;industrial stock;AI data centers","False","False","False"
"353","CME","-0.39947009048970455","0.702191235059761","281.25","-0.028631627559661865","-0.04757869243621826","0.1740913987159729","Finance_Insurance_RealEstate","SECURITY & COMMODITY BROKERS, DEALERS, EXCHANGES & SERVICES","1","1","0","POS","2026-05-07T11:30:00Z","0.5208333333333334","11.0","CME Group Declares Quarterly Dividend","The declaration of a quarterly dividend of $1.30 per share demonstrates the company's financial strength and commitment to returning capital to shareholders, which is generally viewed positively by investors as a sign of profitability and confidence in future cash flows.","dividend;CME Group;quarterly dividend;shareholder returns;derivatives marketplace","False","False","False"
"354","DE","-0.39947009048970455","0.704183266932271","574.8400268554688","-0.004192173480987549","-0.049851179122924805","0.35418951511383057","Manufacturing","FARM MACHINERY & EQUIPMENT","0","0","0","NO-NEWS","","","","","","","False","False","False"
"355","CPRT","-0.39947009048970455","0.7061752988047809","33.939998626708984","0.020138263702392578","0.03601956367492676","0.13167980313301086","Retail","RETAIL-AUTO DEALERS & GASOLINE STATIONS","0","0","0","NO-NEWS","","","","","","","False","False","False"
"356","AES","-0.39947009048970455","0.7081673306772909","14.329999923706055","0.003501415252685547","-0.004169583320617676","0.058760032057762146","Transportation_Utilities","COGENERATION SERVICES & SMALL POWER PRODUCERS","0","0","0","NO-NEWS","","","","","","","False","False","False"
"357","VRTX","-0.39947009048970455","0.7101593625498008","429.82000732421875","0.013917684555053711","-0.014784395694732666","0.16239821910858154","Manufacturing","PHARMACEUTICAL PREPARATIONS","1","1","0","POS","2026-05-06T07:30:00Z","1.6875","7.0","Is This Millionaire-Maker Biotech Stock a Buy Right Now?","Despite current challenges with slowing core business growth (8% YoY), the company has strong long-term prospects with upcoming pipeline approvals (Casgevy, povetacicept) expected to significantly boost non-CF revenue from $175.4M to $500M+ in 2026, and a diversified portfolio an","biotech;cystic fibrosis;gene editing;drug approval;portfolio diversification","False","False","False"
"358","AMGN","-0.39947009048970455","0.7121513944223108","331.70001220703125","0.005700111389160156","-0.05503952503204346","0.2508668303489685","Manufacturing","BIOLOGICAL PRODUCTS, (NO DIAGNOSTIC SUBSTANCES)","3","3","0","STRONG-POS","2026-05-08T17:30:00Z","-0.7291666666666666","17.0","2 Dividend Stocks to Double Up On Right Now","Strong dividend history with annual increases since 2011, above-average 3% forward yield, successful navigation of denosumab patent cliff through diversified portfolio, 16 brands posting double-digit growth, promising pipeline including once-monthly GLP-1 candidate MariTide, and ","dividend stocks;patent cliff;biotech;pharmaceuticals;GLP-1 medicine","False","False","False"
"359","MLM","-0.39947009048970455","0.7141434262948207","590.3800048828125","-0.03923577070236206","-0.06515926122665405","0.22053253650665283","Mining","MINING & QUARRYING OF NONMETALLIC MINERALS (NO FUELS)","0","0","0","NO-NEWS","","","","","","","False","False","False"
"360","MMM","-0.39947009048970455","0.7161354581673307","143.2899932861328","0.005543828010559082","-0.04676699638366699","0.251176655292511","Manufacturing","SURGICAL & MEDICAL INSTRUMENTS & APPARATUS","3","0","1","NEG","2026-05-07T20:34:00Z","0.14305555555555555","20.0","Clorox Could Be Crowned a Dividend King in 2027, But the Regal Status Will Be Short-Lived Unless Clorox Makes This Key Change.","Used as a cautionary example of a former Dividend King that cut its dividend in 2024 to preserve cash and turn the business around. While the decision proved correct and the stock rebounded, it illustrates the risks Clorox faces if it doesn't address underlying business challenge","dividend king;dividend sustainability;free cash flow;earnings decline;dividend yield","False","False","False"
"361","SHW","-0.39947009048970455","0.7181274900398407","316.82000732421875","-0.0037106871604919434","-0.05739188194274902","0.2946309745311737","Retail","RETAIL-BUILDING MATERIALS, HARDWARE, GARDEN SUPPLY","0","0","0","NO-NEWS","","","","","","","False","False","False"
"362","KR","-0.39947009048970455","0.7201195219123506","65.63999938964844","-0.03142976760864258","-0.03456389904022217","0.20440836250782013","Retail","RETAIL-GROCERY STORES","0","0","0","NO-NEWS","","","","","","","False","False","False"
"363","TMUS","-0.39947009048970455","0.7221115537848606","193.6300048828125","-0.012394130229949951","-0.010627985000610352","0.37216758728027344","Transportation_Utilities","RADIOTELEPHONE COMMUNICATIONS","1","1","0","POS","2026-05-07T17:30:00Z","0.2708333333333333","17.0","Where Are Comcast and Charter's Internet Customers Going? Here.","Gaining significant market share through FWA technology, now serving 7.75 million FWA customers (estimated half of 15.5 million combined total). Positioned as a major beneficiary of the shift away from traditional cable broadband.","broadband internet;fixed wireless access (FWA);5G networks;cord-cutting;customer churn","False","False","False"
"364","HON","-0.39947009048970455","0.7241035856573705","213.1199951171875","0.002917647361755371","-0.09326070547103882","0.24974101781845093","Manufacturing","AIRCRAFT ENGINES & ENGINE PARTS","1","1","0","POS","2026-05-04T03:00:00Z","3.875","3.0","Surge Protection Devices Market Size to Grow USD 6.09 Billion by 2035 | Research by SNS Insider","Listed as a leading market player positioned to benefit from strong market growth driven by increasing electronic infrastructure protection needs and building code requirements.","surge protection devices;market growth;electronics protection;IoT devices;building codes","False","False","False"
"365","GS","-0.39947009048970455","0.7260956175298805","936.47998046875","0.01382458209991455","0.03159284591674805","0.2604665458202362","Finance_Insurance_RealEstate","SECURITY BROKERS, DEALERS & FLOTATION COMPANIES","5","2","1","POS","2026-05-08T19:30:00Z","-0.8125","19.0","Shell's CEO Says the Oil Market Is Short 1 Billion Barrels and Getting Worse. Here's What Investors Should Do Now.","Mentioned as a source for oil price modeling and market analysis; no direct business impact from oil supply disruption indicated.","oil supply shortage;Iran war;Strait of Hormuz;oil prices;Persian Gulf production","False","False","False"
"366","ECL","-0.39947009048970455","0.7280876494023905","254.22000122070312","-0.020384609699249268","-0.0697793960571289","0.24023374915122986","Manufacturing","SOAP, DETERGENTS, CLEANG PREPARATIONS, PERFUMES, COSMETICS","1","1","0","POS","2026-05-06T14:31:38Z","1.3946990740740741","14.0","You Just Missed The SanDisk And Micron Memory Trade: These 10 Stocks Could Ride The Next AI Wave","Acquired CoolIT Systems for $4.75B; CoolIT growing near triple-digit YoY with expected $550M sales addition; leading vendor in direct-to-chip liquid cooling","liquid cooling;AI infrastructure;thermal management;data centers;AI factories","False","False","False"
"367","ITW","-0.39947009048970455","0.7300796812749004","254.75999450683594","-0.002779245376586914","-0.05825817584991455","0.257122665643692","Manufacturing","GENERAL INDUSTRIAL MACHINERY & EQUIPMENT","2","2","0","POS","2026-05-08T17:35:23Z","-0.7329050925925926","17.0","ITW Board of Directors Declares Quarterly Dividend","The company declared a quarterly dividend of $1.61 per share ($6.44 annualized), demonstrating strong cash generation and commitment to returning capital to shareholders. Consistent dividend payments are typically viewed positively as they indicate financial health and confidence","dividend declaration;quarterly dividend;shareholder returns;Illinois Tool Works;capital allocation","False","False","False"
"368","WY","-0.39947009048970455","0.7320717131474104","23.530000686645508","-0.019174635410308838","-0.045048654079437256","0.24309970438480377","Finance_Insurance_RealEstate","REAL ESTATE INVESTMENT TRUSTS","1","1","0","POS","2026-05-07T08:16:00Z","0.6555555555555556","8.0","Weyerhaeuser: Why the Timber Giant’s $50M-per-$10 Lumber Sensitivity Makes It a Value Trap","Trading at significant discount to NAV (0.61x) with identifiable catalysts for recovery. Company benefits from structural supply constraints, maintains dividend growth despite trough earnings, and has multiple growth drivers (NCS, TimberStrand, potential China recovery). The $50M","timber REIT;lumber prices;timberland assets;EBITDA sensitivity;housing market","False","False","False"
"369","XYL","-0.39947009048970455","0.7340637450199203","113.7300033569336","-0.01421511173248291","-0.11645430326461792","0.3106655776500702","Manufacturing","PUMPS & PUMPING EQUIPMENT","0","0","0","NO-NEWS","","","","","","","False","False","False"
"370","AAPL","-0.39947009048970455","0.7360557768924303","293.32000732421875","0.04704785346984863","0.1260749101638794","0.26545876264572144","Manufacturing","ELECTRONIC COMPUTERS","32","14","1","POS","2026-05-08T16:44:46Z","-0.6977546296296296","16.0","EXCLUSIVE: Nvidia Vs. Alphabet: Benzinga Viewers, Prediction Markets Disagree On The Most Valuable Mag 7 Stock By 2026","Mentioned as historical leader (held top position in 2016) but not a primary focus of current valuation discussion among Mag 7 stocks.","Alphabet;Nvidia;market capitalization;Magnificent Seven;prediction markets","False","False","False"
"371","ABBV","-0.39947009048970455","0.7380478087649402","201.5500030517578","-0.024443387985229492","-0.030730009078979492","0.2549651563167572","Manufacturing","PHARMACEUTICAL PREPARATIONS","4","4","0","STRONG-POS","2026-05-06T08:10:00Z","1.6597222222222223","8.0","Want Reliable Dividend Income in May? These 2 Stocks Deliver","AbbVie is highlighted as a Dividend King with 54 years of consecutive dividend increases, strong business fundamentals, successful navigation of patent cliff with new drug successes (Skyrizi, Rinvoq), robust pipeline with 60 programs in development, and a solid 3.27% dividend yie","dividend stocks;dividend income;Dividend Kings;REIT;monthly dividends","False","False","False"
"372","AEP","-0.40375237484673715","0.7400398406374502","130.16000366210938","-0.04930245876312256","-0.04504770040512085","0.21376584470272064","Transportation_Utilities","ELECTRIC SERVICES","2","2","0","POS","2026-05-06T14:34:54Z","1.3924305555555556","14.0","IEP Q1 2026 Earnings Transcript","Stock up 14% in Q1, reaffirmed 2026 EPS outlook, increased long-term operating earnings CAGR target to over 9%, supported by 63 gigawatts of contracted load growth and 11% rate base expansion through 2030.","leadership transition;net loss;refining hedges;investment funds;portfolio performance","False","False","False"
"373","AIG","-0.40375237484673715","0.7420318725099602","76.36000061035156","-0.030595362186431885","-0.0066345930099487305","0.26923078298568726","Finance_Insurance_RealEstate","FIRE, MARINE & CASUALTY INSURANCE","0","0","0","NO-NEWS","","","","","","","False","False","False"
"374","AFL","-0.40375237484673715","0.7440239043824701","113.0999984741211","0.0019489526748657227","0.021680235862731934","0.1442374885082245","Finance_Insurance_RealEstate","ACCIDENT & HEALTH INSURANCE","0","0","0","NO-NEWS","","","","","","","False","False","False"
"375","CCI","-0.40375237484673715","0.7460159362549801","90.56999969482422","0.014676213264465332","0.04960012435913086","0.29362019896507263","Finance_Insurance_RealEstate","REAL ESTATE INVESTMENT TRUSTS","0","0","0","NO-NEWS","","","","","","","False","False","False"
"376","NSC","-0.40375237484673715","0.74800796812749","312.010009765625","-0.01231396198272705","0.05305612087249756","0.3164164423942566","Transportation_Utilities","RAILROADS, LINE-HAUL OPERATING","1","0","1","NEG","2026-05-04T18:00:00Z","3.25","18.0","Revised Filing Does Not Address Competitive Balance Issues Created By UP-NS Merger","As the other party to the proposed merger, Norfolk Southern faces the same competitive concerns raised by CSX regarding industry imbalance and reduced shipper options, indicating potential regulatory obstacles to the transaction.","merger review;Surface Transportation Board;Union Pacific;Norfolk Southern;freight rail competition","False","False","False"
"377","NI","-0.40375237484673715","0.75","46.720001220703125","-0.028286218643188477","-0.027679443359375","0.17976483702659607","Transportation_Utilities","ELECTRIC & OTHER SERVICES COMBINED","0","0","0","NO-NEWS","","","","","","","False","False","False"
"378","NEE","-0.40375237484673715","0.75199203187251","93.0999984741211","-0.039711177349090576","-0.010416686534881592","0.3507945239543915","Transportation_Utilities","ELECTRIC SERVICES","1","0","1","NEG","2026-05-05T09:38:00Z","2.598611111111111","9.0","3 Energy Stocks to Buy and 2 to Avoid as AI Power Demand Explodes","Structurally misaligned with AI data center needs. Wind and solar cannot provide required baseload power; battery backup insufficient for overnight operations. Data centers need consistent 24/7 power regardless of weather.","AI power demand;data center infrastructure;energy bottleneck;baseload power;distributed generation","False","False","False"
"379","NDSN","-0.40375237484673715","0.7539840637450199","283.5299987792969","0.001165151596069336","0.029969453811645508","0.19493500888347626","Manufacturing","GENERAL INDUSTRIAL MACHINERY & EQUIPMENT, NEC","0","0","0","NO-NEWS","","","","","","","False","False","False"
"380","NDAQ","-0.40375237484673715","0.7559760956175299","88.91000366210938","-0.026390671730041504","0.06914377212524414","0.22818349301815033","Finance_Insurance_RealEstate","SECURITY & COMMODITY BROKERS, DEALERS, EXCHANGES & SERVICES","1","0","0","NEUTRAL","2026-05-08T12:00:00Z","-0.5","12.0","Moomoo Canada Partners with Nasdaq to Launch Canada’s First Live, Real-Money National Trading Competition","Nasdaq is mentioned as a partnership partner for the trading competition but plays a supporting role. The announcement does not provide specific details about Nasdaq's involvement or benefits, making it a neutral mention in the context of this news.","trading competition;real-money trading;Canada's Top Trader;Nasdaq partnership;Moomoo Trade Academy","False","False","False"
"381","WBD","-0.40375237484673715","0.7579681274900398","27.110000610351562","0.0051909685134887695","-0.01202625036239624","0.09242609888315201","Transportation_Utilities","CABLE & OTHER PAY TELEVISION SERVICES","2","1","1","NEUTRAL","2026-05-06T12:18:52Z","1.4868981481481482","12.0","Barry Diller Says He'd Buy CNN 'Tonight' Before It Becomes 'Extinct' Amid Warner Bros-Paramount Deal: 'So Ripe For Innovation...'","Diller described the pending merger integration as a 'savage process' with significant restructuring challenges and billions in promised cost cuts, suggesting operational difficulties ahead.","CNN acquisition;Barry Diller;media consolidation;Warner Bros. Discovery;Paramount Skydance","False","False","False"
"382","WAB","-0.40375237484673715","0.7599601593625498","265.7099914550781","0.0028684139251708984","-0.005874037742614746","0.31621482968330383","Manufacturing","RAILROAD EQUIPMENT","0","0","0","NO-NEWS","","","","","","","False","False","False"
"383","AMP","-0.40375237484673715","0.7619521912350598","465.55999755859375","-0.0034889578819274902","0.04306137561798096","0.2510169446468353","Finance_Insurance_RealEstate","INVESTMENT ADVICE","0","0","0","NO-NEWS","","","","","","","False","False","False"
"384","VZ","-0.40375237484673715","0.7639442231075697","47.220001220703125","-0.018499255180358887","0.025629878044128418","0.24497592449188232","Transportation_Utilities","TELEPHONE COMMUNICATIONS (NO RADIOTELEPHONE)","4","3","0","STRONG-POS","2026-05-08T13:00:00Z","-0.5416666666666666","13.0","Verizon to Speak at Upcoming Investor Conferences","The article is a routine announcement of executive speaking engagements at industry conferences. There is no material business news, financial performance updates, or strategic developments mentioned that would warrant positive or negative sentiment. It is a standard corporate co","Verizon;CEO;conference;investor relations;technology","False","False","False"
"385","VTR","-0.40375237484673715","0.7659362549800797","87.26000213623047","-0.008634328842163086","0.027071595191955566","0.2500855624675751","Finance_Insurance_RealEstate","REAL ESTATE INVESTMENT TRUSTS","0","0","0","NO-NEWS","","","","","","","False","False","False"
"386","AON","-0.40375237484673715","0.7679282868525896","312.7900085449219","0.004109025001525879","0.0007038116455078125","0.27350926399230957","Finance_Insurance_RealEstate","INSURANCE AGENTS, BROKERS & SERVICE","0","0","0","NO-NEWS","","","","","","","False","False","False"
"387","AMT","-0.40375237484673715","0.7699203187250996","176.52999877929688","-0.027972042560577393","-0.015394032001495361","0.25956806540489197","Finance_Insurance_RealEstate","REAL ESTATE INVESTMENT TRUSTS","0","0","0","NO-NEWS","","","","","","","False","False","False"
"388","WELL","-0.40375237484673715","0.7719123505976095","214.6300048828125","-0.010511279106140137","0.0339130163192749","0.27905693650245667","Finance_Insurance_RealEstate","REAL ESTATE INVESTMENT TRUSTS","0","0","0","NO-NEWS","","","","","","","False","False","False"
"389","WMT","-0.40375237484673715","0.7739043824701195","130.42999267578125","-0.008890688419342041","0.02887117862701416","0.19594193994998932","Retail","RETAIL-VARIETY STORES","5","2","0","POS","2026-05-07T14:00:00Z","0.4166666666666667","14.0","Gifts From Mom Get More Personal as Cate & Chloe Launches Its Mother's Day Sale","Walmart benefits from the exclusive promotional partnership, offering customers an affordable fine jewelry option during a high-spending holiday season. This positions Walmart as a destination for value-conscious Mother's Day shoppers seeking quality gifts.","Mother's Day;jewelry;affordable gifts;personalization;consumer spending","False","False","False"
"390","WRB","-0.40375237484673715","0.7758964143426295","65.68000030517578","-0.010545313358306885","-0.00030434131622314453","0.21472297608852386","Finance_Insurance_RealEstate","FIRE, MARINE & CASUALTY INSURANCE","1","1","0","POS","2026-05-04T00:54:00Z","3.9625","0.0","Cole Floyd Earns First Bass Pro Tour Win at Yuengling Light Lager Stage 5 at Beaver Lake Presented by YETI","Sponsor offering daily Big Bass Award ($1,000); positive brand exposure through tournament sponsorship and prize offerings","Bass Pro Tour;Cole Floyd;Beaver Lake;tournament fishing;championship","False","False","False"
"391","ADSK","-0.40375237484673715","0.7778884462151394","244.5","0.0006138086318969727","0.11924922466278076","0.40059638023376465","Services","SERVICES-PREPACKAGED SOFTWARE","0","0","0","NO-NEWS","","","","","","","False","False","False"
"392","ADP","-0.40375237484673715","0.7798804780876494","212.9949951171875","-0.005672037601470947","0.12821125984191895","0.3614148795604706","Services","SERVICES-COMPUTER PROCESSING & DATA PREPARATION","1","0","0","NEUTRAL","2026-05-04T18:00:00Z","3.25","18.0","Michael Haske to Become isolved CEO as Company Embarks on Next Phase of AI-Led Growth","Mentioned only as part of incoming CEO's career history where he began his career. No direct business impact or news related to ADP is discussed.","CEO transition;human capital management;HCM platform;agentic AI;payroll services","False","False","False"
"393","AEE","-0.40375237484673715","0.7818725099601593","109.06999969482422","-0.039538562297821045","-0.03860729932785034","0.18907791376113892","Transportation_Utilities","ELECTRIC & OTHER SERVICES COMBINED","0","0","0","NO-NEWS","","","","","","","False","False","False"
"394","WEC","-0.40375237484673715","0.7838645418326693","111.66000366210938","-0.04937845468521118","-0.05002552270889282","0.18955600261688232","Transportation_Utilities","ELECTRIC & OTHER SERVICES COMBINED","0","0","0","NO-NEWS","","","","","","","False","False","False"
"395","MTB","-0.40375237484673715","0.7858565737051793","212.13999938964844","-0.019866943359375","-0.03537648916244507","0.17191320657730103","Finance_Insurance_RealEstate","STATE COMMERCIAL BANKS","0","0","0","NO-NEWS","","","","","","","False","False","False"
"396","CMS","-0.40375237484673715","0.7878486055776892","72.61000061035156","-0.044982194900512695","-0.08528590202331543","0.19481724500656128","Transportation_Utilities","ELECTRIC & OTHER SERVICES COMBINED","1","1","0","POS","2026-05-08T19:00:00Z","-0.7916666666666666","19.0","CMS Energy Declares Quarterly Dividend on Cumulative Redeemable Perpetual Preferred Stock","The company is maintaining its dividend payments on preferred stock, demonstrating financial stability and commitment to returning capital to shareholders. Regular dividend declarations are generally viewed positively as they indicate operational strength and investor confidence.","dividend declaration;preferred stock;CMS Energy;quarterly dividend;shareholder returns","False","False","False"
"397","CNP","-0.40375237484673715","0.7898406374501992","41.720001220703125","-0.03760087490081787","-0.03848809003829956","0.2078995555639267","Transportation_Utilities","ELECTRIC SERVICES","0","0","0","NO-NEWS","","","","","","","False","False","False"
"398","COF","-0.40375237484673715","0.7918326693227091","189.47999572753906","-0.012662231922149658","-0.018238365650177002","0.24367742240428925","Finance_Insurance_RealEstate","NATIONAL COMMERCIAL BANKS","0","0","0","NO-NEWS","","","","","","","False","False","False"
"399","ORLY","-0.40375237484673715","0.7938247011952191","92.95999908447266","-0.038378000259399414","-0.0005376338958740234","0.3633822798728943","Retail","RETAIL-AUTO & HOME SUPPLY STORES","0","0","0","NO-NEWS","","","","","","","False","False","False"
"400","PEG","-0.40375237484673715","0.795816733067729","77.12999725341797","-0.03767937421798706","-0.07217609882354736","0.2291603535413742","Transportation_Utilities","ELECTRIC & OTHER SERVICES COMBINED","0","0","0","NO-NEWS","","","","","","","False","False","False"
"401","CI","-0.40375237484673715","0.797808764940239","288.05999755859375","0.018239617347717285","0.06197237968444824","0.26405683159828186","Finance_Insurance_RealEstate","HOSPITAL & MEDICAL SERVICE PLANS","0","0","0","NO-NEWS","","","","","","","False","False","False"
"402","CFG","-0.40375237484673715","0.799800796812749","63.72999954223633","-0.010710954666137695","-0.006856739521026611","0.19874772429466248","Finance_Insurance_RealEstate","STATE COMMERCIAL BANKS","0","0","0","NO-NEWS","","","","","","","False","False","False"
"403","CINF","-0.40375237484673715","0.8017928286852589","161.5","-0.003394007682800293","0.0022341012954711914","0.164361372590065","Finance_Insurance_RealEstate","FIRE, MARINE & CASUALTY INSURANCE","1","1","0","POS","2026-05-04T13:07:00Z","3.453472222222222","13.0","Cincinnati Financial Corporation Declares Regular Quarterly Cash Dividend","The company declared a regular quarterly dividend matching the previous quarter, demonstrating consistent capital returns to shareholders and confidence in financial strength. The dividend maintains the company's track record of increasing annual dividends for 66 years, which is ","quarterly dividend;cash dividend;financial strength;shareholder value;insurance company","False","False","False"
"404","CL","-0.40375237484673715","0.8037848605577689","87.55000305175781","0.0033234357833862305","0.03806030750274658","0.24739593267440796","Manufacturing","PERFUMES, COSMETICS & OTHER TOILET PREPARATIONS","1","1","0","POS","2026-05-08T18:31:00Z","-0.7715277777777778","18.0","The 2 Best Consumer Staples Stocks to Buy and Hold for Decades","The article emphasizes Colgate's unparalleled global brand presence, particularly in emerging markets where it holds the highest market share and default status. The company gained global toothpaste market share in Q1 2026, was named Morgan Stanley's top consumer sector pick for ","consumer staples;brand loyalty;emerging markets;habit formation;long-term investing","False","False","False"
"405","O","-0.40375237484673715","0.8057768924302788","61.91999816894531","-0.029619216918945312","-0.028705894947052002","0.1887858808040619","Finance_Insurance_RealEstate","REAL ESTATE INVESTMENT TRUSTS","3","3","0","STRONG-POS","2026-05-08T13:13:14Z","-0.5508564814814815","13.0","The Best Dividend Stocks to Buy and Hold Forever in 2026","Recommended as a top REIT with 114 consecutive quarters of dividend increases, 13.6% average annual returns since 1994, and a solid 5.2% dividend yield. Strong track record of consistent income growth.","REITs;dividend stocks;interest rates;long-term investing;real estate","False","False","False"
"406","CHD","-0.40375237484673715","0.8077689243027888","93.44000244140625","-0.026869356632232666","-0.020750343799591064","0.24335351586341858","Manufacturing","SOAP, DETERGENTS, CLEANG PREPARATIONS, PERFUMES, COSMETICS","0","0","0","NO-NEWS","","","","","","","False","False","False"
"407","MAA","-0.40375237484673715","0.8097609561752988","129.30999755859375","0.005833864212036133","0.02310311794281006","0.2571941316127777","Finance_Insurance_RealEstate","REAL ESTATE INVESTMENT TRUSTS","0","0","0","NO-NEWS","","","","","","","False","False","False"
"408","MA","-0.40375237484673715","0.8117529880478087","495.4800109863281","4.0411949157714844e-05","-0.006377100944519043","0.27281326055526733","Services","SERVICES-BUSINESS SERVICES, NEC","6","1","0","POS","2026-05-08T19:25:00Z","-0.8090277777777778","19.0","Visa Just Posted Its Strongest Revenue Growth Since 2022. Is the Stock a Buy After Earnings?","Mentioned as Visa's primary competitor with similar business model; no specific earnings or performance data provided in the article, only contextual comparison.","payment networks;earnings beat;revenue growth;share buyback;swipe fees","False","False","False"
"409","BRK.B","-0.40375237484673715","0.8137450199203188","475.94000244140625","0.006194353103637695","-0.008251726627349854","0.11145529896020889","Finance_Insurance_RealEstate","FIRE, MARINE & CASUALTY INSURANCE","16","6","0","STRONG-POS","2026-05-08T11:35:00Z","-0.4826388888888889","11.0","Even in a Volatile Market, These 3 Warren Buffett Stocks Are No-Brainers","Highlighted as the source of quality stock selections through Warren Buffett's proven track record of market-beating performance since 1970. Current holdings reflect continued investment quality despite Buffett's recent step-down from CEO role.","Warren Buffett;Berkshire Hathaway;long-term investing;dividend stocks;market volatility","False","False","False"
"410","BMY","-0.40375237484673715","0.8157370517928287","56.15999984741211","-0.03538304567337036","-0.04196518659591675","0.2909589111804962","Manufacturing","PHARMACEUTICAL PREPARATIONS","0","0","0","NO-NEWS","","","","","","","False","False","False"
"411","PNC","-0.40375237484673715","0.8177290836653387","216.85000610351562","-0.01748901605606079","-0.01935511827468872","0.19758133590221405","Finance_Insurance_RealEstate","NATIONAL COMMERCIAL BANKS","0","0","0","NO-NEWS","","","","","","","False","False","False"
"412","PM","-0.40375237484673715","0.8197211155378487","170.99000549316406","0.027707695960998535","0.06569027900695801","0.37743961811065674","Manufacturing","CIGARETTES","0","0","0","NO-NEWS","","","","","","","False","False","False"
"413","MDLZ","-0.40375237484673715","0.8217131474103586","61.54999923706055","0.002933025360107422","0.04322028160095215","0.2513695955276489","Manufacturing","FOOD AND KINDRED PRODUCTS","0","0","0","NO-NEWS","","","","","","","False","False","False"
"414","LIN","-0.40375237484673715","0.8237051792828686","493.1600036621094","-0.02905970811843872","-0.01985490322113037","0.20797140896320343","Manufacturing","INDUSTRIAL INORGANIC CHEMICALS","1","1","0","POS","2026-05-07T11:15:00Z","0.53125","11.0","Even if the Iran War Ends, These Artificial Intelligence (AI) Growth Stocks Face a Helium Problem That Isn't Going Away","Linde, another U.S. helium supplier, has secured contracts with Samsung and SK Hynix as alternative suppliers. The company is positioned to benefit from increased helium demand and premium pricing during the global shortage.","helium shortage;semiconductor manufacturing;AI chips;geopolitical disruption;supply chain","False","False","False"
"415","CB","-0.40375237484673715","0.8256972111553785","319.6400146484375","-0.020170390605926514","-0.025220274925231934","0.1642729938030243","Finance_Insurance_RealEstate","FIRE, MARINE & CASUALTY INSURANCE","0","0","0","NO-NEWS","","","","","","","False","False","False"
"416","CBRE","-0.40375237484673715","0.8276892430278885","146.3300018310547","0.03187370300292969","0.03618466854095459","0.27505481243133545","Finance_Insurance_RealEstate","REAL ESTATE","0","0","0","NO-NEWS","","","","","","","False","False","False"
"417","PNW","-0.40375237484673715","0.8296812749003984","99.25","-0.04143327474594116","-0.041895925998687744","0.1874305158853531","Transportation_Utilities","ELECTRIC SERVICES","0","0","0","NO-NEWS","","","","","","","False","False","False"
"418","PRU","-0.40375237484673715","0.8316733067729084","100.80999755859375","0.022206425666809082","0.04035079479217529","0.29367393255233765","Finance_Insurance_RealEstate","LIFE INSURANCE","0","0","0","NO-NEWS","","","","","","","False","False","False"
"419","LNT","-0.40375237484673715","0.8336653386454184","71.76000213623047","-0.031055867671966553","-0.01833099126815796","0.1572074443101883","Transportation_Utilities","ELECTRIC & OTHER SERVICES COMBINED","0","0","0","NO-NEWS","","","","","","","False","False","False"
"420","CPT","-0.40375237484673715","0.8356573705179283","103.7699966430664","-0.006510317325592041","0.017851829528808594","0.23833449184894562","Finance_Insurance_RealEstate","REAL ESTATE INVESTMENT TRUSTS","0","0","0","NO-NEWS","","","","","","","False","False","False"
"421","CSX","-0.40375237484673715","0.8376494023904383","44.83000183105469","-0.0057662129402160645","0.06131625175476074","0.3088058531284332","Transportation_Utilities","RAILROADS, LINE-HAUL OPERATING","2","2","0","POS","2026-05-06T14:35:00Z","1.3923611111111112","14.0","Welcome to Shareholder Meeting Month: AI, Oil, and Consumer Are in the Spotlight","Reported healthy railcar volumes in Q1 and stock hit all-time highs; new CEO Steve Angel's confidence could buttress manufacturing PMI improvements.","shareholder meetings;AGM;consumer spending;AI strategy;energy prices","False","False","False"
"422","D","-0.40375237484673715","0.8396414342629482","61.88999938964844","-0.03206127882003784","-0.03643161058425903","0.22653870284557343","Transportation_Utilities","ELECTRIC SERVICES","0","0","0","NO-NEWS","","","","","","","False","False","False"
"423","JNJ","-0.40375237484673715","0.8416334661354582","221.32000732421875","-0.025837361812591553","-0.07187789678573608","0.17070965468883514","Manufacturing","PHARMACEUTICAL PREPARATIONS","3","0","1","NEG","2026-05-06T16:37:58Z","1.3069675925925925","16.0","CVS Health's Lower Medical Cost Ratio Lift Profit, Outlook","CVS's new biosimilar strategy will move away from J&J's Stelara in favor of lower-cost interchangeable biosimilars like Pyzchiva and Yesintek, which could negatively impact J&J's branded drug sales.","CVS Health earnings;medical benefit ratio;biosimilars strategy;2026 guidance raise;pharmacy benefit management","False","False","False"
"424","JCI","-0.40375237484673715","0.8436254980079682","139.52000427246094","-0.03832364082336426","-0.021118342876434326","0.24199098348617554","Manufacturing","AIR-COND & WARM AIR HEATG EQUIP & COMM & INDL REFRIG EQUIP","1","1","0","POS","2026-05-06T14:31:38Z","1.3946990740740741","14.0","You Just Missed The SanDisk And Micron Memory Trade: These 10 Stocks Could Ride The Next AI Wave","Accelcius investment in January provides two-phase liquid cooling exposure for AI infrastructure","liquid cooling;AI infrastructure;thermal management;data centers;AI factories","False","False","False"
"425","REGN","-0.40375237484673715","0.8456175298804781","714.8900146484375","0.019203901290893555","-0.04537498950958252","0.3230142593383789","Manufacturing","PHARMACEUTICAL PREPARATIONS","2","1","0","POS","2026-05-08T13:30:00Z","-0.5625","13.0","Will Eli Lilly Be the First $2 Trillion Healthcare Stock? 3 Catalysts That Could Get It There.","Regeneron is mentioned as a competitor exploring muscle-mass preservation therapies similar to Eli Lilly's bimagrumab. It represents competitive pressure but is not characterized as a significant threat or opportunity.","Eli Lilly;market cap;weight-loss drugs;pharmaceutical pipeline;AI in drug development","False","False","False"
"426","REG","-0.40375237484673715","0.8476095617529881","77.58999633789062","-0.013477504253387451","-0.010331690311431885","0.1757744550704956","Finance_Insurance_RealEstate","REAL ESTATE INVESTMENT TRUSTS","1","1","0","POS","2026-05-07T12:15:00Z","0.4895833333333333","12.0","Regency Centers Declares Quarterly Dividends","The company declared consistent quarterly dividends across multiple share classes, demonstrating financial stability and commitment to shareholder returns. Regular dividend payments are a positive indicator of operational performance and cash flow generation for a REIT.","dividend announcement;quarterly dividend;REIT;shopping centers;real estate investment trust","False","False","False"
"427","COST","-0.40375237484673715","0.849601593625498","1008.7899780273438","-0.0028764009475708008","0.010335803031921387","0.1636486053466797","Retail","RETAIL-VARIETY STORES","2","1","0","POS","2026-05-08T14:41:00Z","-0.6118055555555556","14.0","Is Costco Preparing Another Special Dividend This Year?","Strong cash position ($16.22 billion), accelerating sales growth (9.4% comp sales in March), historical pattern of special dividends, and positive technical signals (Golden Cross, RSI trending upward) support a potential special dividend announcement and stock appreciation potent","special dividend;Costco Wholesale;balance sheet;cash position;sales momentum","False","False","False"
"428","PFG","-0.40375237484673715","0.851593625498008","100.5","-0.005836367607116699","0.09477114677429199","0.18411843478679657","Finance_Insurance_RealEstate","ACCIDENT & HEALTH INSURANCE","0","0","0","NO-NEWS","","","","","","","False","False","False"
"429","PG","-0.40375237484673715","0.853585657370518","146.4199981689453","-0.005704164505004883","0.008679986000061035","0.22823958098888397","Manufacturing","SOAP, DETERGENTS, CLEANG PREPARATIONS, PERFUMES, COSMETICS","5","2","0","POS","2026-05-08T18:31:00Z","-0.7715277777777778","18.0","The 2 Best Consumer Staples Stocks to Buy and Hold for Decades","The article highlights P&G's deeply embedded behavioral infrastructure across daily consumer routines, strong psychological stickiness as a competitive moat, and significant growth opportunities in emerging markets (Latin America, Southeast Asia, Africa) where middle-class consum","consumer staples;brand loyalty;emerging markets;habit formation;long-term investing","False","False","False"
"430","PGR","-0.40375237484673715","0.8555776892430279","194.0","-0.026641905307769775","-0.0006696581840515137","0.22417999804019928","Finance_Insurance_RealEstate","FIRE, MARINE & CASUALTY INSURANCE","0","0","0","NO-NEWS","","","","","","","False","False","False"
"431","PKG","-0.40375237484673715","0.8575697211155379","224.58999633789062","0.029945850372314453","0.08823525905609131","0.34651800990104675","Manufacturing","PAPERBOARD CONTAINERS & BOXES","0","0","0","NO-NEWS","","","","","","","False","False","False"
"432","PLD","-0.40375237484673715","0.8595617529880478","144.08999633789062","0.018951892852783203","0.050295114517211914","0.21826866269111633","Finance_Insurance_RealEstate","REAL ESTATE INVESTMENT TRUSTS","1","1","0","POS","2026-05-08T13:13:14Z","-0.5508564814814815","13.0","The Best Dividend Stocks to Buy and Hold Forever in 2026","Highlighted as one of the largest real estate owners globally with high credit ratings, lower borrowing costs, and a 3% yield. Well-positioned in industrial real estate with strong fundamentals.","REITs;dividend stocks;interest rates;long-term investing;real estate","False","False","False"
"433","PEP","-0.40375237484673715","0.8615537848605578","154.6199951171875","-0.017724454402923584","-0.015535473823547363","0.17574046552181244","Manufacturing","BEVERAGES","1","0","0","NEUTRAL","2026-05-06T14:35:00Z","1.3923611111111112","14.0","Welcome to Shareholder Meeting Month: AI, Oil, and Consumer Are in the Spotlight","Beat Q1 earnings but shares trading sideways; sequential declines across segments reflect changing consumption trends and food inflation concerns warrant monitoring at AGM.","shareholder meetings;AGM;consumer spending;AI strategy;energy prices","False","False","False"
"434","PFE","-0.40375237484673715","0.8635458167330677","25.68000030517578","-0.02468663454055786","-0.0460624098777771","0.18919247388839722","Manufacturing","PHARMACEUTICAL PREPARATIONS","7","3","0","STRONG-POS","2026-05-08T13:30:00Z","-0.5625","13.0","Will Eli Lilly Be the First $2 Trillion Healthcare Stock? 3 Catalysts That Could Get It There.","Pfizer is mentioned as a competitor developing MET-097i, an anti-obesity therapy with improved tolerability profile. It represents competitive pressure on Eli Lilly but is not characterized as a threat or opportunity.","Eli Lilly;market cap;weight-loss drugs;pharmaceutical pipeline;AI in drug development","False","False","False"
"435","MRK","-0.40375237484673715","0.8655378486055777","111.37999725341797","-0.0069544315338134766","-0.08268821239471436","0.2751704156398773","Manufacturing","PHARMACEUTICAL PREPARATIONS","2","1","0","POS","2026-05-08T17:30:00Z","-0.7291666666666666","17.0","2 Dividend Stocks to Double Up On Right Now","Well-prepared for Keytruda's 2028 patent cliff with subcutaneous version approval, 3% forward yield, 94% payout increase over past decade, successful newer approvals (Winrevair, Capvaxive) generating strong sales, and robust pipeline including potential influenza antiviral and we","dividend stocks;patent cliff;biotech;pharmaceuticals;GLP-1 medicine","False","False","False"
"436","MRSH","-0.40375237484673715","0.8675298804780877","163.25","-0.0176314115524292","-0.029140591621398926","0.3179210424423218","Finance_Insurance_RealEstate","INSURANCE AGENTS, BROKERS & SERVICE","0","0","0","NO-NEWS","","","","","","","False","False","False"
"437","MSCI","-0.40375237484673715","0.8695219123505976","585.4199829101562","-0.005824923515319824","0.0912243127822876","0.27334845066070557","Services","SERVICES-BUSINESS SERVICES, NEC","0","0","0","NO-NEWS","","","","","","","False","False","False"
"438","OMC","-0.40375237484673715","0.8715139442231076","77.05999755859375","0.0018200874328613281","0.03062725067138672","0.16320189833641052","Services","SERVICES-ADVERTISING AGENCIES","1","1","0","POS","2026-05-05T20:05:00Z","2.1631944444444446","20.0","Omnicom Declares Dividend","The declaration of a quarterly dividend of $0.80 per share demonstrates financial strength and confidence in the company's cash generation ability. Regular dividend payments are generally viewed positively by investors as they indicate stable profitability and management's confid","dividend;quarterly dividend;shareholder returns;Omnicom Group;marketing and sales","False","False","False"
"439","ISRG","-0.40375237484673715","0.8735059760956175","450.05999755859375","-0.016864001750946045","-0.0012426972389221191","0.3614763021469116","Manufacturing","ORTHOPEDIC, PROSTHETIC & SURGICAL APPLIANCES & SUPPLIES","1","1","0","POS","2026-05-08T13:53:00Z","-0.5784722222222223","13.0","Computer Vision in Healthcare Market Report 2026: Revenue Expected to Surpass $33.4 Billion by 2036","Key player positioned to benefit from significant growth in surgical assistance and robotics segment, which is expected to witness substantial expansion during the forecast period.","computer vision;healthcare market;artificial intelligence;medical imaging;diagnostic systems","False","False","False"
"440","ROL","-0.40375237484673715","0.8754980079681275","53.83000183105469","-0.017342031002044678","-0.007375955581665039","0.1685284823179245","Services","SERVICES-TO DWELLINGS & OTHER BUILDINGS","0","0","0","NO-NEWS","","","","","","","False","False","False"
"441","ROST","-0.40375237484673715","0.8774900398406374","225.80999755859375","-0.013240694999694824","0.021025419235229492","0.15907545387744904","Retail","RETAIL-FAMILY CLOTHING STORES","0","0","0","NO-NEWS","","","","","","","False","False","False"
"442","SCHW","-0.40375237484673715","0.8794820717131474","88.61000061035156","-0.03200787305831909","-0.06529539823532104","0.36065253615379333","Finance_Insurance_RealEstate","SECURITY BROKERS, DEALERS & FLOTATION COMPANIES","2","1","0","POS","2026-05-05T12:15:00Z","2.4895833333333335","12.0","Should You Buy Robinhood While It's Below $80?","Mentioned as an established industry competitor with a lower P/E ratio than Robinhood, positioning it as a more fairly valued alternative in the brokerage space.","discount brokerage;earnings analysis;customer retention risk;crypto trading decline;prediction markets","False","False","False"
"443","RJF","-0.40375237484673715","0.8814741035856574","154.3300018310547","-0.011971771717071533","0.05568099021911621","0.25388258695602417","Finance_Insurance_RealEstate","SECURITY BROKERS, DEALERS & FLOTATION COMPANIES","0","0","0","NO-NEWS","","","","","","","False","False","False"
"444","KO","-0.40375237484673715","0.8834661354581673","78.41999816894531","-0.0020362138748168945","0.012262821197509766","0.20046666264533997","Manufacturing","BEVERAGES","4","3","0","STRONG-POS","2026-05-08T11:35:00Z","-0.4826388888888889","11.0","Even in a Volatile Market, These 3 Warren Buffett Stocks Are No-Brainers","Berkshire's third-largest position valued at over $30 billion. Demonstrates exceptional dividend reliability with 64 consecutive years of annual dividend increases. Diversified product portfolio and consistent cash flow generation make it resilient across economic cycles.","Warren Buffett;Berkshire Hathaway;long-term investing;dividend stocks;market volatility","False","False","False"
"445","L","-0.40375237484673715","0.8854581673306773","104.5","-0.06445837020874023","-0.04540055990219116","0.257183700799942","Finance_Insurance_RealEstate","FIRE, MARINE & CASUALTY INSURANCE","1","0","1","NEG","2026-05-04T17:50:55Z","3.2563078703703705","17.0","Loews Stock Falls: CNA Insurance Woes Wipe Out Hotel Gains","Stock fell 7.05% on earnings day. While hotels and pipeline segments performed well, the significant decline in CNA Financial's core income (down $56 million YoY) and weaker underwriting results overshadowed positive performance elsewhere, causing investor disappointment.","Q1 2026 earnings;insurance underwriting weakness;reserve development;hotel segment strength;stock decline","False","False","False"
"446","RF","-0.40375237484673715","0.8874501992031872","27.6299991607666","-0.01986527442932129","0.0047272443771362305","0.18826742470264435","Finance_Insurance_RealEstate","NATIONAL COMMERCIAL BANKS","0","0","0","NO-NEWS","","","","","","","False","False","False"
"447","KIM","-0.40375237484673715","0.8894422310756972","23.479999542236328","0.004277229309082031","0.013379335403442383","0.15510261058807373","Finance_Insurance_RealEstate","REAL ESTATE INVESTMENT TRUSTS","0","0","0","NO-NEWS","","","","","","","False","False","False"
"448","KMB","-0.40375237484673715","0.8914342629482072","98.30999755859375","0.006552696228027344","0.010587930679321289","0.21318449079990387","Manufacturing","CONVERTED PAPER & PAPERBOARD PRODS (NO CONTANERS/BOXES)","3","3","0","STRONG-POS","2026-05-07T13:00:00Z","0.4583333333333333","13.0","CJ Biomaterials and Yuhan-Kimberly Launch World’s First Reusable Nonwoven Paper Towel Made with Amorphous PHA","As a joint venture partner in Yuhan-Kimberly, benefits from the development of innovative sustainable products that enhance brand reputation and support long-term sustainability commitments in the personal care and hygiene sector.","biodegradable materials;PHA biopolymers;sustainable products;microplastics;reusable paper towels","False","False","False"
"449","KEY","-0.40375237484673715","0.8934262948207171","21.600000381469727","-0.012345671653747559","0.006523847579956055","0.194632425904274","Finance_Insurance_RealEstate","NATIONAL COMMERCIAL BANKS","0","0","0","NO-NEWS","","","","","","","False","False","False"
"450","KMI","-0.40375237484673715","0.8954183266932271","31.40999984741211","-0.034429728984832764","-0.03886169195175171","0.22513307631015778","Transportation_Utilities","NATURAL GAS TRANSMISSION","1","1","0","POS","2026-05-08T08:30:00Z","-0.3541666666666667","8.0","The Natural Gas Trade That Most US Investors Are Sleeping On","Midstream company transporting feedgas to LNG terminals under fee-based contracts generating stable cash flows. Benefits from rising LNG terminal utilization rates expected through 2026-2027.","natural gas;LNG exports;Henry Hub;TTF spread;Qatar supply disruption","False","False","False"
"451","HLT","-0.40375237484673715","0.897410358565737","316.7799987792969","-0.005743682384490967","-0.020560860633850098","0.2873052656650543","Services","HOTELS & MOTELS","1","0","0","NEUTRAL","2026-05-06T14:35:00Z","1.3923611111111112","14.0","Welcome to Shareholder Meeting Month: AI, Oil, and Consumer Are in the Spotlight","Up 8% YTD with mixed Q1 results; modest 2–3% FY2026 RevPAR growth guidance with Iran conflict headwinds; business travel trends will be key discussion point.","shareholder meetings;AGM;consumer spending;AI strategy;energy prices","False","False","False"
"452","ICE","-0.40375237484673715","0.899402390438247","155.82000732421875","0.006914377212524414","-0.029763400554656982","0.19928668439388275","Finance_Insurance_RealEstate","SECURITY & COMMODITY BROKERS, DEALERS, EXCHANGES & SERVICES","1","1","0","POS","2026-05-05T20:25:00Z","2.1493055555555554","20.0","Polymarket Volume Is Exploding -- but the Real Money Might Be in This Tiny Sports Data Duopoly Stock.","NYSE parent company disclosed plans for $2 billion investment in Polymarket at $8 billion valuation, signaling institutional confidence in prediction market growth and positioning the company to benefit from market expansion.","prediction markets;sports data;official data rights;Polymarket;regulatory tailwind","False","False","False"
"453","DOV","-0.40375237484673715","0.901394422310757","219.8300018310547","-0.02639615535736084","0.01248157024383545","0.3057571053504944","Manufacturing","CONSTRUCTION, MINING & MATERIALS HANDLING MACHINERY & EQUIP","1","1","0","POS","2026-05-06T14:31:38Z","1.3946990740740741","14.0","You Just Missed The SanDisk And Micron Memory Trade: These 10 Stocks Could Ride The Next AI Wave","SWEP brazed heat plates hold majority share inside cooling distribution units, critical component in thermal management stack","liquid cooling;AI infrastructure;thermal management;data centers;AI factories","False","False","False"
"454","DLR","-0.40375237484673715","0.9033864541832669","195.30999755859375","-0.02685600519180298","0.03409755229949951","0.23667453229427338","Finance_Insurance_RealEstate","REAL ESTATE INVESTMENT TRUSTS","1","1","0","POS","2026-05-06T17:54:00Z","1.2541666666666667","17.0","Digital Realty Expands Talent Development Opportunities for Operations Workforce Through Partnership with DCD Academy","The company is making strategic investments in workforce development and talent acquisition, demonstrating commitment to addressing industry skills gaps and supporting long-term operational growth. This initiative enhances their competitive position and operational resilience whi","talent development;data center operations;workforce training;skills gap;career pathways","False","False","False"
"455","DTE","-0.40375237484673715","0.9053784860557769","140.60000610351562","-0.055043935775756836","-0.060662686824798584","0.22184668481349945","Transportation_Utilities","ELECTRIC SERVICES","1","1","0","POS","2026-05-07T20:15:00Z","0.15625","20.0","DTE Energy Board of Directors declares quarterly dividend","The declaration of a quarterly dividend demonstrates the company's financial stability and commitment to returning cash to shareholders. The continuation of dividend payments for over 100 years indicates a strong track record of shareholder value creation and confidence in future","dividend;DTE Energy;quarterly dividend;shareholder returns;utility company","False","False","False"
"456","HIG","-0.40375237484673715","0.9073705179282868","132.02000427246094","-0.027906596660614014","-0.03796541690826416","0.19956739246845245","Finance_Insurance_RealEstate","FIRE, MARINE & CASUALTY INSURANCE","0","0","0","NO-NEWS","","","","","","","False","False","False"
"457","EA","-0.40375237484673715","0.9093625498007968","200.44000244140625","-0.008164644241333008","-0.011344611644744873","0.027701303362846375","Services","SERVICES-PREPACKAGED SOFTWARE","0","0","0","NO-NEWS","","","","","","","False","False","False"
"458","DUK","-0.40375237484673715","0.9113545816733067","124.16999816894531","-0.03444796800613403","-0.057819247245788574","0.17236262559890747","Transportation_Utilities","ELECTRIC & OTHER SERVICES COMBINED","1","1","0","POS","2026-05-07T18:00:00Z","0.25","18.0","Duke Energy announces dividend payments to shareholders","The announcement of consistent dividend payments, including a 100-year track record of consecutive annual dividends, demonstrates financial stability and shareholder commitment. Regular dividend declarations are typically viewed positively by income-focused investors and indicate","dividend;Duke Energy;quarterly cash dividend;shareholders;preferred stock","False","False","False"
"459","EIX","-0.40375237484673715","0.9133466135458167","68.94999694824219","-0.013308525085449219","-0.08940839767456055","0.2182520627975464","Transportation_Utilities","ELECTRIC SERVICES","0","0","0","NO-NEWS","","","","","","","False","False","False"
"460","BLK","-0.40375237484673715","0.9153386454183267","1084.8299560546875","0.02180492877960205","0.0855790376663208","0.2535759508609772","Finance_Insurance_RealEstate","SECURITY BROKERS, DEALERS & FLOTATION COMPANIES","6","4","0","STRONG-POS","2026-05-08T06:45:00Z","-0.28125","6.0","Syensqo - Participation notification by BlackRock Inc.","BlackRock's acquisition of a 3% stake in Syensqo is a routine regulatory disclosure with no indication of hostile intent or strategic concerns. The transaction is presented as a standard transparency notification required by Belgian law, with no negative or particularly positive ","BlackRock;Syensqo;voting rights;3% threshold;transparency notification","False","False","False"
"461","TDY","-0.40375237484673715","0.9173306772908366","621.3800048828125","-0.029594123363494873","-0.03772413730621338","0.23771190643310547","Manufacturing","SEARCH, DETECTION, NAVIGATION, GUIDANCE, AERONAUTICAL SYS","1","1","0","POS","2026-05-05T14:59:00Z","2.3756944444444446","14.0","Machine Vision Market to Reach USD 22.59 Billion by 2032, Driven by AI Advancements, Industry 4.0 Adoption, and Rising Demand for Quality Inspection – Verified ","Positioned as a key player in the machine vision market, which is experiencing sustained expansion with favorable growth catalysts including AI advancements and increasing automation adoption.","machine vision;AI and deep learning;Industry 4.0;automation;quality inspection","False","False","False"
"462","EG","-0.40375237484673715","0.9193227091633466","351.5199890136719","-0.005798041820526123","0.06563186645507812","0.23192647099494934","Finance_Insurance_RealEstate","FIRE, MARINE & CASUALTY INSURANCE","0","0","0","NO-NEWS","","","","","","","False","False","False"
"463","SO","-0.40375237484673715","0.9213147410358565","91.80000305175781","-0.05077028274536133","-0.0550694465637207","0.21094368398189545","Transportation_Utilities","ELECTRIC SERVICES","0","0","0","NO-NEWS","","","","","","","False","False","False"
"464","SPG","-0.40375237484673715","0.9233067729083665","202.1199951171875","-0.0015807747840881348","0.007727861404418945","0.19225892424583435","Finance_Insurance_RealEstate","REAL ESTATE INVESTMENT TRUSTS","0","0","0","NO-NEWS","","","","","","","False","False","False"
"465","SRE","-0.40375237484673715","0.9252988047808764","91.52999877929688","-0.03316783905029297","-0.07377052307128906","0.1893559992313385","Transportation_Utilities","GAS & OTHER SERVICES COMBINED","0","0","0","NO-NEWS","","","","","","","False","False","False"
"466","AZO","-0.40375237484673715","0.9272908366533864","3496.18994140625","-0.027236521244049072","0.01916360855102539","0.29991284012794495","Retail","RETAIL-AUTO & HOME SUPPLY STORES","0","0","0","NO-NEWS","","","","","","","False","False","False"
"467","BG","-0.40375237484673715","0.9292828685258964","124.94000244140625","0.0026482343673706055","0.008231163024902344","0.30825570225715637","Manufacturing","FATS & OILS","0","0","0","NO-NEWS","","","","","","","False","False","False"
"468","HBAN","-0.40375237484673715","0.9312749003984063","16.1200008392334","-0.030667364597320557","-0.01587289571762085","0.2475525289773941","Finance_Insurance_RealEstate","NATIONAL COMMERCIAL BANKS","1","1","0","POS","2026-05-07T21:53:00Z","0.08819444444444445","21.0","Southernside West Affordable Community Set to Break Ground in Greenville, South Carolina","Huntington Bank is providing construction loans and tax credit equity for the project, demonstrating active participation in community development financing and affordable housing initiatives.","affordable housing;senior housing;Greenville South Carolina;real estate development;community development","False","False","False"
"469","INCY","-0.40375237484673715","0.9332669322709163","98.55999755859375","0.017026066780090332","0.02591860294342041","0.27550601959228516","Services","SERVICES-COMMERCIAL PHYSICAL & BIOLOGICAL RESEARCH","0","0","0","NO-NEWS","","","","","","","False","False","False"
"470","SNA","-0.40375237484673715","0.9352589641434262","374.0","-0.01679861545562744","-0.015063762664794922","0.3228558599948883","Manufacturing","CUTLERY, HANDTOOLS & GENERAL HARDWARE","0","0","0","NO-NEWS","","","","","","","False","False","False"
"471","GM","-0.40375237484673715","0.9372509960159362","78.80000305175781","0.039989471435546875","0.031143784523010254","0.2917913496494293","Manufacturing","MOTOR VEHICLES & PASSENGER CAR BODIES","3","1","1","NEUTRAL","2026-05-04T22:25:13Z","3.065821759259259","22.0","Tesla Brand Recovery? New Survey Shows EV Giant Top Rating For US Loyalty – Palihapitiya Says 'Once You Drive A Tesla…'","GM's Chevrolet brand saw loyalty ratings decline, suggesting weakening customer loyalty and market position relative to Tesla's improving brand strength.","Tesla loyalty;brand recovery;S&P Global Mobility;Full Self-Driving;EV market","False","False","False"
"472","GL","-0.40375237484673715","0.9392430278884463","151.0800018310547","-0.010738611221313477","0.03592979907989502","0.13711942732334137","Finance_Insurance_RealEstate","LIFE INSURANCE","0","0","0","NO-NEWS","","","","","","","False","False","False"
"473","FTV","-0.40375237484673715","0.9412350597609562","60.43000030517578","0.02371680736541748","0.03546953201293945","0.19743022322654724","Manufacturing","INDUSTRIAL INSTRUMENTS FOR MEASUREMENT, DISPLAY, AND CONTROL","0","0","0","NO-NEWS","","","","","","","False","False","False"
"474","FRT","-0.40375237484673715","0.9432270916334662","115.68000030517578","0.0031217336654663086","0.060797810554504395","0.20608371496200562","Finance_Insurance_RealEstate","REAL ESTATE INVESTMENT TRUSTS","0","0","0","NO-NEWS","","","","","","","False","False","False"
"475","FOX","-0.40375237484673715","0.9452191235059761","56.599998474121094","-0.005796611309051514","0.03049612045288086","0.2025432288646698","Transportation_Utilities","TELEVISION BROADCASTING STATIONS","0","0","0","NO-NEWS","","","","","","","False","False","False"
"476","FOXA","-0.40375237484673715","0.9472111553784861","62.939998626708984","-0.006471991539001465","0.03146505355834961","0.2068023383617401","Transportation_Utilities","TELEVISION BROADCASTING STATIONS","0","0","0","NO-NEWS","","","","","","","False","False","False"
"477","TJX","-0.40375237484673715","0.9492031872509961","153.36000061035156","-0.02212589979171753","-0.05099010467529297","0.13386371731758118","Retail","RETAIL-FAMILY CLOTHING STORES","1","1","0","POS","2026-05-03T22:05:00Z","4.079861111111111","22.0","Amazon Just Made a Big Move. These 2 S&P 500 Stocks Are Next to Watch.","Consistent 20-year track record of annual sales growth (except 2020), with 5% comparable-store sales growth and 16% adjusted earnings growth in fiscal Q4. Strong inventory availability supports near-term sales and international expansion opportunities.","e-commerce growth;consumer spending;tax refunds;retail stocks;off-price retail","False","False","False"
"478","TFC","-0.40375237484673715","0.951195219123506","49.11000061035156","-0.03573530912399292","-0.009878993034362793","0.21367838978767395","Finance_Insurance_RealEstate","NATIONAL COMMERCIAL BANKS","0","0","0","NO-NEWS","","","","","","","False","False","False"
"479","AWK","-0.40375237484673715","0.953187250996016","125.05000305175781","-0.0182916522026062","-0.08868968486785889","0.20686930418014526","Transportation_Utilities","WATER SUPPLY","0","0","0","NO-NEWS","","","","","","","False","False","False"
"480","AVB","-0.40375237484673715","0.9551792828685259","184.0800018310547","0.0034341812133789062","0.08422660827636719","0.25523513555526733","Finance_Insurance_RealEstate","REAL ESTATE INVESTMENT TRUSTS","0","0","0","NO-NEWS","","","","","","","False","False","False"
"481","FITB","-0.40375237484673715","0.9571713147410359","49.33000183105469","-0.021812379360198975","0.0004055500030517578","0.21690738201141357","Finance_Insurance_RealEstate","STATE COMMERCIAL BANKS","0","0","0","NO-NEWS","","","","","","","False","False","False"
"482","HAS","-0.40375237484673715","0.9591633466135459","97.77999877929688","0.026346206665039062","0.06595432758331299","0.37674403190612793","Manufacturing","GAMES, TOYS & CHILDREN'S VEHICLES (NO DOLLS & BICYCLES)","1","1","0","POS","2026-05-05T17:00:00Z","2.2916666666666665","17.0","Evan Shapiro’s Media Universe Summit Returns to Questex’s StreamTV Show 2026 with Expanded Agenda and New Industry Case Studies","Featured in live case study showcasing new landmark kids content joint venture with Animaj; demonstrates active innovation in content strategy.","Media Universe Summit;streaming industry;Affinity Economy;media consolidation;content creation","False","False","False"
"483","APD","-0.40375237484673715","0.9611553784860558","295.4100036621094","-0.01879960298538208","-0.01104748249053955","0.17586055397987366","Manufacturing","INDUSTRIAL INORGANIC CHEMICALS","1","1","0","POS","2026-05-07T11:15:00Z","0.53125","11.0","Even if the Iran War Ends, These Artificial Intelligence (AI) Growth Stocks Face a Helium Problem That Isn't Going Away","As a U.S. helium supplier that has signed contracts with major Asian chipmakers like Samsung and SK Hynix to provide alternative helium sources, the company stands to benefit from increased demand and higher prices during the shortage.","helium shortage;semiconductor manufacturing;AI chips;geopolitical disruption;supply chain","False","False","False"
"484","ATO","-0.40375237484673715","0.9631474103585658","180.8699951171875","-0.04068100452423096","-0.049852967262268066","0.19539257884025574","Transportation_Utilities","NATURAL GAS DISTRIBUTION","1","0","0","NEUTRAL","2026-05-04T15:14:00Z","3.3652777777777776","15.0","UGI Corporation Deleveraging Plan Puts Dividend Stability in Focus","Mentioned only as a valuation comparison point, trading at ~25x P/E compared to UGI's 13x. No operational or strategic information provided; used solely as a peer benchmark to highlight UGI's relative undervaluation.","deleveraging;dividend stability;asset divestiture;debt reduction;utility sector","False","False","False"
"485","TRGP","-0.40375237484673715","0.9651394422310757","248.1199951171875","-0.024225294589996338","0.020691871643066406","0.29803192615509033","Transportation_Utilities","NATURAL GAS TRANSMISSION","0","0","0","NO-NEWS","","","","","","","False","False","False"
"486","TRV","-0.40375237484673715","0.9671314741035857","298.0400085449219","-0.021921753883361816","0.002623915672302246","0.1722235381603241","Finance_Insurance_RealEstate","FIRE, MARINE & CASUALTY INSURANCE","0","0","0","NO-NEWS","","","","","","","False","False","False"
"487","EVRG","-0.40375237484673715","0.9691235059760956","81.77999877929688","-0.01004725694656372","-0.021536290645599365","0.19133354723453522","Transportation_Utilities","ELECTRIC & OTHER SERVICES COMBINED","0","0","0","NO-NEWS","","","","","","","False","False","False"
"488","ESS","-0.40375237484673715","0.9711155378486056","263.54998779296875","0.0007593631744384766","0.05390477180480957","0.23482894897460938","Finance_Insurance_RealEstate","REAL ESTATE INVESTMENT TRUSTS","0","0","0","NO-NEWS","","","","","","","False","False","False"
"489","EQR","-0.40375237484673715","0.9731075697211156","65.54000091552734","0.005677461624145508","0.07196605205535889","0.2537187933921814","Finance_Insurance_RealEstate","REAL ESTATE INVESTMENT TRUSTS","0","0","0","NO-NEWS","","","","","","","False","False","False"
"490","EQIX","-0.40375237484673715","0.9750996015936255","1072.0799560546875","-0.011935234069824219","0.040611863136291504","0.19376391172409058","Finance_Insurance_RealEstate","REAL ESTATE INVESTMENT TRUSTS","2","1","0","POS","2026-05-08T13:13:14Z","-0.5508564814814815","13.0","The Best Dividend Stocks to Buy and Hold Forever in 2026","Recommended for growth potential driven by AI infrastructure buildout. Positioned as the largest data center REIT with gold-standard properties and surging demand, despite lower 2% yield.","REITs;dividend stocks;interest rates;long-term investing;real estate","False","False","False"
"491","AXP","-0.40375237484673715","0.9770916334661355","316.0299987792969","-0.011417627334594727","0.008070230484008789","0.27031540870666504","Finance_Insurance_RealEstate","FINANCE SERVICES","4","2","0","POS","2026-05-08T19:25:00Z","-0.8090277777777778","19.0","Visa Just Posted Its Strongest Revenue Growth Since 2022. Is the Stock a Buy After Earnings?","Mentioned as a competitor with a different business model (issues own cards), but no specific performance data or analysis provided; noted as less efficient at expanding compared to Visa and Mastercard.","payment networks;earnings beat;revenue growth;share buyback;swipe fees","False","False","False"
"492","XEL","-0.40375237484673715","0.9790836653386454","79.38999938964844","-0.038629233837127686","-0.036295175552368164","0.2829647660255432","Transportation_Utilities","ELECTRIC & OTHER SERVICES COMBINED","0","0","0","NO-NEWS","","","","","","","False","False","False"
"493","FAST","-0.40375237484673715","0.9810756972111554","44.16999816894531","-0.016477465629577637","-0.10168802738189697","0.3338330388069153","Retail","RETAIL-BUILDING MATERIALS, HARDWARE, GARDEN SUPPLY","0","0","0","NO-NEWS","","","","","","","False","False","False"
"494","EXR","-0.40375237484673715","0.9830677290836654","143.3000030517578","0.009012818336486816","0.03190040588378906","0.23225902020931244","Finance_Insurance_RealEstate","REAL ESTATE INVESTMENT TRUSTS","0","0","0","NO-NEWS","","","","","","","False","False","False"
"495","TXT","-0.40375237484673715","0.9850597609561753","91.01000213623047","-0.03916805982589722","-0.004157960414886475","0.36234042048454285","Manufacturing","AIRCRAFT & PARTS","0","0","0","NO-NEWS","","","","","","","False","False","False"
"496","UDR","-0.40375237484673715","0.9870517928286853","36.90999984741211","0.014289617538452148","0.051267385482788086","0.26160934567451477","Finance_Insurance_RealEstate","REAL ESTATE INVESTMENT TRUSTS","0","0","0","NO-NEWS","","","","","","","False","False","False"
"497","USB","-0.40375237484673715","0.9890438247011952","55.529998779296875","-0.013676762580871582","-0.0023356080055236816","0.18517112731933594","Finance_Insurance_RealEstate","NATIONAL COMMERCIAL BANKS","0","0","0","NO-NEWS","","","","","","","False","False","False"
"498","UNP","-0.40375237484673715","0.9910358565737052","264.6499938964844","-0.006270706653594971","0.05644488334655762","0.3527010679244995","Transportation_Utilities","RAILROADS, LINE-HAUL OPERATING","1","0","1","NEG","2026-05-04T18:00:00Z","3.25","18.0","Revised Filing Does Not Address Competitive Balance Issues Created By UP-NS Merger","CSX's opposition to the UP-NS merger and argument that it would reduce competition and viable routing options for shippers directly challenges Union Pacific's merger proposal and suggests potential regulatory headwinds.","merger review;Surface Transportation Board;Union Pacific;Norfolk Southern;freight rail competition","False","False","False"
"499","V","-0.40375237484673715","0.9930278884462151","318.7900085449219","-0.028168141841888428","0.04741108417510986","0.3348066806793213","Services","SERVICES-BUSINESS SERVICES, NEC","8","5","0","STRONG-POS","2026-05-08T19:25:00Z","-0.8090277777777778","19.0","Visa Just Posted Its Strongest Revenue Growth Since 2022. Is the Stock a Buy After Earnings?","Strong Q2 earnings beat with 17% revenue growth (strongest since 2022), 20% EPS growth, raised full-year guidance, launched $20B buyback program, and positioned as reliable long-term investment with reasonable valuation and growth prospects through 2028.","payment networks;earnings beat;revenue growth;share buyback;swipe fees","False","False","False"
"500","VICI","-0.40375237484673715","0.9950199203187251","28.84000015258789","0.00909733772277832","0.025969386100769043","0.18525061011314392","Finance_Insurance_RealEstate","REAL ESTATE INVESTMENT TRUSTS","0","0","0","NO-NEWS","","","","","","","False","False","False"
"501","ALL","-0.40375237484673715","0.9970119521912351","213.14999389648438","-0.015882551670074463","0.010237455368041992","0.2141629308462143","Finance_Insurance_RealEstate","FIRE, MARINE & CASUALTY INSURANCE","0","0","0","NO-NEWS","","","","","","","False","False","False"
"502","ACGL","-0.40375237484673715","0.999003984063745","93.80000305175781","-0.00021314620971679688","-0.02261120080947876","0.23748312890529633","Finance_Insurance_RealEstate","FIRE, MARINE & CASUALTY INSURANCE","0","0","0","NO-NEWS","","","","","","","False","False","False"
