"rank","instrument","score","pct_rank","close","ret_5d","ret_20d","ann_vol_20d","sector","sic_description","news_count_5d","news_pos_count_5d","news_neg_count_5d","news_sentiment","most_recent_published_utc","pub_lag_days","pub_hour_utc","most_recent_title","most_recent_reasoning","most_recent_keywords","rule_avoid_high_precision","rule_buy_high_precision","rule_buy_legal_veto"
"1","COHR","0.3379882409111469","0.0009940357852882703","344.6700134277344","0.1303250789642334","0.22314488887786865","0.5569381713867188","Manufacturing","OPTICAL INSTRUMENTS & LENSES","2","1","0","POS","2026-05-05T15:34:47Z","0.3508449074074074","15.0","These 3 Telecom Stocks Rallied Over 1,000% In A Year: Nvidia Did 75%","Mentioned as part of the optical transceiver cohort but not analyzed for investment merit in the article.","optical components;datacenter buildout;AI infrastructure;hyperscaler capex;analyst ratings","False","False","False"
"2","NCLH","0.33356123255115644","0.002982107355864811","17.75","-0.0011255145072937012","-0.11954367160797119","0.5599333643913269","Transportation_Utilities","WATER TRANSPORTATION","3","0","3","STRONG-NEG","2026-05-05T14:39:00Z","0.38958333333333334","14.0","Norwegian Cruise Line Cuts Outlook as Headwinds Build","Company cut full-year guidance significantly, expecting net yields to fall 3-5% and reducing EBITDA guidance. Q2 expected to see 3.6% net yield decline with Q3 significantly weaker. Stock dropped 8% post-earnings and trades near 52-week lows, underperforming competitors despite i","cruise industry;earnings guidance;cost cutting;macro headwinds;fuel costs","False","False","False"
"3","CIEN","0.33164442704991876","0.004970178926441352","576.7899780273438","0.21329843997955322","0.16756737232208252","0.5897181034088135","Manufacturing","TELEPHONE & TELEGRAPH APPARATUS","0","0","0","NO-NEWS","","","","","","","False","False","False"
"4","INTC","0.3315652593492488","0.006958250497017893","113.01000213623047","0.19271767139434814","0.9170483350753784","1.0423296689987183","Manufacturing","SEMICONDUCTORS & RELATED DEVICES","32","19","3","POS","2026-05-06T19:28:16Z","-0.8112962962962963","19.0","Michael Burry's Chip Short Just Got Wilder: SOXX Went From 43% Above Trend To 60%","Trading 173% above its 200-day moving average, the most stretched valuation among all semiconductor constituents, indicating highest vulnerability to correction.","semiconductor short;technical analysis;mean reversion;200-day moving average;valuation stretch","False","False","False"
"5","STX","0.3315652593492488","0.008946322067594433","786.4199829101562","0.22247779369354248","0.5845657587051392","0.5241954922676086","Manufacturing","COMPUTER STORAGE DEVICES","5","3","0","STRONG-POS","2026-05-06T18:11:00Z","-0.7576388888888889","18.0","Super Micro Computer Ignites AI Rally With Strong Sales and Earnings Guidance","Memory-related stock experiencing strength during the AI rally, indicating positive sentiment in the storage and semiconductor sector.","AI rally;Super Micro Computer;earnings guidance;sales growth;operating margins","False","False","False"
"6","AMD","0.330996038076362","0.010934393638170975","421.3900146484375","0.2500075101852417","0.8177465200424194","0.9033859372138977","Manufacturing","SEMICONDUCTORS & RELATED DEVICES","36","24","3","POS","2026-05-06T19:28:16Z","-0.8112962962962963","19.0","Michael Burry's Chip Short Just Got Wilder: SOXX Went From 43% Above Trend To 60%","Trading 94% above its 200-day moving average with extreme valuation stretch, though benefiting from AI hype, remains vulnerable to sector-wide correction.","semiconductor short;technical analysis;mean reversion;200-day moving average;valuation stretch","False","False","False"
"7","APA","0.3279012400119241","0.012922465208747515","38.29999923706055","-0.050099194049835205","-0.011612951755523682","0.5571319460868835","Mining","CRUDE PETROLEUM & NATURAL GAS","0","0","0","NO-NEWS","","","","","","","False","False","False"
"8","BLDR","0.3190647064911243","0.014910536779324055","80.02999877929688","-0.04017746448516846","-0.03682750463485718","0.5291317701339722","Retail","RETAIL-LUMBER & OTHER BUILDING MATERIALS DEALERS","0","0","0","NO-NEWS","","","","","","","False","False","False"
"9","DELL","0.31673208811350795","0.016898608349900597","238.8000030517578","0.16113972663879395","0.2875397205352783","0.6346443295478821","Manufacturing","ELECTRONIC COMPUTERS","2","2","0","POS","2026-05-06T11:55:54Z","-0.4971527777777778","11.0","TotalEnergies Pens AI Supercomputer Deal With Nvidia & Dell","Dell is securing a significant contract to design and install a €100 million+ supercomputer system, representing a major enterprise infrastructure deal that demonstrates demand for high-performance computing solutions.","AI supercomputer;Pangea 5;high-performance computing;energy transition;seismic imaging","False","False","False"
"10","ON","0.3067708237756971","0.018886679920477135","105.7699966430664","0.06989681720733643","0.5467972755432129","0.5544013977050781","Manufacturing","SEMICONDUCTORS & RELATED DEVICES","5","2","2","NEUTRAL","2026-05-05T15:33:00Z","0.35208333333333336","15.0","onsemi Stock Dips After Earnings: Why the Dip Is Buyable","Strong earnings beat with 4.1% revenue growth (first in 2+ years), exceptional data center growth (30% sequential, 100%+ YoY), margin expansion, better-than-expected guidance with 50 bps sequential improvement, and aggressive share buybacks signaling management confidence. The po","semiconductor;earnings;data center;AI demand;industrial chips","False","False","False"
"11","SNDK","0.30520446008003116","0.020874751491053677","1409.97998046875","0.32490766048431396","0.8055832386016846","0.8967503309249878","Manufacturing","COMPUTER STORAGE DEVICES","8","6","0","STRONG-POS","2026-05-06T16:33:32Z","-0.6899537037037037","16.0","SanDisk Back In The Spotlight As $42B In AI Deals Drive Stock Higher","Strong Q3 results, $42B in long-term supply agreements providing revenue visibility, gross margins above 80%, analyst Buy rating, and structural upside from AI-driven demand growth support positive outlook despite overbought technical conditions.","AI demand;memory storage;long-term supply agreements;gross margins;hyperscaler engagements","False","False","False"
"12","WDC","0.3049774003181363","0.02286282306163022","483.1499938964844","0.17053484916687012","0.4261467456817627","0.37983137369155884","Manufacturing","COMPUTER STORAGE DEVICES","4","2","0","POS","2026-05-06T16:33:32Z","-0.6899537037037037","16.0","SanDisk Back In The Spotlight As $42B In AI Deals Drive Stock Higher","Included in the group of storage companies benefiting from AI-driven memory demand and long-term structural growth trends.","AI demand;memory storage;long-term supply agreements;gross margins;hyperscaler engagements","False","False","False"
"13","IP","0.29975581597305895","0.02485089463220676","33.52000045776367","-0.0017868280410766602","-0.09576475620269775","0.5515068173408508","Manufacturing","PAPER MILLS","1","0","1","NEG","2026-04-30T17:09:08Z","5.285324074074074","17.0","Stock Market Today: Dow Jones Roars As Industrials Rescue Wall Street From Meta-Led Tech Slide","Dropped 8% after quarterly report that underwhelmed on margins","Dow Jones;industrials;AI capital expenditure;mega-cap tech;data-center infrastructure","False","False","False"
"14","CNC","0.28426865072712687","0.0268389662027833","55.33000183105469","0.02500927448272705","0.48417389392852783","0.621328592300415","Finance_Insurance_RealEstate","HOSPITAL & MEDICAL SERVICE PLANS","0","0","0","NO-NEWS","","","","","","","False","False","False"
"15","MPWR","0.27586549971694135","0.02882703777335984","1652.3499755859375","0.08220243453979492","0.25851142406463623","0.43802908062934875","Manufacturing","SEMICONDUCTORS & RELATED DEVICES","1","1","0","POS","2026-05-05T14:17:00Z","0.4048611111111111","14.0","Monolithic Power Systems: AI Stock Beat, Raised and Upgraded Post-Earnings","Strong Q1 earnings beat (revenue +26% YOY vs. 23% expected, EPS $5.10 vs. $4.90 expected), exceptional Q2 guidance ($900M vs. $817M expected), Enterprise Data segment growing 97.7% YOY, analyst price targets raised 29% on average, and significant exposure to high-growth AI and da","AI chips;power management;semiconductor;data center;earnings beat","False","False","False"
"16","SMCI","0.2727346070846987","0.030815109343936383","34.65999984741211","0.31686925888061523","0.4830979108810425","1.0690637826919556","Manufacturing","ELECTRONIC COMPUTERS","13","6","6","NEUTRAL","2026-05-06T18:11:00Z","-0.7576388888888889","18.0","Super Micro Computer Ignites AI Rally With Strong Sales and Earnings Guidance","Strong 122.6% YoY sales growth, forward guidance exceeding analyst consensus estimates, expanding operating margins (6.1% vs 3.2% YoY), and significant stock price appreciation (+22.44%) demonstrate robust business momentum and investor confidence.","AI rally;Super Micro Computer;earnings guidance;sales growth;operating margins","False","False","False"
"17","ANET","0.26211191145211193","0.032803180914512925","147.05999755859375","-0.12817168235778809","0.013717412948608398","0.6303758025169373","Manufacturing","COMPUTER COMMUNICATIONS EQUIPMENT","4","1","2","NEG","2026-05-06T17:35:23Z","-0.7329050925925926","17.0","S&P 500, Nasdaq 100 Smash Records As AMD Jumps 16% On AI Hype: Stock Market Today","Sold off 15.5% despite beat-and-raise quarter due to management warnings of persistent supply constraints for 1-2 years and capped growth guidance, triggering profit-taking","AI earnings;semiconductor stocks;record highs;oil prices;Iran-U.S. diplomacy","False","False","False"
"18","VRT","0.24249921235828564","0.03479125248508946","358.9200134277344","0.17225170135498047","0.27715909481048584","0.5063961744308472","Manufacturing","ELECTRONIC COMPONENTS, NEC","1","1","0","POS","2026-04-30T15:32:00Z","5.352777777777778","15.0","Meet the Artificial Intelligence (AI) Infrastructure Stock That Has Crushed Nvidia and Broadcom With a 270% Jump. It Can Still Fly Higher.","Strong 270% stock price appreciation, impressive Q1 results with 30% revenue and 83% earnings growth, raised full-year guidance, positioned to capture growing AI data center market, and analyst price target suggests 44% additional upside potential.","AI infrastructure;data center cooling;power management;earnings growth;guidance raise","False","False","False"
"19","FIX","0.24249921235828564","0.036779324055666","2011.489990234375","0.1666628122329712","0.3188713788986206","0.4078397750854492","Construction","ELECTRICAL WORK","0","0","0","NO-NEWS","","","","","","","False","False","False"
"20","MCHP","0.24212067690917186","0.03876739562624255","102.91999816894531","0.14139962196350098","0.45511090755462646","0.4786708652973175","Manufacturing","SEMICONDUCTORS & RELATED DEVICES","0","0","0","NO-NEWS","","","","","","","False","False","False"
"21","CLX","0.2379641339254545","0.040755467196819085","90.01000213623047","-0.050226807594299316","-0.14819717407226562","0.4562804400920868","Manufacturing","SPECIALTY CLEANING, POLISHING AND SANITATION PREPARATIONS","0","0","0","NO-NEWS","","","","","","","False","False","False"
"22","HUM","0.23769366854918142","0.042743538767395624","246.3300018310547","0.01320338249206543","0.2416452169418335","0.3620748817920685","Finance_Insurance_RealEstate","HOSPITAL & MEDICAL SERVICE PLANS","0","0","0","NO-NEWS","","","","","","","False","False","False"
"23","TER","0.23701255588180248","0.04473161033797217","382.4800109863281","0.2485882043838501","0.06751513481140137","0.9813960790634155","Manufacturing","INSTRUMENTS FOR MEAS & TESTING OF ELECTRICITY & ELEC SIGNALS","3","2","1","POS","2026-04-30T18:12:58Z","5.240995370370371","18.0","Here's Why This AI-Related Company's Stock Soared Today","Stock surged 13.6% on positive analyst sentiment despite disappointing Q2 guidance. Strong AI revenue growth (70% of total, 87% YoY), with Goldman Sachs raising price target to $350 and JPMorgan upgrading to overweight. Market treated the dip as a buying opportunity.","AI chips;automated test equipment;revenue growth;guidance;analyst upgrades","False","False","False"
"24","MU","0.23701255588180248","0.04671968190854871","666.5900268554688","0.28571152687072754","0.6389005184173584","0.6494145393371582","Manufacturing","SEMICONDUCTORS & RELATED DEVICES","24","19","2","POS","2026-05-06T19:28:16Z","-0.8112962962962963","19.0","Michael Burry's Chip Short Just Got Wilder: SOXX Went From 43% Above Trend To 60%","Trading 132% above its 200-day moving average, second-most stretched among semiconductor stocks, suggesting significant overvaluation relative to trend.","semiconductor short;technical analysis;mean reversion;200-day moving average;valuation stretch","False","False","False"
"25","PSKY","0.22828318343726897","0.048707753479125246","10.90999984741211","0.05512571334838867","0.008317947387695312","0.5019272565841675","Transportation_Utilities","TELEVISION BROADCASTING STATIONS","1","0","1","NEG","2026-05-06T12:18:52Z","-0.5131018518518519","12.0","Barry Diller Says He'd Buy CNN 'Tonight' Before It Becomes 'Extinct' Amid Warner Bros-Paramount Deal: 'So Ripe For Innovation...'","As the acquiring entity in the merger with Warner Bros. Discovery, the company faces the same 'savage' integration challenges and cost-cutting pressures that Diller warned about.","CNN acquisition;Barry Diller;media consolidation;Warner Bros. Discovery;Paramount Skydance","False","False","False"
"26","CVNA","0.22824552001281928","0.05069582504970179","389.3800048828125","-0.01817995309829712","0.14925765991210938","0.517674446105957","Retail","RETAIL-AUTO DEALERS & GASOLINE STATIONS","0","0","0","NO-NEWS","","","","","","","False","False","False"
"27","TXN","0.22495998103207268","0.05268389662027833","289.44000244140625","0.07510590553283691","0.3855433464050293","0.7318627238273621","Manufacturing","SEMICONDUCTORS & RELATED DEVICES","1","0","0","NEUTRAL","2026-05-05T12:42:00Z","0.4708333333333333","12.0","Nvidia’s China Connection: Investor Risks With Earnings Ahead","Included in semiconductor supercycle rally reference with other chip stocks, but no detailed commentary or specific catalysts mentioned.","Nvidia earnings;China restrictions;GPU market share;gray market;export controls","False","False","False"
"28","NXPI","0.22464563753207425","0.05467196819085487","303.54998779296875","0.04943811893463135","0.48602330684661865","0.9454161524772644","Manufacturing","SEMICONDUCTORS & RELATED DEVICES","2","2","0","POS","2026-05-05T01:15:45Z","0.9473958333333333","1.0","How NXP Semiconductors Stock Soared 49% Last Month","Company beat analyst estimates on revenue ($3.18B vs $3.15B expected) and earnings ($3.05 vs $2.98 expected). Q2 guidance significantly exceeded consensus ($3.45B vs $3.27B). Strong growth in AI data center market, new product launches, and strategic positioning in power/cooling/","NXP Semiconductors;semiconductor earnings;AI data center;stock surge;power and cooling solutions","False","False","False"
"29","CSGP","0.22310752939213457","0.05666003976143141","34.06999969482422","-0.0020503997802734375","-0.12235963344573975","0.38420701026916504","Services","SERVICES-BUSINESS SERVICES, NEC","0","0","0","NO-NEWS","","","","","","","False","False","False"
"30","UHS","0.21970245617243897","0.05864811133200795","168.49000549316406","0.003095865249633789","-0.09782600402832031","0.45021992921829224","Services","SERVICES-GENERAL MEDICAL & SURGICAL HOSPITALS, NEC","0","0","0","NO-NEWS","","","","","","","False","False","False"
"31","EPAM","0.21312923036082926","0.06063618290258449","106.97000122070312","-0.05260831117630005","-0.177090585231781","0.3651670813560486","Services","SERVICES-COMPUTER PROGRAMMING SERVICES","0","0","0","NO-NEWS","","","","","","","False","False","False"
"32","ARE","0.21212494493315331","0.06262425447316103","45.83000183105469","0.11644339561462402","0.022078514099121094","0.6284652948379517","Finance_Insurance_RealEstate","REAL ESTATE INVESTMENT TRUSTS","0","0","0","NO-NEWS","","","","","","","False","False","False"
"33","JBL","0.21191982874031087","0.06461232604373758","372.3399963378906","0.11525797843933105","0.2967193126678467","0.41289129853248596","Manufacturing","PRINTED CIRCUIT BOARDS","1","1","0","POS","2026-04-30T16:00:00Z","5.333333333333333","16.0","Pharmaceutical Contract Development and Manufacturing Organization (CDMO) for Formulations Market Research Report 2026: Opportunities, Trends, Competitive Lands","Acquisition of Pharmaceutics International Inc. in February 2025 strengthens capabilities in aseptic filling, lyophilization, and oral solid dose production, enhancing market position.","CDMO;pharmaceutical manufacturing;peptide therapeutics;contract manufacturing;GMP production","False","False","False"
"34","LITE","0.21158898062479226","0.06660039761431412","944.280029296875","0.10014915466308594","0.05386042594909668","0.7413514256477356","Manufacturing","COMMUNICATIONS EQUIPMENT, NEC","2","2","0","POS","2026-05-05T16:05:00Z","0.3298611111111111","16.0","1 Update Amazon CEO Andy Jassy Just Said That Every Artificial Intelligence (AI) Investor Should Hear","AI supply chain company providing essential components; highlighted as beneficiary of hyperscaler infrastructure spending","artificial intelligence;AWS;capital expenditure;cloud computing;AI infrastructure","False","False","False"
"35","CHTR","0.2045470447719608","0.06858846918489066","156.52000427246094","-0.013425707817077637","-0.2937779426574707","1.0762978792190552","Transportation_Utilities","CABLE & OTHER PAY TELEVISION SERVICES","0","0","0","NO-NEWS","","","","","","","False","False","False"
"36","BF.B","0.19910848826075916","0.0705765407554672","26.979999542236328","0.08484113216400146","0.0048416852951049805","0.7053231596946716","Manufacturing","BEVERAGES","0","0","0","NO-NEWS","","","","","","","False","False","False"
"37","AXON","0.19381224406240305","0.07256461232604373","385.8599853515625","-0.03665059804916382","-0.014481663703918457","0.5588622093200684","Manufacturing","ORDNANCE & ACCESSORIES, (NO VEHICLES/GUIDED MISSILES)","1","0","1","NEG","2026-04-30T07:35:00Z","5.684027777777778","7.0","2 Factors Dragging Down Axon Enterprise Stock: Should You Buy the Dip?","Stock has declined 30% in 2026 and trades at a lofty 53x forward earnings valuation. Rising stock-based compensation expenses ($610M in 2025, up 60% YoY) and concerns about earnings growth sustainability weigh on the stock. While recent earnings beat provided temporary relief, th","Axon Enterprise;SaaS stocks;AI disruption;valuation concerns;stock-based compensation","False","False","False"
"38","POOL","0.1937549977874981","0.07455268389662027","188.08999633789062","-0.10266685485839844","-0.10198140144348145","0.439642071723938","Wholesale","WHOLESALE-MISC DURABLE GOODS","1","1","0","POS","2026-04-29T20:05:00Z","6.163194444444445","20.0","Pool Corporation Announces Increase in Share Repurchase Program, Growth of Quarterly Dividend and Results of 2026 Annual Meeting of Stockholders","The company demonstrated strong capital allocation discipline by increasing share repurchases by $329 million and raising the quarterly dividend by 4%, signaling management confidence in future cash generation and commitment to returning value to shareholders.","share repurchase;dividend increase;capital allocation;annual meeting;shareholder returns","False","False","False"
"39","EL","0.18207814321028765","0.07654075546719682","86.66999816894531","0.1450653076171875","0.21318578720092773","0.3053644597530365","Manufacturing","PERFUMES, COSMETICS & OTHER TOILET PREPARATIONS","1","0","0","NEUTRAL","2026-05-03T23:00:00Z","2.0416666666666665","23.0","Moisturizing Cream Market Size to Hit USD 24.54 Billion by 2035, Driven by Rising Skincare Awareness and Demand for Natural Products | Research by SNS Insider","Identified as a key market player but no specific recent developments or strategic initiatives mentioned in the article.","moisturizing cream market;skincare awareness;natural products;premium segment;Asia Pacific growth","False","False","False"
"40","TTD","0.168848962345865","0.07852882703777336","24.010000228881836","-0.014772295951843262","0.18567907810211182","0.5830276012420654","Services","SERVICES-COMPUTER PROGRAMMING, DATA PROCESSING, ETC.","0","0","0","NO-NEWS","","","","","","","False","False","False"
"41","DLTR","0.16805760601674985","0.0805168986083499","96.51000213623047","0.00846397876739502","-0.08625262975692749","0.4238203763961792","Retail","RETAIL-VARIETY STORES","0","0","0","NO-NEWS","","","","","","","False","False","False"
"42","GEV","0.16597940257537486","0.08250497017892644","1118.9599609375","0.05253458023071289","0.19538068771362305","0.5654967427253723","Manufacturing","ELECTRONIC & OTHER ELECTRICAL EQUIPMENT (NO COMPUTER EQUIP)","4","4","0","STRONG-POS","2026-05-05T15:35:00Z","0.3506944444444444","15.0","3 Next Generation Nuclear Energy Stocks Investors Should Be Watching Closely","Most established company with proven revenue from gas turbines providing capital for development. Only commercial SMR under construction in North America (Ontario, Canada) with expected 2029 online date. Strong near-term demand for turbines and binding TVA collaboration with $400","nuclear energy;small modular reactors;microreactors;next-generation nuclear;energy demand","False","False","False"
"43","LYB","0.16505521866442127","0.08449304174950298","73.4800033569336","0.00259244441986084","-0.009970307350158691","0.5952792167663574","Manufacturing","INDUSTRIAL ORGANIC CHEMICALS","0","0","0","NO-NEWS","","","","","","","False","False","False"
"44","NOW","0.16040541649774007","0.08648111332007952","89.05000305175781","0.0018000602722167969","-0.08638554811477661","0.9221901297569275","Services","SERVICES-PREPACKAGED SOFTWARE","2","2","0","POS","2026-05-05T15:00:00Z","0.375","15.0","Cloudera Launches Workflow Data Fabric Zero Copy Connector for ServiceNow","ServiceNow benefits from this partnership by enhancing its AI Platform capabilities with improved data access and governance features. The integration enables better autonomous workflows and closed-loop remediation, strengthening ServiceNow's position as an AI control tower for e","zero-copy connector;AI execution;data governance;hybrid environments;data movement elimination","False","False","False"
"45","SWK","0.15788608911431756","0.08846918489065607","81.02999877929688","0.06772959232330322","0.13344526290893555","0.5156983137130737","Manufacturing","CUTLERY, HANDTOOLS & GENERAL HARDWARE","0","0","0","NO-NEWS","","","","","","","False","False","False"
"46","HPE","0.15663297005491655","0.09045725646123261","30.3700008392334","0.07314491271972656","0.2157726287841797","0.35524916648864746","Manufacturing","COMPUTER & OFFICE EQUIPMENT","1","1","0","POS","2026-05-05T08:00:00Z","0.6666666666666666","8.0","SPEC Releases the SPEC CPU 2026 Benchmark Suites to Address the Latest Advances in CPU, Memory, and Compiler Technology","Listed as a SPEC CPU committee member; updated benchmarks support their enterprise server and datacenter solutions","CPU benchmarks;performance evaluation;SPEC CPU 2026;processor architecture;compiler technology","False","False","False"
"47","PWR","0.15293387275583667","0.09244532803180915","785.239990234375","0.24918866157531738","0.3626960515975952","0.5711153745651245","Construction","ELECTRICAL WORK","2","2","0","POS","2026-04-30T17:09:08Z","5.285324074074074","17.0","Stock Market Today: Dow Jones Roars As Industrials Rescue Wall Street From Meta-Led Tech Slide","Jumped 12.9% as electrification and grid-build infrastructure names extended rally driven by AI power-demand narrative","Dow Jones;industrials;AI capital expenditure;mega-cap tech;data-center infrastructure","False","False","False"
"48","QCOM","0.15293387275583667","0.09443339960238568","192.57000732421875","0.23442316055297852","0.5102344751358032","0.7719686031341553","Manufacturing","RADIO & TV BROADCASTING & COMMUNICATIONS EQUIPMENT","6","4","1","POS","2026-05-05T21:17:56Z","0.1125462962962963","21.0","Robinson Value Invests $3.6 Million in Beaten-Down Staffing Leader Amid AI Headwinds","Mentioned only as a top holding of Robinson Value Management's fund (3.2% of AUM) with no specific news or analysis provided in the article.","staffing services;AI disruption;value investing;contrarian strategy;white-collar jobs","False","False","False"
"49","AVGO","0.1484149005969738","0.09642147117296222","425.44000244140625","0.04930317401885986","0.21335875988006592","0.36845794320106506","Manufacturing","SEMICONDUCTORS & RELATED DEVICES","30","21","1","POS","2026-05-06T10:15:00Z","-0.4270833333333333","10.0","Selling Pressure in Chip Stocks Is Easing. Is SMH the Best Way to Play the Rebound?","Google's partner in developing Tensor Processing Units (TPUs), a major competitor to Nvidia's GPUs; positioned to benefit from AI capex.","semiconductor ETF;AI infrastructure;chip stocks;market rebound;capital expenditure","False","False","False"
"50","LUV","0.1439350249190216","0.09840954274353876","41.5","0.11499190330505371","0.02722764015197754","0.4848678708076477","Transportation_Utilities","AIR TRANSPORTATION, SCHEDULED","2","0","1","NEG","2026-05-06T14:35:00Z","-0.6076388888888888","14.0","Welcome to Shareholder Meeting Month: AI, Oil, and Consumer Are in the Spotlight","Faces headwinds from soaring jet fuel costs and no longer hedges fuel exposure; CEO commentary on booking trends will be critical given fuel price volatility.","shareholder meetings;AGM;consumer spending;AI strategy;energy prices","False","False","False"
"51","GLW","0.14204788356501313","0.10039761431411531","181.57000732421875","0.19532597064971924","0.09975767135620117","0.7006221413612366","Manufacturing","DRAWING & INSULATING OF NONFERROUS WIRE","0","0","0","NO-NEWS","","","","","","","False","False","False"
"52","HOOD","0.14201214835442189","0.10238568588469185","79.05000305175781","0.11025285720825195","0.10051512718200684","0.8416421413421631","Finance_Insurance_RealEstate","SECURITY BROKERS, DEALERS & FLOTATION COMPANIES","5","0","4","STRONG-NEG","2026-05-05T15:35:43Z","0.35019675925925925","15.0","Earnings Season Hits Overdrive","Stock down double digits despite 47% revenue growth. Market concerned about heavy reliance on volatile crypto trading (47% crypto revenue collapse). Trading at 2x the multiple of Charles Schwab despite similar business model. Shift to stable retirement accounts not valued by mark","earnings season;streaming services;fintech;AI energy demand;valuation concerns","False","False","False"
"53","ERIE","0.14197068538826857","0.10437375745526839","213.55999755859375","-0.02807992696762085","-0.15715527534484863","0.4452279210090637","Finance_Insurance_RealEstate","INSURANCE AGENTS, BROKERS & SERVICE","0","0","0","NO-NEWS","","","","","","","False","False","False"
"54","LDOS","0.13262134669304942","0.10636182902584493","134.89999389648438","-0.07545751333236694","-0.16023409366607666","0.3615591824054718","Services","SERVICES-COMPUTER INTEGRATED SYSTEMS DESIGN","0","0","0","NO-NEWS","","","","","","","False","False","False"
"55","COO","0.1306590819521489","0.10834990059642147","61.119998931884766","-0.00358659029006958","-0.14791584014892578","0.21763689815998077","Manufacturing","OPHTHALMIC GOODS","0","0","0","NO-NEWS","","","","","","","False","False","False"
"56","IR","0.12858566838877122","0.110337972166998","78.6500015258789","0.015362858772277832","-0.07109951972961426","0.424493670463562","Manufacturing","GENERAL INDUSTRIAL MACHINERY & EQUIPMENT","0","0","0","NO-NEWS","","","","","","","False","False","False"
"57","MRNA","0.1279726074995941","0.11232604373757456","48.790000915527344","0.06714785099029541","-0.06353163719177246","0.46017590165138245","Manufacturing","BIOLOGICAL PRODUCTS, (NO DIAGNOSTIC SUBSTANCES)","2","0","1","NEG","2026-05-01T14:44:46Z","4.385578703703704","14.0","Moderna's Legal Hit Steals Spotlight From Strong Sales","Stock declined 2.05% on the day despite strong revenue beat and narrower-than-expected loss, primarily due to a significant $2.22 per share litigation-related charge that overshadowed positive operational results and pipeline progress.","Moderna;Q1 earnings;litigation settlement;revenue beat;COVID-19 vaccine","False","False","False"
"58","NVR","0.12389335425261289","0.1143141153081511","6099.7998046875","-0.01735001802444458","-0.09706169366836548","0.35822948813438416","Construction","OPERATIVE BUILDERS","1","0","1","NEG","2026-05-01T18:34:47Z","4.225844907407407","18.0","Mortgage Rates Just Hit a Four-Week High Thanks to Iran. Are Homebuilder Stocks a Buy on the Dip?","Revenue declined 22% to $1.88 billion, showing significant weakness in homebuilding demand.","mortgage rates;homebuilders;housing market;interest rates;Strait of Hormuz","False","False","False"
"59","PODD","0.11791857612168166","0.11630218687872763","151.27999877929688","-0.05461817979812622","-0.2566458582878113","0.6607896685600281","Manufacturing","SURGICAL & MEDICAL INSTRUMENTS & APPARATUS","0","0","0","NO-NEWS","","","","","","","False","False","False"
"60","FICO","0.11372983707322429","0.11829025844930417","1067.0","0.02245187759399414","-0.022929608821868896","0.7054845690727234","Services","SERVICES-BUSINESS SERVICES, NEC","0","0","0","NO-NEWS","","","","","","","False","False","False"
"61","APP","0.10869303759466348","0.12027833001988071","468.8299865722656","0.057280778884887695","0.19844067096710205","0.5475008487701416","Services","SERVICES-COMPUTER PROGRAMMING, DATA PROCESSING, ETC.","1","0","1","NEG","2026-05-04T14:45:07Z","1.3853356481481482","14.0","Earnings Volatility Watch: 7 AI-Linked Stocks Are Set For Double-Digit Moves This Week","Worst performer in cohort, down 31.73% YTD due to SEC probe into ad-attribution practices and insider-selling disclosures, despite four consecutive quarterly beats.","earnings volatility;AI infrastructure;implied moves;semiconductor IP;optical networking","False","False","False"
"62","ARES","0.10013889322026241","0.12226640159045726","123.86000061035156","0.11726498603820801","0.18153202533721924","0.51762455701828","Finance_Insurance_RealEstate","INVESTMENT ADVICE","0","0","0","NO-NEWS","","","","","","","False","False","False"
"63","LEN","0.09942533173856274","0.1242544731610338","90.54000091552734","0.020629048347473145","0.021550297737121582","0.3689928948879242","Construction","GENERAL BLDG CONTRACTORS - RESIDENTIAL BLDGS","2","1","1","NEUTRAL","2026-05-06T12:32:00Z","-0.5222222222222223","12.0","2 Top Dividend Stocks to Double Up on Right Now","Despite current housing market challenges and 14% stock decline, company has proven resilience through past cycles, maintains 2.3% dividend yield (above market average), sustainable 29% payout ratio, and strong long-term demand fundamentals as interest rates eventually decline.","dividend stocks;cyclical companies;Royal Caribbean Cruises;Lennar;dividend yield","False","False","False"
"64","KLAC","0.09156806063210837","0.12624254473161034","1816.2900390625","4.410743713378906e-05","0.08607709407806396","0.4419177174568176","Manufacturing","OPTICAL INSTRUMENTS & LENSES","0","0","0","NO-NEWS","","","","","","","False","False","False"
"65","OXY","0.08894084470477596","0.12823061630218688","55.119998931884766","-0.09282422065734863","-0.07779824733734131","0.47036728262901306","Mining","CRUDE PETROLEUM & NATURAL GAS","7","6","0","STRONG-POS","2026-05-06T18:32:00Z","-0.7722222222222223","18.0","Occidental Petroleum: Buy, Sell, or Hold?","Stock has rebounded 45% in 2026 with strong catalysts including the OxyChem sale generating $9.7B, significant debt paydown, improved operational efficiency, and elevated crude oil prices well above break-even. Fair valuation metrics and strong projected free cash flow of ~$7B su","oil and gas;stock rebound;OxyChem sale;debt reduction;crude oil prices","False","False","False"
"66","TSCO","0.08643879066473215","0.13021868787276342","32.529998779296875","-0.06442338228225708","-0.2815812826156616","0.4661177396774292","Retail","RETAIL-BUILDING MATERIALS, HARDWARE, GARDEN SUPPLY","0","0","0","NO-NEWS","","","","","","","False","False","False"
"67","AMCR","0.08526447967567194","0.13220675944333996","40.209999084472656","0.07657301425933838","-0.050979435443878174","0.3798700273036957","Manufacturing","MISCELLANEOUS MANUFACTURING INDUSTRIES","0","0","0","NO-NEWS","","","","","","","False","False","False"
"68","LULU","0.08322543006563884","0.1341948310139165","132.0399932861328","-0.04429656267166138","-0.16882795095443726","0.5839337110519409","Manufacturing","APPAREL & OTHER FINISHD PRODS OF FABRICS & SIMILAR MATL","0","0","0","NO-NEWS","","","","","","","False","False","False"
"69","APTV","0.08167123646886341","0.13618290258449303","56.79999923706055","-0.0262300968170166","-0.06471264362335205","0.39415788650512695","Manufacturing","MOTOR VEHICLE PARTS & ACCESSORIES","0","0","0","NO-NEWS","","","","","","","False","False","False"
"70","AKAM","0.07774802189898011","0.13817097415506957","121.98999786376953","0.22234463691711426","0.051637887954711914","0.9006544351577759","Services","SERVICES-BUSINESS SERVICES, NEC","0","0","0","NO-NEWS","","","","","","","False","False","False"
"71","HII","0.07556406329949866","0.14015904572564614","319.5400085449219","-0.11770719289779663","-0.22319191694259644","0.4077526926994324","Manufacturing","SHIP & BOAT BUILDING & REPAIRING","0","0","0","NO-NEWS","","","","","","","False","False","False"
"72","TECH","0.07365326881770293","0.14214711729622267","47.404998779296875","-0.08748799562454224","-0.14136934280395508","0.8293514251708984","Manufacturing","BIOLOGICAL PRODUCTS, (NO DIAGNOSTIC SUBSTANCES)","1","0","1","NEG","2026-05-06T17:35:23Z","-0.7329050925925926","17.0","S&P 500, Nasdaq 100 Smash Records As AMD Jumps 16% On AI Hype: Stock Market Today","Slid 13.9% after Q1 revenue missed consensus by 3.7% and EPS fell below estimates with year-over-year sales decline","AI earnings;semiconductor stocks;record highs;oil prices;Iran-U.S. diplomacy","False","False","False"
"73","ORCL","0.07161225724692012","0.1441351888667992","194.02999877929688","0.18433737754821777","0.35061943531036377","0.7040053606033325","Services","SERVICES-PREPACKAGED SOFTWARE","11","5","2","POS","2026-05-06T17:00:00Z","-0.7083333333333334","17.0","Global Healthcare Analytics Market is Predicted to Cross the USD 380 Billion Mark by 2034 | DelveInsight","Identified as a leading healthcare analytics vendor benefiting from market expansion and EHR adoption","healthcare analytics;electronic health records;artificial intelligence;machine learning;value-based care","False","False","False"
"74","DOW","0.06860576202064987","0.14612326043737575","38.5","-0.02654862403869629","-0.019857406616210938","0.5724820494651794","Manufacturing","PLASTIC MATERIALS, SYNTH RESINS & NONVULCAN ELASTOMERS","0","0","0","NO-NEWS","","","","","","","False","False","False"
"75","GEHC","0.06787474398523642","0.1481113320079523","61.73500061035156","0.03782463073730469","-0.16291522979736328","0.5253453850746155","Manufacturing","X-RAY APPARATUS & TUBES & RELATED IRRADIATION APPARATUS","2","1","1","NEUTRAL","2026-05-06T17:00:00Z","-0.7083333333333334","17.0","Global Healthcare Analytics Market is Predicted to Cross the USD 380 Billion Mark by 2034 | DelveInsight","Key player in healthcare analytics market benefiting from digital health transformation and AI adoption","healthcare analytics;electronic health records;artificial intelligence;machine learning;value-based care","False","False","False"
"76","CCL","0.05880878646766069","0.15009940357852883","27.520000457763672","0.07584047317504883","-0.01819479465484619","0.5392849445343018","Transportation_Utilities","WATER TRANSPORTATION","2","1","1","NEUTRAL","2026-05-05T14:39:00Z","0.38958333333333334","14.0","Norwegian Cruise Line Cuts Outlook as Headwinds Build","Carnival shares are up more than 30% over the past year, significantly outperforming Norwegian and demonstrating resilience in the cruise industry while Norwegian struggles with self-inflicted operational issues.","cruise industry;earnings guidance;cost cutting;macro headwinds;fuel costs","False","False","False"
"77","DDOG","0.05808120662919604","0.15208747514910537","143.7100067138672","0.07262289524078369","0.23356223106384277","0.5743793249130249","Services","SERVICES-PREPACKAGED SOFTWARE","0","0","0","NO-NEWS","","","","","","","False","False","False"
"78","CF","0.0578120067031509","0.1540755467196819","119.76000213623047","-0.05537146329879761","-0.050729215145111084","0.6025158166885376","Manufacturing","AGRICULTURAL CHEMICALS","0","0","0","NO-NEWS","","","","","","","False","False","False"
"79","UAL","0.05580898887378595","0.15606361829025844","100.04000091552734","0.12886476516723633","0.03883695602416992","0.5227550268173218","Transportation_Utilities","AIR TRANSPORTATION, SCHEDULED","3","0","1","NEG","2026-05-04T18:34:57Z","1.2257291666666668","18.0","Spirit Airlines is Going Out of Business. Here's What's Next for Investors.","Slashed profit outlook due to elevated jet fuel costs. Large carriers also reporting significant damage from fuel price spike despite better margins than low-cost carriers.","airline bankruptcy;jet fuel prices;liquidation;creditor hierarchy;Middle East war","False","False","False"
"80","COIN","0.053900003551592766","0.15805168986083498","197.9600067138672","0.08930838108062744","0.13061857223510742","0.6503410339355469","Finance_Insurance_RealEstate","FINANCE SERVICES","7","7","0","STRONG-POS","2026-05-06T01:35:23Z","-0.06623842592592592","1.0","Marqeta Director Cuts Stake by Half: What Investors Should Know","Listed as a top holding in the recommended Fidelity Crypto Industry and Digital Payments ETF, indicating strong positioning in the digital payments and fintech sector.","insider sale;fintech;digital payments;card issuing;SEC Form 4","False","False","False"
"81","UNH","0.0509701590728593","0.16003976143141152","367.2799987792969","-0.009332656860351562","0.20033979415893555","0.3070509135723114","Finance_Insurance_RealEstate","HOSPITAL & MEDICAL SERVICE PLANS","4","3","0","STRONG-POS","2026-05-06T17:00:00Z","-0.7083333333333334","17.0","Global Healthcare Analytics Market is Predicted to Cross the USD 380 Billion Mark by 2034 | DelveInsight","Major healthcare analytics company that expanded its analytics suite in May 2025 with enhanced revenue cycle modules","healthcare analytics;electronic health records;artificial intelligence;machine learning;value-based care","False","False","False"
"82","BSX","0.05013589185016543","0.16202783300198806","56.0","-0.020122528076171875","-0.1048593521118164","0.5011035203933716","Manufacturing","SURGICAL & MEDICAL INSTRUMENTS & APPARATUS","2","0","2","STRONG-NEG","2026-05-03T22:00:00Z","2.0833333333333335","22.0","BSX DEADLINE: ROSEN, GLOBAL INVESTOR COUNSEL, Encourages Boston Scientific Corporation Investors to Secure Counsel Before Important May 4 Deadline in Securities","Company is accused of making materially false and misleading statements about its U.S. Electrophysiology segment's growth sustainability while concealing adverse facts, resulting in investor losses from missed earnings and weak guidance.","securities class action;Boston Scientific;Camping World Holdings;ADMA Biologics;investor lawsuit","False","False","False"
"83","COR","0.04719360131165351","0.16401590457256462","252.74000549316406","-0.18845319747924805","-0.222170889377594","0.6381507515907288","Wholesale","WHOLESALE-DRUGS, PROPRIETARIES & DRUGGISTS' SUNDRIES","0","0","0","NO-NEWS","","","","","","","False","False","False"
"84","URI","0.04458002945962904","0.16600397614314116","964.5","0.012991905212402344","0.26792776584625244","0.8472947478294373","Services","SERVICES-EQUIPMENT RENTAL & LEASING, NEC","0","0","0","NO-NEWS","","","","","","","False","False","False"
"85","PNR","0.043748189777307565","0.1679920477137177","79.91000366210938","-0.011504113674163818","-0.11730915307998657","0.4371407926082611","Manufacturing","SPECIAL INDUSTRY MACHINERY (NO METALWORKING MACHINERY)","1","1","0","POS","2026-05-01T16:32:48Z","4.310555555555555","16.0","Why Pentair Stock Is Plummeting This Week","Despite short-term stock decline, the company demonstrated strong financial performance with earnings and revenue beats, provided optimistic forward guidance with 23-25% EPS growth expected, and trades at a valuation discount to historical averages, suggesting undervaluation and ","earnings beat;analyst downgrade;stock decline;valuation discount;water solutions","False","False","False"
"86","SW","0.039955214521671396","0.16998011928429424","41.88999938964844","0.055695533752441406","-0.009224176406860352","0.42423421144485474","Manufacturing","PAPERBOARD CONTAINERS & BOXES","0","0","0","NO-NEWS","","","","","","","False","False","False"
"87","LRCX","0.03720200281640085","0.17196819085487078","297.1700134277344","0.19465327262878418","0.20560669898986816","0.523125410079956","Manufacturing","SPECIAL INDUSTRY MACHINERY, NEC","1","1","0","POS","2026-05-05T12:21:00Z","0.48541666666666666","12.0","Why the VanEck Semiconductor ETF Rallied Over 30% in April","Beat analyst expectations and provided similarly bullish commentary for rest of year and into 2027 as semiconductor equipment supplier benefiting from strong chip demand.","semiconductor ETF;AI demand;earnings reports;agentic AI;chip manufacturing","False","False","False"
"88","EME","0.034976944435516806","0.17395626242544732","943.75","0.13245022296905518","0.1958463191986084","0.35499170422554016","Construction","ELECTRICAL WORK","0","0","0","NO-NEWS","","","","","","","False","False","False"
"89","MOS","0.034147856965367235","0.17594433399602386","23.559999465942383","0.02301335334777832","-0.11495119333267212","0.3125070333480835","Manufacturing","AGRICULTURAL CHEMICALS","0","0","0","NO-NEWS","","","","","","","False","False","False"
"90","EXPE","0.02892139941019493","0.1779324055666004","246.66000366210938","-0.01560443639755249","0.04119884967803955","0.46232736110687256","Transportation_Utilities","TRANSPORTATION SERVICES","1","1","0","POS","2026-05-06T12:00:00Z","-0.5","12.0","AI, Personalization and the Future of Travel: 2026 TravelTech Breakthrough Award Winners Announced","Named Overall TravelTech Company of the Year, recognizing leadership and excellence in travel technology innovation","travel technology;AI innovation;hospitality management;revenue optimization;guest experience","False","False","False"
"91","XYZ","0.027184146062567787","0.17992047713717693","70.83000183105469","0.01972365379333496","0.12732768058776855","0.34817731380462646","Services","SERVICES-PREPACKAGED SOFTWARE","1","1","0","POS","2026-05-06T01:35:23Z","-0.06623842592592592","1.0","Marqeta Director Cuts Stake by Half: What Investors Should Know","Mentioned as a well-known holding in the Fidelity Crypto Industry and Digital Payments ETF, representing exposure to the broader fintech and digital payments sector growth.","insider sale;fintech;digital payments;card issuing;SEC Form 4","False","False","False"
"92","LMT","0.025255409170502337","0.18190854870775347","514.260009765625","0.008728742599487305","-0.1817660927772522","0.25284790992736816","Manufacturing","GUIDED MISSILES & SPACE VEHICLES & PARTS","8","5","0","STRONG-POS","2026-05-05T19:22:30Z","0.19270833333333334","19.0","Michael Burry Targets Palantir's Valuation (Again) As Stock Drops After Earnings","Used as a valuation comparison point; represents established defense contractor with significant Pentagon relationships","valuation criticism;earnings drop;AI software;defense contractors;market capitalization","False","False","False"
"93","DVA","0.024515323306471107","0.18389662027833","193.8800048828125","0.27561020851135254","0.3061169385910034","0.8679307699203491","Services","SERVICES-MISC HEALTH & ALLIED SERVICES, NEC","1","1","0","POS","2026-05-06T17:35:23Z","-0.7329050925925926","17.0","S&P 500, Nasdaq 100 Smash Records As AMD Jumps 16% On AI Hype: Stock Market Today","Jumped 18.4% after reporting Q1 EPS beat and raising full-year EPS guidance","AI earnings;semiconductor stocks;record highs;oil prices;Iran-U.S. diplomacy","False","False","False"
"94","TPL","0.02422383913128299","0.18588469184890655","419.75","-0.043914973735809326","-0.06364327669143677","0.6914681196212769","Finance_Insurance_RealEstate","OIL ROYALTY TRADERS","0","0","0","NO-NEWS","","","","","","","False","False","False"
"95","CBOE","0.023991381367809202","0.1878727634194831","346.0","0.13219892978668213","0.16517925262451172","0.3974597156047821","Finance_Insurance_RealEstate","SECURITY & COMMODITY BROKERS, DEALERS, EXCHANGES & SERVICES","0","0","0","NO-NEWS","","","","","","","False","False","False"
"96","ADI","0.023959300302769857","0.18986083499005965","415.6300048828125","0.06760680675506592","0.20051419734954834","0.35702377557754517","Manufacturing","SEMICONDUCTORS & RELATED DEVICES","1","0","0","NEUTRAL","2026-05-05T12:42:00Z","0.4708333333333333","12.0","Nvidia’s China Connection: Investor Risks With Earnings Ahead","Mentioned as part of broad-based semiconductor supercycle in Q1-Q2 2026, but lacks specific analysis or outlook.","Nvidia earnings;China restrictions;GPU market share;gray market;export controls","False","False","False"
"97","STLD","0.019344511376402074","0.1918489065606362","241.85000610351562","0.07790708541870117","0.2894541025161743","0.2892477214336395","Manufacturing","STEEL WORKS, BLAST FURNACES & ROLLING MILLS (COKE OVENS)","0","0","0","NO-NEWS","","","","","","","False","False","False"
"98","WAT","0.017820467988761173","0.19383697813121273","349.5299987792969","0.19648778438568115","0.09732210636138916","0.6492111682891846","Manufacturing","LABORATORY ANALYTICAL INSTRUMENTS","0","0","0","NO-NEWS","","","","","","","False","False","False"
"99","GNRC","0.017770808021596002","0.19582504970178927","267.4200134277344","0.05733048915863037","0.31779444217681885","0.6333041787147522","Manufacturing","MOTORS & GENERATORS","1","1","0","POS","2026-05-01T16:25:27Z","4.315659722222223","16.0","Why Generac Stock Powered Higher This Week","Strong Q1 earnings with 12% net sales growth, 28% C&I segment growth, raised full-year guidance to mid-to-high teens growth, benefiting from expanding data center market demand for power solutions, and potential upside from housing market recovery in residential segment.","data center infrastructure;power generation;energy storage;earnings beat;guidance raise","False","False","False"
"100","Q","0.01766915857611502","0.1978131212723658","149.44000244140625","0.05760788917541504","0.1554044485092163","0.3632053732872009","Manufacturing","SEMICONDUCTORS & RELATED DEVICES","0","0","0","NO-NEWS","","","","","","","False","False","False"
"101","ACN","0.011979814302798687","0.19980119284294234","174.57000732421875","-0.03156542778015137","-0.09941184520721436","0.4269557297229767","Services","SERVICES-BUSINESS SERVICES, NEC","1","0","0","NEUTRAL","2026-05-04T14:49:00Z","1.382638888888889","14.0","U.S. Transportation Leaders Convene in Los Angeles at the 2026 WTS International Annual Conference","Accenture is mentioned as a thought leader providing professional development sessions at the conference, representing standard corporate participation without specific business impact details.","WTS International;transportation;women in transportation;annual conference;leadership","False","False","False"
"102","AOS","0.010760853178734053","0.20178926441351888","61.060001373291016","-0.041143178939819336","-0.08551740646362305","0.32515949010849","Manufacturing","HOUSEHOLD APPLIANCES","0","0","0","NO-NEWS","","","","","","","False","False","False"
"103","ROK","0.010260027518889651","0.20377733598409542","459.3500061035156","0.14780104160308838","0.1779111623764038","0.4304743707180023","Manufacturing","MEASURING & CONTROLLING DEVICES, NEC","1","1","0","POS","2026-05-05T14:11:54Z","0.4084027777777778","14.0","Rockwell Automation Surge On Strong Demand, Boosts Outlook","Company exceeded analyst expectations with strong Q2 results, raised full-year EPS and sales guidance significantly above estimates, demonstrated margin expansion across all segments, and benefited from robust demand in key growth areas including warehouse automation and data cen","earnings;guidance raise;warehouse automation;data center demand;semiconductor","False","False","False"
"104","NUE","0.009290230877936127","0.20576540755467196","234.22000122070312","0.05319488048553467","0.2857927083969116","0.23766160011291504","Manufacturing","STEEL WORKS, BLAST FURNACES & ROLLING MILLS (COKE OVENS)","0","0","0","NO-NEWS","","","","","","","False","False","False"
"105","GEN","0.00708529731242288","0.2077534791252485","19.559999465942383","0.02194356918334961","0.035468459129333496","0.39465996623039246","Services","SERVICES-PREPACKAGED SOFTWARE","0","0","0","NO-NEWS","","","","","","","False","False","False"
"106","CMI","0.0007425995676569705","0.20974155069582506","715.760009765625","0.12021279335021973","0.1996312141418457","0.36153948307037354","Manufacturing","ENGINES & TURBINES","1","1","0","POS","2026-05-04T10:30:00Z","1.5625","10.0","Clean Energy Broadens RNG Footprint With New Stations Positioned on Key Freight Corridors","Cummins' X15N 15-liter natural gas engine is highlighted as a 'gamechanger' that enables long-haul and heavy-duty fleets to operate on RNG. The engine's availability from multiple OEMs and its role in supporting Clean Energy's expansion indicates positive market traction and grow","renewable natural gas;RNG stations;heavy-duty trucks;freight corridors;emissions reduction","False","False","False"
"107","SYK","0.0006011462770774854","0.2117296222664016","292.3299865722656","-0.07235115766525269","-0.14023125171661377","0.3060610294342041","Manufacturing","SURGICAL & MEDICAL INSTRUMENTS & APPARATUS","0","0","0","NO-NEWS","","","","","","","False","False","False"
"108","RCL","-0.00655590772342034","0.21371769383697814","287.0799865722656","0.13019168376922607","0.028002500534057617","0.5564960837364197","Transportation_Utilities","WATER TRANSPORTATION","4","3","1","POS","2026-05-06T12:32:00Z","-0.5222222222222223","12.0","2 Top Dividend Stocks to Double Up on Right Now","Strong Q1 revenue growth of 11% year-over-year despite economic headwinds, recent 50% dividend increase to $1.50/share, 2.3% dividend yield (double S&P 500), sustainable 26% payout ratio, and expected recovery as economic conditions improve.","dividend stocks;cyclical companies;Royal Caribbean Cruises;Lennar;dividend yield","False","False","False"
"109","DOC","-0.00677127826650021","0.21570576540755468","19.5","0.2195122241973877","0.16906476020812988","0.6880157589912415","Finance_Insurance_RealEstate","REAL ESTATE INVESTMENT TRUSTS","0","0","0","NO-NEWS","","","","","","","False","False","False"
"110","ALLE","-0.012503316618602583","0.21769383697813122","135.3300018310547","-0.014850378036499023","-0.0633954405784607","0.3531445264816284","Services","SERVICES-DETECTIVE, GUARD & ARMORED CAR SERVICES","0","0","0","NO-NEWS","","","","","","","False","False","False"
"111","FCX","-0.014600402653275328","0.21968190854870775","60.88999938964844","0.06955909729003906","-0.06466972827911377","0.616974949836731","Mining","METAL MINING","0","0","0","NO-NEWS","","","","","","","False","False","False"
"112","CAT","-0.014883870600833727","0.2216699801192843","926.9299926757812","0.1442873477935791","0.20134007930755615","0.4292490482330322","Manufacturing","CONSTRUCTION MACHINERY & EQUIP","7","6","1","POS","2026-05-05T18:20:58Z","0.23543981481481482","18.0","S&P 500 and Dow Jones Climb; Intel's 14% Surge Steals the Show","Advanced 2.8% as the Dow's largest percentage gainer, benefiting from bullish earnings reports and strong year-to-date performance.","semiconductor stocks;Intel partnership;Apple chip manufacturing;supply chain diversification;AI spending","False","False","False"
"113","GOOG","-0.014996770451557138","0.22365805168986083","395.1400146484375","0.13771557807922363","0.2554490566253662","0.39508235454559326","Services","SERVICES-COMPUTER PROGRAMMING, DATA PROCESSING, ETC.","83","53","3","POS","2026-05-06T17:44:00Z","-0.7388888888888889","17.0","Earnings Season Shows Resilient Consumers and Surging AI Demand","CEO highlighted strong AI investments driving performance, with Cloud revenue growing 63% and backlog nearly doubling to over $460 billion","earnings season;consumer spending;AI demand;tech growth;capital expenditure","False","False","False"
"114","GOOGL","-0.014996770451557138","0.22564612326043737","398.0400085449219","0.1374521255493164","0.254380464553833","0.39178746938705444","Services","SERVICES-COMPUTER PROGRAMMING, DATA PROCESSING, ETC.","83","53","3","POS","2026-05-06T17:44:00Z","-0.7388888888888889","17.0","Earnings Season Shows Resilient Consumers and Surging AI Demand","CEO highlighted strong AI investments driving performance, with Cloud revenue growing 63% and backlog nearly doubling to over $460 billion","earnings season;consumer spending;AI demand;tech growth;capital expenditure","False","False","False"
"115","VRSK","-0.015618381273621185","0.2276341948310139","170.94000244140625","-0.0916627049446106","-0.02559417486190796","0.42263418436050415","Services","SERVICES-COMPUTER PROCESSING & DATA PREPARATION","0","0","0","NO-NEWS","","","","","","","False","False","False"
"116","MCK","-0.021603764930007246","0.22962226640159045","743.6699829101562","-0.09598487615585327","-0.14636468887329102","0.2695125639438629","Wholesale","WHOLESALE-DRUGS, PROPRIETARIES & DRUGGISTS' SUNDRIES","1","1","0","POS","2026-05-06T17:00:00Z","-0.7083333333333334","17.0","Global Healthcare Analytics Market is Predicted to Cross the USD 380 Billion Mark by 2034 | DelveInsight","Listed as a key player in the rapidly growing healthcare analytics market","healthcare analytics;electronic health records;artificial intelligence;machine learning;value-based care","False","False","False"
"117","PPG","-0.022105413393445975","0.23161033797216699","111.52999877929688","0.06533575057983398","0.009595394134521484","0.3836483359336853","Manufacturing","PAINTS, VARNISHES, LACQUERS, ENAMELS & ALLIED PRODS","0","0","0","NO-NEWS","","","","","","","False","False","False"
"118","IFF","-0.022239520925018127","0.23359840954274355","82.93000030517578","0.2038031816482544","0.12416982650756836","0.6857929825782776","Manufacturing","INDUSTRIAL ORGANIC CHEMICALS","2","2","0","POS","2026-05-06T17:35:23Z","-0.7329050925925926","17.0","S&P 500, Nasdaq 100 Smash Records As AMD Jumps 16% On AI Hype: Stock Market Today","Rallied 15.1% on Q1 EPS and EBITDA beat with revenue topping consensus despite year-over-year sales decline","AI earnings;semiconductor stocks;record highs;oil prices;Iran-U.S. diplomacy","False","False","False"
"119","IRM","-0.022246499207862515","0.2355864811133201","132.05999755859375","0.15316104888916016","0.23455166816711426","0.42273733019828796","Finance_Insurance_RealEstate","REAL ESTATE INVESTMENT TRUSTS","1","1","0","POS","2026-04-30T08:52:00Z","5.6305555555555555","8.0","India Data Center Colocation Report 2026: Market to Expand by 25.5% to Reach $7.31 Billion this Year - Revenue, Capacity, and Performance Metrics, Size and Fore","Provides carrier-neutral colo services in India's growing market; acquisition by Iron Mountain strengthens its position in the expanding Asia-Pacific data center sector.","data center colocation;India market growth;AI workloads;hyperscaler expansion;DPDP Act compliance","False","False","False"
"120","ULTA","-0.022719937332585108","0.23757455268389663","535.0999755859375","0.009184718132019043","0.004279017448425293","0.2889252305030823","Retail","RETAIL-RETAIL STORES, NEC","1","0","0","NEUTRAL","2026-04-30T18:53:11Z","5.213067129629629","18.0","Bill Hutchinson, CEO of Dunhill Partners, Announces Acquisition of Bradford Plaza in Stillwater, Oklahoma","Identified as a tenant at the shopping center. No direct business impact or company-specific information is provided.","retail acquisition;shopping center;Stillwater Oklahoma;real estate investment;commercial property","False","False","False"
"121","BAX","-0.024237828688953737","0.23956262425447317","16.979999542236328","0.004733681678771973","-0.015081226825714111","0.3947526514530182","Manufacturing","SURGICAL & MEDICAL INSTRUMENTS & APPARATUS","0","0","0","NO-NEWS","","","","","","","False","False","False"
"122","RVTY","-0.025622814062282978","0.2415506958250497","99.08999633789062","0.20459508895874023","0.09612822532653809","0.5763818025588989","Manufacturing","LABORATORY ANALYTICAL INSTRUMENTS","0","0","0","NO-NEWS","","","","","","","False","False","False"
"123","NFLX","-0.026204063250869408","0.24353876739562624","88.2699966430664","-0.04179340600967407","-0.11188250780105591","0.4364745020866394","Services","SERVICES-VIDEO TAPE RENTAL","6","2","1","POS","2026-05-05T15:35:43Z","0.35019675925925925","15.0","Earnings Season Hits Overdrive","Mentioned as comparable to Spotify in mature streaming business. Still adding millions of users and growing revenue per user through password-sharing crackdowns, but facing similar market re-rating from hyper-growth to mature business expectations.","earnings season;streaming services;fintech;AI energy demand;valuation concerns","False","False","False"
"124","KEYS","-0.02700024576449261","0.24552683896620278","366.67999267578125","0.09306621551513672","0.1518864631652832","0.25843051075935364","Manufacturing","INDUSTRIAL INSTRUMENTS FOR MEASUREMENT, DISPLAY, AND CONTROL","0","0","0","NO-NEWS","","","","","","","False","False","False"
"125","IBKR","-0.027482589563560308","0.24751491053677932","87.04000091552734","0.12965607643127441","0.2037062644958496","0.34973302483558655","Finance_Insurance_RealEstate","SECURITY BROKERS, DEALERS & FLOTATION COMPANIES","3","1","0","POS","2026-05-06T17:16:32Z","-0.7198148148148148","17.0","Why This Fund Sold $4.7 Million in Bread Financial Amid a Staggering Stock Surge","Mentioned as Brooktree's top holding at $18.26 million (14.5% of AUM) with no specific news or performance commentary provided in the article.","Bread Financial Holdings;stock sale;portfolio management;earnings growth;credit metrics","False","False","False"
"126","RMD","-0.027654124288289127","0.24950298210735586","209.63999938964844","-0.01080542802810669","-0.09128737449645996","0.24850453436374664","Manufacturing","SURGICAL & MEDICAL INSTRUMENTS & APPARATUS","1","1","0","POS","2026-05-05T17:04:00Z","0.28888888888888886","17.0","9 Stocks That Could Defy the ’Sell in May and Go Away’ Trend This Time","Q3 fiscal 2026 results exceeded expectations with EPS of $2.86 vs $2.79 estimate, 10.8% YoY revenue growth, expanded gross margins to 62.2%, and Royal Bank of Canada raised price target to $321 with outperform rating","sell in May;earnings season;stock market;healthcare stocks;valuation","False","False","False"
"127","NOC","-0.029019714882201175","0.2514910536779324","559.5999755859375","-0.022379040718078613","-0.18600082397460938","0.2964177429676056","Manufacturing","SEARCH, DETECTION, NAVIGATION, GUIDANCE, AERONAUTICAL SYS","3","2","0","POS","2026-05-05T19:22:30Z","0.19270833333333334","19.0","Michael Burry Targets Palantir's Valuation (Again) As Stock Drops After Earnings","Used as a valuation comparison point; represents established defense contractor with decades of Pentagon relationships and industrial footprint","valuation criticism;earnings drop;AI software;defense contractors;market capitalization","False","False","False"
"128","CTSH","-0.033373427696544056","0.25347912524850896","51.33000183105469","-0.061608731746673584","-0.15852457284927368","0.345333993434906","Services","SERVICES-COMPUTER PROGRAMMING SERVICES","0","0","0","NO-NEWS","","","","","","","False","False","False"
"129","GIS","-0.03608968320742734","0.2554671968190855","35.06999969482422","0.017406344413757324","-0.04180324077606201","0.2345629334449768","Manufacturing","GRAIN MILL PRODUCTS","1","0","1","NEG","2026-04-30T18:05:00Z","5.246527777777778","18.0","Oil Shocks Are Pushing Up Food and Fertilizer Costs. These Consumer Stocks Are Feeling the Squeeze.","Similar pressures as Kraft Heinz with rising input costs, inability to pass costs to consumers, expected 19% EPS decline in 2026, and ongoing challenges from competition and portfolio weaknesses despite dividend yield.","oil prices;food costs;fertilizer prices;packaged food;margin compression","False","False","False"
"130","BEN","-0.036775354680681965","0.25745526838966204","31.15999984741211","0.05806446075439453","0.2524116039276123","0.3270326256752014","Finance_Insurance_RealEstate","INVESTMENT ADVICE","0","0","0","NO-NEWS","","","","","","","False","False","False"
"131","SWKS","-0.037411460372931894","0.25944333996023855","64.96499633789062","0.03678572177886963","0.14900946617126465","0.6530742049217224","Manufacturing","SEMICONDUCTORS & RELATED DEVICES","0","0","0","NO-NEWS","","","","","","","False","False","False"
"132","MKC","-0.03763874616190599","0.2614314115308151","48.4900016784668","-0.04056191444396973","-0.03999203443527222","0.30847394466400146","Manufacturing","MISCELLANEOUS FOOD PREPARATIONS & KINDRED PRODUCTS","1","0","1","NEG","2026-05-05T18:53:00Z","0.21319444444444444","18.0","Halper Sadeh LLC is Investigating Whether MKC, LEG, OGN, KW are Obtaining Fair Deals for their Shareholders","Under investigation for potential breach of fiduciary duties in merger with Unilever Foods; shareholders will own only 35% of combined entity, suggesting potentially unfavorable terms","shareholder investigation;merger;acquisition;fiduciary duty;securities law","False","False","False"
"133","WDAY","-0.03830060167821831","0.2634194831013916","122.62999725341797","0.0016335248947143555","0.029034137725830078","0.609745979309082","Services","SERVICES-COMPUTER PROCESSING & DATA PREPARATION","0","0","0","NO-NEWS","","","","","","","False","False","False"
"134","CPB","-0.038627322801042044","0.2654075546719682","20.959999084472656","0.02493882179260254","0.013049721717834473","0.20899303257465363","Manufacturing","FOOD AND KINDRED PRODUCTS","0","0","0","NO-NEWS","","","","","","","False","False","False"
"135","GPC","-0.046553107543569526","0.2673956262425447","105.48999786376953","0.021398186683654785","-0.017875492572784424","0.2901093363761902","Wholesale","WHOLESALE-MOTOR VEHICLE SUPPLIES & NEW PARTS","0","0","0","NO-NEWS","","","","","","","False","False","False"
"136","DG","-0.04714833047211915","0.26938369781312127","116.37000274658203","0.019626736640930176","-0.0542868971824646","0.296360582113266","Retail","RETAIL-VARIETY STORES","0","0","0","NO-NEWS","","","","","","","False","False","False"
"137","AMAT","-0.04764636829859132","0.27137176938369784","428.6199951171875","0.12031161785125732","0.1112205982208252","0.4118614196777344","Manufacturing","SEMICONDUCTORS & RELATED DEVICES","3","3","0","STRONG-POS","2026-05-04T17:33:00Z","1.26875","17.0","Warren Buffett: 3 Investment Metrics to Distinguish Value From Hype","Trading at $389 with EPS yield of 4.97%, showing a positive spread of 67 basis points over Treasury yield. Demonstrates actual returns that justify investment risk, meeting Buffett's valuation criteria.","Warren Buffett;valuation metrics;EPS yield;free cash flow yield;AI stocks","False","False","False"
"138","ABT","-0.04851916257972727","0.27335984095427435","86.30000305175781","-0.055074989795684814","-0.16666662693023682","0.29694613814353943","Manufacturing","PHARMACEUTICAL PREPARATIONS","1","0","0","NEUTRAL","2026-05-06T08:10:00Z","-0.3402777777777778","8.0","Want Reliable Dividend Income in May? These 2 Stocks Deliver","Abbott is mentioned only in historical context as the parent company from which AbbVie was spun off in 2013. No current analysis or recommendation is provided.","dividend stocks;dividend income;Dividend Kings;REIT;monthly dividends","False","False","False"
"139","NKE","-0.049581936829129813","0.2753479125248509","43.880001068115234","-0.011489033699035645","0.017389297485351562","0.2712966799736023","Manufacturing","RUBBER & PLASTICS FOOTWEAR","2","0","2","STRONG-NEG","2026-05-06T11:15:00Z","-0.46875","11.0","Nike Is Down 32% This Year and Under Investigation by the EEOC. Is NKE a Buy, Sell, or Hold?","Stock down 32% YTD and 76% from 2021 highs; revenue declining with net margins compressed from 12.8% to 4.8%; China sales down 10% for seven consecutive quarters; facing EEOC investigation, poor PR campaigns, and significant layoffs; analyst recommends avoiding the stock despite ","Nike stock decline;EEOC investigation;China market weakness;profit margin compression;layoffs","False","False","False"
"140","CAG","-0.05633562831574095","0.2773359840954274","14.069999694824219","-0.011243820190429688","-0.09691911935806274","0.2843237519264221","Manufacturing","FOOD AND KINDRED PRODUCTS","0","0","0","NO-NEWS","","","","","","","False","False","False"
"141","HCA","-0.06141832568364568","0.279324055666004","429.45001220703125","-0.012259066104888916","-0.1498059630393982","0.3763976991176605","Services","SERVICES-GENERAL MEDICAL & SURGICAL HOSPITALS, NEC","2","0","0","NEUTRAL","2026-05-04T14:59:00Z","1.3756944444444446","14.0","Awareness is Key: 3 Steps to Help Recognize Stroke Signs and Risks for Better Outcomes","HCA Healthcare is mentioned only as the employer of Dr. Adrian Jaquin-Valdivia, a stroke neurologist providing expert commentary. The mention is purely informational with no direct business implications or performance-related content.","stroke prevention;B.E. F.A.S.T.;warning signs;brain health;blood pressure management","False","False","False"
"142","FFIV","-0.06435461438635175","0.2813121272365805","341.0199890136719","0.03921985626220703","0.11897873878479004","0.4214208722114563","Manufacturing","COMPUTER COMMUNICATIONS EQUIPMENT","0","0","0","NO-NEWS","","","","","","","False","False","False"
"143","INTU","-0.06477118442518393","0.28330019880715707","388.54998779296875","-0.016528308391571045","-0.0024647116661071777","0.5506804585456848","Services","SERVICES-PREPACKAGED SOFTWARE","0","0","0","NO-NEWS","","","","","","","False","False","False"
"144","MAS","-0.06701430398318038","0.2852882703777336","71.94999694824219","0.009682774543762207","0.15619468688964844","0.5116182565689087","Manufacturing","HEATING EQUIP, EXCEPT ELEC & WARM AIR; & PLUMBING FIXTURES","0","0","0","NO-NEWS","","","","","","","False","False","False"
"145","ELV","-0.07039343788122662","0.28727634194831014","374.7099914550781","-0.005097866058349609","0.17748165130615234","0.3116999864578247","Finance_Insurance_RealEstate","HOSPITAL & MEDICAL SERVICE PLANS","0","0","0","NO-NEWS","","","","","","","False","False","False"
"146","CDNS","-0.07544270755786533","0.28926441351888665","354.8999938964844","0.07561743259429932","0.22590672969818115","0.5423811674118042","Services","SERVICES-PREPACKAGED SOFTWARE","0","0","0","NO-NEWS","","","","","","","False","False","False"
"147","CDW","-0.07687699912372042","0.2912524850894632","109.0","-0.19592797756195068","-0.13990378379821777","0.8099362254142761","Retail","RETAIL-CATALOG & MAIL-ORDER HOUSES","2","0","2","STRONG-NEG","2026-05-06T19:29:09Z","-0.8119097222222222","19.0","CDW Stock Sinks To 52-Week Low - Here's Why","Stock declined 19.98% to a 52-week low despite beating revenue expectations. EPS missed analyst estimates, gross and operating margins contracted, and management provided cautious guidance for H2 2026 citing macroeconomic uncertainty, geopolitical risks, and potential demand norm","CDW earnings;Q1 2026 results;margin compression;AI infrastructure;IT solutions","False","False","False"
"148","IQV","-0.09000760546514593","0.2932405566600398","176.47000122070312","0.12645220756530762","0.022777318954467773","0.5412068367004395","Services","SERVICES-COMMERCIAL PHYSICAL & BIOLOGICAL RESEARCH","0","0","0","NO-NEWS","","","","","","","False","False","False"
"149","CRWD","-0.10061639767148209","0.2952286282306163","468.07000732421875","0.0346832275390625","0.09744203090667725","0.5167279243469238","Services","SERVICES-PREPACKAGED SOFTWARE","3","3","0","STRONG-POS","2026-05-06T01:16:47Z","-0.053321759259259256","1.0","AI Is Reshaping Cybersecurity Threats: Why Zscaler and CrowdStrike Could Be Long-Term Winners","Identified as a potential long-term winner in the cybersecurity space as AI and quantum technology reshape the cyber threat landscape. Expected to benefit from increased demand for trusted security partners navigating evolving attack surfaces.","AI cybersecurity;quantum threats;cyberattacks;security vendors;long-term opportunity","False","False","False"
"150","APO","-0.10516905806875837","0.29721669980119286","129.52999877929688","0.059290170669555664","0.20999526977539062","0.40559718012809753","Finance_Insurance_RealEstate","INVESTMENT ADVICE","4","1","2","NEG","2026-05-06T14:45:02Z","-0.6146064814814814","14.0","Siris Completes Acquisition of TAKKION","Apollo successfully divested its majority stake in TAKKION to Siris, representing a liquidity event and portfolio optimization, but the article does not indicate material impact on Apollo's core business or strategic direction.","acquisition;private equity;renewable energy;TAKKION;Siris","False","False","False"
"151","MDT","-0.1067837182712714","0.2992047713717694","77.5999984741211","-0.022300660610198975","-0.12464749813079834","0.22408542037010193","Manufacturing","ELECTROMEDICAL & ELECTROTHERAPEUTIC APPARATUS","2","1","0","POS","2026-05-05T17:03:00Z","0.28958333333333336","17.0","3 Reasons Analysts Love DexCom","Mentioned as a major competitor in the CGM market but no specific performance data or analysis provided in the article.","continuous glucose monitoring;CGM devices;diabetes management;medical devices;Q1 2026 earnings","False","False","False"
"152","ADM","-0.11545678925286162","0.30119284294234594","78.0199966430664","0.05049145221710205","0.08784151077270508","0.3107529878616333","Manufacturing","FATS & OILS","0","0","0","NO-NEWS","","","","","","","False","False","False"
"153","MPC","-0.11689405852602391","0.30318091451292245","245.77999877929688","0.016417860984802246","0.05948793888092041","0.42988213896751404","Manufacturing","PETROLEUM REFINING","1","1","0","POS","2026-04-30T07:48:45Z","5.674479166666667","7.0","Marathon Petroleum Stock Is Trending Overnight: Here's Why","Stock up 3.96% on strong earnings beat (Q4 EPS beat by 49.63%), dividend declaration, Iran blockade discussions supporting energy prices, bullish analyst ratings, and strong technical momentum in 89th percentile","Marathon Petroleum;energy sector;dividend;Iran blockade;oil prices","False","False","False"
"154","AMZN","-0.11768297299132385","0.305168986083499","274.989990234375","0.04543030261993408","0.24289262294769287","0.2654908001422882","Retail","RETAIL-CATALOG & MAIL-ORDER HOUSES","80","41","5","POS","2026-05-06T18:05:00Z","-0.7534722222222222","18.0","The Market Didn't See Rocket Lab's Move Coming. These 2 Stocks Are Next to Watch.","Identified as a major customer of Plug Power's hydrogen fuel cells and charging systems, but mentioned only in context of Plug Power's business relationships.","space technology;solid-state batteries;hydrogen fuel cells;electric vehicles;stock valuation","False","False","False"
"155","EMR","-0.12599233589989017","0.3071570576540755","147.99000549316406","0.08369958400726318","0.03736162185668945","0.3791404068470001","Manufacturing","ELECTRONIC & OTHER ELECTRICAL EQUIPMENT (NO COMPUTER EQUIP)","1","0","0","NEUTRAL","2026-05-01T14:00:00Z","4.416666666666667","14.0","Leak Detection Market Size to Hit USD 8.53 Billion by 2035 | SNS Insider","Listed as a leading market player but no specific recent developments or market activities mentioned in the article.","leak detection;pipeline infrastructure;regulatory compliance;market growth;handheld detectors","False","False","False"
"156","F","-0.12821477504287832","0.3091451292246521","12.170000076293945","-0.00571894645690918","-0.0008210539817810059","0.32664433121681213","Manufacturing","MOTOR VEHICLES & PASSENGER CAR BODIES","5","2","2","NEUTRAL","2026-05-06T14:35:00Z","-0.6076388888888888","14.0","Welcome to Shareholder Meeting Month: AI, Oil, and Consumer Are in the Spotlight","Down 13% YTD, badly lagging S&P 500; faces headwinds from EV strategy scrutiny, rising aluminum costs, and elevated gas prices impacting consumer demand.","shareholder meetings;AGM;consumer spending;AI strategy;energy prices","False","False","False"
"157","WTW","-0.12850041924845412","0.3111332007952286","252.41000366210938","-0.1299506425857544","-0.13207483291625977","0.4698348343372345","Finance_Insurance_RealEstate","INSURANCE AGENTS, BROKERS & SERVICE","3","0","2","STRONG-NEG","2026-05-06T08:00:00Z","-0.3333333333333333","8.0","Specialty insurance rates soften at faster than expected pace, retreating to 2020 pricing levels, WTW survey finds","WTW is the survey publisher providing market analysis data. The article presents factual market findings showing rate declines across specialty insurance, which is neither inherently positive nor negative for WTW as a data provider and advisory firm. The softening rates may impac","specialty insurance;rate softening;insurance marketplace;premium pricing;property insurance","False","False","False"
"158","SYY","-0.13144729767532626","0.31312127236580517","73.33000183105469","-0.008652150630950928","-0.024218201637268066","0.23614175617694855","Wholesale","WHOLESALE-GROCERIES & RELATED PRODUCTS","0","0","0","NO-NEWS","","","","","","","False","False","False"
"159","META","-0.13277890557871944","0.31510934393638174","612.8800048828125","-0.08405065536499023","0.0007511377334594727","0.4158296585083008","Services","SERVICES-COMPUTER PROGRAMMING, DATA PROCESSING, ETC.","56","13","24","NEG","2026-05-06T17:21:00Z","-0.7229166666666667","17.0","Amazon AI Spending Enters the Spotlight as Positive Q1 Results Restore Confidence","Share prices falling as investors become wary of Meta's commitment to ramp up capital expenditure to $145 billion. Unlike Amazon, Meta's growth appears more dependent on AI spending without comparable diversified revenue streams, raising concerns about sustainability.","Amazon Q1 earnings;AWS cloud growth;AI spending;capital expenditure;cloud backlog","False","False","False"
"160","VLO","-0.13332883825563085","0.31709741550695825","236.69000244140625","-0.058137714862823486","-0.012310147285461426","0.4755414128303528","Manufacturing","PETROLEUM REFINING","1","0","1","NEG","2026-04-30T16:17:23Z","5.321261574074074","16.0","Valero Delivers Strong Q1 Beat, But Lower Throughput Outlook Clouds Near-Term Stock Path","While Q1 results exceeded expectations with strong revenue and EPS beats, the stock declined due to significantly weaker Q2 guidance. The company projects reduced refining throughput from operational disruptions (Port Arthur scaffolding collapse and Benicia refinery shutdown), wh","Valero Energy;Q1 earnings beat;refining throughput decline;Port Arthur incident;Benicia refinery shutdown","False","False","False"
"161","DD","-0.13513148765332172","0.3190854870775348","50.06999969482422","0.12214255332946777","0.046395063400268555","0.37833887338638306","Manufacturing","PLASTIC MATERIALS, SYNTH RESINS & NONVULCAN ELASTOMERS","1","1","0","POS","2026-05-05T17:16:58Z","0.27988425925925925","17.0","DuPont Flexes Pricing Power, Initiates Accelerated Stock Buyback","Company exceeded Q1 financial expectations with strong EPS and revenue beats, demonstrated pricing power and margin expansion of 230 basis points, raised full-year 2026 guidance above analyst estimates, generated solid cash flow of $232 million from operations, and announced acce","earnings beat;margin expansion;pricing power;share buyback;guidance raise","False","False","False"
"162","TEL","-0.13560204627104616","0.3210735586481113","216.1699981689453","0.05320334434509277","-0.030758202075958252","0.4767911434173584","Wholesale","WHOLESALE-ELECTRONIC PARTS & EQUIPMENT, NEC","0","0","0","NO-NEWS","","","","","","","False","False","False"
"163","DASH","-0.13820159286734301","0.3230616302186879","167.97000122070312","-0.008031666278839111","0.04530465602874756","0.5514883399009705","Services","SERVICES-BUSINESS SERVICES, NEC","1","0","0","NEUTRAL","2026-05-04T14:45:07Z","1.3853356481481482","14.0","Earnings Volatility Watch: 7 AI-Linked Stocks Are Set For Double-Digit Moves This Week","Down 22.36% YTD as underperformer due to consumer-spending pressure and stalled grocery expansion, though April showed 12.7% rebound. Expected strong earnings growth (+32.65% EPS, +30.74% revenue).","earnings volatility;AI infrastructure;implied moves;semiconductor IP;optical networking","False","False","False"
"164","BDX","-0.13881162601619987","0.3250497017892644","144.75999450683594","-0.0037850141525268555","-0.07849007844924927","0.21134890615940094","Manufacturing","SURGICAL & MEDICAL INSTRUMENTS & APPARATUS","0","0","0","NO-NEWS","","","","","","","False","False","False"
"165","SNPS","-0.14009013934961917","0.32703777335984097","504.4200134277344","0.048210859298706055","0.22981274127960205","0.5127187371253967","Services","SERVICES-PREPACKAGED SOFTWARE","0","0","0","NO-NEWS","","","","","","","False","False","False"
"166","UBER","-0.14243587118275328","0.3290258449304175","79.16999816894531","0.06311261653900146","0.09381043910980225","0.43672582507133484","Services","SERVICES-BUSINESS SERVICES, NEC","13","5","0","STRONG-POS","2026-05-06T17:35:23Z","-0.7329050925925926","17.0","S&P 500, Nasdaq 100 Smash Records As AMD Jumps 16% On AI Hype: Stock Market Today","Jumped 7% after issuing upbeat bookings forecast","AI earnings;semiconductor stocks;record highs;oil prices;Iran-U.S. diplomacy","False","False","False"
"167","ALB","-0.14319857744974138","0.33101391650099404","192.61000061035156","0.009063243865966797","0.08549368381500244","0.8304314613342285","Manufacturing","PLASTIC MATERIALS, SYNTH RESINS & NONVULCAN ELASTOMERS","1","1","0","POS","2026-05-05T20:15:00Z","0.15625","20.0","Albemarle Announces Quarterly Common Stock Dividend","The announcement of a quarterly dividend demonstrates financial strength and confidence in future cash flows. The company is returning capital to shareholders, which is typically viewed positively by investors and indicates stable operational performance and profitability.","dividend;quarterly;Albemarle;lithium;bromine","False","False","False"
"168","ZBRA","-0.14636499107198056","0.33300198807157055","229.75999450683594","0.06597387790679932","0.03897976875305176","0.28918612003326416","Manufacturing","GENERAL INDUSTRIAL MACHINERY & EQUIPMENT","0","0","0","NO-NEWS","","","","","","","False","False","False"
"169","HSY","-0.14813784633589125","0.3349900596421471","186.41000366210938","-0.014537930488586426","-0.10804343223571777","0.2568466365337372","Manufacturing","SUGAR & CONFECTIONERY PRODUCTS","0","0","0","NO-NEWS","","","","","","","False","False","False"
"170","DXCM","-0.14827826681072812","0.33697813121272363","60.36000061035156","0.04864490032196045","-0.08267480134963989","0.36098864674568176","Manufacturing","SURGICAL & MEDICAL INSTRUMENTS & APPARATUS","2","2","0","POS","2026-05-05T17:04:00Z","0.28888888888888886","17.0","9 Stocks That Could Defy the ’Sell in May and Go Away’ Trend This Time","Strong Q1 2026 results with EPS beating estimates ($0.56 vs $0.47), 15% YoY revenue growth, raised operating margin outlook, and stock trading below average analyst price target of $86.88 with 30%+ upside potential","sell in May;earnings season;stock market;healthcare stocks;valuation","False","False","False"
"171","FSLR","-0.1493402550737745","0.3389662027833002","218.0","0.14369654655456543","0.08576548099517822","0.42859646677970886","Manufacturing","SEMICONDUCTORS & RELATED DEVICES","0","0","0","NO-NEWS","","","","","","","False","False","False"
"172","HWM","-0.15678696222577293","0.34095427435387676","256.42999267578125","0.08417892456054688","0.02572000026702881","0.357788622379303","Manufacturing","ROLLING DRAWING & EXTRUDING OF NONFERROUS METALS","0","0","0","NO-NEWS","","","","","","","False","False","False"
"173","NVDA","-0.15687914009890006","0.3429423459244533","207.8300018310547","-0.0067861080169677734","0.14142131805419922","0.39943191409111023","Manufacturing","SEMICONDUCTORS & RELATED DEVICES","109","49","11","POS","2026-05-06T19:35:19Z","-0.8161921296296296","19.0","Nvidia's Next Great Rival May Not Be A Company — It Could Be China","Nvidia faces a systemic threat from China's coordinated AI ecosystem strategy rather than individual competitors. CEO Jensen Huang warned this would be a 'horrible outcome,' and U.S. export restrictions are already limiting Nvidia's market access in China while domestic alternati","artificial intelligence;semiconductors;China;AI chips;technological self-sufficiency","False","False","False"
"174","DECK","-0.15840822977888078","0.34493041749502984","103.91999816894531","0.025458812713623047","-0.022849082946777344","0.37490880489349365","Manufacturing","RUBBER & PLASTICS FOOTWEAR","0","0","0","NO-NEWS","","","","","","","False","False","False"
"175","CVS","-0.15926829588689784","0.34691848906560635","86.86000061035156","0.03528010845184326","0.10242414474487305","0.3995529115200043","Retail","RETAIL-DRUG STORES AND PROPRIETARY STORES","2","1","0","POS","2026-05-06T16:37:58Z","-0.6930324074074075","16.0","CVS Health's Lower Medical Cost Ratio Lift Profit, Outlook","Strong Q1 earnings beat ($2.57 vs $2.20 estimate), revenue beat ($100.43B vs $95.09B estimate), improved medical benefit ratio, raised 2026 guidance, and stock trading at new 52-week high with 6.09% gain.","CVS Health earnings;medical benefit ratio;biosimilars strategy;2026 guidance raise;pharmacy benefit management","False","False","False"
"176","CARR","-0.16146082887741214","0.3489065606361829","67.9000015258789","0.09977328777313232","0.1648653745651245","0.5938832759857178","Manufacturing","AIR-COND & WARM AIR HEATG EQUIP & COMM & INDL REFRIG EQUIP","2","2","0","POS","2026-05-06T14:31:38Z","-0.6053009259259259","14.0","You Just Missed The SanDisk And Micron Memory Trade: These 10 Stocks Could Ride The Next AI Wave","CEO reported meaningful 2027 orders for data center cooling with capacity available; global data center orders rose 500% YoY; backlog covers full 2026 sales target of $1.5B","liquid cooling;AI infrastructure;thermal management;data centers;AI factories","False","False","False"
"177","FISV","-0.16223640198984146","0.3508946322067594","56.11000061035156","-0.0952918529510498","-0.009182393550872803","0.4412486255168915","Services","SERVICES-BUSINESS SERVICES, NEC","2","1","1","NEUTRAL","2026-05-05T18:32:21Z","0.22753472222222224","18.0","Why Fiserv Stock Is Sinking Today","Despite beating earnings expectations, the company missed on revenue and reported year-over-year revenue decline of 2.3%. Weak sales momentum and conservative forward guidance for only 1-3% organic growth disappointed investors, causing a 9.5% stock decline. The near-term outlook","earnings beat;sales miss;revenue decline;growth concerns;forward guidance","False","False","False"
"178","DPZ","-0.1625884190413529","0.352882703777336","324.6600036621094","-0.023020684719085693","-0.13709330558776855","0.3714204728603363","Wholesale","WHOLESALE-GROCERIES & RELATED PRODUCTS","2","0","2","STRONG-NEG","2026-05-06T11:27:00Z","-0.47708333333333336","11.0","Domino's Pizza Stock Fell After Reporting Disappointing Sales. Should Investors Buy the Dip?","Company missed Q1 2026 earnings expectations on revenue ($1.1B vs. expected higher) and EPS ($4.13 vs. $4.26 expected). Same-store sales growth significantly underperformed (0.9% U.S. vs. 2.6% expected; 0.4% international vs. 0.7% expected). Management cited COVID-level low consu","earnings miss;same-store sales;consumer sentiment;stock buyback;inflation impact","False","False","False"
"179","LYV","-0.1639961296937498","0.3548707753479125","167.82000732421875","0.0959315299987793","0.026045560836791992","0.4277038872241974","Services","SERVICES-AMUSEMENT & RECREATION SERVICES","0","0","0","NO-NEWS","","","","","","","False","False","False"
"180","WST","-0.16504799435968295","0.35685884691848907","312.54998779296875","0.05820012092590332","0.17530930042266846","0.5270636081695557","Manufacturing","SURGICAL & MEDICAL INSTRUMENTS & APPARATUS","0","0","0","NO-NEWS","","","","","","","False","False","False"
"181","GE","-0.16731080033677861","0.3588469184890656","305.8299865722656","0.07849907875061035","-0.007238864898681641","0.45926347374916077","Manufacturing","ELECTRONIC & OTHER ELECTRICAL EQUIPMENT (NO COMPUTER EQUIP)","1","0","0","NEUTRAL","2026-04-30T05:15:00Z","5.78125","5.0","Something Amazing That No One Predicted Just Happened in the Markets (Yes, AI Is at the Center of It)","Stock up 97% over three years with strong fundamentals and LEAP engine dominance on Boeing 737 MAX and Airbus A320neo; however, Iran conflict is constraining growth prospects and could lead to aircraft engine retirements if high oil prices persist; beat Q1 expectations but faces ","AI data centers;gas turbines;market capitalization;GE Vernova;GE Aerospace","False","False","False"
"182","ALGN","-0.169862367952751","0.36083499005964215","173.94000244140625","-0.02499997615814209","-0.016343355178833008","0.3735603988170624","Manufacturing","ORTHOPEDIC, PROSTHETIC & SURGICAL APPLIANCES & SUPPLIES","0","0","0","NO-NEWS","","","","","","","False","False","False"
"183","LOW","-0.1741247038189011","0.3628230616302187","233.3699951171875","-0.0005567669868469238","-0.04223102331161499","0.3332044780254364","Retail","RETAIL-LUMBER & OTHER BUILDING MATERIALS DEALERS","1","0","0","NEUTRAL","2026-04-30T12:30:00Z","5.479166666666667","12.0","1 Understated Dividend Stock That Could Be an Essential Part of Your Retirement Portfolio","Lowe's is mentioned as one of Realty Income's major tenants, representing a reliable revenue source. The mention is factual and contextual rather than evaluative.","dividend stock;REIT;retirement portfolio;passive income;monthly dividends","False","False","False"
"184","CTRA","-0.17638489704494364","0.3648111332007952","32.560001373291016","-0.08744388818740845","-0.026897728443145752","0.44716566801071167","Mining","CRUDE PETROLEUM & NATURAL GAS","1","1","0","POS","2026-05-04T20:05:00Z","1.1631944444444444","20.0","Devon Energy and Coterra Energy Shareholders Approve Merger","Overwhelming shareholder approval (99%) for the merger. While Coterra is the acquired company, the combination is described as creating meaningful synergies and sustainable long-term value creation for all shareholders, with Coterra shareholders owning approximately 46% of the co","merger approval;all-stock transaction;shareholder vote;Delaware Basin;Permian Basin","False","False","False"
"185","DVN","-0.17638489704494364","0.3667992047713718","46.599998474121094","-0.08770561218261719","-0.02734297513961792","0.44951897859573364","Mining","CRUDE PETROLEUM & NATURAL GAS","1","1","0","POS","2026-05-04T20:05:00Z","1.1631944444444444","20.0","Devon Energy and Coterra Energy Shareholders Approve Merger","Strong shareholder approval (98%) for the merger, positioning Devon as the acquiring company with 54% ownership of the combined entity. The merger is expected to create a premier large-cap operator with enhanced margins, greater scale, and accelerated free cash flow growth.","merger approval;all-stock transaction;shareholder vote;Delaware Basin;Permian Basin","False","False","False"
"186","ZBH","-0.176765320526246","0.3687872763419483","82.83000183105469","0.0344698429107666","-0.1094505786895752","0.45399072766304016","Manufacturing","ORTHOPEDIC, PROSTHETIC & SURGICAL APPLIANCES & SUPPLIES","0","0","0","NO-NEWS","","","","","","","False","False","False"
"187","ODFL","-0.17875876066337157","0.37077534791252487","200.6199951171875","-0.041700541973114014","-0.033296406269073486","0.43492230772972107","Transportation_Utilities","TRUCKING (NO LOCAL)","0","0","0","NO-NEWS","","","","","","","False","False","False"
"188","EBAY","-0.1822909026529656","0.3727634194831014","108.1500015258789","0.0420079231262207","0.11736750602722168","0.4097011387348175","Services","SERVICES-BUSINESS SERVICES, NEC","10","5","1","POS","2026-05-06T15:47:00Z","-0.6576388888888889","15.0","Recession Indicator: eBay’s Stock Is Up More Than 50% Over the Past Year","Strong Q1 earnings beat with 19.5% YOY revenue growth, 18% GMV increase, 14 consecutive quarters of earnings beats, upward guidance revision, and 50%+ stock appreciation over the past year. However, sentiment is tempered by Wall Street caution, consensus price target suggesting d","recession indicator;counter-cyclical;gross merchandise volume;earnings beat;second-hand goods","False","False","False"
"189","SBAC","-0.183958390620501","0.37475149105367794","218.44000244140625","0.011436820030212402","-0.0012345314025878906","0.2966287434101105","Finance_Insurance_RealEstate","REAL ESTATE INVESTMENT TRUSTS","0","0","0","NO-NEWS","","","","","","","False","False","False"
"190","PANW","-0.1844758640368303","0.37673956262425445","183.67999267578125","0.011788010597229004","0.0569685697555542","0.4495643675327301","Manufacturing","COMPUTER PERIPHERAL EQUIPMENT, NEC","1","1","0","POS","2026-05-01T07:39:00Z","4.68125","7.0","Healthcare Cybersecurity Market: $97.79 Billion by 2031 with Cloud Security Segment Expanding at 18.58% CAGR, Reports Mordor Intelligence","Listed among major competitors in the expanding healthcare cybersecurity market, with strong demand for cloud security solutions and zero-trust frameworks driving market growth.","healthcare cybersecurity;cloud security;ransomware attacks;electronic health records;zero-trust security","False","False","False"
"191","NEM","-0.1846360825808515","0.378727634194831","115.0999984741211","0.06960320472717285","-0.02581465244293213","0.5896509289741516","Mining","GOLD AND SILVER ORES","1","1","0","POS","2026-05-06T17:25:51Z","-0.7262847222222222","17.0","This $4 Million NMI Holdings Sale Comes as the Insurer Grows Book Value 15%","Third-largest holding at $25.03 million (6.6% of AUM), indicating the fund manager's positive outlook on the company.","mortgage insurance;private mortgage guaranty;book value growth;fund rebalancing;underperformance","False","False","False"
"192","PSX","-0.18517227498399882","0.38071570576540753","171.72000122070312","-0.010202348232269287","0.022142887115478516","0.3987419605255127","Manufacturing","PETROLEUM REFINING","0","0","0","NO-NEWS","","","","","","","False","False","False"
"193","DIS","-0.19041259472595923","0.3827037773359841","108.05999755859375","0.06673240661621094","0.08953416347503662","0.3337608873844147","Services","SERVICES-MISCELLANEOUS AMUSEMENT & RECREATION","11","6","0","STRONG-POS","2026-05-06T17:35:23Z","-0.7329050925925926","17.0","S&P 500, Nasdaq 100 Smash Records As AMD Jumps 16% On AI Hype: Stock Market Today","Jumped 8% after strong revenue print","AI earnings;semiconductor stocks;record highs;oil prices;Iran-U.S. diplomacy","False","False","False"
"194","TRMB","-0.19258931492670683","0.38469184890656066","63.41999816894531","-0.04315030574798584","-0.049745261669158936","0.3498380482196808","Manufacturing","MEASURING & CONTROLLING DEVICES, NEC","3","3","0","STRONG-POS","2026-05-06T00:25:00Z","-0.017361111111111112","0.0","AEC Leaders Kick Off ENR FutureTech 2026 With Welcome Reception and Day Two Keynotes","Designated as Diamond Sponsor with prominent showcase presence at the event, indicating strong market positioning and industry recognition in construction technology solutions.","AI adoption;construction technology;jobsite wearables;workflow optimization;data-driven operations","False","False","False"
"195","AJG","-0.19258931492670683","0.3866799204771372","196.91000366210938","-0.07034605741500854","-0.10819745063781738","0.2772423326969147","Finance_Insurance_RealEstate","INSURANCE AGENTS, BROKERS & SERVICE","0","0","0","NO-NEWS","","","","","","","False","False","False"
"196","BRO","-0.19327929343103872","0.38866799204771374","56.560001373291016","-0.08241397142410278","-0.1652892827987671","0.3333885669708252","Finance_Insurance_RealEstate","INSURANCE AGENTS, BROKERS & SERVICE","0","0","0","NO-NEWS","","","","","","","False","False","False"
"197","LLY","-0.1968188367038653","0.39065606361829025","987.0499877929688","0.15958452224731445","0.03540337085723877","0.45872336626052856","Manufacturing","PHARMACEUTICAL PREPARATIONS","15","13","0","STRONG-POS","2026-05-06T11:43:19Z","-0.48841435185185184","11.0","Wegovy Pill Debut 'Fattens' Novo Nordisk's Profit Outlook","Mentioned briefly in 'Read Next' section as also beating earnings and lifting 2026 outlook, but not part of the main article content. Included for context as a competitor in the GLP-1 drug space.","Wegovy pill;GLP-1 drugs;Q1 earnings;sales guidance;weight loss drugs","False","False","False"
"198","NRG","-0.19728679977688446","0.3926441351888668","150.63999938964844","0.010938882827758789","-0.06026202440261841","0.47989678382873535","Transportation_Utilities","ELECTRIC SERVICES","1","0","1","NEG","2026-05-06T16:46:38Z","-0.6990509259259259","16.0","What Hurt NRG's Quarterly Earnings Despite Higher Revenue, Asset Contributions","Adjusted EPS of $1.48 missed analyst estimates of $1.77, adjusted net income and EBITDA declined year-over-year, operating and free cash flow turned negative, and total liquidity decreased significantly. While revenue grew and guidance was reaffirmed, the earnings miss and operat","Q1 earnings;adjusted EPS miss;hedge losses;Texas weather;revenue growth","False","False","False"
"199","CEG","-0.19749493589898534","0.3946322067594433","322.7799987792969","0.08680129051208496","0.13546979427337646","0.466871976852417","Transportation_Utilities","ELECTRIC SERVICES","0","0","0","NO-NEWS","","","","","","","False","False","False"
"200","DHI","-0.19769448914908044","0.3966202783300199","149.1699981689453","-0.01635342836380005","0.0454864501953125","0.4020676612854004","Construction","OPERATIVE BUILDERS","1","0","1","NEG","2026-05-01T18:34:47Z","4.225844907407407","18.0","Mortgage Rates Just Hit a Four-Week High Thanks to Iran. Are Homebuilder Stocks a Buy on the Dip?","Revenue fell 2.3% to $7.56 billion and earnings per share declined despite aggressive stock buybacks, indicating weakness in the homebuilding sector.","mortgage rates;homebuilders;housing market;interest rates;Strait of Hormuz","False","False","False"
"201","CRL","-0.20007319080907976","0.3986083499005964","181.72999572753906","0.10919189453125","0.03804183006286621","0.5233957767486572","Services","SERVICES-COMMERCIAL PHYSICAL & BIOLOGICAL RESEARCH","1","1","0","POS","2026-05-04T17:00:00Z","1.2916666666666667","17.0","Global Plasmid DNA Manufacturing Market Anticipates Impressive Growth Trajectory at a CAGR of ~18% by 2034 | DelveInsight","Identified as a leading plasmid DNA manufacturing company with subsidiary Cobra Biologics also mentioned, positioning the company to benefit from market growth.","plasmid DNA manufacturing;gene therapy;DNA vaccines;CAR-T cell therapy;mRNA vaccine production","False","False","False"
"202","SOLV","-0.2017347757874763","0.40059642147117297","70.98999786376953","0.06767940521240234","0.08796930313110352","0.26797163486480713","Manufacturing","SURGICAL & MEDICAL INSTRUMENTS & APPARATUS","0","0","0","NO-NEWS","","","","","","","False","False","False"
"203","BKNG","-0.20235044898804844","0.4025844930417495","168.32000732421875","-0.03253239393234253","-0.07005518674850464","0.38178643584251404","Transportation_Utilities","TRANSPORTATION SERVICES","1","1","0","POS","2026-05-06T12:00:00Z","-0.5","12.0","AI, Personalization and the Future of Travel: 2026 TravelTech Breakthrough Award Winners Announced","Won B2B Travel Platform of the Year award, demonstrating competitive strength in business travel segment","travel technology;AI innovation;hospitality management;revenue optimization;guest experience","False","False","False"
"204","VRSN","-0.2053829892829467","0.40457256461232605","275.760009765625","0.011610627174377441","0.017940282821655273","0.30456697940826416","Services","SERVICES-COMPUTER PROGRAMMING SERVICES","0","0","0","NO-NEWS","","","","","","","False","False","False"
"205","WSM","-0.20707392013317588","0.40656063618290256","186.47000122070312","0.0291975736618042","-0.005652427673339844","0.33623114228248596","Retail","RETAIL-HOME FURNITURE, FURNISHINGS & EQUIPMENT STORES","1","0","1","NEG","2026-05-01T18:34:47Z","4.225844907407407","18.0","Mortgage Rates Just Hit a Four-Week High Thanks to Iran. Are Homebuilder Stocks a Buy on the Dip?","Home furnishing company exposed to similar forces as homebuilders; weak housing market impacts consumer spending on home goods.","mortgage rates;homebuilders;housing market;interest rates;Strait of Hormuz","False","False","False"
"206","TAP","-0.20809265608468805","0.4085487077534791","42.7599983215332","0.008252739906311035","-0.025968194007873535","0.25817081332206726","Manufacturing","MALT BEVERAGES","0","0","0","NO-NEWS","","","","","","","False","False","False"
"207","IVZ","-0.2089856488091862","0.4105367793240557","27.350000381469727","0.06669270992279053","0.1296985149383545","0.2844047248363495","Finance_Insurance_RealEstate","INVESTMENT ADVICE","0","0","0","NO-NEWS","","","","","","","False","False","False"
"208","JKHY","-0.21511055944348884","0.4125248508946322","142.8800048828125","-0.07069915533065796","-0.09558165073394775","0.3044331669807434","Services","SERVICES-COMPUTER INTEGRATED SYSTEMS DESIGN","0","0","0","NO-NEWS","","","","","","","False","False","False"
"209","EXPD","-0.21879646501404057","0.41451292246520877","151.24000549316406","0.016466259956359863","0.031510114669799805","0.4306815564632416","Transportation_Utilities","ARRANGEMENT OF TRANSPORTATION OF FREIGHT & CARGO","0","0","0","NO-NEWS","","","","","","","False","False","False"
"210","PLTR","-0.22114751804433888","0.4165009940357853","133.7899932861328","-0.030296504497528076","-0.049516916275024414","0.5803825855255127","Services","SERVICES-PREPACKAGED SOFTWARE","16","4","6","NEG","2026-05-06T14:25:42Z","-0.6011805555555556","14.0","Could Stocks Be Setting Up for a Big Drop This Week?","Despite posting strong growth and a beat-and-raise quarter, Palantir stock crashed following earnings. Multiple articles reference the stock taking a hit and question whether it's a buy, suggesting underlying concerns despite positive financial results.","earnings reports;market volatility;stock volatility;buying the dip;earnings season","False","False","False"
"211","DAL","-0.22122686984610973","0.41848906560636184","73.33999633789062","0.10668480396270752","0.07726192474365234","0.3825457990169525","Transportation_Utilities","AIR TRANSPORTATION, SCHEDULED","1","1","0","POS","2026-05-01T01:05:00Z","4.954861111111111","1.0","United Airlines' CEO Shocked the Market: Here's What It Means to eVTOL Investors","Delta's strategic positioning with Joby Aviation, which operates under a different business model less affected by airport safety concerns, positions the airline favorably in the emerging eVTOL market.","eVTOL;electric vertical takeoff and landing;airport operations;safety concerns;airline partnerships","False","False","False"
"212","VTRS","-0.22176648067203772","0.42047713717693835","15.949999809265137","0.06546425819396973","0.17538690567016602","0.24508987367153168","Manufacturing","PHARMACEUTICAL PREPARATIONS","0","0","0","NO-NEWS","","","","","","","False","False","False"
"213","PH","-0.22705206247086956","0.4224652087475149","902.6599731445312","-0.047324538230895996","-0.06561774015426636","0.31888434290885925","Manufacturing","MISCELLANEOUS FABRICATED METAL PRODUCTS","0","0","0","NO-NEWS","","","","","","","False","False","False"
"214","SATS","-0.22932223210346864","0.42445328031809143","125.75","0.04984140396118164","0.023856043815612793","0.5885971784591675","Transportation_Utilities","COMMUNICATIONS SERVICES, NEC","1","1","0","POS","2026-05-06T14:34:54Z","-0.6075694444444445","14.0","IEP Q1 2026 Earnings Transcript","Stock up 8% in Q1, lowered expected tax and decommissioning costs, meaningful upside potential remains with SpaceX IPO as potential material positive catalyst.","leadership transition;net loss;refining hedges;investment funds;portfolio performance","False","False","False"
"215","NTAP","-0.23296104940161083","0.426441351888668","111.73999786376953","0.028439879417419434","0.12335371971130371","0.32874852418899536","Manufacturing","COMPUTER STORAGE DEVICES","0","0","0","NO-NEWS","","","","","","","False","False","False"
"216","ETN","-0.2346797887931849","0.4284294234592445","421.3900146484375","0.025853991508483887","0.09287309646606445","0.3383421003818512","Manufacturing","MISC INDUSTRIAL & COMMERCIAL MACHINERY & EQUIPMENT","3","2","0","POS","2026-05-06T14:31:38Z","-0.6053009259259259","14.0","You Just Missed The SanDisk And Micron Memory Trade: These 10 Stocks Could Ride The Next AI Wave","$9.5B Boyd Thermal acquisition provides full-stack liquid cooling exposure for AI data centers","liquid cooling;AI infrastructure;thermal management;data centers;AI factories","False","False","False"
"217","BR","-0.23494244163913855","0.4304174950298211","152.8300018310547","-0.049269020557403564","-0.05056840181350708","0.31959494948387146","Services","SERVICES-BUSINESS SERVICES, NEC","0","0","0","NO-NEWS","","","","","","","False","False","False"
"218","PHM","-0.23535717992656383","0.43240556660039764","120.0999984741211","-0.005053460597991943","-0.0028229951858520508","0.3590869903564453","Construction","OPERATIVE BUILDERS","2","1","1","NEUTRAL","2026-05-04T18:06:00Z","1.2458333333333333","18.0","Netflix, Pulte, and Mobileye Are Buying Their Own Dips—Should You?","Pulte increased buyback authorization by $1.5 billion to $2.1 billion total (9% of market cap) and increased quarterly buyback spending 15% to second-highest ever, demonstrating confidence despite sales falling 12% YOY. Analyst consensus indicates over 20% upside.","share buybacks;stock repurchase;management confidence;depressed valuations;consumer discretionary","False","False","False"
"219","MO","-0.23609886042709843","0.43439363817097415","70.16999816894531","0.028885602951049805","0.05044901371002197","0.356277734041214","Manufacturing","CIGARETTES","0","0","0","NO-NEWS","","","","","","","False","False","False"
"220","RL","-0.239223990262707","0.4363817097415507","372.1499938964844","0.03533172607421875","-0.008657455444335938","0.30417564511299133","Manufacturing","MEN'S & BOYS' FURNISHGS, WORK CLOTHG, & ALLIED GARMENTS","0","0","0","NO-NEWS","","","","","","","False","False","False"
"221","UPS","-0.24142162670584197","0.4383697813121272","99.88999938964844","-0.06303352117538452","-0.0055748820304870605","0.4641430974006653","Transportation_Utilities","TRUCKING & COURIER SERVICES (NO AIR)","7","1","5","NEG","2026-05-06T14:15:00Z","-0.59375","14.0","Prediction: Buying United Parcel Service Stock Today Could Set You Up for Life","Despite near-term headwinds and stock decline, the article highlights genuine operational progress: improving revenue per piece (+6.5%), successful business mix shift toward higher-margin customers, ongoing cost-cutting, and management confidence in H2 2026 turnaround. The safe 6","turnaround;earnings decline;cost-cutting;revenue per piece;dividend yield","False","False","False"
"222","STT","-0.2436691062788891","0.4403578528827038","151.24000549316406","0.0035833120346069336","0.11099684238433838","0.24175035953521729","Finance_Insurance_RealEstate","STATE COMMERCIAL BANKS","0","0","0","NO-NEWS","","","","","","","False","False","False"
"223","FTNT","-0.24488891270169433","0.4423459244532803","89.94999694824219","0.04459404945373535","0.07711648941040039","0.40631839632987976","Manufacturing","COMPUTER PERIPHERAL EQUIPMENT, NEC","1","1","0","POS","2026-05-01T07:39:00Z","4.68125","7.0","Healthcare Cybersecurity Market: $97.79 Billion by 2031 with Cloud Security Segment Expanding at 18.58% CAGR, Reports Mordor Intelligence","Named as a key player in the healthcare cybersecurity market, positioned to capitalize on growing adoption of network security and cloud security solutions.","healthcare cybersecurity;cloud security;ransomware attacks;electronic health records;zero-trust security","False","False","False"
"224","FANG","-0.24519515734099068","0.44433399602385687","195.0800018310547","-0.049873411655426025","0.046173691749572754","0.36029452085494995","Mining","CRUDE PETROLEUM & NATURAL GAS","0","0","0","NO-NEWS","","","","","","","False","False","False"
"225","CASY","-0.24758506069178085","0.4463220675944334","858.1400146484375","0.09806787967681885","0.13155853748321533","0.27821430563926697","Retail","RETAIL-AUTO DEALERS & GASOLINE STATIONS","0","0","0","NO-NEWS","","","","","","","False","False","False"
"226","PYPL","-0.25163104869357583","0.44831013916500995","46.27000045776367","-0.09167647361755371","0.009160399436950684","0.4179702401161194","Services","SERVICES-BUSINESS SERVICES, NEC","2","1","0","POS","2026-05-06T14:25:42Z","-0.6011805555555556","14.0","Could Stocks Be Setting Up for a Big Drop This Week?","PayPal is mentioned as one of the companies reporting earnings this week but no specific details or sentiment indicators are provided regarding the company's performance or outlook.","earnings reports;market volatility;stock volatility;buying the dip;earnings season","False","False","False"
"227","GPN","-0.25462015419593637","0.45029821073558646","69.62999725341797","-0.018881261348724365","0.07007837295532227","0.3552905023097992","Services","SERVICES-BUSINESS SERVICES, NEC","0","0","0","NO-NEWS","","","","","","","False","False","False"
"228","FDX","-0.25496839395422327","0.452286282306163","377.19000244140625","-0.02933681011199951","0.010068893432617188","0.4685932695865631","Transportation_Utilities","AIR COURIER SERVICES","4","1","3","NEG","2026-05-05T17:45:58Z","0.2597453703703704","17.0","Amazon's Next Gold Mine Is Worth $1.3 Trillion: Transport Stocks Begin Paying For It","Similar to UPS, FedEx is exposed to last-mile competition from Amazon's new service offering. Stock declined ~9% as market priced in the threat.","Amazon Supply Chain Services;third-party logistics;3PL market;transportation sector;last-mile delivery","False","False","False"
"229","TDG","-0.25522155324232","0.4542743538767396","1233.3699951171875","0.07930934429168701","0.011058449745178223","0.41317155957221985","Manufacturing","AIRCRAFT PARTS & AUXILIARY EQUIPMENT, NEC","0","0","0","NO-NEWS","","","","","","","False","False","False"
"230","REGN","-0.25811545580269285","0.4562624254473161","721.0499877929688","0.05054199695587158","-0.07024878263473511","0.3276134133338928","Manufacturing","PHARMACEUTICAL PREPARATIONS","2","2","0","POS","2026-05-05T17:00:00Z","0.2916666666666667","17.0","Hemophilia Clinical Trial Pipeline Gains Momentum: 50+ Companies Lead the Charge in Pioneering New Treatments | DelveInsight","Co-developing REGV131-LNP1265 (Factor IX replacement) in Phase I/II stage, contributing to the robust hemophilia pipeline with gene therapy approach.","hemophilia;clinical trials;pipeline drugs;gene therapy;factor replacement","False","False","False"
"231","HUBB","-0.2595400164604217","0.45825049701789267","502.3399963378906","-0.0798453688621521","-0.0471729040145874","0.3429930806159973","Manufacturing","ELECTRONIC COMPONENTS & ACCESSORIES","1","1","0","POS","2026-05-04T17:28:55Z","1.2715856481481482","17.0","Hubbell Strikes $3 Billion Deal To Acquire NSI, Bets Big On Electrification Boom","The $3 billion acquisition of NSI is strategically aligned with electrification trends and expected to be accretive to earnings per share in 2026. The deal strengthens the Electrical Solutions segment and supports long-term growth strategy. Stock was up 0.77% on the announcement ","acquisition;electrification;electrical solutions;M&A;infrastructure","False","False","False"
"232","IBM","-0.2617296574301589","0.4602385685884692","225.74000549316406","-0.0059885382652282715","-0.06618678569793701","0.4057897627353668","Manufacturing","COMPUTER & OFFICE EQUIPMENT","6","3","1","POS","2026-05-06T17:00:00Z","-0.7083333333333334","17.0","Global Healthcare Analytics Market is Predicted to Cross the USD 380 Billion Mark by 2034 | DelveInsight","Listed as a key company in the healthcare analytics market with significant presence in the growing sector","healthcare analytics;electronic health records;artificial intelligence;machine learning;value-based care","False","False","False"
"233","TSLA","-0.26268464379416673","0.46222664015904574","398.7300109863281","0.06955480575561523","0.16163146495819092","0.38243600726127625","Manufacturing","MOTOR VEHICLES & PASSENGER CAR BODIES","25","8","6","POS","2026-05-06T15:27:01Z","-0.6437615740740741","15.0","Uber Just Ordered 10,000 Rivian Robotaxis. Here's What It Means for RIVN Stock.","Mentioned as a competitor in the robotaxi/autonomy space. The Rivian-Uber partnership represents competitive pressure but doesn't directly impact Tesla's operations.","autonomous vehicles;robotaxi;electric vehicles;AI processors;fleet business","False","False","False"
"234","MSFT","-0.264281540588237","0.46421471172962225","413.9599914550781","-0.024737298488616943","0.10586917400360107","0.34597429633140564","Services","SERVICES-PREPACKAGED SOFTWARE","68","28","14","POS","2026-05-06T19:28:16Z","-0.8112962962962963","19.0","Michael Burry's Chip Short Just Got Wilder: SOXX Went From 43% Above Trend To 60%","Burry established new long positions in software/services names like Microsoft as part of a hardware-to-software rotation strategy, indicating relative preference over semiconductors.","semiconductor short;technical analysis;mean reversion;200-day moving average;valuation stretch","False","False","False"
"235","TPR","-0.26453116988397457","0.4662027833001988","148.8300018310547","0.05105924606323242","-0.011556148529052734","0.3261094093322754","Manufacturing","LEATHER & LEATHER PRODUCTS","0","0","0","NO-NEWS","","","","","","","False","False","False"
"236","AIZ","-0.26614855341120497","0.46819085487077533","236.61000061035156","0.01680278778076172","0.057758450508117676","0.2085452675819397","Finance_Insurance_RealEstate","INSURANCE CARRIERS, NEC","0","0","0","NO-NEWS","","","","","","","False","False","False"
"237","J","-0.26710602572176007","0.4701789264413519","126.62000274658203","0.00836193561553955","-0.03446698188781738","0.40207868814468384","Construction","HEAVY CONSTRUCTION OTHER THAN BLDG CONST - CONTRACTORS","0","0","0","NO-NEWS","","","","","","","False","False","False"
"238","PCAR","-0.27091905767681346","0.4721669980119284","116.51000213623047","-0.013797163963317871","-0.061840713024139404","0.31115108728408813","Manufacturing","MOTOR VEHICLES & PASSENGER CAR BODIES","0","0","0","NO-NEWS","","","","","","","False","False","False"
"239","HPQ","-0.2728409593392195","0.474155069582505","21.40999984741211","0.06305861473083496","0.13340389728546143","0.4256409704685211","Manufacturing","COMPUTER & OFFICE EQUIPMENT","0","0","0","NO-NEWS","","","","","","","False","False","False"
"240","PSA","-0.2728434143996361","0.4761431411530815","308.9800109863281","0.050630807876586914","0.06544828414916992","0.2791471779346466","Finance_Insurance_RealEstate","REAL ESTATE INVESTMENT TRUSTS","0","0","0","NO-NEWS","","","","","","","False","False","False"
"241","IDXX","-0.2731145983553579","0.47813121272365805","579.22998046875","0.04618358612060547","-0.021306514739990234","0.32674938440322876","Manufacturing","IN VITRO & IN VIVO DIAGNOSTIC SUBSTANCES","1","1","0","POS","2026-05-05T14:20:28Z","0.4024537037037037","14.0","Idexx Laboratories Raises Guidance On Higher Clinical Visits, Diagnostic Frequency","Company beat Q1 earnings expectations, reported 11% organic sales growth, raised full-year 2026 guidance for both earnings and revenue, demonstrated strong operational execution with 100 basis point margin improvement, and showed positive momentum in diagnostics segment with stra","pet healthcare;diagnostics;earnings beat;guidance raise;clinical visits","False","False","False"
"242","CAH","-0.27387263297513736","0.4801192842942346","191.49000549316406","-0.055862367153167725","-0.10988706350326538","0.2893783450126648","Wholesale","WHOLESALE-DRUGS, PROPRIETARIES & DRUGGISTS' SUNDRIES","3","1","2","NEG","2026-05-05T20:40:00Z","0.1388888888888889","20.0","Cardinal Health Board of Directors Approves Quarterly Dividend","The company approved an increase to its quarterly dividend, demonstrating financial strength, confidence in future cash flows, and commitment to returning capital to shareholders. Dividend increases are generally viewed positively by investors as they signal management confidence","dividend increase;quarterly dividend;shareholder returns;capital surplus;pharmaceutical distributor","False","False","False"
"243","SHW","-0.27673461695084856","0.4821073558648111","323.6300048828125","0.018184661865234375","-0.03586858510971069","0.2918210029602051","Retail","RETAIL-BUILDING MATERIALS, HARDWARE, GARDEN SUPPLY","2","0","0","NEUTRAL","2026-05-01T16:10:00Z","4.326388888888889","16.0","Viking Therapeutics Faces Timeline Risk—But Upside Could Be Huge","Mixed signals: beat on earnings and revenue with strong operating cash flow improvement, but flat guidance and elevated valuation (31x P/E) amid weak housing demand and geopolitical cost pressures. Long-term dividend growth story is positive, but near-term headwinds and overvalua","Sherwin-Williams;Q1 2026 earnings;housing market;mortgage rates;dividend aristocrat","False","False","False"
"244","HSIC","-0.2785723513383765","0.4840954274353877","72.44000244140625","-0.01842820644378662","-0.04091084003448486","0.25053951144218445","Wholesale","WHOLESALE-MEDICAL, DENTAL & HOSPITAL EQUIPMENT & SUPPLIES","0","0","0","NO-NEWS","","","","","","","False","False","False"
"245","CRM","-0.2790782239455341","0.4860834990059642","181.19000244140625","-0.00016552209854125977","0.027328968048095703","0.5056437253952026","Services","SERVICES-PREPACKAGED SOFTWARE","4","2","2","NEUTRAL","2026-05-06T14:35:00Z","-0.6076388888888888","14.0","Welcome to Shareholder Meeting Month: AI, Oil, and Consumer Are in the Spotlight","Stock down 30% over past 12 months; faces existential threat from AI tools like Claude, ChatGPT, and Gemini potentially disrupting enterprise product suite; tensions expected at AGM.","shareholder meetings;AGM;consumer spending;AI strategy;energy prices","False","False","False"
"246","KHC","-0.279511471869087","0.48807157057654077","23.06999969482422","0.0289919376373291","0.005228757858276367","0.22171729803085327","Manufacturing","CANNED, FROZEN & PRESERVD FRUIT, VEG & FOOD SPECIALTIES","1","0","1","NEG","2026-04-30T18:05:00Z","5.246527777777778","18.0","Oil Shocks Are Pushing Up Food and Fertilizer Costs. These Consumer Stocks Are Feeling the Squeeze.","Company faces margin compression from rising oil and fertilizer costs, cannot raise prices due to consumer sensitivity, expected 22% EPS decline in 2026, and has structural challenges including weak brand portfolio and failed price-hike strategy.","oil prices;food costs;fertilizer prices;packaged food;margin compression","False","False","False"
"247","PRU","-0.2798812056087352","0.4900596421471173","100.16000366210938","0.038788676261901855","0.036316633224487305","0.2890671193599701","Finance_Insurance_RealEstate","LIFE INSURANCE","1","0","0","NEUTRAL","2026-05-01T12:00:00Z","4.5","12.0","Abacus Chairman and CEO to Speak at the Milken Institute Global Conference in Los Angeles","Mentioned only as a panel participant; no specific news or developments regarding the company are disclosed.","Abacus Global Management;Milken Institute Global Conference;private wealth;financial security;alternative asset management","False","False","False"
"248","EXC","-0.28185724728718686","0.49204771371769385","45.02000045776367","-0.04253506660461426","-0.08440101146697998","0.19095104932785034","Transportation_Utilities","ELECTRIC & OTHER SERVICES COMBINED","0","0","0","NO-NEWS","","","","","","","False","False","False"
"249","JCI","-0.2843814862811987","0.49403578528827036","143.13999938964844","0.012663602828979492","0.029784202575683594","0.23262850940227509","Manufacturing","AIR-COND & WARM AIR HEATG EQUIP & COMM & INDL REFRIG EQUIP","1","1","0","POS","2026-05-06T14:31:38Z","-0.6053009259259259","14.0","You Just Missed The SanDisk And Micron Memory Trade: These 10 Stocks Could Ride The Next AI Wave","Accelcius investment in January provides two-phase liquid cooling exposure for AI infrastructure","liquid cooling;AI infrastructure;thermal management;data centers;AI factories","False","False","False"
"250","CTAS","-0.2847815157218406","0.4960238568588469","169.36000061035156","-0.02638685703277588","-0.02995586395263672","0.17350056767463684","Manufacturing","MEN'S & BOYS' FURNISHGS, WORK CLOTHG, & ALLIED GARMENTS","0","0","0","NO-NEWS","","","","","","","False","False","False"
"251","SJM","-0.28662209641074393","0.49801192842942343","96.83000183105469","0.00030994415283203125","0.03241288661956787","0.2217811793088913","Manufacturing","CANNED, FRUITS, VEG, PRESERVES, JAMS & JELLIES","0","0","0","NO-NEWS","","","","","","","False","False","False"
"252","OTIS","-0.28662209641074393","0.5","76.70999908447266","0.001435995101928711","-0.035700857639312744","0.23042802512645721","Manufacturing","ELECTRONIC & OTHER ELECTRICAL EQUIPMENT (NO COMPUTER EQUIP)","0","0","0","NO-NEWS","","","","","","","False","False","False"
"253","CHRW","-0.2894772815826832","0.5019880715705766","168.58999633789062","-0.09569275379180908","-0.022213220596313477","0.5288497805595398","Transportation_Utilities","ARRANGEMENT OF TRANSPORTATION OF FREIGHT & CARGO","2","0","2","STRONG-NEG","2026-05-05T17:45:58Z","0.2597453703703704","17.0","Amazon's Next Gold Mine Is Worth $1.3 Trillion: Transport Stocks Begin Paying For It","As the largest U.S. truck broker relying on freight matching and capacity arbitrage, C.H. Robinson faces automation risk from Amazon's platform automating these exact functions.","Amazon Supply Chain Services;third-party logistics;3PL market;transportation sector;last-mile delivery","False","False","False"
"254","ZTS","-0.2909777974857034","0.5039761431411531","111.22000122070312","-0.022928953170776367","-0.07123172283172607","0.24132046103477478","Manufacturing","PHARMACEUTICAL PREPARATIONS","0","0","0","NO-NEWS","","","","","","","False","False","False"
"255","VST","-0.2909777974857034","0.5059642147117296","158.2899932861328","0.029260635375976562","0.015395402908325195","0.40822458267211914","Transportation_Utilities","ELECTRIC SERVICES","0","0","0","NO-NEWS","","","","","","","False","False","False"
"256","KDP","-0.2913731658424402","0.5079522862823062","28.559999465942383","-0.012789547443389893","0.1052631139755249","0.35664641857147217","Manufacturing","BEVERAGES","0","0","0","NO-NEWS","","","","","","","False","False","False"
"257","APH","-0.2932720149706216","0.5099403578528827","138.47000122070312","-0.06678801774978638","0.023278117179870605","0.33761972188949585","Manufacturing","ELECTRONIC CONNECTORS","0","0","0","NO-NEWS","","","","","","","False","False","False"
"258","ABNB","-0.2932731102535205","0.5119284294234593","139.8800048828125","-0.0028513669967651367","0.06453585624694824","0.23327350616455078","Services","SERVICES-TO DWELLINGS & OTHER BUILDINGS","1","1","0","POS","2026-05-06T12:00:00Z","-0.5","12.0","AI, Personalization and the Future of Travel: 2026 TravelTech Breakthrough Award Winners Announced","Awarded Overall TravelTech Solution of the Year, indicating industry recognition for platform excellence and innovation","travel technology;AI innovation;hospitality management;revenue optimization;guest experience","False","False","False"
"259","MAR","-0.2938239299040997","0.5139165009940357","359.05999755859375","0.014437079429626465","0.030064821243286133","0.2758607864379883","Services","HOTELS & MOTELS","0","0","0","NO-NEWS","","","","","","","False","False","False"
"260","CPAY","-0.3001339524553158","0.5159045725646123","305.42999267578125","-0.005049228668212891","0.00496828556060791","0.3110746741294861","Services","SERVICES-BUSINESS SERVICES, NEC","0","0","0","NO-NEWS","","","","","","","False","False","False"
"261","SLB","-0.3005475770204657","0.5178926441351889","55.15999984741211","-0.009694814682006836","0.06322276592254639","0.2422788143157959","Mining","OIL & GAS FIELD SERVICES, NEC","1","1","0","POS","2026-05-04T11:03:36Z","1.5391666666666666","11.0","What's Going On With Equinor Stock Monday?","Awarded drilling and well service contracts by Equinor as part of the $1.4 billion contract extension, providing revenue opportunity and business continuity.","Equinor;energy sector;drilling contracts;well services;Norwegian continental shelf","False","False","False"
"262","PTC","-0.30332274919918234","0.5198807157057654","136.76499938964844","-0.005345463752746582","-0.052348971366882324","0.2670022249221802","Services","SERVICES-PREPACKAGED SOFTWARE","0","0","0","NO-NEWS","","","","","","","False","False","False"
"263","KKR","-0.30455227869088686","0.5218687872763419","100.79000091552734","0.014800667762756348","0.07269048690795898","0.4270206391811371","Finance_Insurance_RealEstate","INVESTMENT ADVICE","0","0","0","NO-NEWS","","","","","","","False","False","False"
"264","C","-0.3060162712374679","0.5238568588469185","127.5999984741211","-7.838010787963867e-05","0.03328204154968262","0.2108394205570221","Finance_Insurance_RealEstate","NATIONAL COMMERCIAL BANKS","1","1","0","POS","2026-05-06T14:35:00Z","-0.6076388888888888","14.0","Welcome to Shareholder Meeting Month: AI, Oil, and Consumer Are in the Spotlight","Stock up 78% over past year with CEO Jane Fraser executing well; first Investor Day in years suggests positive news; AGM could reinforce momentum.","shareholder meetings;AGM;consumer spending;AI strategy;energy prices","False","False","False"
"265","OKE","-0.3069467758959717","0.525844930417495","85.5999984741211","-0.041648030281066895","-0.013483881950378418","0.28900158405303955","Transportation_Utilities","NATURAL GAS TRANSMISSION & DISTRIBUTION","1","1","0","POS","2026-05-01T10:15:00Z","4.572916666666667","10.0","This 4.7%-Yielding Energy Stock Reported Robust Earnings Growth and Sees More Growth Coming Down the Pipeline","Company delivered double-digit earnings growth (12% net income, 13% EBITDA), raised full-year guidance, generated strong cash flow covering dividends with room to spare, increased dividend by 4%, and has multiple high-value expansion projects in pipeline through 2028 with favorab","energy midstream;earnings growth;dividend yield;capital projects;natural gas","False","False","False"
"266","BALL","-0.3084107684425527","0.5278330019880716","59.0","-0.02139657735824585","-0.0499194860458374","0.32640063762664795","Manufacturing","METAL CANS","1","1","0","POS","2026-04-29T21:47:00Z","6.092361111111111","21.0","Board Declares Quarterly Dividend","The declaration of a quarterly dividend demonstrates the company's financial health and confidence in its cash flow generation. Regular dividend payments are a positive signal to investors, indicating the company's ability to return capital to shareholders while maintaining opera","dividend;quarterly;Ball Corporation;earnings;shareholder returns","False","False","False"
"267","LHX","-0.31197757124676123","0.5298210735586482","302.20001220703125","-0.05973857641220093","-0.16512417793273926","0.20924212038516998","Manufacturing","SEARCH, DETECTION, NAVIGATION, GUIDANCE, AERONAUTICAL SYS","2","1","0","POS","2026-05-05T19:22:30Z","0.19270833333333334","19.0","Michael Burry Targets Palantir's Valuation (Again) As Stock Drops After Earnings","Used as a valuation comparison point; represents established defense contractor included in Burry's alternative investment thesis","valuation criticism;earnings drop;AI software;defense contractors;market capitalization","False","False","False"
"268","BG","-0.3129553485295695","0.5318091451292246","126.05000305175781","-0.00205838680267334","-0.008651196956634521","0.3237583339214325","Manufacturing","FATS & OILS","0","0","0","NO-NEWS","","","","","","","False","False","False"
"269","GDDY","-0.3129553485295695","0.5337972166998012","85.19999694824219","-0.0065299272537231445","0.05419445037841797","0.3478231132030487","Services","SERVICES-COMPUTER INTEGRATED SYSTEMS DESIGN","0","0","0","NO-NEWS","","","","","","","False","False","False"
"270","AON","-0.3129553485295695","0.5357852882703777","308.2699890136719","-0.04409438371658325","-0.06516867876052856","0.3021044135093689","Finance_Insurance_RealEstate","INSURANCE AGENTS, BROKERS & SERVICE","1","0","1","NEG","2026-04-30T17:09:08Z","5.285324074074074","17.0","Stock Market Today: Dow Jones Roars As Industrials Rescue Wall Street From Meta-Led Tech Slide","Fell in sympathy with Willis Towers Watson's poor quarterly result","Dow Jones;industrials;AI capital expenditure;mega-cap tech;data-center infrastructure","False","False","False"
"271","ADSK","-0.3129553485295695","0.5377733598409543","243.0800018310547","0.03056776523590088","0.010097742080688477","0.46271300315856934","Services","SERVICES-PREPACKAGED SOFTWARE","0","0","0","NO-NEWS","","","","","","","False","False","False"
"272","EXR","-0.31346186876559545","0.5397614314115308","143.85000610351562","0.023624897003173828","0.04443478584289551","0.2339138239622116","Finance_Insurance_RealEstate","REAL ESTATE INVESTMENT TRUSTS","0","0","0","NO-NEWS","","","","","","","False","False","False"
"273","NWS","-0.31346186876559545","0.5417495029821073","30.229999542236328","-0.0006611943244934082","0.05331003665924072","0.20740914344787598","Manufacturing","NEWSPAPERS: PUBLISHING OR PUBLISHING & PRINTING","0","0","0","NO-NEWS","","","","","","","False","False","False"
"274","NWSA","-0.31441934107615055","0.5437375745526839","26.200000762939453","-0.0015243291854858398","0.05263161659240723","0.20260407030582428","Manufacturing","NEWSPAPERS: PUBLISHING OR PUBLISHING & PRINTING","0","0","0","NO-NEWS","","","","","","","False","False","False"
"275","NI","-0.31441934107615055","0.5457256461232605","47.5099983215332","-0.013906240463256836","-0.012266099452972412","0.180402472615242","Transportation_Utilities","ELECTRIC & OTHER SERVICES COMBINED","0","0","0","NO-NEWS","","","","","","","False","False","False"
"276","AEE","-0.3151453567929023","0.547713717693837","109.58999633789062","-0.015275418758392334","-0.02897399663925171","0.19589661061763763","Transportation_Utilities","ELECTRIC & OTHER SERVICES COMBINED","0","0","0","NO-NEWS","","","","","","","False","False","False"
"277","IT","-0.3151453567929023","0.5497017892644135","151.0500030517578","0.005458354949951172","0.01104426383972168","0.4158531725406647","Services","SERVICES-MANAGEMENT SERVICES","2","0","1","NEG","2026-05-05T18:00:00Z","0.25","18.0","Bronstein, Gewirtz & Grossman LLC Urges Gartner, Inc. Investors to Act: Class Action Filed Alleging Investor Harm","The company is the subject of a securities fraud class action lawsuit alleging materially false and misleading statements regarding contract value growth, revenue projections, and consulting segment performance. These allegations indicate potential financial misrepresentation and","class action lawsuit;securities fraud;Gartner Inc.;contract value growth;revenue projections","False","False","False"
"278","EOG","-0.3192893780100742","0.55168986083499","134.69000244140625","-0.031842947006225586","-0.03135561943054199","0.31160327792167664","Mining","CRUDE PETROLEUM & NATURAL GAS","0","0","0","NO-NEWS","","","","","","","False","False","False"
"279","DHR","-0.3194325094788097","0.5536779324055666","174.9199981689453","-0.021700263023376465","-0.10841530561447144","0.2981458902359009","Manufacturing","INDUSTRIAL INSTRUMENTS FOR MEASUREMENT, DISPLAY, AND CONTROL","2","2","0","POS","2026-05-05T20:30:00Z","0.14583333333333334","20.0","Danaher Announces Quarterly Dividend","The announcement of a regular quarterly dividend demonstrates financial strength and confidence in the company's cash flow generation. Dividend announcements are typically viewed positively by investors as they indicate stable earnings and management's commitment to returning val","dividend;quarterly cash dividend;Danaher Corporation;life sciences;diagnostics","False","False","False"
"280","SBUX","-0.3195205253778278","0.5556660039761432","106.44000244140625","0.008909940719604492","0.09494912624359131","0.3328298032283783","Retail","RETAIL-EATING & DRINKING PLACES","5","3","0","STRONG-POS","2026-05-06T17:44:00Z","-0.7388888888888889","17.0","Earnings Season Shows Resilient Consumers and Surging AI Demand","CEO reported no significant macro effects trickling into consumer behavior, indicating strong brand demand","earnings season;consumer spending;AI demand;tech growth;capital expenditure","False","False","False"
"281","MRSH","-0.3211539294265001","0.5576540755467196","163.89999389648438","-0.04056668281555176","-0.06774359941482544","0.326844722032547","Finance_Insurance_RealEstate","INSURANCE AGENTS, BROKERS & SERVICE","0","0","0","NO-NEWS","","","","","","","False","False","False"
"282","CI","-0.3211539294265001","0.5596421471172962","281.9800109863281","-0.03537219762802124","0.015924572944641113","0.2790638506412506","Finance_Insurance_RealEstate","HOSPITAL & MEDICAL SERVICE PLANS","1","1","0","POS","2026-04-30T18:58:12Z","5.209583333333334","18.0","Cigna Raises Outlook, Flags Individual Exchange Exit And Strategic Review Of eviCore","Company beat earnings expectations ($7.79 vs $7.61 consensus), exceeded revenue guidance ($68.52B vs $66.37B consensus), and raised full-year EPS outlook. Strong growth in Evernorth Health Services and positive momentum offset concerns about individual exchange exit and eviCore r","earnings beat;guidance raise;individual exchange exit;eviCore strategic review;CEO transition","False","False","False"
"283","GD","-0.32377754428333444","0.5616302186878728","347.2699890136719","0.025211811065673828","-0.007856667041778564","0.35412779450416565","Manufacturing","SHIP & BOAT BUILDING & REPAIRING","3","2","0","POS","2026-05-05T19:22:30Z","0.19270833333333334","19.0","Michael Burry Targets Palantir's Valuation (Again) As Stock Drops After Earnings","Used as a valuation comparison point; represents established defense contractor with strong market position","valuation criticism;earnings drop;AI software;defense contractors;market capitalization","False","False","False"
"284","HRL","-0.3246215472054324","0.5636182902584493","20.700000762939453","-0.007670164108276367","-0.04343801736831665","0.25047069787979126","Manufacturing","MEAT PACKING PLANTS","0","0","0","NO-NEWS","","","","","","","False","False","False"
"285","GRMN","-0.32537731642227385","0.5656063618290258","242.82000732421875","-0.04054051637649536","-0.03943979740142822","0.29048189520835876","Manufacturing","SEARCH, DETECTION, NAVIGATION, GUIDANCE, AERONAUTICAL SYS","0","0","0","NO-NEWS","","","","","","","False","False","False"
"286","LII","-0.3260581126014616","0.5675944333996024","541.3699951171875","0.04588305950164795","0.13238370418548584","0.4188798666000366","Manufacturing","AIR-COND & WARM AIR HEATG EQUIP & COMM & INDL REFRIG EQUIP","0","0","0","NO-NEWS","","","","","","","False","False","False"
"287","RTX","-0.32663576640820996","0.5695825049701789","176.74000549316406","0.022860169410705566","-0.13141334056854248","0.26629602909088135","Manufacturing","AIRCRAFT ENGINES & ENGINE PARTS","4","4","0","STRONG-POS","2026-05-04T17:34:04Z","1.2680092592592593","17.0","Stock Market Today: Oil Jumps 5%, S&P 500 Drops As Iran Strikes UAE Port","Traded higher on increased Pentagon-spending expectations from Trump administration defense initiatives","Iran drone strike;oil prices;S&P 500;Fed rate hike;transportation stocks","False","False","False"
"288","CMCSA","-0.32694835143526774","0.5715705765407555","26.440000534057617","-0.011958122253417969","-0.05436331033706665","0.600275456905365","Transportation_Utilities","CABLE & OTHER PAY TELEVISION SERVICES","1","0","1","NEG","2026-05-01T18:32:00Z","4.227777777777778","18.0","The Death of the Cell Tower: Why the Infrastructure Backbone of the Internet May Already Be Obsolete, According to James Altucher","Included as major telecom incumbent facing competitive threat from satellite-based internet networks offering superior pricing and service quality.","satellite internet;cell towers;5G;telecom disruption;infrastructure","False","False","False"
"289","TYL","-0.3294943630746388","0.5735586481113321","320.6499938964844","-0.0993230938911438","-0.022050797939300537","0.3714867830276489","Services","SERVICES-PREPACKAGED SOFTWARE","0","0","0","NO-NEWS","","","","","","","False","False","False"
"290","TTWO","-0.33990783957836596","0.5755467196819085","222.0","0.03092789649963379","0.09830307960510254","0.3115242123603821","Services","SERVICES-PREPACKAGED SOFTWARE","0","0","0","NO-NEWS","","","","","","","False","False","False"
"291","BKR","-0.3417322238790976","0.5775347912524851","66.66999816894531","-0.031100094318389893","0.055573105812072754","0.3654962182044983","Manufacturing","OIL & GAS FIELD MACHINERY & EQUIPMENT","2","1","0","POS","2026-05-04T11:03:36Z","1.5391666666666666","11.0","What's Going On With Equinor Stock Monday?","Awarded drilling and well service contracts by Equinor as part of the $1.4 billion contract extension, providing revenue opportunity and business continuity.","Equinor;energy sector;drilling contracts;well services;Norwegian continental shelf","False","False","False"
"292","AME","-0.34556892651693055","0.5795228628230616","241.3800048828125","0.05928826332092285","0.04724717140197754","0.25970348715782166","Manufacturing","INDUSTRIAL INSTRUMENTS FOR MEASUREMENT, DISPLAY, AND CONTROL","0","0","0","NO-NEWS","","","","","","","False","False","False"
"293","BBY","-0.34600002353400544","0.5815109343936382","58.689998626708984","-0.0006811022758483887","-0.08979535102844238","0.3723590672016144","Retail","RETAIL-RADIO, TV & CONSUMER ELECTRONICS STORES","0","0","0","NO-NEWS","","","","","","","False","False","False"
"294","TMO","-0.35131039144963844","0.5834990059642147","472.95001220703125","0.014348268508911133","-0.06060057878494263","0.4332176744937897","Manufacturing","MEASURING & CONTROLLING DEVICES, NEC","5","4","0","STRONG-POS","2026-05-06T17:00:00Z","-0.7083333333333334","17.0","Global DNA Microarray Market is Predicted to Exhibit Remarkable Growth at a CAGR of ~7% by 2034 | DelveInsight","Listed as a key market player and recently launched the Axiom™ PangenomiX Array in January 2024, demonstrating active product innovation and market expansion in the growing DNA microarray sector.","DNA microarray;genomic research;personalized medicine;gene expression analysis;genotyping","False","False","False"
"295","JBHT","-0.35344759580997254","0.5854870775347912","246.0500030517578","-0.0010555386543273926","0.09535682201385498","0.3755144476890564","Transportation_Utilities","TRUCKING (NO LOCAL)","1","0","1","NEG","2026-05-05T17:45:58Z","0.2597453703703704","17.0","Amazon's Next Gold Mine Is Worth $1.3 Trillion: Transport Stocks Begin Paying For It","With 124,000 intermodal containers, J.B. Hunt faces competitive pressure as Amazon's intermodal fleet (24,000+ containers) grows and Amazon controls the demand it serves.","Amazon Supply Chain Services;third-party logistics;3PL market;transportation sector;last-mile delivery","False","False","False"
"296","MS","-0.35344759580997254","0.5874751491053678","193.35000610351562","0.033515095710754395","0.09845471382141113","0.2505938410758972","Finance_Insurance_RealEstate","SECURITY BROKERS, DEALERS & FLOTATION COMPANIES","1","1","0","POS","2026-05-05T03:04:52Z","0.8716203703703703","3.0","Why Upstart Stock Jumped 23% in April","Morgan Stanley's April 15 earnings report statement that private credit risks were 'significant but not systemic' provided reassurance to the market and directly supported fintech stocks like Upstart that depend on private credit investors.","fintech;AI-based lending;private credit;loan origination;forward-flow agreements","False","False","False"
"297","TT","-0.35344759580997254","0.5894632206759444","488.17999267578125","0.018378257751464844","0.08612358570098877","0.24175454676151276","Manufacturing","AUTO CONTROLS FOR REGULATING RESIDENTIAL & COMML ENVIRONMENTS","1","1","0","POS","2026-05-06T14:31:38Z","-0.6053009259259259","14.0","You Just Missed The SanDisk And Micron Memory Trade: These 10 Stocks Could Ride The Next AI Wave","Record Q1 bookings of $6.7B (+27%), backlog at $10.7B (+30% YoY); customer lead times stretched to 12-18 months; acquired Liquidstack for two-phase cooling exposure","liquid cooling;AI infrastructure;thermal management;data centers;AI factories","False","False","False"
"298","NTRS","-0.35344759580997254","0.5914512922465208","163.27999877929688","-0.009403645992279053","0.07605111598968506","0.3468831479549408","Finance_Insurance_RealEstate","STATE COMMERCIAL BANKS","0","0","0","NO-NEWS","","","","","","","False","False","False"
"299","FDS","-0.3551773386642662","0.5934393638170974","211.7899932861328","-0.08836954832077026","-0.050141334533691406","0.4546414613723755","Services","SERVICES-COMPUTER PROGRAMMING, DATA PROCESSING, ETC.","0","0","0","NO-NEWS","","","","","","","False","False","False"
"300","HON","-0.3560564273176025","0.595427435387674","216.86000061035156","0.03119349479675293","-0.06714844703674316","0.25739479064941406","Manufacturing","AIRCRAFT ENGINES & ENGINE PARTS","2","2","0","POS","2026-05-04T03:00:00Z","1.875","3.0","Surge Protection Devices Market Size to Grow USD 6.09 Billion by 2035 | Research by SNS Insider","Listed as a leading market player positioned to benefit from strong market growth driven by increasing electronic infrastructure protection needs and building code requirements.","surge protection devices;market growth;electronics protection;IoT devices;building codes","False","False","False"
"301","EFX","-0.3593692251274287","0.5974155069582505","173.1999969482422","0.0037088394165039062","-0.06063568592071533","0.39752355217933655","Services","SERVICES-CONSUMER CREDIT REPORTING, COLLECTION AGENCIES","0","0","0","NO-NEWS","","","","","","","False","False","False"
"302","TSN","-0.36077934648198134","0.5994035785288271","68.08999633789062","0.07093417644500732","0.053209543228149414","0.3454701602458954","Manufacturing","POULTRY SLAUGHTERING AND PROCESSING","3","3","0","STRONG-POS","2026-05-04T20:05:00Z","1.1631944444444444","20.0","Tyson Foods’ Total Returns: Tasty Treats for Income Investors?","Strong fundamentals with 3.2% dividend yield, 15-year history of dividend increases, Q2 earnings beat consensus estimates by over 1,000 basis points, solid technical double bottom setup with 50% upside potential, analyst consensus with bullish bias (35% Buy-side, no Sell ratings)","Tyson Foods;dividend yield;earnings growth;technical analysis;double bottom pattern","False","False","False"
"303","AEP","-0.36173079821275145","0.6013916500994035","132.55999755859375","-0.013983964920043945","-0.015960276126861572","0.22213539481163025","Transportation_Utilities","ELECTRIC SERVICES","2","2","0","POS","2026-05-06T14:34:54Z","-0.6075694444444445","14.0","IEP Q1 2026 Earnings Transcript","Stock up 14% in Q1, reaffirmed 2026 EPS outlook, increased long-term operating earnings CAGR target to over 9%, supported by 63 gigawatts of contracted load growth and 11% rate base expansion through 2030.","leadership transition;net loss;refining hedges;investment funds;portfolio performance","False","False","False"
"304","HD","-0.36446038697970357","0.6033797216699801","323.04998779296875","0.0007433891296386719","-0.038999319076538086","0.2726716101169586","Retail","RETAIL-LUMBER & OTHER BUILDING MATERIALS DEALERS","2","1","0","POS","2026-05-06T14:35:00Z","-0.6076388888888888","14.0","Welcome to Shareholder Meeting Month: AI, Oil, and Consumer Are in the Spotlight","Notable AGM scheduled; consumer discretionary exposure provides insight into household spending trends and housing market health.","shareholder meetings;AGM;consumer spending;AI strategy;energy prices","False","False","False"
"305","PCG","-0.3652950359739307","0.6053677932405567","16.200000762939453","-0.010384857654571533","-0.1190863847732544","0.20648327469825745","Transportation_Utilities","ELECTRIC & OTHER SERVICES COMBINED","0","0","0","NO-NEWS","","","","","","","False","False","False"
"306","HLT","-0.3653285563377389","0.6073558648111332","321.510009765625","0.022289395332336426","0.013587594032287598","0.29092347621917725","Services","HOTELS & MOTELS","2","1","0","POS","2026-05-06T14:35:00Z","-0.6076388888888888","14.0","Welcome to Shareholder Meeting Month: AI, Oil, and Consumer Are in the Spotlight","Up 8% YTD with mixed Q1 results; modest 2–3% FY2026 RevPAR growth guidance with Iran conflict headwinds; business travel trends will be key discussion point.","shareholder meetings;AGM;consumer spending;AI strategy;energy prices","False","False","False"
"307","XYL","-0.3660312799515958","0.6093439363817097","118.58999633789062","0.02764296531677246","-0.07329845428466797","0.30444031953811646","Manufacturing","PUMPS & PUMPING EQUIPMENT","1","0","0","NEUTRAL","2026-05-01T14:00:00Z","4.416666666666667","14.0","Leak Detection Market Size to Hit USD 8.53 Billion by 2035 | SNS Insider","Listed as a leading market player but no specific recent developments or market activities mentioned in the article.","leak detection;pipeline infrastructure;regulatory compliance;market growth;handheld detectors","False","False","False"
"308","CTVA","-0.3674384288540982","0.6113320079522863","81.7699966430664","0.030238032341003418","-0.02608388662338257","0.1918005794286728","Agriculture","","0","0","0","NO-NEWS","","","","","","","False","False","False"
"309","ECL","-0.36777106040800395","0.6133200795228628","263.4200134277344","0.026538491249084473","-0.03689080476760864","0.2240564376115799","Manufacturing","SOAP, DETERGENTS, CLEANG PREPARATIONS, PERFUMES, COSMETICS","1","1","0","POS","2026-05-06T14:31:38Z","-0.6053009259259259","14.0","You Just Missed The SanDisk And Micron Memory Trade: These 10 Stocks Could Ride The Next AI Wave","Acquired CoolIT Systems for $4.75B; CoolIT growing near triple-digit YoY with expected $550M sales addition; leading vendor in direct-to-chip liquid cooling","liquid cooling;AI infrastructure;thermal management;data centers;AI factories","False","False","False"
"310","CBRE","-0.36777106040800395","0.6153081510934394","145.16000366210938","0.018595218658447266","0.018738150596618652","0.2752434015274048","Finance_Insurance_RealEstate","REAL ESTATE","0","0","0","NO-NEWS","","","","","","","False","False","False"
"311","ITW","-0.36777106040800395","0.617296222664016","260.5199890136719","-0.019385039806365967","-0.03335690498352051","0.25764840841293335","Manufacturing","GENERAL INDUSTRIAL MACHINERY & EQUIPMENT","0","0","0","NO-NEWS","","","","","","","False","False","False"
"312","HAL","-0.3695638281511205","0.6192842942345924","40.400001525878906","-0.03372400999069214","0.06878316402435303","0.31921571493148804","Mining","OIL & GAS FIELD SERVICES, NEC","2","1","0","POS","2026-05-04T11:03:36Z","1.5391666666666666","11.0","What's Going On With Equinor Stock Monday?","Awarded drilling and well service contracts by Equinor as part of the $1.4 billion contract extension, providing revenue opportunity and business continuity.","Equinor;energy sector;drilling contracts;well services;Norwegian continental shelf","False","False","False"
"313","GM","-0.3720398525851936","0.621272365805169","78.69999694824219","0.02714693546295166","0.025540828704833984","0.2916758358478546","Manufacturing","MOTOR VEHICLES & PASSENGER CAR BODIES","5","2","1","POS","2026-05-04T22:25:13Z","1.0658217592592591","22.0","Tesla Brand Recovery? New Survey Shows EV Giant Top Rating For US Loyalty – Palihapitiya Says 'Once You Drive A Tesla…'","GM's Chevrolet brand saw loyalty ratings decline, suggesting weakening customer loyalty and market position relative to Tesla's improving brand strength.","Tesla loyalty;brand recovery;S&P Global Mobility;Full Self-Driving;EV market","False","False","False"
"314","AVY","-0.3726879924703927","0.6232604373757455","166.67999267578125","0.022890448570251465","-0.049227118492126465","0.24476344883441925","Manufacturing","CONVERTED PAPER & PAPERBOARD PRODS (NO CONTANERS/BOXES)","0","0","0","NO-NEWS","","","","","","","False","False","False"
"315","MGM","-0.37344700148769605","0.6252485089463221","38.209999084472656","-0.02699267864227295","0.029919147491455078","0.25103509426116943","Services","HOTELS & MOTELS","0","0","0","NO-NEWS","","","","","","","False","False","False"
"316","MCO","-0.37344700148769605","0.6272365805168986","448.6400146484375","-0.024928748607635498","0.0022788047790527344","0.25194334983825684","Services","SERVICES-CONSUMER CREDIT REPORTING, COLLECTION AGENCIES","0","0","0","NO-NEWS","","","","","","","False","False","False"
"317","CRH","-0.37413550241201915","0.6292246520874751","114.91000366210938","0.012958407402038574","0.009576559066772461","0.3187618851661682","Manufacturing","CEMENT, HYDRAULIC","1","1","0","POS","2026-05-01T09:54:00Z","4.5875","9.0","Global Cement Industry Databook Report 2026: Value and Volume Across 100+ Market Segments by Products, Distribution, Market Share, Import/Export, End Markets 20","Noted for continued portfolio realignment and prioritization of maintenance scheduling and operational optimization. The company's focus on asset sweating rather than new capacity aligns with industry best practices.","cement industry;asset optimization;carbon governance;environmental compliance;infrastructure modernization","False","False","False"
"318","CMG","-0.3759082471275836","0.6312127236580517","32.7400016784668","-0.007578074932098389","-0.03107428550720215","0.3036106526851654","Retail","RETAIL-EATING PLACES","3","3","0","STRONG-POS","2026-05-04T13:30:00Z","1.4375","13.0","Higher Gas and Diesel Prices Are Coming for Consumer Wallets and the Stocks That Depend on Them","Stock down 34.5% over the past year, creating an attractive valuation with P/E ratio dropping from 48 to 30. Company shows resilience with positive same-store sales growth (0.5%) and strong long-term growth prospects with 350-370 new restaurant openings planned. Consumers will re","gas prices;consumer spending;discretionary stocks;valuation;economic headwinds","False","False","False"
"319","EW","-0.3783236181945888","0.6332007952286283","83.19999694824219","0.024378180503845215","0.018235206604003906","0.32598116993904114","Manufacturing","ORTHOPEDIC, PROSTHETIC & SURGICAL APPLIANCES & SUPPLIES","0","0","0","NO-NEWS","","","","","","","False","False","False"
"320","BXP","-0.3816230403705592","0.6351888667992047","59.84000015258789","0.03888893127441406","0.13894176483154297","0.25061848759651184","Finance_Insurance_RealEstate","REAL ESTATE INVESTMENT TRUSTS","0","0","0","NO-NEWS","","","","","","","False","False","False"
"321","CSCO","-0.3825465709176232","0.6371769383697813","91.63999938964844","0.023110389709472656","0.09486258029937744","0.2552586793899536","Manufacturing","COMPUTER COMMUNICATIONS EQUIPMENT","3","2","0","POS","2026-05-01T16:38:00Z","4.3069444444444445","16.0","High Point University Honors Graduate Students at Commencement","Cisco's CEO was featured as the commencement speaker at a major university event, positioning the company as a thought leader on technology and AI. The CEO's message about embracing AI and technological change reflects positively on Cisco's industry position and relevance in the ","commencement ceremony;graduate students;artificial intelligence;technology;leadership","False","False","False"
"322","CNP","-0.3837813711776074","0.6391650099403579","42.33000183105469","-0.01144319772720337","-0.0309065580368042","0.21609975397586823","Transportation_Utilities","ELECTRIC SERVICES","0","0","0","NO-NEWS","","","","","","","False","False","False"
"323","VLTO","-0.3837813711776074","0.6411530815109344","86.87999725341797","-0.028948307037353516","-0.03968173265457153","0.23865041136741638","Manufacturing","INSTRUMENTS FOR MEAS & TESTING OF ELECTRICITY & ELEC SIGNALS","0","0","0","NO-NEWS","","","","","","","False","False","False"
"324","TKO","-0.3837813711776074","0.643141153081511","190.47000122070312","0.03679704666137695","-0.03339254856109619","0.2138058841228485","Services","SERVICES-AMUSEMENT & RECREATION SERVICES","0","0","0","NO-NEWS","","","","","","","False","False","False"
"325","GWW","-0.3837813711776074","0.6451292246520874","1169.8599853515625","0.0218813419342041","0.020179271697998047","0.22019903361797333","Wholesale","WHOLESALE-DURABLE GOODS","0","0","0","NO-NEWS","","","","","","","False","False","False"
"326","TRGP","-0.3837813711776074","0.647117296222664","249.5","-0.002558588981628418","0.022540926933288574","0.2893090546131134","Transportation_Utilities","NATURAL GAS TRANSMISSION","0","0","0","NO-NEWS","","","","","","","False","False","False"
"327","GILD","-0.3837813711776074","0.6491053677932406","136.3000030517578","0.05790138244628906","-0.03702127933502197","0.20807182788848877","Manufacturing","BIOLOGICAL PRODUCTS, (NO DIAGNOSTIC SUBSTANCES)","0","0","0","NO-NEWS","","","","","","","False","False","False"
"328","ATO","-0.3837813711776074","0.6510934393638171","184.75999450683594","-0.0051155686378479","-0.025835752487182617","0.19914476573467255","Transportation_Utilities","NATURAL GAS DISTRIBUTION","1","0","0","NEUTRAL","2026-05-04T15:14:00Z","1.3652777777777778","15.0","UGI Corporation Deleveraging Plan Puts Dividend Stability in Focus","Mentioned only as a valuation comparison point, trading at ~25x P/E compared to UGI's 13x. No operational or strategic information provided; used solely as a peer benchmark to highlight UGI's relative undervaluation.","deleveraging;dividend stability;asset divestiture;debt reduction;utility sector","False","False","False"
"329","WMB","-0.3837813711776074","0.6530815109343936","73.76000213623047","0.006001114845275879","0.010272622108459473","0.23039774596691132","Transportation_Utilities","NATURAL GAS TRANSMISSION","1","0","0","NEUTRAL","2026-05-04T12:32:57Z","1.4771180555555556","12.0","Stock Market Today: Dow, S&P 500 Futures Trip Amid Trump's 'Project Freedom' To Escort Stranded Vessels At Hormuz— eBay, Nebius In Focus (UPDATED)","Stock was 0.60% higher ahead of earnings, showing minimal price movement despite upcoming earnings announcement.","stock market;futures;S&P 500;Dow Jones;Project Freedom","False","False","False"
"330","FTV","-0.3853390752048272","0.6550695825049702","60.400001525878906","-0.021862328052520752","0.017177462577819824","0.23161807656288147","Manufacturing","INDUSTRIAL INSTRUMENTS FOR MEASUREMENT, DISPLAY, AND CONTROL","0","0","0","NO-NEWS","","","","","","","False","False","False"
"331","BA","-0.3867926264486819","0.6570576540755467","229.92999267578125","0.025969386100769043","0.05569326877593994","0.336304247379303","Manufacturing","AIRCRAFT","5","3","0","STRONG-POS","2026-05-04T17:34:04Z","1.2680092592592593","17.0","Stock Market Today: Oil Jumps 5%, S&P 500 Drops As Iran Strikes UAE Port","Traded higher as defense spending narratives support aerospace and defense sector valuations","Iran drone strike;oil prices;S&P 500;Fed rate hike;transportation stocks","False","False","False"
"332","EXE","-0.3875801584011473","0.6590457256461233","96.93000030517578","-0.04020196199417114","-0.03253817558288574","0.2597431242465973","Mining","CRUDE PETROLEUM & NATURAL GAS","0","0","0","NO-NEWS","","","","","","","False","False","False"
"333","MMM","-0.38866761916783416","0.6610337972166997","146.5399932861328","0.018558382987976074","-0.017630934715270996","0.24574388563632965","Manufacturing","SURGICAL & MEDICAL INSTRUMENTS & APPARATUS","3","1","1","NEUTRAL","2026-05-06T14:35:00Z","-0.6076388888888888","14.0","Welcome to Shareholder Meeting Month: AI, Oil, and Consumer Are in the Spotlight","Stock declined from $170 high in February to laggard status; dinged by elevated oil prices and new CEO has not generated bullish sentiment.","shareholder meetings;AGM;consumer spending;AI strategy;energy prices","False","False","False"
"334","PKG","-0.3888302241813381","0.6630218687872763","226.82000732421875","0.049849629402160645","0.07472169399261475","0.34876278042793274","Manufacturing","PAPERBOARD CONTAINERS & BOXES","0","0","0","NO-NEWS","","","","","","","False","False","False"
"335","XOM","-0.39358873103474507","0.6650099403578529","148.69000244140625","-0.03866291046142578","-0.04820126295089722","0.27431267499923706","Manufacturing","PETROLEUM REFINING","10","7","0","STRONG-POS","2026-05-06T18:32:00Z","-0.7722222222222223","18.0","Occidental Petroleum: Buy, Sell, or Hold?","Cited as a better-positioned competitor relative to Occidental, particularly if oil prices decline. This implies stronger diversification and resilience compared to Occidental.","oil and gas;stock rebound;OxyChem sale;debt reduction;crude oil prices","False","False","False"
"336","TROW","-0.39358873103474507","0.6669980119284294","106.12999725341797","0.0563352108001709","0.15597426891326904","0.18452095985412598","Finance_Insurance_RealEstate","INVESTMENT ADVICE","0","0","0","NO-NEWS","","","","","","","False","False","False"
"337","EQT","-0.39358873103474507","0.668986083499006","57.36000061035156","-0.02960580587387085","-0.04685944318771362","0.25634661316871643","Mining","CRUDE PETROLEUM & NATURAL GAS","2","2","0","POS","2026-05-06T17:25:51Z","-0.7262847222222222","17.0","This $4 Million NMI Holdings Sale Comes as the Insurer Grows Book Value 15%","Listed as Muhlenkamp's second-largest holding at $25.54 million (6.7% of AUM), indicating the fund manager's confidence in the company's prospects.","mortgage insurance;private mortgage guaranty;book value growth;fund rebalancing;underperformance","False","False","False"
"338","INVH","-0.39358873103474507","0.6709741550695825","28.739999771118164","0.023868918418884277","0.11352193355560303","0.22825834155082703","Finance_Insurance_RealEstate","REAL ESTATE OPERATORS (NO DEVELOPERS) & LESSORS","0","0","0","NO-NEWS","","","","","","","False","False","False"
"339","MET","-0.39358873103474507","0.672962226640159","80.16000366210938","0.01519763469696045","0.07828903198242188","0.17699526250362396","Finance_Insurance_RealEstate","LIFE INSURANCE","0","0","0","NO-NEWS","","","","","","","False","False","False"
"340","IEX","-0.39358873103474507","0.6749502982107356","218.19000244140625","0.0039108991622924805","0.10280513763427734","0.2809150516986847","Manufacturing","PUMPS & PUMPING EQUIPMENT","0","0","0","NO-NEWS","","","","","","","False","False","False"
"341","AIG","-0.39398869773267814","0.6769383697813122","77.69000244140625","0.052852749824523926","0.0033578872680664062","0.2659277617931366","Finance_Insurance_RealEstate","FIRE, MARINE & CASUALTY INSURANCE","0","0","0","NO-NEWS","","","","","","","False","False","False"
"342","WAB","-0.39545269027925917","0.6789264413518886","270.489990234375","0.034893035888671875","0.003077864646911621","0.31350284814834595","Manufacturing","RAILROAD EQUIPMENT","0","0","0","NO-NEWS","","","","","","","False","False","False"
"343","LH","-0.39545269027925917","0.6809145129224652","256.94000244140625","-0.0007778406143188477","-0.06472045183181763","0.24528799951076508","Services","SERVICES-MEDICAL LABORATORIES","1","1","0","POS","2026-04-30T16:05:31Z","5.329502314814815","16.0","Labcorp Advances As AI Investments, Core Businesses Drive Growth","Company beat Q1 earnings expectations (EPS $4.25 vs $4.09 consensus, revenue $3.54B vs $3.51B consensus), raised full-year guidance, demonstrated strong operational momentum across core businesses, and is making strategic investments in AI and robotics to drive future growth.","Labcorp Holdings;Q1 earnings;AI investments;guidance raise;diagnostics","False","False","False"
"344","TXT","-0.3954807758961368","0.6829025844930418","93.08999633789062","0.03686785697937012","0.018824458122253418","0.3562159836292267","Manufacturing","AIRCRAFT & PARTS","1","1","0","POS","2026-04-30T17:47:54Z","5.2584027777777775","17.0","Why Textron Stock Just Popped","Textron exceeded earnings expectations on both top and bottom lines (EPS $1.45 vs. $1.32 forecast; sales $3.7B vs. $3.5B forecast), demonstrated 12% YoY sales growth and 13% earnings growth, and announced a strategic restructuring to divest its weak Industrial division and focus ","Q1 earnings beat;aerospace and defense;business divestiture;profit margins;backlog growth","False","False","False"
"345","AMGN","-0.39563899207893743","0.6848906560636183","331.1099853515625","-0.020442605018615723","-0.05345761775970459","0.2600841224193573","Manufacturing","BIOLOGICAL PRODUCTS, (NO DIAGNOSTIC SUBSTANCES)","1","0","1","NEG","2026-05-01T17:11:59Z","4.2833449074074075","17.0","Stock Market Today: Apple Earnings Power S&P 500, Nasdaq To Records; Trump Hits EU","Tumbled 5.7% despite Q1 beat and raised 2026 guidance due to patent headwinds and biosimilar pressure","S&P 500;Nasdaq 100;Apple earnings;technology rally;software stocks","False","False","False"
"346","BX","-0.39785752321193485","0.6868787276341949","124.69000244140625","0.04055750370025635","0.05965840816497803","0.4268210530281067","Finance_Insurance_RealEstate","INVESTMENT ADVICE","1","1","0","POS","2026-05-05T09:01:32Z","0.6239351851851852","9.0","Roundhill Files for 'Magnificent Seven Plus' ETF With AI, Space Twist","Committing $450 million to Anthropic joint venture, demonstrating confidence in AI sector growth and strategic positioning.","ETF filing;Magnificent Seven;AI exposure;space companies;mega-cap tech","False","False","False"
"347","SYF","-0.39785752321193485","0.6888667992047713","75.1500015258789","0.0003993511199951172","0.04418504238128662","0.2642659544944763","Finance_Insurance_RealEstate","FINANCE SERVICES","0","0","0","NO-NEWS","","","","","","","False","False","False"
"348","EQIX","-0.39785752321193485","0.6908548707753479","1087.9599609375","-0.0010191798210144043","0.06907999515533447","0.1807011067867279","Finance_Insurance_RealEstate","REAL ESTATE INVESTMENT TRUSTS","6","5","0","STRONG-POS","2026-05-05T15:35:00Z","0.3506944444444444","15.0","3 Next Generation Nuclear Energy Stocks Investors Should Be Watching Closely","Mentioned as having issued letter of intent with Oklo, indicating interest in advanced nuclear power solutions.","nuclear energy;small modular reactors;microreactors;next-generation nuclear;energy demand","False","False","False"
"349","T","-0.39785752321193485","0.6928429423459245","25.56999969482422","-0.006990313529968262","-0.06508231163024902","0.2752150893211365","Transportation_Utilities","TELEPHONE COMMUNICATIONS (NO RADIOTELEPHONE)","2","0","2","STRONG-NEG","2026-05-01T18:32:00Z","4.227777777777778","18.0","The Death of the Cell Tower: Why the Infrastructure Backbone of the Internet May Already Be Obsolete, According to James Altucher","Article positions AT&T as part of incumbent telecom industry facing fundamental competitive threat from satellite-based alternatives offering superior service at lower costs.","satellite internet;cell towers;5G;telecom disruption;infrastructure","False","False","False"
"350","DLR","-0.39785752321193485","0.694831013916501","199.67999267578125","0.026315808296203613","0.07568812370300293","0.2180895060300827","Finance_Insurance_RealEstate","REAL ESTATE INVESTMENT TRUSTS","3","3","0","STRONG-POS","2026-05-06T17:54:00Z","-0.7458333333333333","17.0","Digital Realty Expands Talent Development Opportunities for Operations Workforce Through Partnership with DCD Academy","The company is making strategic investments in workforce development and talent acquisition, demonstrating commitment to addressing industry skills gaps and supporting long-term operational growth. This initiative enhances their competitive position and operational resilience whi","talent development;data center operations;workforce training;skills gap;career pathways","False","False","False"
"351","BK","-0.39785752321193485","0.6968190854870775","133.63999938964844","0.01035761833190918","0.04455208778381348","0.17514806985855103","Finance_Insurance_RealEstate","STATE COMMERCIAL BANKS","0","0","0","NO-NEWS","","","","","","","False","False","False"
"352","MTD","-0.3991202523036618","0.6988071570576541","1327.0400390625","0.07006406784057617","0.0032356977462768555","0.3101211190223694","Manufacturing","LABORATORY ANALYTICAL INSTRUMENTS","0","0","0","NO-NEWS","","","","","","","False","False","False"
"353","AAPL","-0.39932817461741393","0.7007952286282306","287.510009765625","0.06418180465698242","0.11050605773925781","0.2598400115966797","Manufacturing","ELECTRONIC COMPUTERS","40","21","2","POS","2026-05-06T18:05:00Z","-0.7534722222222222","18.0","Apple Talks Just Changed Everything for Intel","Apple's interest in Intel as a manufacturing partner is mentioned as a strategic move to diversify away from Taiwan Semiconductor Manufacturing Company dependence due to geopolitical concerns. The article focuses on Intel's implications rather than Apple's business impact.","Intel turnaround;Apple partnership;chip manufacturing;supply chain diversification;overbought stock","False","False","False"
"354","INCY","-0.39932817461741393","0.7027833001988072","99.8499984741211","0.0075681209564208984","0.041297316551208496","0.26698216795921326","Services","SERVICES-COMMERCIAL PHYSICAL & BIOLOGICAL RESEARCH","0","0","0","NO-NEWS","","","","","","","False","False","False"
"355","BMY","-0.3999077842561272","0.7047713717693836","56.59000015258789","-0.017364144325256348","-0.04408782720565796","0.29504629969596863","Manufacturing","PHARMACEUTICAL PREPARATIONS","2","2","0","POS","2026-04-30T20:17:22Z","5.154606481481482","20.0","Why Bristol Myers Squibb Stock Rocked the Market Today","Company beat analyst expectations on both revenue ($11.5B vs. $10.9B consensus) and adjusted earnings per share ($1.58 vs. $1.42 consensus). Growth portfolio showed strong 12% sales increases, stock surged 5.21%, and full-year guidance was reaffirmed within analyst expectations. ","Bristol Myers Squibb;Q1 2026 earnings;pharmaceutical;growth portfolio;revenue beat","False","False","False"
"356","AZO","-0.3999077842561272","0.7067594433399602","3541.7900390625","0.005173683166503906","0.022182345390319824","0.3295271098613739","Retail","RETAIL-AUTO & HOME SUPPLY STORES","0","0","0","NO-NEWS","","","","","","","False","False","False"
"357","DTE","-0.3999077842561272","0.7087475149105368","142.44000244140625","-0.031218111515045166","-0.042613208293914795","0.23030339181423187","Transportation_Utilities","ELECTRIC SERVICES","0","0","0","NO-NEWS","","","","","","","False","False","False"
"358","L","-0.3999077842561272","0.7107355864811133","105.29000091552734","-0.05323261022567749","-0.04098731279373169","0.262607216835022","Finance_Insurance_RealEstate","FIRE, MARINE & CASUALTY INSURANCE","1","0","1","NEG","2026-05-04T17:50:55Z","1.2563078703703703","17.0","Loews Stock Falls: CNA Insurance Woes Wipe Out Hotel Gains","Stock fell 7.05% on earnings day. While hotels and pipeline segments performed well, the significant decline in CNA Financial's core income (down $56 million YoY) and weaker underwriting results overshadowed positive performance elsewhere, causing investor disappointment.","Q1 2026 earnings;insurance underwriting weakness;reserve development;hotel segment strength;stock decline","False","False","False"
"359","MAA","-0.3999077842561272","0.7127236580516899","130.3000030517578","0.004548549652099609","0.03338885307312012","0.25604191422462463","Finance_Insurance_RealEstate","REAL ESTATE INVESTMENT TRUSTS","0","0","0","NO-NEWS","","","","","","","False","False","False"
"360","ORLY","-0.3999077842561272","0.7147117296222664","94.77999877929688","0.03370046615600586","0.018482685089111328","0.36524081230163574","Retail","RETAIL-AUTO & HOME SUPPLY STORES","0","0","0","NO-NEWS","","","","","","","False","False","False"
"361","COP","-0.3999077842561272","0.7166998011928429","118.9000015258789","-0.07290446758270264","-0.05047118663787842","0.3730679750442505","Manufacturing","PETROLEUM REFINING","4","1","1","NEUTRAL","2026-05-06T17:44:00Z","-0.7388888888888889","17.0","Earnings Season Shows Resilient Consumers and Surging AI Demand","CFO warned of lost supply impacts becoming apparent and potential critical shortages in import-dependent countries by June-July","earnings season;consumer spending;AI demand;tech growth;capital expenditure","False","False","False"
"362","AES","-0.4016475647125352","0.7186878727634195","14.34000015258789","-0.007612407207489014","-0.004166603088378906","0.05670791119337082","Transportation_Utilities","COGENERATION SERVICES & SMALL POWER PRODUCERS","0","0","0","NO-NEWS","","","","","","","False","False","False"
"363","WFC","-0.4016475647125352","0.7206759443339961","80.41999816894531","-0.013372659683227539","-0.0500827431678772","0.27830007672309875","Finance_Insurance_RealEstate","NATIONAL COMMERCIAL BANKS","1","1","0","POS","2026-05-06T17:44:00Z","-0.7388888888888889","17.0","Earnings Season Shows Resilient Consumers and Surging AI Demand","CEO reported consumers spending more than a year ago with no slowdown in non-gas spending categories, demonstrating financial strength","earnings season;consumer spending;AI demand;tech growth;capital expenditure","False","False","False"
"364","VRTX","-0.4016475647125352","0.7226640159045725","427.6499938964844","0.010419607162475586","-0.036650776863098145","0.17716848850250244","Manufacturing","PHARMACEUTICAL PREPARATIONS","4","4","0","STRONG-POS","2026-05-06T07:30:00Z","-0.3125","7.0","Is This Millionaire-Maker Biotech Stock a Buy Right Now?","Despite current challenges with slowing core business growth (8% YoY), the company has strong long-term prospects with upcoming pipeline approvals (Casgevy, povetacicept) expected to significantly boost non-CF revenue from $175.4M to $500M+ in 2026, and a diversified portfolio an","biotech;cystic fibrosis;gene editing;drug approval;portfolio diversification","False","False","False"
"365","TMUS","-0.4016475647125352","0.7246520874751491","193.16000366210938","-0.025281310081481934","-0.02261805534362793","0.37278616428375244","Transportation_Utilities","RADIOTELEPHONE COMMUNICATIONS","2","1","1","NEUTRAL","2026-05-01T18:32:00Z","4.227777777777778","18.0","The Death of the Cell Tower: Why the Infrastructure Backbone of the Internet May Already Be Obsolete, According to James Altucher","Grouped with incumbent telecom players facing disruption from satellite networks offering faster, cheaper global internet service without traditional infrastructure costs.","satellite internet;cell towers;5G;telecom disruption;infrastructure","False","False","False"
"366","RSG","-0.4016475647125352","0.7266401590457257","199.69000244140625","-0.04138058423995972","-0.07768690586090088","0.22262081503868103","Transportation_Utilities","REFUSE SYSTEMS","0","0","0","NO-NEWS","","","","","","","False","False","False"
"367","SCHW","-0.4016475647125352","0.7286282306163022","92.1500015258789","0.010859966278076172","-0.04705268144607544","0.35793641209602356","Finance_Insurance_RealEstate","SECURITY BROKERS, DEALERS & FLOTATION COMPANIES","2","1","0","POS","2026-05-05T12:15:00Z","0.4895833333333333","12.0","Should You Buy Robinhood While It's Below $80?","Mentioned as an established industry competitor with a lower P/E ratio than Robinhood, positioning it as a more fairly valued alternative in the brokerage space.","discount brokerage;earnings analysis;customer retention risk;crypto trading decline;prediction markets","False","False","False"
"368","MCD","-0.4016475647125352","0.7306163021868787","284.1000061035156","-0.020614922046661377","-0.0746229887008667","0.1954626739025116","Retail","RETAIL-EATING PLACES","4","0","2","STRONG-NEG","2026-05-06T14:35:00Z","-0.6076388888888888","14.0","Welcome to Shareholder Meeting Month: AI, Oil, and Consumer Are in the Spotlight","Grappling with sluggish spending among low- and middle-income cohorts; AGM will reveal ground-level consumer health, traffic trends, and pricing power amid persistent inflation.","shareholder meetings;AGM;consumer spending;AI strategy;energy prices","False","False","False"
"369","ROL","-0.4016475647125352","0.7326043737574552","54.189998626708984","-0.020603716373443604","-0.009323596954345703","0.20654606819152832","Services","SERVICES-TO DWELLINGS & OTHER BUILDINGS","0","0","0","NO-NEWS","","","","","","","False","False","False"
"370","KR","-0.4016475647125352","0.7345924453280318","66.01000213623047","-0.016244351863861084","-0.06975758075714111","0.23038138449192047","Retail","RETAIL-GROCERY STORES","0","0","0","NO-NEWS","","","","","","","False","False","False"
"371","CVX","-0.4016475647125352","0.7365805168986084","185.16000366210938","-0.036728739738464355","-0.04007464647293091","0.2617226839065552","Manufacturing","PETROLEUM REFINING","16","13","0","STRONG-POS","2026-05-06T18:32:00Z","-0.7722222222222223","18.0","Occidental Petroleum: Buy, Sell, or Hold?","Similarly mentioned as a better-positioned competitor with greater diversification than Occidental, suggesting stronger positioning in potential downturns in oil prices.","oil and gas;stock rebound;OxyChem sale;debt reduction;crude oil prices","False","False","False"
"372","CCI","-0.4016475647125352","0.7385685884691849","90.23999786376953","0.05089080333709717","0.055191755294799805","0.29402077198028564","Finance_Insurance_RealEstate","REAL ESTATE INVESTMENT TRUSTS","1","0","0","NEUTRAL","2026-05-01T13:23:42Z","4.441875","13.0","Arium Networks Launches Following Completion of EQT's Acquisition of Crown Castle's Small Cell Solutions Business","Divested its Small Cell & Venue business to EQT; this represents a strategic portfolio decision rather than negative news, as the company is focusing on other infrastructure assets.","Arium Networks;EQT;Crown Castle;small cell infrastructure;5G connectivity","False","False","False"
"373","COF","-0.4016475647125352","0.7405566600397614","193.39999389648438","0.013414382934570312","0.004884123802185059","0.24230152368545532","Finance_Insurance_RealEstate","NATIONAL COMMERCIAL BANKS","0","0","0","NO-NEWS","","","","","","","False","False","False"
"374","CPRT","-0.4016475647125352","0.742544731610338","33.38999938964844","0.0018000602722167969","0.006632566452026367","0.1276259869337082","Retail","RETAIL-AUTO DEALERS & GASOLINE STATIONS","0","0","0","NO-NEWS","","","","","","","False","False","False"
"375","PFG","-0.4016475647125352","0.7445328031809145","101.55000305175781","0.019271373748779297","0.07802557945251465","0.19523970782756805","Finance_Insurance_RealEstate","ACCIDENT & HEALTH INSURANCE","0","0","0","NO-NEWS","","","","","","","False","False","False"
"376","GS","-0.4016475647125352","0.7465208747514911","937.3499755859375","0.035059571266174316","0.03488814830780029","0.25347527861595154","Finance_Insurance_RealEstate","SECURITY BROKERS, DEALERS & FLOTATION COMPANIES","5","2","1","POS","2026-05-05T18:20:58Z","0.23543981481481482","18.0","S&P 500 and Dow Jones Climb; Intel's 14% Surge Steals the Show","Gained 1.9% as part of broader market rally driven by positive earnings sentiment.","semiconductor stocks;Intel partnership;Apple chip manufacturing;supply chain diversification;AI spending","False","False","False"
"377","STE","-0.4016475647125352","0.7485089463220675","214.4600067138672","0.008511662483215332","-0.04697149991989136","0.23905090987682343","Manufacturing","ORTHOPEDIC, PROSTHETIC & SURGICAL APPLIANCES & SUPPLIES","1","1","0","POS","2026-05-05T20:30:00Z","0.14583333333333334","20.0","STERIS Announces Dividend of $0.63 per share","The announcement of a quarterly dividend of $0.63 per share demonstrates the company's financial health and confidence in its cash flow generation. Regular dividend payments are typically viewed positively by investors as they indicate stable profitability and management's commit","dividend announcement;quarterly dividend;shareholder returns;infection prevention;healthcare products","False","False","False"
"378","AMT","-0.405916356889725","0.7504970178926441","180.16000366210938","0.011055588722229004","0.02259063720703125","0.2624991536140442","Finance_Insurance_RealEstate","REAL ESTATE INVESTMENT TRUSTS","0","0","0","NO-NEWS","","","","","","","False","False","False"
"379","VICI","-0.405916356889725","0.7524850894632207","28.649999618530273","0.001748204231262207","0.03317701816558838","0.18872375786304474","Finance_Insurance_RealEstate","REAL ESTATE INVESTMENT TRUSTS","0","0","0","NO-NEWS","","","","","","","False","False","False"
"380","VMC","-0.405916356889725","0.7544731610337972","295.7200012207031","-0.001215815544128418","0.010732173919677734","0.22891254723072052","Mining","MINING & QUARRYING OF NONMETALLIC MINERALS (NO FUELS)","0","0","0","NO-NEWS","","","","","","","False","False","False"
"381","WRB","-0.405916356889725","0.7564612326043738","66.12000274658203","-0.012397229671478271","-0.01636415719985962","0.22371149063110352","Finance_Insurance_RealEstate","FIRE, MARINE & CASUALTY INSURANCE","1","1","0","POS","2026-05-04T00:54:00Z","1.9625","0.0","Cole Floyd Earns First Bass Pro Tour Win at Yuengling Light Lager Stage 5 at Beaver Lake Presented by YETI","Sponsor offering daily Big Bass Award ($1,000); positive brand exposure through tournament sponsorship and prize offerings","Bass Pro Tour;Cole Floyd;Beaver Lake;tournament fishing;championship","False","False","False"
"382","WM","-0.405916356889725","0.7584493041749503","220.52000427246094","-0.04250788688659668","-0.04714161157608032","0.22393938899040222","Transportation_Utilities","REFUSE SYSTEMS","0","0","0","NO-NEWS","","","","","","","False","False","False"
"383","WELL","-0.405916356889725","0.7604373757455268","216.47000122070312","0.020651578903198242","0.057498812675476074","0.270915687084198","Finance_Insurance_RealEstate","REAL ESTATE INVESTMENT TRUSTS","0","0","0","NO-NEWS","","","","","","","False","False","False"
"384","AFL","-0.405916356889725","0.7624254473161034","113.4000015258789","-0.024180352687835693","0.0035398006439208984","0.16354048252105713","Finance_Insurance_RealEstate","ACCIDENT & HEALTH INSURANCE","0","0","0","NO-NEWS","","","","","","","False","False","False"
"385","WEC","-0.405916356889725","0.76441351888668","113.94000244140625","-0.004977703094482422","-0.028478801250457764","0.19506368041038513","Transportation_Utilities","ELECTRIC & OTHER SERVICES COMBINED","0","0","0","NO-NEWS","","","","","","","False","False","False"
"386","ADP","-0.405916356889725","0.7664015904572564","207.1999969482422","-0.036547958850860596","0.03197526931762695","0.388581246137619","Services","SERVICES-COMPUTER PROCESSING & DATA PREPARATION","1","0","0","NEUTRAL","2026-05-04T18:00:00Z","1.25","18.0","Michael Haske to Become isolved CEO as Company Embarks on Next Phase of AI-Led Growth","Mentioned only as part of incoming CEO's career history where he began his career. No direct business impact or news related to ADP is discussed.","CEO transition;human capital management;HCM platform;agentic AI;payroll services","False","False","False"
"387","AMP","-0.405916356889725","0.768389662027833","475.2900085449219","-0.00018930435180664062","0.048973798751831055","0.21561399102210999","Finance_Insurance_RealEstate","INVESTMENT ADVICE","0","0","0","NO-NEWS","","","","","","","False","False","False"
"388","WMT","-0.405916356889725","0.7703777335984096","130.0800018310547","0.016170620918273926","0.022159337997436523","0.21441929042339325","Retail","RETAIL-VARIETY STORES","6","3","0","STRONG-POS","2026-05-06T18:05:00Z","-0.7534722222222222","18.0","The Market Didn't See Rocket Lab's Move Coming. These 2 Stocks Are Next to Watch.","Identified as a major customer of Plug Power's hydrogen fuel cells and charging systems, but mentioned only in context of Plug Power's business relationships.","space technology;solid-state batteries;hydrogen fuel cells;electric vehicles;stock valuation","False","False","False"
"389","O","-0.405916356889725","0.7723658051689861","64.01000213623047","0.011376261711120605","0.019429922103881836","0.14566254615783691","Finance_Insurance_RealEstate","REAL ESTATE INVESTMENT TRUSTS","2","2","0","POS","2026-05-06T08:10:00Z","-0.3402777777777778","8.0","Want Reliable Dividend Income in May? These 2 Stocks Deliver","Realty Income is praised for its monthly dividend payments, 31 consecutive years of dividend increases, 670 consecutive quarters of dividend payments, strong 5.09% yield, exceptional 98.9% occupancy rate, and significant growth potential with an estimated $13 trillion total addre","dividend stocks;dividend income;Dividend Kings;REIT;monthly dividends","False","False","False"
"390","PEG","-0.405916356889725","0.7743538767395626","79.3499984741211","-0.0030153989791870117","-0.04050785303115845","0.2306853085756302","Transportation_Utilities","ELECTRIC & OTHER SERVICES COMBINED","0","0","0","NO-NEWS","","","","","","","False","False","False"
"391","PAYX","-0.405916356889725","0.7763419483101391","91.37999725341797","-0.02838921546936035","0.01657581329345703","0.2999439537525177","Services","SERVICES-ENGINEERING, ACCOUNTING, RESEARCH, MANAGEMENT","1","0","0","NEUTRAL","2026-05-04T18:00:00Z","1.25","18.0","Michael Haske to Become isolved CEO as Company Embarks on Next Phase of AI-Led Growth","Mentioned only as part of incoming CEO's prior employment history where he spent 10 years. No direct business impact or news related to Paychex is discussed.","CEO transition;human capital management;HCM platform;agentic AI;payroll services","False","False","False"
"392","NDAQ","-0.405916356889725","0.7783300198807157","89.19999694824219","-0.02267998456954956","0.01260077953338623","0.28853532671928406","Finance_Insurance_RealEstate","SECURITY & COMMODITY BROKERS, DEALERS, EXCHANGES & SERVICES","0","0","0","NO-NEWS","","","","","","","False","False","False"
"393","NDSN","-0.405916356889725","0.7803180914512923","286.94000244140625","0.02354288101196289","0.045052289962768555","0.1912350058555603","Manufacturing","GENERAL INDUSTRIAL MACHINERY & EQUIPMENT, NEC","0","0","0","NO-NEWS","","","","","","","False","False","False"
"394","NSC","-0.405916356889725","0.7823061630218688","317.25","0.016435980796813965","0.07871472835540771","0.3099375069141388","Transportation_Utilities","RAILROADS, LINE-HAUL OPERATING","1","0","1","NEG","2026-05-04T18:00:00Z","1.25","18.0","Revised Filing Does Not Address Competitive Balance Issues Created By UP-NS Merger","As the other party to the proposed merger, Norfolk Southern faces the same competitive concerns raised by CSX regarding industry imbalance and reduced shipper options, indicating potential regulatory obstacles to the transaction.","merger review;Surface Transportation Board;Union Pacific;Norfolk Southern;freight rail competition","False","False","False"
"395","NEE","-0.405916356889725","0.7842942345924453","95.38999938964844","0.012955307960510254","0.012955307960510254","0.34183624386787415","Transportation_Utilities","ELECTRIC SERVICES","2","1","1","NEUTRAL","2026-05-05T09:38:00Z","0.5986111111111111","9.0","3 Energy Stocks to Buy and 2 to Avoid as AI Power Demand Explodes","Structurally misaligned with AI data center needs. Wind and solar cannot provide required baseload power; battery backup insufficient for overnight operations. Data centers need consistent 24/7 power regardless of weather.","AI power demand;data center infrastructure;energy bottleneck;baseload power;distributed generation","False","False","False"
"396","PG","-0.405916356889725","0.7862823061630219","147.89999389648438","0.009831905364990234","0.020703911781311035","0.23034437000751495","Manufacturing","SOAP, DETERGENTS, CLEANG PREPARATIONS, PERFUMES, COSMETICS","3","0","1","NEG","2026-05-04T17:35:21Z","1.2671180555555555","17.0","Special Delivery: Amazon Opens Its Logistics Playbook As AMZN Stock Sets Sail","Mentioned as an early adopter of Amazon Supply Chain Services, indicating potential operational benefits, but no direct impact on the company's stock or performance is discussed in the article.","Amazon Supply Chain Services;logistics network;supply chain management;52-week high;overbought","False","False","False"
"397","PGR","-0.405916356889725","0.7882703777335984","196.8000030517578","-0.019236505031585693","-0.006512165069580078","0.24705342948436737","Finance_Insurance_RealEstate","FIRE, MARINE & CASUALTY INSURANCE","0","0","0","NO-NEWS","","","","","","","False","False","False"
"398","PLD","-0.405916356889725","0.790258449304175","142.89999389648438","0.029390454292297363","0.03995335102081299","0.2158895879983902","Finance_Insurance_RealEstate","REAL ESTATE INVESTMENT TRUSTS","0","0","0","NO-NEWS","","","","","","","False","False","False"
"399","PM","-0.405916356889725","0.7922465208747514","170.52999877929688","0.04806089401245117","0.05958735942840576","0.37840479612350464","Manufacturing","CIGARETTES","0","0","0","NO-NEWS","","","","","","","False","False","False"
"400","CFG","-0.405916356889725","0.794234592445328","65.62000274658203","0.018944144248962402","0.028849244117736816","0.19681000709533691","Finance_Insurance_RealEstate","STATE COMMERCIAL BANKS","0","0","0","NO-NEWS","","","","","","","False","False","False"
"401","CHD","-0.405916356889725","0.7962226640159046","94.95999908447266","-0.0128898024559021","0.008067965507507324","0.25293615460395813","Manufacturing","SOAP, DETERGENTS, CLEANG PREPARATIONS, PERFUMES, COSMETICS","0","0","0","NO-NEWS","","","","","","","False","False","False"
"402","OMC","-0.405916356889725","0.7982107355864811","76.91000366210938","0.009450078010559082","0.0005203485488891602","0.1905292421579361","Services","SERVICES-ADVERTISING AGENCIES","1","1","0","POS","2026-05-05T20:05:00Z","0.16319444444444445","20.0","Omnicom Declares Dividend","The declaration of a quarterly dividend of $0.80 per share demonstrates financial strength and confidence in the company's cash generation ability. Regular dividend payments are generally viewed positively by investors as they indicate stable profitability and management's confid","dividend;quarterly dividend;shareholder returns;Omnicom Group;marketing and sales","False","False","False"
"403","PFE","-0.405916356889725","0.8001988071570576","26.530000686645508","0.010281801223754883","-0.03421908617019653","0.16383664309978485","Manufacturing","PHARMACEUTICAL PREPARATIONS","8","4","0","STRONG-POS","2026-05-05T16:15:58Z","0.3222453703703704","16.0","Pfizer Says Vyndamax Drug Patent Settlement Reshapes Post-2028 Revenue View","Pfizer beat Q1 earnings expectations ($0.75 vs $0.72 consensus) and sales estimates ($14.45B vs $13.79B consensus). The Vyndamax patent settlement extends market exclusivity to 2031, eliminating anticipated revenue cliff in 2029 and providing revenue stability through mid-2031. S","patent settlement;Vyndamax;Q1 earnings;revenue guidance;pharmaceutical","False","False","False"
"404","PEP","-0.405916356889725","0.8021868787276342","155.9600067138672","0.004314541816711426","0.00749361515045166","0.18315543234348297","Manufacturing","BEVERAGES","2","0","0","NEUTRAL","2026-05-06T14:35:00Z","-0.6076388888888888","14.0","Welcome to Shareholder Meeting Month: AI, Oil, and Consumer Are in the Spotlight","Beat Q1 earnings but shares trading sideways; sequential declines across segments reflect changing consumption trends and food inflation concerns warrant monitoring at AGM.","shareholder meetings;AGM;consumer spending;AI strategy;energy prices","False","False","False"
"405","VZ","-0.405916356889725","0.8041749502982107","47.439998626708984","0.0178072452545166","-0.012489616870880127","0.2790833115577698","Transportation_Utilities","TELEPHONE COMMUNICATIONS (NO RADIOTELEPHONE)","4","2","2","NEUTRAL","2026-05-05T02:08:00Z","0.9111111111111111","2.0","Verizon Has a Dividend Yield Of 5.9% and Nike's Is 3.7%. But Which High-Yielding Dividend Stock Is a Better Buy?","Strong operational momentum with 7.6% adjusted EPS growth, record EBITDA of $13.4B, positive postpaid phone net additions for first time since 2013, and robust free cash flow of $3.8B that comfortably covers the 5.9% dividend yield at ~55% payout ratio. Management raised full-yea","dividend yield;dividend sustainability;free cash flow;earnings growth;telecom","False","False","False"
"406","WBD","-0.405916356889725","0.8061630218687873","27.200000762939453","0.005545377731323242","-0.012704133987426758","0.09254246950149536","Transportation_Utilities","CABLE & OTHER PAY TELEVISION SERVICES","2","1","1","NEUTRAL","2026-05-06T12:18:52Z","-0.5131018518518519","12.0","Barry Diller Says He'd Buy CNN 'Tonight' Before It Becomes 'Extinct' Amid Warner Bros-Paramount Deal: 'So Ripe For Innovation...'","Diller described the pending merger integration as a 'savage process' with significant restructuring challenges and billions in promised cost cuts, suggesting operational difficulties ahead.","CNN acquisition;Barry Diller;media consolidation;Warner Bros. Discovery;Paramount Skydance","False","False","False"
"407","VTR","-0.405916356889725","0.8081510934393639","86.62000274658203","-0.008584201335906982","0.03057706356048584","0.2510581314563751","Finance_Insurance_RealEstate","REAL ESTATE INVESTMENT TRUSTS","0","0","0","NO-NEWS","","","","","","","False","False","False"
"408","MRK","-0.405916356889725","0.8101391650099403","113.55999755859375","0.023524165153503418","-0.07809710502624512","0.2744795083999634","Manufacturing","PHARMACEUTICAL PREPARATIONS","3","0","0","NEUTRAL","2026-05-06T11:00:00Z","-0.4583333333333333","11.0","Immutrin appoints leading cardiovascular drug development expert Dr. Robert Blaustein as Chief Medical Officer and establishes US subsidiary","Mentioned only as a former employer of Dr. Blaustein where he led successful development programs. No direct business developments or impacts related to Merck are discussed.","amyloidosis;antibody therapy;ATTR cardiomyopathy;clinical development;Chief Medical Officer","False","False","False"
"409","MNST","-0.405916356889725","0.8121272365805169","77.19999694824219","0.004031658172607422","0.02741551399230957","0.21001015603542328","Manufacturing","BOTTLED & CANNED SOFT DRINKS & CARBONATED WATERS","0","0","0","NO-NEWS","","","","","","","False","False","False"
"410","MLM","-0.405916356889725","0.8141153081510935","615.47998046875","0.004291415214538574","-0.014222562313079834","0.20222888886928558","Mining","MINING & QUARRYING OF NONMETALLIC MINERALS (NO FUELS)","1","1","0","POS","2026-04-30T18:00:44Z","5.2494907407407405","18.0","Martin Marietta Gains From Infrastructure Demand Surge","Strong revenue growth (+17% YoY), beat on EPS ($1.93 vs $1.70 estimate), record cash flow from operations, strategic acquisitions expanding capacity, reaffirmed EBITDA guidance, and strong demand visibility from infrastructure and construction trends support positive outlook desp","infrastructure demand;aggregates business;Q1 earnings;EBITDA guidance;acquisitions","False","False","False"
"411","D","-0.405916356889725","0.81610337972167","61.63999938964844","-0.013760030269622803","-0.024683594703674316","0.2331465482711792","Transportation_Utilities","ELECTRIC SERVICES","0","0","0","NO-NEWS","","","","","","","False","False","False"
"412","CL","-0.405916356889725","0.8180914512922465","88.16000366210938","0.04343712329864502","0.03050851821899414","0.2570609450340271","Manufacturing","PERFUMES, COSMETICS & OTHER TOILET PREPARATIONS","0","0","0","NO-NEWS","","","","","","","False","False","False"
"413","CINF","-0.405916356889725","0.820079522862823","160.42999267578125","-0.017093539237976074","-0.017274141311645508","0.171810582280159","Finance_Insurance_RealEstate","FIRE, MARINE & CASUALTY INSURANCE","1","1","0","POS","2026-05-04T13:07:00Z","1.4534722222222223","13.0","Cincinnati Financial Corporation Declares Regular Quarterly Cash Dividend","The company declared a regular quarterly dividend matching the previous quarter, demonstrating consistent capital returns to shareholders and confidence in financial strength. The dividend maintains the company's track record of increasing annual dividends for 66 years, which is ","quarterly dividend;cash dividend;financial strength;shareholder value;insurance company","False","False","False"
"414","MSCI","-0.405916356889725","0.8220675944333996","582.1400146484375","-0.02673327922821045","0.045266032218933105","0.29343119263648987","Services","SERVICES-BUSINESS SERVICES, NEC","0","0","0","NO-NEWS","","","","","","","False","False","False"
"415","MSI","-0.405916356889725","0.8240556660039762","433.6600036621094","0.010320782661437988","-0.03142517805099487","0.17570558190345764","Manufacturing","RADIO & TV BROADCASTING & COMMUNICATIONS EQUIPMENT","0","0","0","NO-NEWS","","","","","","","False","False","False"
"416","REG","-0.405916356889725","0.8260437375745527","79.08000183105469","-0.0037792325019836426","0.01566910743713379","0.16714972257614136","Finance_Insurance_RealEstate","REAL ESTATE INVESTMENT TRUSTS","0","0","0","NO-NEWS","","","","","","","False","False","False"
"417","PPL","-0.405916356889725","0.8280318091451292","36.880001068115234","-0.04604238271713257","-0.05798214673995972","0.18392136693000793","Transportation_Utilities","ELECTRIC SERVICES","0","0","0","NO-NEWS","","","","","","","False","False","False"
"418","RJF","-0.405916356889725","0.8300198807157058","159.3699951171875","0.02436041831970215","0.07813549041748047","0.2157639116048813","Finance_Insurance_RealEstate","SECURITY BROKERS, DEALERS & FLOTATION COMPANIES","0","0","0","NO-NEWS","","","","","","","False","False","False"
"419","RF","-0.405916356889725","0.8320079522862823","28.209999084472656","0.0071402788162231445","0.026938438415527344","0.21784554421901703","Finance_Insurance_RealEstate","NATIONAL COMMERCIAL BANKS","0","0","0","NO-NEWS","","","","","","","False","False","False"
"420","PNC","-0.405916356889725","0.8339960238568589","222.4199981689453","0.01696300506591797","0.00751948356628418","0.19428907334804535","Finance_Insurance_RealEstate","NATIONAL COMMERCIAL BANKS","0","0","0","NO-NEWS","","","","","","","False","False","False"
"421","PNW","-0.405916356889725","0.8359840954274353","100.16999816894531","-0.014753639698028564","-0.028607487678527832","0.19563543796539307","Transportation_Utilities","ELECTRIC SERVICES","0","0","0","NO-NEWS","","","","","","","False","False","False"
"422","CME","-0.405916356889725","0.8379721669980119","288.3399963378906","0.00372469425201416","-0.04778575897216797","0.17027826607227325","Finance_Insurance_RealEstate","SECURITY & COMMODITY BROKERS, DEALERS, EXCHANGES & SERVICES","0","0","0","NO-NEWS","","","","","","","False","False","False"
"423","CMS","-0.405916356889725","0.8399602385685885","74.05000305175781","-0.009099423885345459","-0.06051760911941528","0.19872942566871643","Transportation_Utilities","ELECTRIC & OTHER SERVICES COMBINED","0","0","0","NO-NEWS","","","","","","","False","False","False"
"424","CSX","-0.405916356889725","0.841948310139165","45.599998474121094","0.020590782165527344","0.08210718631744385","0.29246294498443604","Transportation_Utilities","RAILROADS, LINE-HAUL OPERATING","2","2","0","POS","2026-05-06T14:35:00Z","-0.6076388888888888","14.0","Welcome to Shareholder Meeting Month: AI, Oil, and Consumer Are in the Spotlight","Reported healthy railcar volumes in Q1 and stock hit all-time highs; new CEO Steve Angel's confidence could buttress manufacturing PMI improvements.","shareholder meetings;AGM;consumer spending;AI strategy;energy prices","False","False","False"
"425","CPT","-0.405916356889725","0.8439363817097415","104.80999755859375","-0.004842400550842285","0.024836182594299316","0.24508801102638245","Finance_Insurance_RealEstate","REAL ESTATE INVESTMENT TRUSTS","0","0","0","NO-NEWS","","","","","","","False","False","False"
"426","MDLZ","-0.405916356889725","0.8459244532803181","61.869998931884766","0.013597607612609863","0.0516742467880249","0.2482815384864807","Manufacturing","FOOD AND KINDRED PRODUCTS","1","0","1","NEG","2026-05-01T01:15:00Z","4.947916666666667","1.0","Europe Is Now Facing Its Second Energy Crisis in 4 Years. Here's What That Means.","Derives 39% of revenue from Europe with substantial manufacturing operations requiring energy-intensive ovens and fuel for distribution. Significant exposure to rising energy costs will negatively impact margins.","energy crisis;Europe;Strait of Hormuz;LNG;natural gas prices","False","False","False"
"427","ROP","-0.405916356889725","0.8479125248508946","350.260009765625","-0.016040682792663574","-0.015708863735198975","0.23023396730422974","Manufacturing","INDUSTRIAL INSTRUMENTS FOR MEASUREMENT, DISPLAY, AND CONTROL","2","2","0","POS","2026-05-05T14:00:00Z","0.4166666666666667","14.0","IntelliTrans Named a Top 100 Logistics & Supply Chain Technology Provider for the 5th Consecutive Year","As the parent company of IntelliTrans, Roper Technologies benefits from the positive recognition of its business unit's achievements and continued market leadership in the logistics technology sector.","logistics;supply chain technology;transportation management;multimodal solutions;bulk freight","False","False","False"
"428","LIN","-0.405916356889725","0.8499005964214712","501.8699951171875","-0.005626976490020752","0.0027773380279541016","0.20107395946979523","Manufacturing","INDUSTRIAL INORGANIC CHEMICALS","0","0","0","NO-NEWS","","","","","","","False","False","False"
"429","LNT","-0.405916356889725","0.8518886679920478","72.30999755859375","0.004305481910705566","-0.009316325187683105","0.16177870333194733","Transportation_Utilities","ELECTRIC & OTHER SERVICES COMBINED","0","0","0","NO-NEWS","","","","","","","False","False","False"
"430","DOV","-0.405916356889725","0.8538767395626242","227.17999267578125","0.022182226181030273","0.04841017723083496","0.2872389256954193","Manufacturing","CONSTRUCTION, MINING & MATERIALS HANDLING MACHINERY & EQUIP","1","1","0","POS","2026-05-06T14:31:38Z","-0.6053009259259259","14.0","You Just Missed The SanDisk And Micron Memory Trade: These 10 Stocks Could Ride The Next AI Wave","SWEP brazed heat plates hold majority share inside cooling distribution units, critical component in thermal management stack","liquid cooling;AI infrastructure;thermal management;data centers;AI factories","False","False","False"
"431","KVUE","-0.405916356889725","0.8558648111332008","17.68000030517578","0.026117324829101562","0.019607901573181152","0.16589877009391785","Manufacturing","PERFUMES, COSMETICS & OTHER TOILET PREPARATIONS","1","0","0","NEUTRAL","2026-05-05T18:30:00Z","0.22916666666666666","18.0","The Best Dividend Stock to Own During a Market Crash","Referenced as the acquisition target being purchased by Kimberly-Clark for $48.7 billion. Mentioned as adding valuable brands (Neutrogena, Tylenol, Listerine) to Kimberly-Clark's portfolio, but no independent investment recommendation provided.","dividend stock;market crash;consumer staples;Dividend King;defensive investing","False","False","False"
"432","MA","-0.405916356889725","0.8578528827037774","491.8900146484375","-0.06347686052322388","-0.03003227710723877","0.2639927268028259","Services","SERVICES-BUSINESS SERVICES, NEC","3","1","0","POS","2026-05-06T17:44:00Z","-0.7388888888888889","17.0","Earnings Season Shows Resilient Consumers and Surging AI Demand","CEO reported healthy consumer and business spending but noted uncertain backdrop driven by geopolitical tensions affecting cross-border travel","earnings season;consumer spending;AI demand;tech growth;capital expenditure","False","False","False"
"433","LVS","-0.405916356889725","0.8598409542743539","53.220001220703125","-0.009307503700256348","-0.025274693965911865","0.41717255115509033","Services","HOTELS & MOTELS","0","0","0","NO-NEWS","","","","","","","False","False","False"
"434","BRK.B","-0.405916356889725","0.8618290258449304","469.8299865722656","-0.011674880981445312","-0.02067744731903076","0.11748994141817093","Finance_Insurance_RealEstate","FIRE, MARINE & CASUALTY INSURANCE","17","5","0","STRONG-POS","2026-05-06T18:32:00Z","-0.7722222222222223","18.0","Occidental Petroleum: Buy, Sell, or Hold?","Mentioned as the acquirer of OxyChem for $9.7B. The transaction is presented as a factual business event without commentary on its impact to Berkshire, so neutral sentiment is appropriate.","oil and gas;stock rebound;OxyChem sale;debt reduction;crude oil prices","False","False","False"
"435","ROST","-0.405916356889725","0.8638170974155069","228.91000366210938","0.017016172409057617","0.01977992057800293","0.15368743240833282","Retail","RETAIL-FAMILY CLOTHING STORES","0","0","0","NO-NEWS","","","","","","","False","False","False"
"436","CB","-0.405916356889725","0.8658051689860835","321.8999938964844","-0.011818885803222656","-0.03228724002838135","0.17146138846874237","Finance_Insurance_RealEstate","FIRE, MARINE & CASUALTY INSURANCE","0","0","0","NO-NEWS","","","","","","","False","False","False"
"437","COST","-0.405916356889725","0.8677932405566601","995.75","-0.0029238462448120117","-0.033505797386169434","0.19151706993579865","Retail","RETAIL-VARIETY STORES","1","0","0","NEUTRAL","2026-04-30T16:10:00Z","5.326388888888889","16.0","This Unstoppable Dividend Stock Could Be the Only Retailer I'd Hold Through the Next Market Crash.","Referenced as a competitor to Walmart's Sam's Club in the warehouse club market, but not evaluated as an investment recommendation.","dividend stock;retail;market crash;Dividend King;e-commerce","False","False","False"
"438","MTB","-0.405916356889725","0.8697813121272365","217.4199981689453","0.008722305297851562","-0.0073958635330200195","0.17758111655712128","Finance_Insurance_RealEstate","STATE COMMERCIAL BANKS","0","0","0","NO-NEWS","","","","","","","False","False","False"
"439","ADBE","-0.405916356889725","0.8717693836978131","250.1699981689453","0.027096867561340332","0.045380473136901855","0.47858965396881104","Services","SERVICES-PREPACKAGED SOFTWARE","4","2","1","POS","2026-05-06T19:28:16Z","-0.8112962962962963","19.0","Michael Burry's Chip Short Just Got Wilder: SOXX Went From 43% Above Trend To 60%","Burry added to software positions including Adobe as part of rotation away from overvalued hardware sector toward software and services.","semiconductor short;technical analysis;mean reversion;200-day moving average;valuation stretch","False","False","False"
"440","SPG","-0.405916356889725","0.8737574552683897","205.50999450683594","0.027087807655334473","0.05911147594451904","0.1966879814863205","Finance_Insurance_RealEstate","REAL ESTATE INVESTMENT TRUSTS","0","0","0","NO-NEWS","","","","","","","False","False","False"
"441","SO","-0.405916356889725","0.8757455268389662","93.51000213623047","0.0","-0.03766590356826782","0.2090987116098404","Transportation_Utilities","ELECTRIC SERVICES","2","2","0","POS","2026-05-01T15:15:00Z","4.364583333333333","15.0","Want Decades of Passive Income? 2 Stocks to Buy Right Now","Recommended as a reliable utility with 78-year dividend history, 24 consecutive years of increases, above-average 3.2% yield for utilities, and expected 8% annual earnings growth through 2030 supporting future dividend growth.","passive income;dividend stocks;high-yield stocks;energy infrastructure;utilities","False","False","False"
"442","SNA","-0.405916356889725","0.8777335984095428","386.32000732421875","0.020768404006958008","0.014975547790527344","0.2886902093887329","Manufacturing","CUTLERY, HANDTOOLS & GENERAL HARDWARE","0","0","0","NO-NEWS","","","","","","","False","False","False"
"443","SPGI","-0.405916356889725","0.8797216699801192","423.57000732421875","-0.022207319736480713","-0.0306435227394104","0.233372762799263","Services","SERVICES-CONSUMER CREDIT REPORTING, COLLECTION AGENCIES","1","0","0","NEUTRAL","2026-04-30T08:15:00Z","5.65625","8.0","Prediction: Green Thumb Industries Stock Will Double Within 3 Years","S&P Global is mentioned only as the source of analyst ratings and consensus price targets for Green Thumb Industries. No direct sentiment or analysis of the company itself is provided in the article.","cannabis stocks;Green Thumb Industries;marijuana reclassification;federal cannabis reform;SAFE Banking Act","False","False","False"
"444","JNJ","-0.405916356889725","0.8817097415506958","224.6199951171875","-0.012007951736450195","-0.06912559270858765","0.17243792116641998","Manufacturing","PHARMACEUTICAL PREPARATIONS","5","2","1","POS","2026-05-06T16:37:58Z","-0.6930324074074075","16.0","CVS Health's Lower Medical Cost Ratio Lift Profit, Outlook","CVS's new biosimilar strategy will move away from J&J's Stelara in favor of lower-cost interchangeable biosimilars like Pyzchiva and Yesintek, which could negatively impact J&J's branded drug sales.","CVS Health earnings;medical benefit ratio;biosimilars strategy;2026 guidance raise;pharmacy benefit management","False","False","False"
"445","JPM","-0.405916356889725","0.8836978131212724","314.8999938964844","0.018270015716552734","0.02250218391418457","0.17952080070972443","Finance_Insurance_RealEstate","NATIONAL COMMERCIAL BANKS","7","2","0","POS","2026-05-06T17:44:00Z","-0.7388888888888889","17.0","Earnings Season Shows Resilient Consumers and Surging AI Demand","CFO highlighted resilient consumer spending despite higher gas prices, indicating strong financial performance and stable consumer behavior","earnings season;consumer spending;AI demand;tech growth;capital expenditure","False","False","False"
"446","SRE","-0.405916356889725","0.885685884691849","93.66999816894531","0.011118292808532715","-0.05269014835357666","0.18226537108421326","Transportation_Utilities","GAS & OTHER SERVICES COMBINED","0","0","0","NO-NEWS","","","","","","","False","False","False"
"447","BAC","-0.405916356889725","0.8876739562624254","53.599998474121094","0.013615727424621582","0.033153414726257324","0.18199826776981354","Finance_Insurance_RealEstate","NATIONAL COMMERCIAL BANKS","4","2","0","POS","2026-05-06T17:44:00Z","-0.7388888888888889","17.0","Earnings Season Shows Resilient Consumers and Surging AI Demand","CEO acknowledged macro risks but noted impacts have been measured and absorbed by economies, suggesting resilience","earnings season;consumer spending;AI demand;tech growth;capital expenditure","False","False","False"
"448","KMB","-0.405916356889725","0.889662027833002","99.19000244140625","0.032154083251953125","0.022577285766601562","0.2117019146680832","Manufacturing","CONVERTED PAPER & PAPERBOARD PRODS (NO CONTANERS/BOXES)","1","1","0","POS","2026-05-05T18:30:00Z","0.22916666666666666","18.0","The Best Dividend Stock to Own During a Market Crash","Recommended as a safe haven stock during market downturns due to essential consumer staples products, 54-year dividend increase streak (Dividend King status), attractive 5.2% dividend yield, low P/E ratio of 15, and strong free cash flow. Stock price decline has already priced in","dividend stock;market crash;consumer staples;Dividend King;defensive investing","False","False","False"
"449","KMI","-0.405916356889725","0.8916500994035785","31.579999923706055","-0.008165836334228516","-0.04186892509460449","0.2266090363264084","Transportation_Utilities","NATURAL GAS TRANSMISSION","1","0","0","NEUTRAL","2026-05-01T08:15:00Z","4.65625","8.0","Prediction: Energy Transfer Will Hit $25 in 2026","Referenced as a comparable pipeline company for valuation benchmarking but receives no specific analysis or recommendation.","Energy Transfer;pipeline stocks;oil prices;LNG development;master limited partnership","False","False","False"
"450","KO","-0.405916356889725","0.8936381709741551","79.2300033569336","0.004564523696899414","0.025100350379943848","0.20339561998844147","Manufacturing","BEVERAGES","1","0","0","NEUTRAL","2026-05-06T09:05:00Z","-0.3784722222222222","9.0","Warren Buffett Made This Surprising $35 Billion Bet 10 Years Ago, and It Turned into $185 Billion. Is It Still a Buy Today?","Mentioned as a long-term holding example in Buffett's portfolio demonstrating his commitment to decades-long investments, but no specific analysis or recommendation provided.","Warren Buffett;long-term investing;Apple investment;technology stocks;competitive advantage","False","False","False"
"451","DE","-0.405916356889725","0.8956262425447317","591.6400146484375","0.05646228790283203","-0.029015958309173584","0.3593718707561493","Manufacturing","FARM MACHINERY & EQUIPMENT","0","0","0","NO-NEWS","","","","","","","False","False","False"
"452","DGX","-0.405916356889725","0.8976143141153081","189.1300048828125","-0.0010036230087280273","-0.04868966341018677","0.2879481613636017","Services","SERVICES-MEDICAL LABORATORIES","0","0","0","NO-NEWS","","","","","","","False","False","False"
"453","ED","-0.405916356889725","0.8996023856858847","106.87000274658203","-0.018460631370544434","-0.058994412422180176","0.18335598707199097","Transportation_Utilities","ELECTRIC & OTHER SERVICES COMBINED","0","0","0","NO-NEWS","","","","","","","False","False","False"
"454","KEY","-0.405916356889725","0.9015904572564613","22.229999542236328","0.02584218978881836","0.044152140617370605","0.18247874081134796","Finance_Insurance_RealEstate","NATIONAL COMMERCIAL BANKS","0","0","0","NO-NEWS","","","","","","","False","False","False"
"455","KIM","-0.405916356889725","0.9035785288270378","23.799999237060547","0.006768226623535156","0.04984557628631592","0.158700093626976","Finance_Insurance_RealEstate","REAL ESTATE INVESTMENT TRUSTS","0","0","0","NO-NEWS","","","","","","","False","False","False"
"456","ISRG","-0.405916356889725","0.9055666003976143","451.7300109863281","-0.004627227783203125","-0.022821664810180664","0.3661784827709198","Manufacturing","ORTHOPEDIC, PROSTHETIC & SURGICAL APPLIANCES & SUPPLIES","0","0","0","NO-NEWS","","","","","","","False","False","False"
"457","HST","-0.405916356889725","0.9075546719681908","21.68000030517578","0.029439687728881836","0.09994935989379883","0.20486803352832794","Finance_Insurance_RealEstate","REAL ESTATE INVESTMENT TRUSTS","0","0","0","NO-NEWS","","","","","","","False","False","False"
"458","ICE","-0.405916356889725","0.9095427435387674","153.39999389648438","-0.017862915992736816","-0.08576196432113647","0.2191239297389984","Finance_Insurance_RealEstate","SECURITY & COMMODITY BROKERS, DEALERS, EXCHANGES & SERVICES","1","1","0","POS","2026-05-05T20:25:00Z","0.14930555555555555","20.0","Polymarket Volume Is Exploding -- but the Real Money Might Be in This Tiny Sports Data Duopoly Stock.","NYSE parent company disclosed plans for $2 billion investment in Polymarket at $8 billion valuation, signaling institutional confidence in prediction market growth and positioning the company to benefit from market expansion.","prediction markets;sports data;official data rights;Polymarket;regulatory tailwind","False","False","False"
"459","DRI","-0.405916356889725","0.911530815109344","195.6999969482422","-0.0030057430267333984","0.000255584716796875","0.2647937536239624","Retail","RETAIL-EATING PLACES","0","0","0","NO-NEWS","","","","","","","False","False","False"
"460","DUK","-0.405916356889725","0.9135188866799204","125.54000091552734","-0.007667362689971924","-0.046048641204833984","0.18005159497261047","Transportation_Utilities","ELECTRIC & OTHER SERVICES COMBINED","1","1","0","POS","2026-05-01T09:16:00Z","4.613888888888889","9.0","3 Multi-Energy Stocks to Consider for Powering the Future","Highlighted as a consistent dividend payer with 100 straight years of payouts, vast energy portfolio including nuclear and battery storage, and stable operations. Recommended for income-focused investors.","multi-energy stocks;artificial intelligence power demand;diversified energy portfolio;dividend stocks;nuclear energy","False","False","False"
"461","EA","-0.405916356889725","0.915506958250497","200.7899932861328","-0.009276211261749268","-0.015687108039855957","0.041998911648988724","Services","SERVICES-PREPACKAGED SOFTWARE","0","0","0","NO-NEWS","","","","","","","False","False","False"
"462","BIIB","-0.405916356889725","0.9174950298210736","190.67999267578125","-0.019034922122955322","0.059922218322753906","0.3576449155807495","Manufacturing","BIOLOGICAL PRODUCTS, (NO DIAGNOSTIC SUBSTANCES)","0","0","0","NO-NEWS","","","","","","","False","False","False"
"463","BLK","-0.405916356889725","0.9194831013916501","1073.5699462890625","0.03289461135864258","0.07191920280456543","0.24874310195446014","Finance_Insurance_RealEstate","SECURITY BROKERS, DEALERS & FLOTATION COMPANIES","3","3","0","STRONG-POS","2026-05-06T08:29:18Z","-0.35368055555555555","8.0","Federal Reserve Is Buying Treasuries Again, But BlackRock's Rick Rieder Still Prefers Equities","BlackRock's leadership expresses confidence in equity market opportunities with 'a whole lot more upside' compared to bonds, positioning the firm as bullish on stocks while maintaining a cautious stance on bonds until rate-cut conditions materialize.","Federal Reserve;Treasury purchases;Bond market;Equities;Stock market","False","False","False"
"464","STZ","-0.405916356889725","0.9214711729622267","152.2899932861328","0.012566447257995605","0.013509869575500488","0.4304080009460449","Manufacturing","BEVERAGES","1","0","0","NEUTRAL","2026-05-05T17:30:00Z","0.2708333333333333","17.0","Diageo Stock Continues to Sink -- What Investors Need to Know","Mentioned as a comparable company facing similar existential challenges in the alcoholic beverage industry, trading at the same 12x forward earnings multiple as Diageo. No specific negative or positive developments highlighted.","spirits market decline;dividend cut;U.S. market weakness;Asia sales decline;tequila oversupply","False","False","False"
"465","TDY","-0.405916356889725","0.9234592445328031","644.1300048828125","0.021520614624023438","-0.024503648281097412","0.2276463657617569","Manufacturing","SEARCH, DETECTION, NAVIGATION, GUIDANCE, AERONAUTICAL SYS","1","1","0","POS","2026-05-05T14:59:00Z","0.37569444444444444","14.0","Machine Vision Market to Reach USD 22.59 Billion by 2032, Driven by AI Advancements, Industry 4.0 Adoption, and Rising Demand for Quality Inspection – Verified ","Positioned as a key player in the machine vision market, which is experiencing sustained expansion with favorable growth catalysts including AI advancements and increasing automation adoption.","machine vision;AI and deep learning;Industry 4.0;automation;quality inspection","False","False","False"
"466","TFC","-0.405916356889725","0.9254473161033797","50.79999923706055","0.002961397171020508","0.03063499927520752","0.22120971977710724","Finance_Insurance_RealEstate","NATIONAL COMMERCIAL BANKS","0","0","0","NO-NEWS","","","","","","","False","False","False"
"467","HAS","-0.405916356889725","0.9274353876739563","97.4800033569336","0.03680074214935303","0.038678765296936035","0.3838891088962555","Manufacturing","GAMES, TOYS & CHILDREN'S VEHICLES (NO DOLLS & BICYCLES)","1","1","0","POS","2026-05-05T17:00:00Z","0.2916666666666667","17.0","Evan Shapiro’s Media Universe Summit Returns to Questex’s StreamTV Show 2026 with Expanded Agenda and New Industry Case Studies","Featured in live case study showcasing new landmark kids content joint venture with Animaj; demonstrates active innovation in content strategy.","Media Universe Summit;streaming industry;Affinity Economy;media consolidation;content creation","False","False","False"
"468","HBAN","-0.405916356889725","0.9294234592445328","16.639999389648438","0.02023303508758545","0.01773691177368164","0.23686398565769196","Finance_Insurance_RealEstate","NATIONAL COMMERCIAL BANKS","0","0","0","NO-NEWS","","","","","","","False","False","False"
"469","HIG","-0.405916356889725","0.9314115308151093","133.49000549316406","-0.023053228855133057","-0.038948774337768555","0.21771080791950226","Finance_Insurance_RealEstate","FIRE, MARINE & CASUALTY INSURANCE","0","0","0","NO-NEWS","","","","","","","False","False","False"
"470","EG","-0.405916356889725","0.9333996023856859","351.8999938964844","0.02293539047241211","0.05593228340148926","0.2431718409061432","Finance_Insurance_RealEstate","FIRE, MARINE & CASUALTY INSURANCE","0","0","0","NO-NEWS","","","","","","","False","False","False"
"471","EIX","-0.405916356889725","0.9353876739562624","68.80000305175781","0.012658238410949707","-0.07464689016342163","0.23278562724590302","Transportation_Utilities","ELECTRIC SERVICES","0","0","0","NO-NEWS","","","","","","","False","False","False"
"472","ES","-0.405916356889725","0.937375745526839","68.5199966430664","-0.002910435199737549","-0.020443201065063477","0.21481570601463318","Transportation_Utilities","ELECTRIC SERVICES","0","0","0","NO-NEWS","","","","","","","False","False","False"
"473","EQR","-0.405916356889725","0.9393638170974155","66.16000366210938","0.011157035827636719","0.0881580114364624","0.25355878472328186","Finance_Insurance_RealEstate","REAL ESTATE INVESTMENT TRUSTS","0","0","0","NO-NEWS","","","","","","","False","False","False"
"474","EVRG","-0.405916356889725","0.941351888667992","80.98999786376953","-0.004180550575256348","-0.029362499713897705","0.1773843765258789","Transportation_Utilities","ELECTRIC & OTHER SERVICES COMBINED","0","0","0","NO-NEWS","","","","","","","False","False","False"
"475","ESS","-0.405916356889725","0.9433399602385686","267.260009765625","0.008832812309265137","0.060976624488830566","0.22938837110996246","Finance_Insurance_RealEstate","REAL ESTATE INVESTMENT TRUSTS","0","0","0","NO-NEWS","","","","","","","False","False","False"
"476","TGT","-0.405916356889725","0.9453280318091452","130.19000244140625","0.018143415451049805","0.05742359161376953","0.2600622773170471","Retail","RETAIL-VARIETY STORES","0","0","0","NO-NEWS","","","","","","","False","False","False"
"477","TJX","-0.405916356889725","0.9473161033797217","155.4499969482422","-0.003972649574279785","-0.038294970989227295","0.17045292258262634","Retail","RETAIL-FAMILY CLOTHING STORES","1","1","0","POS","2026-05-03T22:05:00Z","2.079861111111111","22.0","Amazon Just Made a Big Move. These 2 S&P 500 Stocks Are Next to Watch.","Consistent 20-year track record of annual sales growth (except 2020), with 5% comparable-store sales growth and 16% adjusted earnings growth in fiscal Q4. Strong inventory availability supports near-term sales and international expansion opportunities.","e-commerce growth;consumer spending;tax refunds;retail stocks;off-price retail","False","False","False"
"478","TRV","-0.405916356889725","0.9493041749502982","301.5899963378906","-0.0021836161613464355","0.0","0.18473729491233826","Finance_Insurance_RealEstate","FIRE, MARINE & CASUALTY INSURANCE","0","0","0","NO-NEWS","","","","","","","False","False","False"
"479","ETR","-0.405916356889725","0.9512922465208747","112.95999908447266","-0.01491236686706543","-0.01439666748046875","0.26424115896224976","Transportation_Utilities","ELECTRIC SERVICES","0","0","0","NO-NEWS","","","","","","","False","False","False"
"480","APD","-0.405916356889725","0.9532803180914513","300.2099914550781","-0.0075702667236328125","0.012137174606323242","0.1646704524755478","Manufacturing","INDUSTRIAL INORGANIC CHEMICALS","0","0","0","NO-NEWS","","","","","","","False","False","False"
"481","FITB","-0.405916356889725","0.9552683896620279","50.84000015258789","0.021088600158691406","0.03040134906768799","0.21752366423606873","Finance_Insurance_RealEstate","STATE COMMERCIAL BANKS","0","0","0","NO-NEWS","","","","","","","False","False","False"
"482","FOXA","-0.405916356889725","0.9572564612326043","62.209999084472656","-0.011598348617553711","0.033045411109924316","0.2755933701992035","Transportation_Utilities","TELEVISION BROADCASTING STATIONS","0","0","0","NO-NEWS","","","","","","","False","False","False"
"483","FOX","-0.405916356889725","0.9592445328031809","56.220001220703125","-0.0070645809173583984","0.03193831443786621","0.23524002730846405","Transportation_Utilities","TELEVISION BROADCASTING STATIONS","0","0","0","NO-NEWS","","","","","","","False","False","False"
"484","FRT","-0.405916356889725","0.9612326043737575","116.7699966430664","0.05569112300872803","0.08734512329101562","0.20506994426250458","Finance_Insurance_RealEstate","REAL ESTATE INVESTMENT TRUSTS","0","0","0","NO-NEWS","","","","","","","False","False","False"
"485","GL","-0.405916356889725","0.963220675944334","154.38999938964844","0.012127995491027832","0.04423391819000244","0.12953676283359528","Finance_Insurance_RealEstate","LIFE INSURANCE","1","1","0","POS","2026-04-30T21:46:00Z","5.093055555555556","21.0","Globe Life Inc. Declares Dividend","The company's declaration of a quarterly dividend demonstrates financial stability and commitment to returning capital to shareholders. Regular dividend payments are generally viewed positively as they indicate strong cash flow and management confidence in the company's financial","dividend declaration;quarterly dividend;shareholder returns;life insurance","False","False","False"
"486","WY","-0.405916356889725","0.9652087475149106","24.040000915527344","-0.008659780025482178","-0.034538090229034424","0.23899498581886292","Finance_Insurance_RealEstate","REAL ESTATE INVESTMENT TRUSTS","0","0","0","NO-NEWS","","","","","","","False","False","False"
"487","WYNN","-0.405916356889725","0.967196819085487","107.56500244140625","0.031897544860839844","0.022092461585998535","0.2432977259159088","Services","HOTELS & MOTELS","0","0","0","NO-NEWS","","","","","","","False","False","False"
"488","XEL","-0.405916356889725","0.9691848906560636","80.55000305175781","0.021948814392089844","-0.011171102523803711","0.286886602640152","Transportation_Utilities","ELECTRIC & OTHER SERVICES COMBINED","0","0","0","NO-NEWS","","","","","","","False","False","False"
"489","FAST","-0.405916356889725","0.9711729622266402","44.709999084472656","0.022878050804138184","-0.07202160358428955","0.3451245427131653","Retail","RETAIL-BUILDING MATERIALS, HARDWARE, GARDEN SUPPLY","0","0","0","NO-NEWS","","","","","","","False","False","False"
"490","FE","-0.405916356889725","0.9731610337972167","45.54999923706055","-0.06926846504211426","-0.11381328105926514","0.18248653411865234","Transportation_Utilities","ELECTRIC SERVICES","0","0","0","NO-NEWS","","","","","","","False","False","False"
"491","FIS","-0.405916356889725","0.9751491053677932","45.970001220703125","-0.005408942699432373","-0.02212291955947876","0.40466609597206116","Services","SERVICES-BUSINESS SERVICES, NEC","0","0","0","NO-NEWS","","","","","","","False","False","False"
"492","AVB","-0.405916356889725","0.9771371769383698","186.44000244140625","0.01122748851776123","0.10646891593933105","0.2490946352481842","Finance_Insurance_RealEstate","REAL ESTATE INVESTMENT TRUSTS","0","0","0","NO-NEWS","","","","","","","False","False","False"
"493","AWK","-0.405916356889725","0.9791252485089463","125.68000030517578","-0.04766237735748291","-0.07832211256027222","0.22736026346683502","Transportation_Utilities","WATER SUPPLY","0","0","0","NO-NEWS","","","","","","","False","False","False"
"494","AXP","-0.405916356889725","0.9811133200795229","321.8999938964844","0.019800424575805664","0.017575979232788086","0.27074748277664185","Finance_Insurance_RealEstate","FINANCE SERVICES","2","1","0","POS","2026-05-06T09:05:00Z","-0.3784722222222222","9.0","Warren Buffett Made This Surprising $35 Billion Bet 10 Years Ago, and It Turned into $185 Billion. Is It Still a Buy Today?","Referenced as another long-term Berkshire Hathaway holding exemplifying Buffett's strategy, but receives no detailed analysis or investment recommendation.","Warren Buffett;long-term investing;Apple investment;technology stocks;competitive advantage","False","False","False"
"495","UDR","-0.405916356889725","0.9831013916500994","37.040000915527344","0.02433633804321289","0.05768132209777832","0.2623598277568817","Finance_Insurance_RealEstate","REAL ESTATE INVESTMENT TRUSTS","0","0","0","NO-NEWS","","","","","","","False","False","False"
"496","UNP","-0.405916356889725","0.9850894632206759","268.2300109863281","0.013029694557189941","0.07675325870513916","0.3486045002937317","Transportation_Utilities","RAILROADS, LINE-HAUL OPERATING","1","0","1","NEG","2026-05-04T18:00:00Z","1.25","18.0","Revised Filing Does Not Address Competitive Balance Issues Created By UP-NS Merger","CSX's opposition to the UP-NS merger and argument that it would reduce competition and viable routing options for shippers directly challenges Union Pacific's merger proposal and suggests potential regulatory headwinds.","merger review;Surface Transportation Board;Union Pacific;Norfolk Southern;freight rail competition","False","False","False"
"497","USB","-0.405916356889725","0.9870775347912525","56.15999984741211","-0.0001779794692993164","0.014450907707214355","0.1920044720172882","Finance_Insurance_RealEstate","NATIONAL COMMERCIAL BANKS","0","0","0","NO-NEWS","","","","","","","False","False","False"
"498","V","-0.405916356889725","0.989065606361829","318.79998779296875","-0.04796034097671509","0.031848788261413574","0.33702751994132996","Services","SERVICES-BUSINESS SERVICES, NEC","6","5","0","STRONG-POS","2026-05-06T17:44:00Z","-0.7388888888888889","17.0","Earnings Season Shows Resilient Consumers and Surging AI Demand","CFO noted highest spend band growing fastest with strong discretionary and non-discretionary spending across volumes","earnings season;consumer spending;AI demand;tech growth;capital expenditure","False","False","False"
"499","ALL","-0.405916356889725","0.9910536779324056","217.9199981689453","0.026326894760131836","0.027585148811340332","0.2136341780424118","Finance_Insurance_RealEstate","FIRE, MARINE & CASUALTY INSURANCE","0","0","0","NO-NEWS","","","","","","","False","False","False"
"500","YUM","-0.405916356889725","0.9930417495029821","156.02000427246094","-0.023898839950561523","-0.027488529682159424","0.2143055647611618","Retail","RETAIL-EATING PLACES","1","0","1","NEG","2026-04-30T20:54:00Z","5.129166666666666","20.0","Domino’s Pizza: Outlook for the Berkshire Holding After Q1 Drop","Pizza Hut subsidiary plans to close 250 stores in 2026, indicating competitive distress and inability to match Domino's pricing power while maintaining profitability.","Domino's Pizza;Q1 2026 earnings;same-store sales;consumer sentiment;guidance reduction","False","False","False"
"501","ACGL","-0.405916356889725","0.9950298210735586","94.69999694824219","0.0213545560836792","-0.03955376148223877","0.257553368806839","Finance_Insurance_RealEstate","FIRE, MARINE & CASUALTY INSURANCE","0","0","0","NO-NEWS","","","","","","","False","False","False"
"502","A","-0.405916356889725","0.9970178926441352","117.69000244140625","0.05741238594055176","0.00658571720123291","0.376670777797699","Manufacturing","LABORATORY ANALYTICAL INSTRUMENTS","1","1","0","POS","2026-05-06T17:00:00Z","-0.7083333333333334","17.0","Global DNA Microarray Market is Predicted to Exhibit Remarkable Growth at a CAGR of ~7% by 2034 | DelveInsight","Identified as a leading company in the market and received European regulatory approval for its SurePrint G3 Human CNV Microarray in May 2025, indicating successful product expansion and market penetration.","DNA microarray;genomic research;personalized medicine;gene expression analysis;genotyping","False","False","False"
"503","ABBV","-0.405916356889725","0.9990059642147118","205.02999877929688","0.005591273307800293","-0.031003355979919434","0.262628972530365","Manufacturing","PHARMACEUTICAL PREPARATIONS","7","6","0","STRONG-POS","2026-05-06T08:10:00Z","-0.3402777777777778","8.0","Want Reliable Dividend Income in May? These 2 Stocks Deliver","AbbVie is highlighted as a Dividend King with 54 years of consecutive dividend increases, strong business fundamentals, successful navigation of patent cliff with new drug successes (Skyrizi, Rinvoq), robust pipeline with 60 programs in development, and a solid 3.27% dividend yie","dividend stocks;dividend income;Dividend Kings;REIT;monthly dividends","False","False","False"
