"rank","instrument","score","pct_rank","close","ret_5d","ret_20d","ann_vol_20d","sector","sic_description","news_count_5d","news_pos_count_5d","news_neg_count_5d","news_sentiment","most_recent_published_utc","pub_lag_days","pub_hour_utc","most_recent_title","most_recent_reasoning","most_recent_keywords","rule_avoid_high_precision","rule_buy_high_precision","rule_buy_legal_veto"
"1","INTC","0.3047389119013394","0.0009940357852882703","99.62000274658203","0.2069300413131714","0.9773719310760498","0.9936126470565796","Manufacturing","SEMICONDUCTORS & RELATED DEVICES","22","14","2","POS","2026-05-01T17:11:59Z","-0.7166550925925926","17.0","Stock Market Today: Apple Earnings Power S&P 500, Nasdaq To Records; Trump Hits EU","Rose 5.2% as AI-infrastructure bid spread across semis","S&P 500;Nasdaq 100;Apple earnings;technology rally;software stocks","False","False","False"
"2","COHR","0.3047389119013394","0.002982107355864811","329.5","-0.019607841968536377","0.2763402462005615","0.6590766906738281","Manufacturing","OPTICAL INSTRUMENTS & LENSES","1","0","0","NEUTRAL","2026-04-29T18:34:01Z","1.2263773148148147","18.0","Waters Parkerson Bets $3 Million on a CBIZ Rebound","Listed as Waters Parkerson's second-largest holding (5.1% of AUM, $98.5M). No specific news or analysis provided regarding the company itself.","CBIZ acquisition;Marcum LLP integration;contrarian investment;professional services;post-merger headwinds","False","False","False"
"3","ON","0.29859075226767573","0.004970178926441352","103.02999877929688","0.047052860260009766","0.6566972732543945","0.5681190490722656","Manufacturing","SEMICONDUCTORS & RELATED DEVICES","4","4","0","STRONG-POS","2026-04-29T12:26:00Z","1.4819444444444445","12.0","AI Is Reviving an Overlooked Chip Category—and These 3 Names Are Riding the Demand","Share price soared 73% YTD with strong free cash flow margin of 24% in 2025, $1.4 billion stock buyback completed and $6 billion new buyback program initiated, over $250 million in AI revenue with expected 20% sequential growth. However, valuation concerns exist with P/E ratio ar","analog chips;semiconductors;AI data centers;power delivery;signal management","False","False","False"
"4","CIEN","0.29257980110359916","0.006958250497017893","535.2899780273438","0.02782261371612549","0.19548416137695312","0.6785858273506165","Manufacturing","TELEPHONE & TELEGRAPH APPARATUS","0","0","0","NO-NEWS","","","","","","","False","False","False"
"5","STX","0.29150107152794547","0.008946322067594433","726.9299926757812","0.23996591567993164","0.6930547952651978","0.5448505878448486","Manufacturing","COMPUTER STORAGE DEVICES","6","5","0","STRONG-POS","2026-04-29T22:19:18Z","1.0699305555555556","22.0","Stock Market Today, April 29: Mixed Reactions as Big Tech Earnings Beat Expectations","Jumped on strong earnings announcement.","Fed rate decision;Big Tech earnings;AI spending;megacap earnings;market movers","False","False","False"
"6","SMCI","0.28902482262859225","0.010934393638170975","27.09000015258789","-0.06843191385269165","0.16666674613952637","0.6962698101997375","Manufacturing","ELECTRONIC COMPUTERS","5","0","5","STRONG-NEG","2026-05-01T16:00:00Z","-0.6666666666666666","16.0","Bronstein, Gewirtz & Grossman LLC Urges Super Micro Computer, Inc. Investors to Act: Class Action Filed Alleging Investor Harm","The company is accused of failing to disclose material information regarding illegal export control violations and sales to Chinese entities, along with inadequate compliance controls. These allegations constitute securities fraud and represent significant corporate misconduct th","class action lawsuit;securities fraud;export control violations;investor harm;China sales","False","False","True"
"7","WDC","0.28520778646364503","0.012922465208747515","431.5199890136719","0.06811881065368652","0.4629284143447876","0.43280839920043945","Manufacturing","COMPUTER STORAGE DEVICES","5","3","0","STRONG-POS","2026-04-30T20:28:15Z","0.14704861111111112","20.0","Western Digital Stock Slips Even As Q3 Beats Expectations","While the company delivered strong Q3 earnings beats on both EPS and revenue, with positive forward guidance and CEO commentary on AI-driven demand, the stock declined 6.1% in after-hours trading. This disconnect between fundamental performance and stock price movement suggests m","earnings beat;revenue growth;AI demand;HDD storage;guidance","False","False","False"
"8","MPWR","0.2789999589860369","0.014910536779324055","1583.47998046875","-0.029766082763671875","0.4157301187515259","0.548581063747406","Manufacturing","SEMICONDUCTORS & RELATED DEVICES","0","0","0","NO-NEWS","","","","","","","False","False","False"
"9","APA","0.2671071010375155","0.016898608349900597","40.130001068115234","0.06360995769500732","-0.0454329252243042","0.5788596868515015","Mining","CRUDE PETROLEUM & NATURAL GAS","0","0","0","NO-NEWS","","","","","","","False","False","False"
"10","AMD","0.26138309427746326","0.018886679920477135","360.5400085449219","0.036600470542907715","0.6576552391052246","0.6377692222595215","Manufacturing","SEMICONDUCTORS & RELATED DEVICES","18","8","3","POS","2026-05-01T13:06:55Z","-0.5464699074074074","13.0","AMD Delivers 5x Stock Returns, Steamrolls Nvidia","AMD surged 74.3% in April with strong year-over-year growth of 266.8% over the past year. The company is being repriced as a higher-beta alternative in AI hardware with upcoming catalysts including Q1 earnings and an AI event in July.","AMD;Nvidia;AI chips;semiconductor;stock performance","False","False","False"
"11","TER","0.24836363532449604","0.020874751491053677","345.4200134277344","-0.1737944483757019","0.11566174030303955","1.0148673057556152","Manufacturing","INSTRUMENTS FOR MEAS & TESTING OF ELECTRICITY & ELEC SIGNALS","5","2","3","NEG","2026-04-30T18:12:58Z","0.24099537037037036","18.0","Here's Why This AI-Related Company's Stock Soared Today","Stock surged 13.6% on positive analyst sentiment despite disappointing Q2 guidance. Strong AI revenue growth (70% of total, 87% YoY), with Goldman Sachs raising price target to $350 and JPMorgan upgrading to overweight. Market treated the dip as a buying opportunity.","AI chips;automated test equipment;revenue growth;guidance;analyst upgrades","False","False","False"
"12","SNDK","0.2452962758391873","0.02286282306163022","1187.0","0.1991109848022461","0.6918712854385376","0.8776929378509521","Manufacturing","COMPUTER STORAGE DEVICES","6","4","0","STRONG-POS","2026-04-30T20:20:57Z","0.15211805555555555","20.0","SanDisk Stock Drops Despite Blowout Q3 Report: What To Know","While SanDisk delivered exceptional earnings and revenue beats (62% and 27% respectively) with strong datacenter growth and raised Q4 guidance, the stock declined 7.53% in after-hours trading. This disconnect between strong fundamentals and negative price action suggests the mark","SanDisk;Q3 earnings;datacenter;revenue beat;stock decline","False","False","False"
"13","GLW","0.23919572893149044","0.02485089463220676","158.25999450683594","-0.10023313760757446","0.06990265846252441","0.6841280460357666","Manufacturing","DRAWING & INSULATING OF NONFERROUS WIRE","2","2","0","POS","2026-04-29T04:30:00Z","1.8125","4.0","[Latest] Global Cell Culture Media Bags Market Size/Share Worth USD 2.28 Billion by 2035 at a 5.8% CAGR: Healthcare Foresights (Analysis, Outlook, Leaders, Repo","Key market participant in cell culture media bags sector, positioned to capitalize on growing demand from pharmaceutical, biotech, and research institutions.","cell culture media bags;bioprocessing;single-use technology;biopharmaceutical;vaccine production","False","False","False"
"14","NCLH","0.23871945546733736","0.0268389662027833","18.809999465942383","0.016207456588745117","-0.0063391923904418945","0.5388637781143188","Transportation_Utilities","WATER TRANSPORTATION","1","0","0","NEUTRAL","2026-04-28T11:20:00Z","2.5277777777777777","11.0","Down 25% in 1 Month, Is Carnival Stock a Bargain or a Trap? Here's the Honest Answer.","Mentioned only as a valuation comparison point, trading at a higher P/E ratio than Carnival. No specific company performance or outlook information provided.","cruise line;fuel prices;valuation;earnings;occupancy rates","False","False","False"
"15","LITE","0.23730087548637158","0.02882703777335984","949.9299926757812","0.07745790481567383","0.1488124132156372","0.8468170762062073","Manufacturing","COMMUNICATIONS EQUIPMENT, NEC","0","0","0","NO-NEWS","","","","","","","False","False","False"
"16","DLTR","0.23693853796196276","0.030815109343936383","94.66999816894531","-0.08751809597015381","-0.1269826889038086","0.43916964530944824","Retail","RETAIL-VARIETY STORES","0","0","0","NO-NEWS","","","","","","","False","False","False"
"17","IP","0.2337160663213501","0.032803180914512925","31.760000228881836","-0.027258872985839844","-0.0870940089225769","0.5768312811851501","Manufacturing","PAPER MILLS","1","0","1","NEG","2026-04-30T17:09:08Z","0.28532407407407406","17.0","Stock Market Today: Dow Jones Roars As Industrials Rescue Wall Street From Meta-Led Tech Slide","Dropped 8% after quarterly report that underwhelmed on margins","Dow Jones;industrials;AI capital expenditure;mega-cap tech;data-center infrastructure","False","False","False"
"18","CHTR","0.23144132930944492","0.03479125248508946","171.74000549316406","-0.04657745361328125","-0.2186177372932434","1.0731053352355957","Transportation_Utilities","CABLE & OTHER PAY TELEVISION SERVICES","1","0","1","NEG","2026-04-27T10:25:43Z","3.565474537037037","10.0","What's Going On With Charter Communications Stock Monday?","Mixed earnings results with EPS missing analyst expectations ($9.17 vs $9.98), significant internet customer losses (120,000 in quarter), and 1% year-over-year revenue decline. While some positives exist (Spectrum Mobile growth, connectivity revenue growth), the stock plunged 25.","Charter Communications;Q1 2026 earnings;internet customer losses;Spectrum Mobile;Cox transaction","False","False","False"
"19","EPAM","0.23055175202422176","0.036779324055666","112.33000183105469","-0.05589175224304199","-0.18595552444458008","0.3715648353099823","Services","SERVICES-COMPUTER PROGRAMMING SERVICES","0","0","0","NO-NEWS","","","","","","","False","False","False"
"20","PSKY","0.22748879528926813","0.03876739562624255","11.09000015258789","0.010938882827758789","0.16491591930389404","0.6097977757453918","Transportation_Utilities","TELEVISION BROADCASTING STATIONS","0","0","0","NO-NEWS","","","","","","","False","False","False"
"21","BF.B","0.21701452757057413","0.040755467196819085","25.549999237060547","-0.0974920392036438","-0.04485982656478882","0.6452463269233704","Manufacturing","BEVERAGES","1","0","1","NEG","2026-04-29T09:46:17Z","1.5928587962962963","9.0","Jack Daniel's Maker Brown-Forman Stock Drops Nearly 6% In Pre-Market: What's Going On?","Stock dropped 5.88% in premarket trading following the collapse of merger negotiations with Pernod Ricard, eliminating a potential strategic partnership opportunity.","merger talks;spirits industry;stock decline;deal termination;acquisition","False","False","False"
"22","CVNA","0.21336867379166571","0.042743538767395624","382.6000061035156","-0.06473058462142944","0.2188206911087036","0.536374032497406","Retail","RETAIL-AUTO DEALERS & GASOLINE STATIONS","1","1","0","POS","2026-04-29T17:47:04Z","1.2589814814814815","17.0","What's Going On With Carvana Stock Wednesday?","Despite a minor 0.84% daily decline, the article presents multiple positive factors: analyst Buy rating with $467.53 price target, 65% gain over 12 months, bullish technical indicators (MACD above signal line, stock above 20-day and 100-day SMAs), and strategic expansion creating","Carvana;CVNA;earnings report;ADESA Syracuse;expansion","False","False","False"
"23","ARE","0.2088622297605788","0.04473161033797217","41.38999938964844","-0.1267932653427124","-0.042563021183013916","0.5671659111976624","Finance_Insurance_RealEstate","REAL ESTATE INVESTMENT TRUSTS","0","0","0","NO-NEWS","","","","","","","False","False","False"
"24","MU","0.2063865693802098","0.04671968190854871","542.2100219726562","0.09158086776733398","0.48047733306884766","0.5834528803825378","Manufacturing","SEMICONDUCTORS & RELATED DEVICES","17","12","1","POS","2026-05-01T12:10:00Z","-0.5069444444444444","12.0","Prediction: This Monster Artificial Intelligence (AI) Chip Stock Will Be the Next to Reach a $1 Trillion Valuation","Strong fundamental growth catalysts with nearly 400% expected earnings growth over two years, essential role in AI infrastructure, premium pricing power for HBM products, operational efficiency improvements, and realistic path to $1 trillion valuation even without valuation expan","AI chips;memory chips;trillion-dollar valuation;HBM (high bandwidth memory);data centers","False","False","False"
"25","BLDR","0.20598675483488257","0.048707753479125246","75.72000122070312","-0.1590404510498047","-0.04297274351119995","0.5216119885444641","Retail","RETAIL-LUMBER & OTHER BUILDING MATERIALS DEALERS","0","0","0","NO-NEWS","","","","","","","False","False","False"
"26","NOW","0.20373741361470846","0.05069582504970179","91.16000366210938","0.010979294776916504","-0.10627448558807373","0.9223835468292236","Services","SERVICES-PREPACKAGED SOFTWARE","1","1","0","POS","2026-04-30T08:00:00Z","0.6666666666666666","8.0","Atos reconnu comme leader dans le rapport Provider Lens® 2026 d'ISG pour les partenaires de l'écosystème ServiceNow","ServiceNow is highlighted as a strategic platform for digital transformation with growing ecosystem partner capabilities. The recognition of Atos's innovations on ServiceNow (Now Assist, AI workflows) indicates strong platform adoption and value creation potential.","ServiceNow;digital transformation;AI innovation;cloud services;managed services","False","False","False"
"27","NXPI","0.20209506603058922","0.05268389662027833","295.239990234375","0.20980167388916016","0.5175532102584839","0.9439930319786072","Manufacturing","SEMICONDUCTORS & RELATED DEVICES","0","0","0","NO-NEWS","","","","","","","False","False","False"
"28","FIX","0.18821768182077733","0.05467196819085487","1867.02001953125","0.08162820339202881","0.317409873008728","0.4525994062423706","Construction","ELECTRICAL WORK","0","0","0","NO-NEWS","","","","","","","False","False","False"
"29","CSGP","0.18595975907834228","0.05666003976143141","34.720001220703125","-0.047200798988342285","-0.1309136152267456","0.4127572774887085","Services","SERVICES-BUSINESS SERVICES, NEC","0","0","0","NO-NEWS","","","","","","","False","False","False"
"30","ARES","0.18422262486520796","0.05864811133200795","119.0","0.032717108726501465","0.16176903247833252","0.5206992626190186","Finance_Insurance_RealEstate","INVESTMENT ADVICE","1","0","1","NEG","2026-04-29T10:50:05Z","1.5485532407407407","10.0","Hedge Fund Billionaire Ken Griffin Warns Wealthy Investors May Not Grasp Private Credit Risks— 'The Real Issue Here Is...'","Included among firms aggressively expanding into semi-liquid funds targeting wealthy investors amid growing redemption pressures.","private credit;liquidity risk;redemption pressure;wealth investors;hedge funds","False","False","False"
"31","TTD","0.1736075022213218","0.06063618290258449","24.239999771118164","0.01126408576965332","0.0993196964263916","0.639774739742279","Services","SERVICES-COMPUTER PROGRAMMING, DATA PROCESSING, ETC.","0","0","0","NO-NEWS","","","","","","","False","False","False"
"32","DELL","0.17050388491443702","0.06262425447316103","210.1699981689453","-0.027395963668823242","0.20531058311462402","0.5546847581863403","Manufacturing","ELECTRONIC COMPUTERS","1","0","0","NEUTRAL","2026-04-29T13:12:40Z","1.449537037037037","13.0","What's Going On With Nvidia Stock Today?","Currently evaluating Nemotron capabilities, but no adoption or partnership details provided","Nemotron 3 Nano Omni;multimodal AI model;open source;physical artificial intelligence;strategic partnerships","False","False","False"
"33","URI","0.17044113821564352","0.06461232604373758","949.22998046875","-0.02584129571914673","0.29660284519195557","0.840192973613739","Services","SERVICES-EQUIPMENT RENTAL & LEASING, NEC","0","0","0","NO-NEWS","","","","","","","False","False","False"
"34","CLX","0.16493968218909674","0.06660039761431412","87.11000061035156","-0.11724764108657837","-0.1387186050415039","0.4620165526866913","Manufacturing","SPECIALTY CLEANING, POLISHING AND SANITATION PREPARATIONS","0","0","0","NO-NEWS","","","","","","","False","False","False"
"35","MRNA","0.15959378903684607","0.06858846918489066","45.369998931884766","-0.10565739870071411","-0.07784557342529297","0.4354146420955658","Manufacturing","BIOLOGICAL PRODUCTS, (NO DIAGNOSTIC SUBSTANCES)","3","0","1","NEG","2026-05-01T14:44:46Z","-0.6144212962962963","14.0","Moderna's Legal Hit Steals Spotlight From Strong Sales","Stock declined 2.05% on the day despite strong revenue beat and narrower-than-expected loss, primarily due to a significant $2.22 per share litigation-related charge that overshadowed positive operational results and pipeline progress.","Moderna;Q1 earnings;litigation settlement;revenue beat;COVID-19 vaccine","False","False","False"
"36","CCL","0.15821140830366595","0.0705765407554672","26.65999984741211","-0.018770694732666016","0.03978157043457031","0.6261350512504578","Transportation_Utilities","WATER TRANSPORTATION","1","1","0","POS","2026-04-28T11:20:00Z","2.5277777777777777","11.0","Down 25% in 1 Month, Is Carnival Stock a Bargain or a Trap? Here's the Honest Answer.","Despite near-term fuel cost headwinds reducing fiscal 2026 earnings guidance, Carnival maintains strong fundamentals including record 103% occupancy, record bookings extending into 2028, and a low 12x P/E ratio well below competitors. Earnings are still expected to grow year-over","cruise line;fuel prices;valuation;earnings;occupancy rates","False","False","False"
"37","MCHP","0.1563288356741082","0.07256461232604373","93.94999694824219","0.050424814224243164","0.43216466903686523","0.480936199426651","Manufacturing","SEMICONDUCTORS & RELATED DEVICES","2","2","0","POS","2026-04-29T12:26:00Z","1.4819444444444445","12.0","AI Is Reviving an Overlooked Chip Category—and These 3 Names Are Riding the Demand","Up 30% YTD with recent momentum, beat internal sales targets and analyst predictions in latest quarter, announced automotive collaboration with Hyundai Motor Group, though inventory and manufacturing underutilization remain concerns.","analog chips;semiconductors;AI data centers;power delivery;signal management","False","False","False"
"38","HUM","0.14813985361563806","0.07455268389662027","233.6300048828125","0.08548998832702637","0.31378281116485596","0.4361715018749237","Finance_Insurance_RealEstate","HOSPITAL & MEDICAL SERVICE PLANS","0","0","0","NO-NEWS","","","","","","","False","False","False"
"39","KLAC","0.14723429809211352","0.07654075546719682","1726.260009765625","-0.10787594318389893","0.1380634307861328","0.49327823519706726","Manufacturing","OPTICAL INSTRUMENTS & LENSES","1","0","0","NEUTRAL","2026-04-27T13:22:01Z","3.4430439814814813","13.0","Earnings Volatility Watch: What To Expect From Sandisk and 5 Mag Seven Stocks This Week","High implied volatility (11.70%) but facing negative growth estimates with EPS down 10.31% and revenue off 2.36%; process-control tools at leading edge but near-term headwinds","earnings season;implied volatility;Magnificent Seven;semiconductor;storage","False","False","False"
"40","HOOD","0.1464019599669456","0.07852882703777336","73.66000366210938","-0.13044500350952148","0.06908571720123291","0.8352012038230896","Finance_Insurance_RealEstate","SECURITY BROKERS, DEALERS & FLOTATION COMPANIES","9","0","7","STRONG-NEG","2026-05-01T16:29:29Z","-0.6871412037037037","16.0","Why Robinhood Markets Stock Sank This Week","Stock declined 11.8% this week due to weak net income growth (3% vs 15% revenue growth) and a significant 47% year-over-year drop in cryptocurrency revenue, which was previously a major revenue driver. While the company shows growth in user deposits and new products, the valuatio","earnings miss;cryptocurrency revenue decline;net income growth;digital brokerage;valuation concerns","False","False","False"
"41","GEV","0.14101176759647724","0.0805168986083499","1062.949951171875","-0.07504415512084961","0.18293499946594238","0.5681324601173401","Manufacturing","ELECTRONIC & OTHER ELECTRICAL EQUIPMENT (NO COMPUTER EQUIP)","1","1","0","POS","2026-04-30T05:15:00Z","0.78125","5.0","Something Amazing That No One Predicted Just Happened in the Markets (Yes, AI Is at the Center of It)","Surpassed GE Aerospace in market cap for the first time; HA turbine orders increased 4x from 2018 to 2025; raised full-year revenue, earnings, and cash flow guidance; strong AI data center demand driving order book growth; excellent management positioning company for sustained gr","AI data centers;gas turbines;market capitalization;GE Vernova;GE Aerospace","False","False","False"
"42","LUV","0.13868727637127154","0.08250497017892644","38.7599983215332","-0.01749056577682495","0.030851006507873535","0.5032767653465271","Transportation_Utilities","AIR TRANSPORTATION, SCHEDULED","1","0","1","NEG","2026-04-28T15:18:00Z","2.3625","15.0","Blocked Merger, Fuel Crisis Push Spirit Airlines Closer to Government Ownership","Posted sharp operating margin declines in Q1 2025 as international tourism weakened. Low-cost carrier model facing headwinds compared to legacy carriers.","Spirit Airlines;government bailout;low-cost carriers;airline industry;fuel crisis","False","False","False"
"43","FCX","0.13772075346949716","0.08449304174950298","56.54999923706055","-0.07371008396148682","-0.07869017124176025","0.6194285750389099","Mining","METAL MINING","0","0","0","NO-NEWS","","","","","","","False","False","False"
"44","LYB","0.135161798425079","0.08648111332007952","74.98999786376953","0.07327890396118164","-0.057914555072784424","0.6220042109489441","Manufacturing","INDUSTRIAL ORGANIC CHEMICALS","0","0","0","NO-NEWS","","","","","","","False","False","False"
"45","APP","0.1307718711590851","0.08846918489065607","460.0","0.02612149715423584","0.1905686855316162","0.6109626293182373","Services","SERVICES-COMPUTER PROGRAMMING, DATA PROCESSING, ETC.","0","0","0","NO-NEWS","","","","","","","False","False","False"
"46","LULU","0.12694932266814138","0.09045725646123261","133.5800018310547","-0.07107090950012207","-0.1421782374382019","0.5887746810913086","Manufacturing","APPAREL & OTHER FINISHD PRODS OF FABRICS & SIMILAR MATL","0","0","0","NO-NEWS","","","","","","","False","False","False"
"47","BAX","0.12611727201201373","0.09244532803180915","17.209999084472656","-0.05231279134750366","0.03177452087402344","0.39319273829460144","Manufacturing","SURGICAL & MEDICAL INSTRUMENTS & APPARATUS","0","0","0","NO-NEWS","","","","","","","False","False","False"
"48","FICO","0.12607157994617085","0.09443339960238568","1035.5","0.030635476112365723","-0.049790799617767334","0.7014811038970947","Services","SERVICES-BUSINESS SERVICES, NEC","0","0","0","NO-NEWS","","","","","","","False","False","False"
"49","Q","0.12499314755834504","0.09642147117296222","143.3300018310547","-0.007959544658660889","0.22998368740081787","0.441038578748703","Manufacturing","SEMICONDUCTORS & RELATED DEVICES","0","0","0","NO-NEWS","","","","","","","False","False","False"
"50","OXY","0.11768121293128472","0.09840954274353876","58.709999084472656","0.027836084365844727","-0.06765127182006836","0.4188050925731659","Mining","CRUDE PETROLEUM & NATURAL GAS","7","7","0","STRONG-POS","2026-04-30T21:25:00Z","0.1076388888888889","21.0","Crude Oil Blockade Impact: $110 Price Lifts Energy Sector Cash Flow Visibility","Stock gained 2.4% due to high sensitivity to WTI crude prices. Benefits from elevated oil prices driven by the blockade.","crude oil blockade;Iran sanctions;oil prices;energy sector;free cash flow","False","False","False"
"51","PODD","0.11390903332893806","0.10039761431411531","175.0399932861328","-0.07659846544265747","-0.14326268434524536","0.5801638960838318","Manufacturing","SURGICAL & MEDICAL INSTRUMENTS & APPARATUS","1","0","1","NEG","2026-04-29T18:30:22Z","1.228912037037037","18.0","FDA Flags High-Risk Recall Of Insulet's Omnipod 5 Pods Over Insulin Delivery Concerns","The company faces an FDA Class I recall (most serious type) of its flagship Omnipod 5 product due to a critical defect affecting insulin delivery. With 476 reported serious injuries, potential for life-threatening complications, and the stock hitting a 52-week low with a 10.95% d","FDA recall;Omnipod 5;insulin delivery defect;medical device safety;diabetic ketoacidosis","False","False","False"
"52","AXON","0.11065552627246679","0.10238568588469185","402.30999755859375","0.01306915283203125","-0.025435447692871094","0.6707780957221985","Manufacturing","ORDNANCE & ACCESSORIES, (NO VEHICLES/GUIDED MISSILES)","1","0","1","NEG","2026-04-30T07:35:00Z","0.6840277777777778","7.0","2 Factors Dragging Down Axon Enterprise Stock: Should You Buy the Dip?","Stock has declined 30% in 2026 and trades at a lofty 53x forward earnings valuation. Rising stock-based compensation expenses ($610M in 2025, up 60% YoY) and concerns about earnings growth sustainability weigh on the stock. While recent earnings beat provided temporary relief, th","Axon Enterprise;SaaS stocks;AI disruption;valuation concerns;stock-based compensation","False","False","False"
"53","AMZN","0.10962678537352367","0.10437375745526839","268.260009765625","0.016174912452697754","0.2788292169570923","0.2781180441379547","Retail","RETAIL-CATALOG & MAIL-ORDER HOUSES","80","37","4","POS","2026-05-01T17:11:59Z","-0.7166550925925926","17.0","Stock Market Today: Apple Earnings Power S&P 500, Nasdaq To Records; Trump Hits EU","Rose 1.9% as part of broad-based technology rally","S&P 500;Nasdaq 100;Apple earnings;technology rally;software stocks","False","False","False"
"54","ACN","0.10948942478563398","0.10636182902584493","179.8300018310547","0.008241772651672363","-0.10678982734680176","0.42340320348739624","Services","SERVICES-BUSINESS SERVICES, NEC","1","1","0","POS","2026-04-29T13:00:00Z","1.4583333333333333","13.0","AFCEA International Announces the 2026 Winners of Intelligence Community Award","Four Accenture team members (Dr. Amir Bagherpour, Dr. Rick Bennet, Evelyn Torsher, Morgan Menzies) recognized as part of the award-winning Project SAURON team, highlighting the company's expertise and success in delivering enterprise-level AI and analytics solutions for defense i","Defense Scientific & Technical Intelligence;artificial intelligence;Digital ISR sensor;human-AI teaming;predictive analytics","False","False","False"
"55","DOW","0.10829843348958137","0.10834990059642147","40.290000915527344","0.042162418365478516","-0.026811599731445312","0.57518070936203","Manufacturing","PLASTIC MATERIALS, SYNTH RESINS & NONVULCAN ELASTOMERS","0","0","0","NO-NEWS","","","","","","","False","False","False"
"56","GPC","0.10665586636116448","0.110337972166998","104.98999786376953","-0.03448593616485596","0.014690160751342773","0.3169952630996704","Wholesale","WHOLESALE-MOTOR VEHICLE SUPPLIES & NEW PARTS","0","0","0","NO-NEWS","","","","","","","False","False","False"
"57","CTSH","0.10314666996635978","0.11232604373757456","52.43000030517578","-0.0486299991607666","-0.16165655851364136","0.344818115234375","Services","SERVICES-COMPUTER PROGRAMMING SERVICES","0","0","0","NO-NEWS","","","","","","","False","False","False"
"58","AKAM","0.10244908505265832","0.1143141153081511","103.87000274658203","0.09049868583679199","-0.11974573135375977","0.7915030717849731","Services","SERVICES-BUSINESS SERVICES, NEC","0","0","0","NO-NEWS","","","","","","","False","False","False"
"59","GEHC","0.10208626775156956","0.11630218687872763","61.029998779296875","-0.11332273483276367","-0.1324804425239563","0.5724049806594849","Manufacturing","X-RAY APPARATUS & TUBES & RELATED IRRADIATION APPARATUS","3","1","2","NEG","2026-04-30T23:15:00Z","0.03125","23.0","GE HealthCare Technologies Inc. Shareholders Are Encouraged to Reach Out to Johnson Fistel for More Information About Potentially Recovering Their Losses","Company reported declining earnings per share, reduced full-year guidance, and disclosed unexpected $250 million in additional input costs due to inflation, resulting in sharp stock price decline and triggering securities investigation.","securities fraud investigation;investor losses;earnings guidance reduction;inflation impact;class action lawsuit","False","False","False"
"60","BSX","0.10130089332284692","0.11829025844930417","56.5","-0.0897374153137207","-0.10060489177703857","0.501798152923584","Manufacturing","SURGICAL & MEDICAL INSTRUMENTS & APPARATUS","3","0","3","STRONG-NEG","2026-04-29T22:43:00Z","1.0534722222222221","22.0","BSX DEADLINE: ROSEN, RECOGNIZED INVESTOR COUNSEL, Encourages Boston Scientific Corporation Investors to Secure Counsel Before Important May 4 Deadline in Securi","The company is the subject of a securities class action lawsuit alleging material misstatements and concealment of adverse facts regarding its U.S. Electrophysiology segment's unsustainable growth, resulting in missed earnings and disappointing guidance that caused investor losse","securities class action;Boston Scientific;Electrophysiology segment;false statements;lead plaintiff deadline","False","False","False"
"61","TSCO","0.10022546023067797","0.12027833001988071","33.83000183105469","-0.0792052149772644","-0.22797805070877075","0.5216985940933228","Retail","RETAIL-BUILDING MATERIALS, HARDWARE, GARDEN SUPPLY","0","0","0","NO-NEWS","","","","","","","False","False","False"
"62","UAL","0.09992471852314165","0.12226640159045726","92.5199966430664","-0.0051613450050354","0.003361821174621582","0.5210663080215454","Transportation_Utilities","AIR TRANSPORTATION, SCHEDULED","5","2","1","POS","2026-05-01T01:05:00Z","-0.04513888888888889","1.0","United Airlines' CEO Shocked the Market: Here's What It Means to eVTOL Investors","While the CEO's safety concerns are significant for the eVTOL industry, they represent a prudent risk management stance for the airline. The company's position is neither particularly positive nor negative for its own operations.","eVTOL;electric vertical takeoff and landing;airport operations;safety concerns;airline partnerships","False","False","False"
"63","JBL","0.09629616068277025","0.1242544731610338","342.4700012207031","0.0024001598358154297","0.27525603771209717","0.26943573355674744","Manufacturing","PRINTED CIRCUIT BOARDS","2","2","0","POS","2026-04-30T16:00:00Z","0.3333333333333333","16.0","Pharmaceutical Contract Development and Manufacturing Organization (CDMO) for Formulations Market Research Report 2026: Opportunities, Trends, Competitive Lands","Acquisition of Pharmaceutics International Inc. in February 2025 strengthens capabilities in aseptic filling, lyophilization, and oral solid dose production, enhancing market position.","CDMO;pharmaceutical manufacturing;peptide therapeutics;contract manufacturing;GMP production","False","False","False"
"64","ANET","0.09091377505609738","0.12624254473161034","172.6999969482422","-0.023797452449798584","0.3632775545120239","0.470795214176178","Manufacturing","COMPUTER COMMUNICATIONS EQUIPMENT","0","0","0","NO-NEWS","","","","","","","False","False","False"
"65","POOL","0.08930939145176497","0.12823061630218688","208.08999633789062","-0.10518169403076172","0.02542746067047119","0.3626777231693268","Wholesale","WHOLESALE-MISC DURABLE GOODS","1","1","0","POS","2026-04-29T20:05:00Z","1.1631944444444444","20.0","Pool Corporation Announces Increase in Share Repurchase Program, Growth of Quarterly Dividend and Results of 2026 Annual Meeting of Stockholders","The company demonstrated strong capital allocation discipline by increasing share repurchases by $329 million and raising the quarterly dividend by 4%, signaling management confidence in future cash generation and commitment to returning value to shareholders.","share repurchase;dividend increase;capital allocation;annual meeting;shareholder returns","False","False","False"
"66","ERIE","0.08839379617566809","0.13021868787276342","214.9600067138672","-0.07987326383590698","-0.13847136497497559","0.40479761362075806","Finance_Insurance_RealEstate","INSURANCE AGENTS, BROKERS & SERVICE","0","0","0","NO-NEWS","","","","","","","False","False","False"
"67","WDAY","0.08674289013197795","0.13220675944333996","126.95999908447266","0.060120224952697754","-0.04007256031036377","0.6371307373046875","Services","SERVICES-COMPUTER PROCESSING & DATA PREPARATION","0","0","0","NO-NEWS","","","","","","","False","False","False"
"68","LEN","0.0834241487847738","0.1341948310139165","88.44999694824219","-0.059542834758758545","0.022661566734313965","0.3258436620235443","Construction","GENERAL BLDG CONTRACTORS - RESIDENTIAL BLDGS","1","0","1","NEG","2026-05-01T18:34:47Z","-0.7741550925925926","18.0","Mortgage Rates Just Hit a Four-Week High Thanks to Iran. Are Homebuilder Stocks a Buy on the Dip?","Included in the homebuilders ETF; sector-wide weakness with declining sales and elevated mortgage rates pressuring demand.","mortgage rates;homebuilders;housing market;interest rates;Strait of Hormuz","False","False","False"
"69","CF","0.0793939223160097","0.13618290258449303","122.69000244140625","0.01455390453338623","-0.05601292848587036","0.5864455103874207","Manufacturing","AGRICULTURAL CHEMICALS","0","0","0","NO-NEWS","","","","","","","False","False","False"
"70","GEN","0.07425716301396348","0.13817097415506957","19.3700008392334","0.017331957817077637","0.02541029453277588","0.4072556495666504","Services","SERVICES-PREPACKAGED SOFTWARE","0","0","0","NO-NEWS","","","","","","","False","False","False"
"71","EL","0.06796312925203564","0.14015904572564614","79.30000305175781","0.01901829242706299","0.14728009700775146","0.3091416358947754","Manufacturing","PERFUMES, COSMETICS & OTHER TOILET PREPARATIONS","0","0","0","NO-NEWS","","","","","","","False","False","False"
"72","AOS","0.066961746422677","0.14214711729622267","60.349998474121094","-0.06259703636169434","-0.06216007471084595","0.32310110330581665","Manufacturing","HOUSEHOLD APPLIANCES","0","0","0","NO-NEWS","","","","","","","False","False","False"
"73","TECH","0.06293954129059234","0.1441351888667992","55.02000045776367","0.015410184860229492","0.03557312488555908","0.5741775035858154","Manufacturing","BIOLOGICAL PRODUCTS, (NO DIAGNOSTIC SUBSTANCES)","0","0","0","NO-NEWS","","","","","","","False","False","False"
"74","QCOM","0.062252318107606806","0.14612326043737575","177.00999450683594","0.18918371200561523","0.39597785472869873","0.672328770160675","Manufacturing","RADIO & TV BROADCASTING & COMMUNICATIONS EQUIPMENT","9","6","2","POS","2026-05-01T17:11:59Z","-0.7166550925925926","17.0","Stock Market Today: Apple Earnings Power S&P 500, Nasdaq To Records; Trump Hits EU","Slid 3.5% in profit-taking after Thursday's 15% post-earnings rally","S&P 500;Nasdaq 100;Apple earnings;technology rally;software stocks","False","False","False"
"75","SWKS","0.06084229673498715","0.1481113320079523","69.4000015258789","0.09033775329589844","0.2574741840362549","0.4824560880661011","Manufacturing","SEMICONDUCTORS & RELATED DEVICES","0","0","0","NO-NEWS","","","","","","","False","False","False"
"76","LRCX","0.060785755148080815","0.15009940357852883","256.7200012207031","-0.04130256175994873","0.17524266242980957","0.5244455933570862","Manufacturing","SPECIAL INDUSTRY MACHINERY, NEC","0","0","0","NO-NEWS","","","","","","","False","False","False"
"77","GNRC","0.056421009702966735","0.15208747514910537","259.3399963378906","0.17385601997375488","0.3361842632293701","0.6643889546394348","Manufacturing","MOTORS & GENERATORS","2","2","0","POS","2026-05-01T16:25:27Z","-0.6843402777777777","16.0","Why Generac Stock Powered Higher This Week","Strong Q1 earnings with 12% net sales growth, 28% C&I segment growth, raised full-year guidance to mid-to-high teens growth, benefiting from expanding data center market demand for power solutions, and potential upside from housing market recovery in residential segment.","data center infrastructure;power generation;energy storage;earnings beat;guidance raise","False","False","False"
"78","RCL","0.05619168853137408","0.1540755467196819","265.54998779296875","-0.0010908842086791992","-0.029387056827545166","0.48304808139801025","Transportation_Utilities","WATER TRANSPORTATION","2","0","0","NEUTRAL","2026-04-28T11:20:00Z","2.5277777777777777","11.0","Down 25% in 1 Month, Is Carnival Stock a Bargain or a Trap? Here's the Honest Answer.","Mentioned only as a valuation comparison point, trading at a higher P/E ratio than Carnival. No specific company performance or outlook information provided.","cruise line;fuel prices;valuation;earnings;occupancy rates","False","False","False"
"79","KEYS","0.055784859776592866","0.15606361829025844","352.4100036621094","0.015707850456237793","0.21003305912017822","0.31150105595588684","Manufacturing","INDUSTRIAL INSTRUMENTS FOR MEASUREMENT, DISPLAY, AND CONTROL","0","0","0","NO-NEWS","","","","","","","False","False","False"
"80","TPL","0.047938758386927904","0.15805168986083498","433.6199951171875","-0.012052595615386963","-0.02390599250793457","0.6873708963394165","Finance_Insurance_RealEstate","OIL ROYALTY TRADERS","0","0","0","NO-NEWS","","","","","","","False","False","False"
"81","NFLX","0.04422569595965942","0.16003976143141152","92.05999755859375","-0.004110813140869141","-0.06689649820327759","0.4229152202606201","Services","SERVICES-VIDEO TAPE RENTAL","7","2","2","NEUTRAL","2026-04-30T20:14:01Z","0.15693287037037038","20.0","Why Spotify Stock Plummeted This Week","Referenced as another company that faced subscriber growth saturation challenges as it scaled to high user counts. Used as a comparison point for Spotify's maturation, not as a direct investment recommendation or criticism.","earnings report;subscriber growth;advertising revenue;free cash flow;valuation","False","False","False"
"82","GIS","0.04339486225365182","0.16202783300198806","34.720001220703125","-0.0071489810943603516","-0.07215386629104614","0.23792070150375366","Manufacturing","GRAIN MILL PRODUCTS","1","0","1","NEG","2026-04-30T18:05:00Z","0.2465277777777778","18.0","Oil Shocks Are Pushing Up Food and Fertilizer Costs. These Consumer Stocks Are Feeling the Squeeze.","Similar pressures as Kraft Heinz with rising input costs, inability to pass costs to consumers, expected 19% EPS decline in 2026, and ongoing challenges from competition and portfolio weaknesses despite dividend yield.","oil prices;food costs;fertilizer prices;packaged food;margin compression","False","False","False"
"83","PWR","0.041773147956953166","0.16401590457256462","742.2100219726562","0.18784010410308838","0.3238856792449951","0.5864322781562805","Construction","ELECTRICAL WORK","2","2","0","POS","2026-04-30T17:09:08Z","0.28532407407407406","17.0","Stock Market Today: Dow Jones Roars As Industrials Rescue Wall Street From Meta-Led Tech Slide","Jumped 12.9% as electrification and grid-build infrastructure names extended rally driven by AI power-demand narrative","Dow Jones;industrials;AI capital expenditure;mega-cap tech;data-center infrastructure","False","False","False"
"84","CPB","0.04149961312209053","0.16600397614314116","20.729999542236328","0.005334615707397461","-0.05815541744232178","0.2678225636482239","Manufacturing","FOOD AND KINDRED PRODUCTS","0","0","0","NO-NEWS","","","","","","","False","False","False"
"85","TXN","0.03899380857366709","0.1679920477137177","281.0199890136719","0.0140000581741333","0.4420895576477051","0.7341662645339966","Manufacturing","SEMICONDUCTORS & RELATED DEVICES","5","3","0","STRONG-POS","2026-04-29T12:26:00Z","1.4819444444444445","12.0","AI Is Reviving an Overlooked Chip Category—and These 3 Names Are Riding the Demand","Posted notably strong Q1 2026 earnings with 19% YOY revenue growth and 22% YOY analog chip sales growth, demonstrating improving conditions in the analog chip market.","analog chips;semiconductors;AI data centers;power delivery;signal management","False","False","False"
"86","PNR","0.03512458779018947","0.16998011928429424","79.0999984741211","-0.13787466287612915","-0.07830345630645752","0.4470371603965759","Manufacturing","SPECIAL INDUSTRY MACHINERY (NO METALWORKING MACHINERY)","2","2","0","POS","2026-05-01T16:32:48Z","-0.6894444444444444","16.0","Why Pentair Stock Is Plummeting This Week","Despite short-term stock decline, the company demonstrated strong financial performance with earnings and revenue beats, provided optimistic forward guidance with 23-25% EPS growth expected, and trades at a valuation discount to historical averages, suggesting undervaluation and ","earnings beat;analyst downgrade;stock decline;valuation discount;water solutions","False","False","False"
"87","VRT","0.03482825566374156","0.17196819085487078","328.30999755859375","0.014994144439697266","0.2564965486526489","0.5326900482177734","Manufacturing","ELECTRONIC COMPONENTS, NEC","1","1","0","POS","2026-04-30T15:32:00Z","0.3527777777777778","15.0","Meet the Artificial Intelligence (AI) Infrastructure Stock That Has Crushed Nvidia and Broadcom With a 270% Jump. It Can Still Fly Higher.","Strong 270% stock price appreciation, impressive Q1 results with 30% revenue and 83% earnings growth, raised full-year guidance, positioned to capture growing AI data center market, and analyst price target suggests 44% additional upside potential.","AI infrastructure;data center cooling;power management;earnings growth;guidance raise","False","False","False"
"88","IR","0.03219748397271923","0.17395626242544732","77.98999786376953","-0.06944280862808228","0.001026749610900879","0.45816534757614136","Manufacturing","GENERAL INDUSTRIAL MACHINERY & EQUIPMENT","0","0","0","NO-NEWS","","","","","","","False","False","False"
"89","CNC","0.02939434454351348","0.17594433399602386","53.34000015258789","0.27546632289886475","0.5192252397537231","0.6033406257629395","Finance_Insurance_RealEstate","HOSPITAL & MEDICAL SERVICE PLANS","0","0","0","NO-NEWS","","","","","","","False","False","False"
"90","DDOG","0.029073482048688405","0.1779324055666004","140.52999877929688","0.08534133434295654","0.16758060455322266","0.573868453502655","Services","SERVICES-PREPACKAGED SOFTWARE","0","0","0","NO-NEWS","","","","","","","False","False","False"
"91","CAG","0.02154855625672123","0.17992047713717693","14.0600004196167","-0.0077628493309021","-0.10559797286987305","0.28244221210479736","Manufacturing","FOOD AND KINDRED PRODUCTS","0","0","0","NO-NEWS","","","","","","","False","False","False"
"92","AMCR","0.020844437045772383","0.18190854870775347","37.75","-0.030808746814727783","-0.05459553003311157","0.41539260745048523","Manufacturing","MISCELLANEOUS MANUFACTURING INDUSTRIES","1","1","0","POS","2026-04-29T08:30:00Z","1.6458333333333333","8.0","Europe Packaging Market to Reach USD 673.81 Billion by 2035, Driven by Sustainability Mandates, E-Commerce Expansion, and Advanced Packaging Technologies","Listed as a major company in the Europe packaging market positioned to benefit from growing demand for sustainable and advanced packaging solutions","packaging market;sustainability;e-commerce;circular economy;recyclable materials","False","False","False"
"93","UHS","0.016591418825397934","0.18389662027833","167.0","-0.0421566367149353","-0.05489528179168701","0.4764218330383301","Services","SERVICES-GENERAL MEDICAL & SURGICAL HOSPITALS, NEC","0","0","0","NO-NEWS","","","","","","","False","False","False"
"94","CAT","0.015990108686695054","0.18588469184890655","889.6699829101562","0.07087230682373047","0.24044227600097656","0.4528941810131073","Manufacturing","CONSTRUCTION MACHINERY & EQUIP","5","5","0","STRONG-POS","2026-05-01T08:50:25Z","-0.3683449074074074","8.0","Will S&P 500 Open Up Or Down On May 1 After Best Month Since 2020?","Caterpillar shares jumped after upbeat earnings results, driving Thursday's rally.","S&P 500;record close;April earnings;geopolitical recovery;market momentum","False","False","False"
"95","HSY","0.01595091051847957","0.1878727634194831","182.33999633789062","-0.047733426094055176","-0.11567002534866333","0.25069567561149597","Manufacturing","SUGAR & CONFECTIONERY PRODUCTS","0","0","0","NO-NEWS","","","","","","","False","False","False"
"96","IRM","0.010303780375551835","0.18986083499005965","127.19000244140625","0.09618210792541504","0.23126816749572754","0.4199530780315399","Finance_Insurance_RealEstate","REAL ESTATE INVESTMENT TRUSTS","1","1","0","POS","2026-04-30T08:52:00Z","0.6305555555555555","8.0","India Data Center Colocation Report 2026: Market to Expand by 25.5% to Reach $7.31 Billion this Year - Revenue, Capacity, and Performance Metrics, Size and Fore","Provides carrier-neutral colo services in India's growing market; acquisition by Iron Mountain strengthens its position in the expanding Asia-Pacific data center sector.","data center colocation;India market growth;AI workloads;hyperscaler expansion;DPDP Act compliance","False","False","False"
"97","MKC","0.007201910503298855","0.1918489065606362","50.2400016784668","-0.025033891201019287","0.02845454216003418","0.3014884293079376","Manufacturing","MISCELLANEOUS FOOD PREPARATIONS & KINDRED PRODUCTS","0","0","0","NO-NEWS","","","","","","","False","False","False"
"98","MAS","0.004615748568569192","0.19383697813121273","71.23999786376953","-0.039633333683013916","0.20500671863555908","0.5051677823066711","Manufacturing","HEATING EQUIP, EXCEPT ELEC & WARM AIR; & PLUMBING FIXTURES","0","0","0","NO-NEWS","","","","","","","False","False","False"
"99","RMD","0.004034400550416516","0.19582504970178927","205.02000427246094","-0.06745511293411255","-0.08509969711303711","0.2466883659362793","Manufacturing","SURGICAL & MEDICAL INSTRUMENTS & APPARATUS","1","1","0","POS","2026-04-29T08:53:00Z","1.6298611111111112","8.0","Sleep Apnea Devices (Therapeutic, Diagnostic) Market Report 2026-2034 Featuring Key Players - ResMed, Koninklijke Philips, and Carefusion","ResMed is identified as a key player in the expanding sleep apnea devices market, which is projected to grow at 7.05% CAGR through 2034. The company benefits from increasing prevalence of sleep apnea, technological advancements, and growing homecare adoption trends.","sleep apnea devices;CPAP;BiPAP;market growth;homecare healthcare","False","False","False"
"100","SYK","0.0036066351923896263","0.1978131212723658","294.7300109863281","-0.10008853673934937","-0.1110273003578186","0.31727612018585205","Manufacturing","SURGICAL & MEDICAL INSTRUMENTS & APPARATUS","0","0","0","NO-NEWS","","","","","","","False","False","False"
"101","COIN","0.0010128439707070974","0.19980119284294234","191.25","-0.04264909029006958","0.11542046070098877","0.6091546416282654","Finance_Insurance_RealEstate","FINANCE SERVICES","6","1","2","NEG","2026-04-29T19:15:26Z","1.1976157407407408","19.0","Coinbase Stock Slides Amid Middle East Uncertainty","Stock declined 6.92% due to Middle East geopolitical tensions driving risk-off behavior away from speculative assets. Technical indicators show the stock trading in the lower half of its 52-week range, 32.6% below its 200-day SMA, indicating a longer-term downtrend with incomplet","Coinbase;Middle East tensions;geopolitical uncertainty;crypto stocks;risk-off behavior","False","False","False"
"102","LMT","-0.00011429424556921516","0.20178926441351888","512.77001953125","-0.0013243556022644043","-0.1766566038131714","0.26413872838020325","Manufacturing","GUIDED MISSILES & SPACE VEHICLES & PARTS","5","5","0","STRONG-POS","2026-04-30T18:33:00Z","0.22708333333333333","18.0","Is This Pre-IPO AI Robotics Company the Next Big Defense Play?","Co-developing unified control systems with XTEND, deepened collaboration including integration of XOS operating system into MDCX platform, demonstrating strategic partnership in growing autonomous defense sector.","AI robotics;drone autonomy;defense technology;pre-IPO;DoD contracts","False","False","False"
"103","DG","-0.0005361833554681323","0.20377733598409542","114.43000030517578","-0.05202549695968628","-0.04434603452682495","0.35104697942733765","Retail","RETAIL-VARIETY STORES","0","0","0","NO-NEWS","","","","","","","False","False","False"
"104","GOOGL","-0.0007225171331556625","0.20576540755467196","385.69000244140625","0.11988973617553711","0.3040200471878052","0.3954114615917206","Services","SERVICES-COMPUTER PROGRAMMING, DATA PROCESSING, ETC.","99","62","4","POS","2026-05-01T17:53:00Z","-0.7451388888888889","17.0","StellarSpace Unveils New-Generation Industrial Automation Products at Silicon Valley Launch Event","Mentioned only as participant expert at the summit event; no specific business developments, partnerships, or product announcements involving Google.","industrial automation;embodied robotics;programmable logic controllers;servo systems;frequency converters","False","False","False"
"105","SW","-0.00430593734592872","0.2077534791252485","39.43000030517578","-0.013263225555419922","0.0035632848739624023","0.4291587769985199","Manufacturing","PAPERBOARD CONTAINERS & BOXES","0","0","0","NO-NEWS","","","","","","","False","False","False"
"106","GOOG","-0.007812197872885923","0.20974155069582506","383.2200012207031","0.11947882175445557","0.3014332056045532","0.39290449023246765","Services","SERVICES-COMPUTER PROGRAMMING, DATA PROCESSING, ETC.","99","62","4","POS","2026-05-01T17:53:00Z","-0.7451388888888889","17.0","StellarSpace Unveils New-Generation Industrial Automation Products at Silicon Valley Launch Event","Mentioned only as participant expert at the summit event; no specific business developments, partnerships, or product announcements involving Google.","industrial automation;embodied robotics;programmable logic controllers;servo systems;frequency converters","False","False","False"
"107","NVR","-0.008921261596508983","0.2117296222664016","6154.14013671875","-0.05378425121307373","-0.07639038562774658","0.38200488686561584","Construction","OPERATIVE BUILDERS","1","0","1","NEG","2026-05-01T18:34:47Z","-0.7741550925925926","18.0","Mortgage Rates Just Hit a Four-Week High Thanks to Iran. Are Homebuilder Stocks a Buy on the Dip?","Revenue declined 22% to $1.88 billion, showing significant weakness in homebuilding demand.","mortgage rates;homebuilders;housing market;interest rates;Strait of Hormuz","False","False","False"
"108","COO","-0.009139713867770738","0.21371769383697814","62.36000061035156","-0.03197759389877319","-0.11130106449127197","0.2557794451713562","Manufacturing","OPHTHALMIC GOODS","0","0","0","NO-NEWS","","","","","","","False","False","False"
"109","NUE","-0.015035752246055072","0.21570576540755468","226.0399932861328","0.05483222007751465","0.310680627822876","0.288552463054657","Manufacturing","STEEL WORKS, BLAST FURNACES & ROLLING MILLS (COKE OVENS)","1","0","0","NEUTRAL","2026-04-27T12:33:51Z","3.4764930555555558","12.0","Stock Market Today: Dow Futures Fall, S&P 500 Gains As Trump Halts Iran Talks— Organon, SAP, Cheetah Net Supply Chain Service In Focus (UPDATED)","Up 0.35% with strong price trend and solid value score. Analysts expect quarterly earnings of $2.82 per share on revenue of $8.88 billion.","stock market;futures;Iran talks;Federal Reserve;interest rates","False","False","False"
"110","NOC","-0.01588410386816519","0.21769383697813122","568.1400146484375","-0.0121193528175354","-0.1912597417831421","0.2920292913913727","Manufacturing","SEARCH, DETECTION, NAVIGATION, GUIDANCE, AERONAUTICAL SYS","4","3","1","POS","2026-04-30T07:37:00Z","0.6826388888888889","7.0","Military Communications Market Outlook 2026–2031: To Surpass USD 50 Billion by 2031 with Asia-Pacific Emerges as Fastest-Growing Region, Says Mordor Intelligenc","Key player in military communications market with exposure to growing demand for advanced systems, SATCOM technologies, and integrated multi-domain operations.","military communications;geopolitical tensions;satellite communications;5G networks;AI spectrum management","False","False","False"
"111","NKE","-0.016679855546908897","0.21968190854870775","44.400001525878906","-0.006489098072052002","0.0047522783279418945","0.2670202851295471","Manufacturing","RUBBER & PLASTICS FOOTWEAR","0","0","0","NO-NEWS","","","","","","","False","False","False"
"112","BEN","-0.02024837296746106","0.2216699801192843","29.84000015258789","0.10029494762420654","0.27521371841430664","0.3421837091445923","Finance_Insurance_RealEstate","INVESTMENT ADVICE","0","0","0","NO-NEWS","","","","","","","False","False","False"
"113","APTV","-0.021251362955950308","0.22365805168986083","60.4900016784668","0.006489276885986328","-0.008198082447052002","0.3106257915496826","Manufacturing","MOTOR VEHICLE PARTS & ACCESSORIES","0","0","0","NO-NEWS","","","","","","","False","False","False"
"114","FSLR","-0.02442905400395979","0.22564612326043737","211.7100067138672","0.09264039993286133","0.08391356468200684","0.44039109349250793","Manufacturing","SEMICONDUCTORS & RELATED DEVICES","0","0","0","NO-NEWS","","","","","","","False","False","False"
"115","AVGO","-0.02565042997231926","0.2276341948310139","421.2799987792969","-0.003500819206237793","0.3393101692199707","0.41951650381088257","Manufacturing","SEMICONDUCTORS & RELATED DEVICES","25","15","2","POS","2026-05-01T19:27:00Z","-0.8104166666666667","19.0","The 4 Best AI Stocks to Buy in May","Massive growth in custom AI chip division with 106% YoY growth in Q1, CEO projects business will exceed $100B in 2027. Positioned as key partner for hyperscalers designing ASICs.","AI stocks;semiconductor;GPU demand;custom AI chips;cloud computing","False","False","False"
"116","SWK","-0.030471738410530483","0.22962226640159045","78.52999877929688","0.024660706520080566","0.14408504962921143","0.4856729209423065","Manufacturing","CUTLERY, HANDTOOLS & GENERAL HARDWARE","0","0","0","NO-NEWS","","","","","","","False","False","False"
"117","UNH","-0.032826723794593476","0.23161033797216699","368.7799987792969","0.039051055908203125","0.33008718490600586","0.4186770021915436","Finance_Insurance_RealEstate","HOSPITAL & MEDICAL SERVICE PLANS","1","1","0","POS","2026-04-30T10:10:00Z","0.5763888888888888","10.0","Want to Build Real Wealth in Healthcare? These Stocks Are Worth Considering","Company recovered from previous underestimation of healthcare costs through better pricing, operational improvements, and AI efficiency. Raised full-year earnings outlook and showed 2% revenue growth with improvements across all business segments. Strong competitive moat as large","healthcare stocks;wealth building;pharmaceuticals;medtech;dividends","False","False","False"
"118","ELV","-0.039229537085427715","0.23359840954274355","372.67999267578125","0.08098387718200684","0.23921000957489014","0.3137213885784149","Finance_Insurance_RealEstate","HOSPITAL & MEDICAL SERVICE PLANS","0","0","0","NO-NEWS","","","","","","","False","False","False"
"119","ORCL","-0.039907419373094166","0.2355864811133201","171.8300018310547","-0.008367955684661865","0.17386257648468018","0.6891549229621887","Services","SERVICES-PREPACKAGED SOFTWARE","8","2","2","NEUTRAL","2026-05-01T17:11:59Z","-0.7166550925925926","17.0","Stock Market Today: Apple Earnings Power S&P 500, Nasdaq To Records; Trump Hits EU","Jumped 7.2% on renewed AI cloud capex enthusiasm","S&P 500;Nasdaq 100;Apple earnings;technology rally;software stocks","False","False","False"
"120","INTU","-0.04006130386294724","0.23757455268389663","399.0400085449219","0.0078040361404418945","-0.055481910705566406","0.5680463314056396","Services","SERVICES-PREPACKAGED SOFTWARE","0","0","0","NO-NEWS","","","","","","","False","False","False"
"121","STLD","-0.040613860887683054","0.23956262425447317","229.27000427246094","0.010935306549072266","0.2723085880279541","0.3466755449771881","Manufacturing","STEEL WORKS, BLAST FURNACES & ROLLING MILLS (COKE OVENS)","0","0","0","NO-NEWS","","","","","","","False","False","False"
"122","NEM","-0.040686677869492614","0.2415506958250497","108.62000274658203","-0.10008281469345093","-0.047610700130462646","0.5672901272773743","Mining","GOLD AND SILVER ORES","1","0","0","NEUTRAL","2026-04-29T14:26:59Z","1.3979282407407407","14.0","SIL vs. GDX: Silver Miners Outpaced Gold Miners in 2025. Will It Last?","Largest holding in GDX at 11.63%. Performance tied to gold mining sector dynamics and broader precious metals market trends.","precious metals mining;ETF comparison;silver miners;gold miners;investment returns","False","False","False"
"123","XYZ","-0.04573130809081477","0.24353876739562624","71.80999755859375","0.0025129318237304688","0.20123779773712158","0.3761414885520935","Services","SERVICES-PREPACKAGED SOFTWARE","0","0","0","NO-NEWS","","","","","","","False","False","False"
"124","CARR","-0.04654028627206707","0.24552683896620278","67.62000274658203","0.1090700626373291","0.21378576755523682","0.5614489316940308","Manufacturing","AIR-COND & WARM AIR HEATG EQUIP & COMM & INDL REFRIG EQUIP","2","1","0","POS","2026-04-30T17:09:08Z","0.28532407407407406","17.0","Stock Market Today: Dow Jones Roars As Industrials Rescue Wall Street From Meta-Led Tech Slide","Rose 10.3% on quarterly print well-received by data-center cooling thesis","Dow Jones;industrials;AI capital expenditure;mega-cap tech;data-center infrastructure","False","False","False"
"125","HCA","-0.0468565083023477","0.24751491053677932","433.0899963378906","0.0014567375183105469","-0.08212530612945557","0.41885650157928467","Services","SERVICES-GENERAL MEDICAL & SURGICAL HOSPITALS, NEC","1","0","0","NEUTRAL","2026-04-30T18:33:23Z","0.22681712962962963","18.0","Tenet Healthcare Blames Admissions Mix For Soft Q1 Sales","Mentioned briefly in a related article noting soft respiratory season and volume lags. Q1 2026 revenue grew 4.3% YoY to $19.11B with adjusted EPS of $7.15, but the company is flagging operational headwinds similar to Tenet, suggesting industry-wide challenges in the hospital sect","Q1 earnings;hospital operator;payer mix;admissions;guidance raised","False","False","False"
"126","ULTA","-0.04814933501651958","0.24950298210735586","531.9500122070312","-0.047623276710510254","-0.010123014450073242","0.26376089453697205","Retail","RETAIL-RETAIL STORES, NEC","1","0","0","NEUTRAL","2026-04-30T18:53:11Z","0.21306712962962962","18.0","Bill Hutchinson, CEO of Dunhill Partners, Announces Acquisition of Bradford Plaza in Stillwater, Oklahoma","Identified as a tenant at the shopping center. No direct business impact or company-specific information is provided.","retail acquisition;shopping center;Stillwater Oklahoma;real estate investment;commercial property","False","False","False"
"127","MOS","-0.04931302324604996","0.2514910536779324","23.149999618530273","-0.03541666269302368","-0.1153993010520935","0.3102087378501892","Manufacturing","AGRICULTURAL CHEMICALS","0","0","0","NO-NEWS","","","","","","","False","False","False"
"128","BDX","-0.05664184921777137","0.25347912524850896","149.30999755859375","-0.018601298332214355","-0.033654749393463135","0.2066279947757721","Manufacturing","SURGICAL & MEDICAL INSTRUMENTS & APPARATUS","0","0","0","NO-NEWS","","","","","","","False","False","False"
"129","BR","-0.05951121489630958","0.2554671968190855","155.25","0.001160740852355957","-0.03529483079910278","0.32437393069267273","Services","SERVICES-BUSINESS SERVICES, NEC","0","0","0","NO-NEWS","","","","","","","False","False","False"
"130","TEL","-0.06604619882110933","0.25745526838966204","207.42999267578125","-0.03372621536254883","-0.007844328880310059","0.49305593967437744","Wholesale","WHOLESALE-ELECTRONIC PARTS & EQUIPMENT, NEC","0","0","0","NO-NEWS","","","","","","","False","False","False"
"131","HPE","-0.06892915290058142","0.25944333996023855","28.56999969482422","0.014559626579284668","0.16091012954711914","0.33077022433280945","Manufacturing","COMPUTER & OFFICE EQUIPMENT","0","0","0","NO-NEWS","","","","","","","False","False","False"
"132","ZBRA","-0.07647564080461383","0.2614314115308151","227.0800018310547","-0.0027666687965393066","0.11953067779541016","0.3339599072933197","Manufacturing","GENERAL INDUSTRIAL MACHINERY & EQUIPMENT","0","0","0","NO-NEWS","","","","","","","False","False","False"
"133","VRSK","-0.07830244995620221","0.2634194831013916","181.11000061035156","0.0198209285736084","-0.021450161933898926","0.394687682390213","Services","SERVICES-COMPUTER PROCESSING & DATA PREPARATION","0","0","0","NO-NEWS","","","","","","","False","False","False"
"134","VLO","-0.0896641640445862","0.2654075546719682","246.8699951171875","0.046724557876586914","0.01138925552368164","0.44665074348449707","Manufacturing","PETROLEUM REFINING","2","1","1","NEUTRAL","2026-04-30T16:17:23Z","0.3212615740740741","16.0","Valero Delivers Strong Q1 Beat, But Lower Throughput Outlook Clouds Near-Term Stock Path","While Q1 results exceeded expectations with strong revenue and EPS beats, the stock declined due to significantly weaker Q2 guidance. The company projects reduced refining throughput from operational disruptions (Port Arthur scaffolding collapse and Benicia refinery shutdown), wh","Valero Energy;Q1 earnings beat;refining throughput decline;Port Arthur incident;Benicia refinery shutdown","False","False","False"
"135","ABT","-0.0933835561783044","0.2673956262425447","89.45999908447266","-0.018325448036193848","-0.1303587555885315","0.3065352737903595","Manufacturing","PHARMACEUTICAL PREPARATIONS","3","3","0","STRONG-POS","2026-04-29T08:31:00Z","1.645138888888889","8.0","Middle East and Africa Continuous Glucose Monitoring Market Forecast and Company Analysis Report 2026-2034 Featuring Dexcom, Medtronic, Senseonics, Abbott Diabe","Featured as a significant contributor to the growing CGM market in MEA, with favorable market conditions including government support for diabetes management and digital health integration.","continuous glucose monitoring;CGM market;Middle East and Africa;diabetes management;healthcare technology","False","False","False"
"136","DASH","-0.09512997129020898","0.26938369781312127","175.83999633789062","-0.005317330360412598","0.12393736839294434","0.5333046913146973","Services","SERVICES-BUSINESS SERVICES, NEC","0","0","0","NO-NEWS","","","","","","","False","False","False"
"137","ALLE","-0.0953080925113093","0.27137176938369784","135.49000549316406","-0.07262146472930908","-0.039486706256866455","0.3626357316970825","Services","SERVICES-DETECTIVE, GUARD & ARMORED CAR SERVICES","0","0","0","NO-NEWS","","","","","","","False","False","False"
"138","PPG","-0.1012118082706219","0.27335984095427435","107.51000213623047","-0.020856082439422607","0.04136002063751221","0.4303963780403137","Manufacturing","PAINTS, VARNISHES, LACQUERS, ENAMELS & ALLIED PRODS","0","0","0","NO-NEWS","","","","","","","False","False","False"
"139","WTW","-0.10150093097849983","0.2753479125248509","256.3399963378906","-0.10909539461135864","-0.11190414428710938","0.47231414914131165","Finance_Insurance_RealEstate","INSURANCE AGENTS, BROKERS & SERVICE","2","0","2","STRONG-NEG","2026-05-01T16:29:32Z","-0.6871759259259259","16.0","Why Willis Towers Watson Stock Was Sliding This Week","Stock declined 9% week-to-date due to weak organic revenue growth (3%), lack of concrete forward guidance, and management commentary on headwinds including healthcare inflation and geopolitical risks. Despite beating on adjusted earnings, the tepid top-line growth and absence of ","Willis Towers Watson;Q1 2026 earnings;organic revenue growth;stock decline;guidance","False","False","False"
"140","SYY","-0.10265574593408218","0.2773359840954274","74.05000305175781","-0.03278470039367676","0.04061269760131836","0.2620347738265991","Wholesale","WHOLESALE-GROCERIES & RELATED PRODUCTS","0","0","0","NO-NEWS","","","","","","","False","False","False"
"141","APO","-0.10530812860648851","0.279324055666004","130.4600067138672","0.049895405769348145","0.2187967300415039","0.406122088432312","Finance_Insurance_RealEstate","INVESTMENT ADVICE","8","3","5","NEG","2026-05-01T16:00:00Z","-0.6666666666666666","16.0","Bronstein, Gewirtz & Grossman LLC Urges Apollo Global Management, Inc. Investors to Act: Class Action Filed Alleging Investor Harm","The company faces serious allegations of securities fraud involving false statements about business relationships with Jeffrey Epstein and undisclosed communications between executives and Epstein. This represents material misrepresentation to investors and significant reputation","class action lawsuit;securities fraud;Apollo Global Management;Jeffrey Epstein;investor damages","False","False","False"
"142","EME","-0.1057024519621458","0.2813121272365805","903.5","0.038625121116638184","0.19463181495666504","0.39008691906929016","Construction","ELECTRICAL WORK","0","0","0","NO-NEWS","","","","","","","False","False","False"
"143","LDOS","-0.10754373778517509","0.28330019880715707","149.22999572753906","0.021703362464904785","-0.0603829026222229","0.2521970868110657","Services","SERVICES-COMPUTER INTEGRATED SYSTEMS DESIGN","1","1","0","POS","2026-04-28T21:11:40Z","2.1168981481481484","21.0","Stock Market Today, April 28: BigBear.ai Rises on Heavy Volume Ahead of Earnings as AI Defense Stocks See Increased Trading Activity","Leidos posted a steady gain of 1.32%, outperforming broader market declines and benefiting from increased interest in defense and government analytics sectors.","BigBear.ai;AI defense stocks;government contracts;earnings report;trading volume","False","False","False"
"144","MPC","-0.11163185125792","0.2852882703777336","246.14999389648438","0.0981975793838501","0.01828479766845703","0.4072129726409912","Manufacturing","PETROLEUM REFINING","3","3","0","STRONG-POS","2026-04-30T07:48:45Z","0.6744791666666666","7.0","Marathon Petroleum Stock Is Trending Overnight: Here's Why","Stock up 3.96% on strong earnings beat (Q4 EPS beat by 49.63%), dividend declaration, Iran blockade discussions supporting energy prices, bullish analyst ratings, and strong technical momentum in 89th percentile","Marathon Petroleum;energy sector;dividend;Iran blockade;oil prices","False","False","False"
"145","BRO","-0.12472656742113351","0.28727634194831014","57.630001068115234","-0.12549316883087158","-0.12615615129470825","0.3519091010093689","Finance_Insurance_RealEstate","INSURANCE AGENTS, BROKERS & SERVICE","0","0","0","NO-NEWS","","","","","","","False","False","False"
"146","TAP","-0.1259455104924438","0.28926441351888665","42.13999938964844","-0.007068812847137451","-0.043142616748809814","0.20818910002708435","Manufacturing","MALT BEVERAGES","0","0","0","NO-NEWS","","","","","","","False","False","False"
"147","MO","-0.12604080177179525","0.2912524850894632","74.55000305175781","0.11468315124511719","0.1336679458618164","0.3149312138557434","Manufacturing","CIGARETTES","0","0","0","NO-NEWS","","","","","","","False","False","False"
"148","ADI","-0.13218417402356117","0.2932405566600398","397.69000244140625","-0.004705071449279785","0.24926185607910156","0.395259827375412","Manufacturing","SEMICONDUCTORS & RELATED DEVICES","2","2","0","POS","2026-04-29T12:26:00Z","1.4819444444444445","12.0","AI Is Reviving an Overlooked Chip Category—and These 3 Names Are Riding the Demand","Up 43% YTD with strong Q1 2026 performance (30% YOY revenue growth), AI-related businesses comprising 20% of revenue, strong dividend yield of 1.12% with 10.1% annualized five-year growth rate, and 27 of 31 analysts rating it a Buy.","analog chips;semiconductors;AI data centers;power delivery;signal management","False","False","False"
"149","LLY","-0.13340136421881396","0.2952286282306163","963.3300170898438","0.08978915214538574","0.029660701751708984","0.46162667870521545","Manufacturing","PHARMACEUTICAL PREPARATIONS","14","11","0","STRONG-POS","2026-05-01T18:45:00Z","-0.78125","18.0","Lilly’s Double-Beat Widens the GLP-1 Gap—And a New Pill Could Make It Permanent","Strong Q1 2026 earnings beat with 56% YOY revenue growth, $12.8B in GLP-1 sales, EPS 156% above prior year, raised full-year guidance by $2B on both ends, and FDA approval of innovative Foundayo product with no food/water restrictions. 25 of 30 analyst ratings are Buy/equivalent.","GLP-1 agonists;weight-loss medications;Foundayo;oral medication;pharmaceutical earnings","False","False","False"
"150","GRMN","-0.1339665076679793","0.29721669980119286","242.4199981689453","-0.06542277336120605","0.02007150650024414","0.3147174119949341","Manufacturing","SEARCH, DETECTION, NAVIGATION, GUIDANCE, AERONAUTICAL SYS","0","0","0","NO-NEWS","","","","","","","False","False","False"
"151","MDT","-0.13594367262583515","0.2992047713717694","80.0","-0.03984636068344116","-0.07653236389160156","0.24538889527320862","Manufacturing","ELECTROMEDICAL & ELECTROTHERAPEUTIC APPARATUS","2","2","0","POS","2026-04-29T14:30:00Z","1.3958333333333333","14.0","Why Medtech Giants Are Quietly Paying Up for AI Diagnostics","Completed $585 million acquisition of CathWorks, adding AI-powered coronary assessment technology to its interventional cardiology portfolio. The FFRangio System demonstrated non-inferiority in a large randomized trial, strengthening the company's competitive position.","AI diagnostics;medical imaging;medtech acquisitions;cardiac imaging;continuous glucose monitoring","False","False","False"
"152","SBAC","-0.13955232829508474","0.30119284294234594","218.5800018310547","-0.004055202007293701","0.07126057147979736","0.41439923644065857","Finance_Insurance_RealEstate","REAL ESTATE INVESTMENT TRUSTS","0","0","0","NO-NEWS","","","","","","","False","False","False"
"153","CRH","-0.14814915771913095","0.30318091451292245","115.44999694824219","-0.02161020040512085","0.10341203212738037","0.37820419669151306","Manufacturing","CEMENT, HYDRAULIC","1","1","0","POS","2026-05-01T09:54:00Z","-0.4125","9.0","Global Cement Industry Databook Report 2026: Value and Volume Across 100+ Market Segments by Products, Distribution, Market Share, Import/Export, End Markets 20","Noted for continued portfolio realignment and prioritization of maintenance scheduling and operational optimization. The company's focus on asset sweating rather than new capacity aligns with industry best practices.","cement industry;asset optimization;carbon governance;environmental compliance;infrastructure modernization","False","False","False"
"154","UPS","-0.15459197387076007","0.305168986083499","107.56999969482422","0.0051392316818237305","0.09564065933227539","0.2571789622306824","Transportation_Utilities","TRUCKING & COURIER SERVICES (NO AIR)","3","1","0","POS","2026-04-30T08:06:00Z","0.6625","8.0","Be Warned: A Historical Triple Whammy Awaits the SpaceX IPO","Referenced as historical IPO example that declined within six months of going public, used as comparative data point.","SpaceX IPO;initial public offering;valuation bubble;technology stocks;market history","False","False","False"
"155","EXPE","-0.15716243012484682","0.3071570576540755","251.83999633789062","0.0015908479690551758","0.11779844760894775","0.49952971935272217","Transportation_Utilities","TRANSPORTATION SERVICES","1","0","1","NEG","2026-04-29T13:19:40Z","1.4446759259259259","13.0","Wall Street Loved Booking's Resilience Story: The Hormuz Crisis Just Broke It","Carries exposure to the Europe-Asia transit corridor flagged by Booking as a channel of damage from the Hormuz crisis, suggesting similar negative impacts on bookings and travel demand.","Booking Holdings;travel stocks;Strait of Hormuz;guidance cut;earnings miss","False","False","False"
"156","ALB","-0.15763532562235327","0.3091451292246521","193.8800048828125","0.029469609260559082","0.08866310119628906","0.8338377475738525","Manufacturing","PLASTIC MATERIALS, SYNTH RESINS & NONVULCAN ELASTOMERS","0","0","0","NO-NEWS","","","","","","","False","False","False"
"157","PANW","-0.15919099759410218","0.3111332007952286","181.0800018310547","0.014226555824279785","0.10949075222015381","0.48086443543434143","Manufacturing","COMPUTER PERIPHERAL EQUIPMENT, NEC","2","1","0","POS","2026-05-01T07:39:00Z","-0.31875","7.0","Healthcare Cybersecurity Market: $97.79 Billion by 2031 with Cloud Security Segment Expanding at 18.58% CAGR, Reports Mordor Intelligence","Listed among major competitors in the expanding healthcare cybersecurity market, with strong demand for cloud security solutions and zero-trust frameworks driving market growth.","healthcare cybersecurity;cloud security;ransomware attacks;electronic health records;zero-trust security","False","False","False"
"158","CBOE","-0.16573083822165055","0.31312127236580517","326.9599914550781","0.07619893550872803","0.12764263153076172","0.3862161338329315","Finance_Insurance_RealEstate","SECURITY & COMMODITY BROKERS, DEALERS, EXCHANGES & SERVICES","1","0","0","NEUTRAL","2026-04-27T17:54:00Z","3.254166666666667","17.0","AriseAlpha launches Free AI Day Trading Bot, delivering precision execution and hands-free performance for beginners","CBOE is referenced only for its VIX volatility index data (33% increase in average daily volatility), serving as a neutral market indicator without direct impact on the company's operations or outlook.","AI trading bot;day trading;execution precision;retail trading;market volatility","False","False","False"
"159","NVDA","-0.16695887204437532","0.31510934393638174","198.4499969482422","-0.047150373458862305","0.11872148513793945","0.35207599401474","Manufacturing","SEMICONDUCTORS & RELATED DEVICES","92","43","9","POS","2026-05-01T19:27:00Z","-0.8104166666666667","19.0","The 4 Best AI Stocks to Buy in May","Strong growth catalyst with 72% projected revenue growth, high GPU demand from hyperscalers, and attractive valuation at 26x forward earnings. Stock positioned above $5 trillion market cap with years of data center completion ahead.","AI stocks;semiconductor;GPU demand;custom AI chips;cloud computing","False","False","False"
"160","BX","-0.1680143341588415","0.31709741550695825","126.3499984741211","0.03863537311553955","0.11764705181121826","0.435654878616333","Finance_Insurance_RealEstate","INVESTMENT ADVICE","2","1","1","NEUTRAL","2026-04-29T10:50:05Z","1.5485532407407407","10.0","Hedge Fund Billionaire Ken Griffin Warns Wealthy Investors May Not Grasp Private Credit Risks— 'The Real Issue Here Is...'","Mentioned as one of the firms aggressively expanding into semi-liquid funds targeting retail investors, contributing to the systemic risk Griffin warns about.","private credit;liquidity risk;redemption pressure;wealth investors;hedge funds","False","False","False"
"161","LOW","-0.1686338257878302","0.3190854870775348","233.3300018310547","-0.0454898476600647","0.009955406188964844","0.3388895094394684","Retail","RETAIL-LUMBER & OTHER BUILDING MATERIALS DEALERS","1","0","0","NEUTRAL","2026-04-30T12:30:00Z","0.4791666666666667","12.0","1 Understated Dividend Stock That Could Be an Essential Part of Your Retirement Portfolio","Lowe's is mentioned as one of Realty Income's major tenants, representing a reliable revenue source. The mention is factual and contextual rather than evaluative.","dividend stock;REIT;retirement portfolio;passive income;monthly dividends","False","False","False"
"162","IQV","-0.1695754102433116","0.3210735586481113","157.77000427246094","-0.02779144048690796","-0.08940315246582031","0.40378883481025696","Services","SERVICES-COMMERCIAL PHYSICAL & BIOLOGICAL RESEARCH","0","0","0","NO-NEWS","","","","","","","False","False","False"
"163","CHRW","-0.17306562287703361","0.3230616302186879","177.3000030517578","-0.031306326389312744","0.05636322498321533","0.4145575761795044","Transportation_Utilities","ARRANGEMENT OF TRANSPORTATION OF FREIGHT & CARGO","0","0","0","NO-NEWS","","","","","","","False","False","False"
"164","SNPS","-0.17380428213746738","0.3250497017892644","489.0199890136719","-0.023561418056488037","0.2350548505783081","0.5185445547103882","Services","SERVICES-PREPACKAGED SOFTWARE","1","0","0","NEUTRAL","2026-04-27T10:11:44Z","3.5751851851851852","10.0","Why Is Atomera Stock Gaining Monday?","Expanding partnership with Atomera to enhance GaN modeling capabilities in their Sentaurus TCAD tools, which is positive for the business relationship, but no direct stock price impact mentioned in the article","Atomera;Synopsys;GaN collaboration;semiconductor;TCAD","False","False","False"
"165","IBKR","-0.1747049761636904","0.32703777335984097","80.45999908447266","0.0501173734664917","0.18777680397033691","0.38464799523353577","Finance_Insurance_RealEstate","SECURITY BROKERS, DEALERS & FLOTATION COMPANIES","0","0","0","NO-NEWS","","","","","","","False","False","False"
"166","FANG","-0.17543350888732248","0.3290258449304175","207.64999389648438","0.06601977348327637","0.07102322578430176","0.30040696263313293","Mining","CRUDE PETROLEUM & NATURAL GAS","0","0","0","NO-NEWS","","","","","","","False","False","False"
"167","EBAY","-0.17854392516791726","0.33101391650099404","104.06999969482422","0.06258928775787354","0.10548114776611328","0.3615165650844574","Services","SERVICES-BUSINESS SERVICES, NEC","1","0","0","NEUTRAL","2026-04-27T19:53:11Z","3.171400462962963","19.0","GameStop Bets On Retro: Inside The Strategy Behind The Nationwide In-Store Rollout","eBay is referenced as a specialty retro retailer competitor, but similarly positioned as lacking the in-store browsing and same-day transaction benefits that GameStop's physical locations offer.","retro gaming;physical retail;inventory curation;gross margins;in-store experience","False","False","False"
"168","F","-0.18018215396108778","0.33300198807157055","11.880000114440918","-0.040387749671936035","0.02413785457611084","0.3332321047782898","Manufacturing","MOTOR VEHICLES & PASSENGER CAR BODIES","4","3","1","POS","2026-05-01T15:00:00Z","-0.625","15.0","Solar Vehicle Research and Market Forecast Report 2026-2035","Ford is listed among leading companies in the solar vehicle sector, which is experiencing substantial growth driven by technological advancements and regulatory support for sustainable transportation.","solar vehicles;electric vehicles;lithium-ion batteries;monocrystalline panels;hybrid electric vehicles","False","False","False"
"169","SJM","-0.18162609162454804","0.3349900596421471","96.97000122070312","0.009368181228637695","0.01571178436279297","0.22723403573036194","Manufacturing","CANNED, FRUITS, VEG, PRESERVES, JAMS & JELLIES","0","0","0","NO-NEWS","","","","","","","False","False","False"
"170","DHI","-0.18251870011704246","0.33697813121272363","149.97999572753906","-0.06203877925872803","0.07366311550140381","0.4051261246204376","Construction","OPERATIVE BUILDERS","1","0","1","NEG","2026-05-01T18:34:47Z","-0.7741550925925926","18.0","Mortgage Rates Just Hit a Four-Week High Thanks to Iran. Are Homebuilder Stocks a Buy on the Dip?","Revenue fell 2.3% to $7.56 billion and earnings per share declined despite aggressive stock buybacks, indicating weakness in the homebuilding sector.","mortgage rates;homebuilders;housing market;interest rates;Strait of Hormuz","False","False","False"
"171","WST","-0.1833415185162288","0.3389662027833002","300.67999267578125","-0.017899155616760254","0.18006277084350586","0.521926760673523","Manufacturing","SURGICAL & MEDICAL INSTRUMENTS & APPARATUS","1","1","0","POS","2026-04-28T14:56:00Z","2.3777777777777778","14.0","Trends and Strategies in the 2026 Medical Device CMDO Market: Revenue to Exceed $354 Billion by 2033","Listed as a leading CDMO player benefiting from increased demand for specialized manufacturing and packaging services in the medical device sector.","CDMO market growth;medical device manufacturing;outsourcing;home care devices;minimally invasive treatments","False","False","False"
"172","TSLA","-0.18802808248659533","0.34095427435387676","390.82000732421875","0.03858625888824463","0.08383488655090332","0.40040239691734314","Manufacturing","MOTOR VEHICLES & PASSENGER CAR BODIES","30","9","4","POS","2026-05-01T17:11:59Z","-0.7166550925925926","17.0","Stock Market Today: Apple Earnings Power S&P 500, Nasdaq To Records; Trump Hits EU","Gained 3.6% as part of broad-based technology rally","S&P 500;Nasdaq 100;Apple earnings;technology rally;software stocks","False","False","False"
"173","VRSN","-0.19099209737093928","0.3429423459244533","272.44000244140625","0.012035608291625977","0.04845106601715088","0.3684537410736084","Services","SERVICES-COMPUTER PROGRAMMING SERVICES","0","0","0","NO-NEWS","","","","","","","False","False","False"
"174","CDNS","-0.19123462120147228","0.34493041749502984","340.94000244140625","0.02418208122253418","0.22323477268218994","0.549159824848175","Services","SERVICES-PREPACKAGED SOFTWARE","0","0","0","NO-NEWS","","","","","","","False","False","False"
"175","APH","-0.19214551742783204","0.34691848906560635","142.3000030517578","-0.049495697021484375","0.11171877384185791","0.36647677421569824","Manufacturing","ELECTRONIC CONNECTORS","1","1","0","POS","2026-04-27T13:22:01Z","3.4430439814814813","13.0","Earnings Volatility Watch: What To Expect From Sandisk and 5 Mag Seven Stocks This Week","Clean read on AI infrastructure connector demand; earnings expected to climb 50.28%; 11.21% implied move reflects significant opportunity","earnings season;implied volatility;Magnificent Seven;semiconductor;storage","False","False","False"
"176","AJG","-0.19673978999483283","0.3489065606361829","208.11000061035156","-0.03375428915023804","-0.043656110763549805","0.250184029340744","Finance_Insurance_RealEstate","INSURANCE AGENTS, BROKERS & SERVICE","1","1","0","POS","2026-04-29T18:19:00Z","1.2368055555555555","18.0","Arthur J. Gallagher & Co. Announces Regular Second Quarter Dividend","The company's declaration of a regular quarterly dividend demonstrates financial stability and commitment to returning capital to shareholders. Consistent dividend payments are typically viewed positively as they indicate strong cash flow and management confidence in the company'","dividend;quarterly cash dividend;Arthur J. Gallagher;insurance brokerage;shareholder returns","False","False","False"
"177","PSX","-0.1972237938221538","0.3508946322067594","176.19000244140625","0.08191585540771484","-0.00011354684829711914","0.38596653938293457","Manufacturing","PETROLEUM REFINING","1","1","0","POS","2026-04-29T18:25:43Z","1.2321412037037036","18.0","Phillips 66 Shares Surge on Strong Refining Performance","Strong earnings beat (49 cents vs. -40 cents consensus), significant share price increase of 5.70%, and excellent refining metrics (95% utilization, 87% clean product yield) demonstrate operational strength, despite revenue miss and segment-level challenges from mark-to-market ef","Phillips 66;Q1 earnings;refining performance;adjusted earnings;refining utilization","False","False","False"
"178","AON","-0.19802551847153357","0.352882703777336","311.510009765625","-0.029986917972564697","-0.03599059581756592","0.3099696934223175","Finance_Insurance_RealEstate","INSURANCE AGENTS, BROKERS & SERVICE","1","0","1","NEG","2026-04-30T17:09:08Z","0.28532407407407406","17.0","Stock Market Today: Dow Jones Roars As Industrials Rescue Wall Street From Meta-Led Tech Slide","Fell in sympathy with Willis Towers Watson's poor quarterly result","Dow Jones;industrials;AI capital expenditure;mega-cap tech;data-center infrastructure","False","False","False"
"179","CPRT","-0.1996286273700686","0.3548707753479125","33.27000045776367","0.006047844886779785","-0.003892242908477783","0.14181025326251984","Retail","RETAIL-AUTO DEALERS & GASOLINE STATIONS","0","0","0","NO-NEWS","","","","","","","False","False","False"
"180","COR","-0.1996286273700686","0.35685884691848907","304.0","-0.013595521450042725","-0.06403934955596924","0.1930680274963379","Wholesale","WHOLESALE-DRUGS, PROPRIETARIES & DRUGGISTS' SUNDRIES","0","0","0","NO-NEWS","","","","","","","False","False","False"
"181","AVY","-0.1996286273700686","0.3588469184890656","163.02999877929688","-0.014924466609954834","-0.0492214560508728","0.2774416506290436","Manufacturing","CONVERTED PAPER & PAPERBOARD PRODS (NO CONTANERS/BOXES)","1","1","0","POS","2026-04-28T14:00:00Z","2.4166666666666665","14.0","Paint Protection Films Market worth $1,549.4 million by 2030, at a CAGR of 7.2%, says MarketsandMarkets™","Key player in the paint protection films market benefiting from strong growth in premium vehicle protection solutions and expanding automotive aftermarket demand.","paint protection films;automotive aftermarket;TPU materials;vehicle protection;luxury vehicles","False","False","False"
"182","TYL","-0.20005534133999137","0.36083499005964215","335.5","-0.019091904163360596","-0.007484555244445801","0.35943588614463806","Services","SERVICES-PREPACKAGED SOFTWARE","0","0","0","NO-NEWS","","","","","","","False","False","False"
"183","OTIS","-0.20073723320334996","0.3628230616302187","77.08000183105469","-0.01116091012954712","-0.010017991065979004","0.2334904819726944","Manufacturing","ELECTRONIC & OTHER ELECTRICAL EQUIPMENT (NO COMPUTER EQUIP)","0","0","0","NO-NEWS","","","","","","","False","False","False"
"184","WAT","-0.20663447968680915","0.3648111332007952","307.1199951171875","-0.008874714374542236","0.009466171264648438","0.4385417401790619","Manufacturing","LABORATORY ANALYTICAL INSTRUMENTS","0","0","0","NO-NEWS","","","","","","","False","False","False"
"185","EFX","-0.20899410114953598","0.3667992047713718","173.85000610351562","0.008001446723937988","-0.04682272672653198","0.39187511801719666","Services","SERVICES-CONSUMER CREDIT REPORTING, COLLECTION AGENCIES","0","0","0","NO-NEWS","","","","","","","False","False","False"
"186","IVZ","-0.20908781801379367","0.3687872763419483","25.889999389648438","0.014896035194396973","0.0724937915802002","0.4007013440132141","Finance_Insurance_RealEstate","INVESTMENT ADVICE","0","0","0","NO-NEWS","","","","","","","False","False","False"
"187","PLTR","-0.2101350558475883","0.37077534791252487","144.07000732421875","0.006848931312561035","-0.02957022190093994","0.5674220323562622","Services","SERVICES-PREPACKAGED SOFTWARE","18","7","3","POS","2026-05-01T17:11:59Z","-0.7166550925925926","17.0","Stock Market Today: Apple Earnings Power S&P 500, Nasdaq To Records; Trump Hits EU","Climbed 3.8% as AI-infrastructure bid spread across software","S&P 500;Nasdaq 100;Apple earnings;technology rally;software stocks","False","False","False"
"188","META","-0.21399765483476868","0.3727634194831014","608.7449951171875","-0.09819567203521729","0.05968213081359863","0.47290995717048645","Services","SERVICES-COMPUTER PROGRAMMING, DATA PROCESSING, ETC.","69","23","23","NEUTRAL","2026-05-01T18:17:00Z","-0.7618055555555555","18.0","Nvidia Is Worth $5 Trillion Once Again. Here's Why It Could Become the First $10 Trillion Stock Within the Next 3 Years.","Mentioned as a partnership partner for Nvidia's AI chips but no specific details about impact or performance provided in the article.","AI inference;GPU chips;data center;market valuation;earnings growth","False","False","False"
"189","ODFL","-0.21556349364533883","0.37475149105367794","205.80999755859375","-0.06441491842269897","0.0394444465637207","0.3887326717376709","Transportation_Utilities","TRUCKING (NO LOCAL)","1","0","1","NEG","2026-04-29T19:04:46Z","1.2050231481481481","19.0","Why Is Old Dominion Stock Falling Wednesday?","Stock declined 6.40% despite beating revenue expectations. The company reported declining shipment volumes (7.7% drop in LTL tons per day), falling operating income (-6.1%), and decreased net income (-6.4%). Rising overhead costs and operational challenges offset pricing improvem","Old Dominion Freight Line;Q1 2026 earnings;LTL freight;revenue decline;operating income","False","False","False"
"190","BKR","-0.21579877839125544","0.37673956262425445","69.12000274658203","0.002610921859741211","0.14474999904632568","0.35961559414863586","Manufacturing","OIL & GAS FIELD MACHINERY & EQUIPMENT","1","0","0","NEUTRAL","2026-05-01T14:00:00Z","-0.5833333333333334","14.0","Leak Detection Market Size to Hit USD 8.53 Billion by 2035 | SNS Insider","Listed as a leading market player through Waygate Technologies subsidiary but no specific recent developments or market activities mentioned in the article.","leak detection;pipeline infrastructure;regulatory compliance;market growth;handheld detectors","False","False","False"
"191","PHM","-0.21704619371092013","0.378727634194831","119.20999908447266","-0.06545937061309814","0.01636970043182373","0.39627400040626526","Construction","OPERATIVE BUILDERS","1","0","1","NEG","2026-05-01T18:34:47Z","-0.7741550925925926","18.0","Mortgage Rates Just Hit a Four-Week High Thanks to Iran. Are Homebuilder Stocks a Buy on the Dip?","Reported 12% decline in revenue to $3.41 billion, reflecting broader housing market weakness.","mortgage rates;homebuilders;housing market;interest rates;Strait of Hormuz","False","False","False"
"192","GDDY","-0.2192199287765093","0.38071570576540753","86.76000213623047","0.008368253707885742","0.06232404708862305","0.3474825918674469","Services","SERVICES-COMPUTER INTEGRATED SYSTEMS DESIGN","0","0","0","NO-NEWS","","","","","","","False","False","False"
"193","WY","-0.22217793719882983","0.3827037773359841","23.989999771118164","-0.0415501594543457","-0.01801067590713501","0.26321470737457275","Finance_Insurance_RealEstate","REAL ESTATE INVESTMENT TRUSTS","0","0","0","NO-NEWS","","","","","","","False","False","False"
"194","NRG","-0.22285428136475452","0.38469184890656066","153.3699951171875","-0.040297865867614746","0.004453420639038086","0.49331310391426086","Transportation_Utilities","ELECTRIC SERVICES","0","0","0","NO-NEWS","","","","","","","False","False","False"
"195","GD","-0.2238304806047357","0.3866799204771372","345.8399963378906","0.10417938232421875","-0.009309947490692139","0.35446006059646606","Manufacturing","SHIP & BOAT BUILDING & REPAIRING","4","4","0","STRONG-POS","2026-04-30T07:37:00Z","0.6826388888888889","7.0","Military Communications Market Outlook 2026–2031: To Surpass USD 50 Billion by 2031 with Asia-Pacific Emerges as Fastest-Growing Region, Says Mordor Intelligenc","Listed among leading military communications companies with opportunities in software-defined radios, private 5G networks, and space-based communication solutions.","military communications;geopolitical tensions;satellite communications;5G networks;AI spectrum management","False","False","False"
"196","CTAS","-0.2251875887434205","0.38866799204771374","169.61000061035156","-0.035758912563323975","-0.027130842208862305","0.19159431755542755","Manufacturing","MEN'S & BOYS' FURNISHGS, WORK CLOTHG, & ALLIED GARMENTS","0","0","0","NO-NEWS","","","","","","","False","False","False"
"197","DHR","-0.22671859909956227","0.39065606361829025","175.14999389648438","-0.011847734451293945","-0.083560049533844","0.3202073574066162","Manufacturing","INDUSTRIAL INSTRUMENTS FOR MEASUREMENT, DISPLAY, AND CONTROL","3","3","0","STRONG-POS","2026-04-29T14:30:00Z","1.3958333333333333","14.0","Why Medtech Giants Are Quietly Paying Up for AI Diagnostics","Q1 2026 results showed 3.5% revenue growth and 9.5% adjusted EPS growth. Company raised full-year 2026 EPS guidance and announced acquisition of Masimo Corporation to enhance patient monitoring solutions, demonstrating strategic expansion in AI-enabled healthcare.","AI diagnostics;medical imaging;medtech acquisitions;cardiac imaging;continuous glucose monitoring","False","False","False"
"198","DXCM","-0.22837251822911306","0.3926441351888668","61.349998474121094","-0.003573179244995117","-0.013982713222503662","0.39035406708717346","Manufacturing","SURGICAL & MEDICAL INSTRUMENTS & APPARATUS","2","2","0","POS","2026-04-29T14:30:00Z","1.3958333333333333","14.0","Why Medtech Giants Are Quietly Paying Up for AI Diagnostics","Presented new clinical evidence showing significant improvements in A1C and weight management for Type 2 diabetes patients using Dexcom G7. Data also linked CGM use to reduced hospitalizations, supporting market expansion and adoption.","AI diagnostics;medical imaging;medtech acquisitions;cardiac imaging;continuous glucose monitoring","False","False","False"
"199","STT","-0.2285704909485989","0.3946322067594433","152.0","0.00835871696472168","0.1801241636276245","0.23523660004138947","Finance_Insurance_RealEstate","STATE COMMERCIAL BANKS","0","0","0","NO-NEWS","","","","","","","False","False","False"
"200","CMI","-0.2285704909485989","0.3966202783300199","657.4400024414062","-0.005009472370147705","0.19604134559631348","0.37679147720336914","Manufacturing","ENGINES & TURBINES","1","0","0","NEUTRAL","2026-04-29T17:52:00Z","1.2555555555555555","17.0","CVR Launches New Brand Identity and Leadership Team, Ushering in Next Era of Independence","Mentioned as a client of CVR. No specific information about the business relationship, performance, or impact is provided in the article.","advertising agency;rebrand;leadership transition;independent agency;strategy-led creative","False","False","False"
"201","JBHT","-0.2285704909485989","0.3986083499005964","248.72999572753906","0.0005631446838378906","0.15736818313598633","0.3413611650466919","Transportation_Utilities","TRUCKING (NO LOCAL)","0","0","0","NO-NEWS","","","","","","","False","False","False"
"202","CRWD","-0.23024748636926198","0.40059642147117297","455.6400146484375","0.01675856113433838","0.14161157608032227","0.541275143623352","Services","SERVICES-PREPACKAGED SOFTWARE","0","0","0","NO-NEWS","","","","","","","False","False","False"
"203","AIG","-0.2322927159543815","0.4025844930417495","78.7699966430664","0.0483098030090332","0.0444178581237793","0.2629602253437042","Finance_Insurance_RealEstate","FIRE, MARINE & CASUALTY INSURANCE","0","0","0","NO-NEWS","","","","","","","False","False","False"
"204","NTRS","-0.23278399368146488","0.40457256461232605","164.47999572753906","0.0028656721115112305","0.15627408027648926","0.3610907196998596","Finance_Insurance_RealEstate","STATE COMMERCIAL BANKS","0","0","0","NO-NEWS","","","","","","","False","False","False"
"205","ZBH","-0.23317990411561332","0.40656063618290256","82.9000015258789","-0.09160637855529785","-0.08790844678878784","0.4618099629878998","Manufacturing","ORTHOPEDIC, PROSTHETIC & SURGICAL APPLIANCES & SUPPLIES","0","0","0","NO-NEWS","","","","","","","False","False","False"
"206","KKR","-0.23334272355693045","0.4085487077534791","103.68000030517578","0.018167495727539062","0.13646817207336426","0.4322097897529602","Finance_Insurance_RealEstate","INVESTMENT ADVICE","2","1","0","POS","2026-04-29T10:50:05Z","1.5485532407407407","10.0","Hedge Fund Billionaire Ken Griffin Warns Wealthy Investors May Not Grasp Private Credit Risks— 'The Real Issue Here Is...'","Mentioned as launching a new 'more liquid' hybrid credit fund, suggesting awareness of liquidity concerns, though still expanding in the space.","private credit;liquidity risk;redemption pressure;wealth investors;hedge funds","False","False","False"
"207","TMO","-0.23588296658561708","0.4105367793240557","469.2099914550781","-0.0010644793510437012","-0.04527324438095093","0.44072017073631287","Manufacturing","MEASURING & CONTROLLING DEVICES, NEC","6","5","0","STRONG-POS","2026-04-30T16:00:00Z","0.3333333333333333","16.0","Pharmaceutical Contract Development and Manufacturing Organization (CDMO) for Formulations Market Research Report 2026: Opportunities, Trends, Competitive Lands","Listed as a major market player in the rapidly growing CDMO sector, positioned to benefit from the 10.6% CAGR expansion through 2030.","CDMO;pharmaceutical manufacturing;peptide therapeutics;contract manufacturing;GMP production","False","False","False"
"208","RTX","-0.2409865196579361","0.4125248508946322","173.99000549316406","-0.001549363136291504","-0.11324602365493774","0.2821755111217499","Manufacturing","AIRCRAFT ENGINES & ENGINE PARTS","4","4","0","STRONG-POS","2026-04-30T20:30:00Z","0.14583333333333334","20.0","RTX Board of Directors Increases Quarterly Cash Dividend","The company increased its quarterly dividend by 7.4%, demonstrating confidence in financial performance and commitment to returning value to shareholders. Consistent dividend payments since 1936 indicate financial stability and shareholder-friendly capital allocation.","dividend increase;quarterly cash dividend;shareholder returns;RTX Corporation;defense contractor","False","False","False"
"209","IT","-0.24206513429724094","0.41451292246520877","146.39999389648438","-0.02756565809249878","-0.07253730297088623","0.44316521286964417","Services","SERVICES-MANAGEMENT SERVICES","1","0","1","NEG","2026-04-27T23:47:00Z","3.009027777777778","23.0","IT Investor Alert: Gartner, Inc. Securities Fraud Lawsuit - Investors With Losses May Seek to Lead the Class Action After Management Allegedly Inflated Growth P","The company is the subject of a securities fraud lawsuit alleging management deliberately inflated growth projections. Actual Contract Value growth declined significantly contrary to management guidance, resulting in substantial shareholder losses (over $176 per share). The alleg","securities fraud;class action lawsuit;Contract Value growth;revenue projections;shareholder losses","False","False","False"
"210","AMAT","-0.2440892122158676","0.4165009940357853","389.0799865722656","-0.0670439600944519","0.11653792858123779","0.4666185975074768","Manufacturing","SEMICONDUCTORS & RELATED DEVICES","2","0","1","NEG","2026-04-28T18:16:00Z","2.238888888888889","18.0","War or Peace, the Artificial Intelligence (AI) Chip Industry Just Learned Depending on One Route for 30% of Its Helium Is Risky","While designing next-generation tools to reduce helium consumption, these improvements are only incremental (percentage points) and don't represent a structural fix to the helium dependency problem.","helium shortage;semiconductor supply chain;Strait of Hormuz;Qatar;EUV lithography","False","False","False"
"211","ETN","-0.24647512071034614","0.41848906560636184","425.54998779296875","0.0038449764251708984","0.17848241329193115","0.3352874219417572","Manufacturing","MISC INDUSTRIAL & COMMERCIAL MACHINERY & EQUIPMENT","1","1","0","POS","2026-04-28T14:00:00Z","2.4166666666666665","14.0","Bulk Filtration Market Report 2026, Competitive Analysis of 3M, Eaton, Parker-Hannifin, Pentair, Merck, Danaher, Mann+Hummel - Analyst Recommendations and Globa","Identified as a key market player positioned to benefit from increasing industrialization and stringent environmental regulations driving bulk filtration demand.","bulk filtration;smart filtration;IoT and AI integration;membrane filtration;environmental regulations","False","False","False"
"212","FDS","-0.24670777290936655","0.42047713717693835","227.5800018310547","0.015438199043273926","-0.0004391670227050781","0.43990302085876465","Services","SERVICES-COMPUTER PROGRAMMING, DATA PROCESSING, ETC.","0","0","0","NO-NEWS","","","","","","","False","False","False"
"213","DVN","-0.24691949984819614","0.4224652087475149","50.560001373291016","0.054651737213134766","0.021620512008666992","0.3495132029056549","Mining","CRUDE PETROLEUM & NATURAL GAS","0","0","0","NO-NEWS","","","","","","","False","False","False"
"214","LHX","-0.2516169476730775","0.42445328031809143","313.3699951171875","-0.013038992881774902","-0.11974722146987915","0.23748058080673218","Manufacturing","SEARCH, DETECTION, NAVIGATION, GUIDANCE, AERONAUTICAL SYS","1","1","0","POS","2026-04-30T07:37:00Z","0.6826388888888889","7.0","Military Communications Market Outlook 2026–2031: To Surpass USD 50 Billion by 2031 with Asia-Pacific Emerges as Fastest-Growing Region, Says Mordor Intelligenc","Significant player in military communications with strong positioning in tactical data links, SATCOM systems, and integrated antenna solutions.","military communications;geopolitical tensions;satellite communications;5G networks;AI spectrum management","False","False","False"
"215","GE","-0.2523914788854535","0.426441351888668","286.510009765625","0.006711244583129883","0.019028306007385254","0.457016259431839","Manufacturing","ELECTRONIC & OTHER ELECTRICAL EQUIPMENT (NO COMPUTER EQUIP)","1","0","0","NEUTRAL","2026-04-30T05:15:00Z","0.78125","5.0","Something Amazing That No One Predicted Just Happened in the Markets (Yes, AI Is at the Center of It)","Stock up 97% over three years with strong fundamentals and LEAP engine dominance on Boeing 737 MAX and Airbus A320neo; however, Iran conflict is constraining growth prospects and could lead to aircraft engine retirements if high oil prices persist; beat Q1 expectations but faces ","AI data centers;gas turbines;market capitalization;GE Vernova;GE Aerospace","False","False","False"
"216","TT","-0.25559072219041934","0.4284294234592445","486.4800109863281","0.0001233816146850586","0.13911068439483643","0.25198474526405334","Manufacturing","AUTO CONTROLS FOR REGULATING RESIDENTIAL & COMML ENVIRONMENTS","0","0","0","NO-NEWS","","","","","","","False","False","False"
"217","PTC","-0.25611782042472875","0.4304174950298211","136.52999877929688","-0.004665732383728027","-0.04290217161178589","0.2671147286891937","Services","SERVICES-PREPACKAGED SOFTWARE","0","0","0","NO-NEWS","","","","","","","False","False","False"
"218","RVTY","-0.2576563984796326","0.43240556660039764","86.68000030517578","-0.0010371804237365723","-0.02541041374206543","0.4680357575416565","Manufacturing","LABORATORY ANALYTICAL INSTRUMENTS","0","0","0","NO-NEWS","","","","","","","False","False","False"
"219","FISV","-0.25856727406426416","0.43439363817097415","62.13999938964844","0.021367549896240234","0.10648143291473389","0.2959829568862915","Services","SERVICES-BUSINESS SERVICES, NEC","3","1","1","NEUTRAL","2026-04-30T17:00:00Z","0.2916666666666667","17.0","Yakima Federal Helps Small Businesses Manage Cash Flow More Efficiently","Fiserv successfully deployed an innovative integrated solution with a major financial institution client, demonstrating market traction for its CashFlow Central and Experience Digital platforms. The announcement highlights product innovation, customer adoption, and expansion of i","CashFlow Central;Experience Digital;Accounts Payable;Accounts Receivable;SMB banking","False","False","False"
"220","IBM","-0.25873575372215946","0.4363817097415507","232.1999969482422","0.0009483098983764648","-0.06431335210800171","0.40458858013153076","Manufacturing","COMPUTER & OFFICE EQUIPMENT","3","2","1","POS","2026-05-01T07:39:00Z","-0.31875","7.0","Healthcare Cybersecurity Market: $97.79 Billion by 2031 with Cloud Security Segment Expanding at 18.58% CAGR, Reports Mordor Intelligence","Identified as a key player in the healthcare cybersecurity market, positioned to benefit from sustained double-digit growth driven by increased investments in advanced security frameworks and AI-based monitoring systems.","healthcare cybersecurity;cloud security;ransomware attacks;electronic health records;zero-trust security","False","False","False"
"221","CMG","-0.2589376536714539","0.4383697813121272","32.97999954223633","-0.035954415798187256","-0.0054282546043396","0.29463469982147217","Retail","RETAIL-EATING PLACES","3","2","0","POS","2026-04-30T21:33:08Z","0.10199074074074074","21.0","Why Chipotle Stock Rallied Today","Stock rallied on return to comparable sales growth (0.5%) after a year-long decline, driven by increased customer traffic and successful Chipotlane expansion. However, sentiment is moderated by significant margin compression due to rising input costs, which could limit upside pot","comparable sales growth;restaurant expansion;Chipotlane drive-throughs;margin compression;cost inflation","False","False","False"
"222","CRM","-0.2596485658419035","0.4403578528827038","183.82000732421875","0.0317692756652832","-0.01795053482055664","0.5123726725578308","Services","SERVICES-PREPACKAGED SOFTWARE","4","3","1","POS","2026-05-01T18:51:00Z","-0.7854166666666667","18.0","3 Software Stocks to Buy on the Dip With Accelerating AI-Driven Earnings Growth","Stock down 33% YTD but showing strong AI traction with Agentforce adoption, 94.3% EPS growth forecast, and analyst consensus price target suggesting 53.5% upside. Trading well below historical multiples despite quality and scale.","software stocks;AI-driven growth;buy on the dip;valuation;earnings growth","False","False","False"
"223","ORLY","-0.2600708078292713","0.4423459244532803","96.66999816894531","0.03801143169403076","0.057427287101745605","0.3544413447380066","Retail","RETAIL-AUTO & HOME SUPPLY STORES","0","0","0","NO-NEWS","","","","","","","False","False","False"
"224","DAL","-0.26543051834387","0.44433399602385687","68.9800033569336","0.0077430009841918945","0.03325343132019043","0.37353792786598206","Transportation_Utilities","AIR TRANSPORTATION, SCHEDULED","3","2","0","POS","2026-05-01T01:05:00Z","-0.04513888888888889","1.0","United Airlines' CEO Shocked the Market: Here's What It Means to eVTOL Investors","Delta's strategic positioning with Joby Aviation, which operates under a different business model less affected by airport safety concerns, positions the airline favorably in the emerging eVTOL market.","eVTOL;electric vertical takeoff and landing;airport operations;safety concerns;airline partnerships","False","False","False"
"225","DRI","-0.26560165286310566","0.4463220675944334","194.75999450683594","-0.03133392333984375","-0.007996797561645508","0.29429009556770325","Retail","RETAIL-EATING PLACES","1","0","1","NEG","2026-04-27T21:20:00Z","3.111111111111111","21.0","Does Cheesecake Factory Stock Have Any Upside Left on the Menu?","Peer with minimal gains (roughly 1% over the last year) and similar valuation to Cheesecake Factory (21X P/E), indicating weak performance in the casual dining sector.","casual dining;restaurant industry;earnings outlook;valuation;consumer sentiment","False","False","False"
"226","MGM","-0.26564475986864283","0.44831013916500995","38.5","-0.0263025164604187","0.04961836338043213","0.27314072847366333","Services","HOTELS & MOTELS","0","0","0","NO-NEWS","","","","","","","False","False","False"
"227","ADSK","-0.2658650829467033","0.45029821073558646","244.35000610351562","0.029102087020874023","0.026335716247558594","0.4598705768585205","Services","SERVICES-PREPACKAGED SOFTWARE","0","0","0","NO-NEWS","","","","","","","False","False","False"
"228","ADP","-0.2666492641478367","0.452286282306163","214.2100067138672","0.08996081352233887","0.049997568130493164","0.3829226493835449","Services","SERVICES-COMPUTER PROCESSING & DATA PREPARATION","0","0","0","NO-NEWS","","","","","","","False","False","False"
"229","SBUX","-0.26681926541562384","0.4542743538767396","105.9000015258789","0.07327461242675781","0.17184901237487793","0.3650204837322235","Retail","RETAIL-EATING & DRINKING PLACES","6","5","0","STRONG-POS","2026-05-01T15:30:00Z","-0.6458333333333334","15.0","Dutch Bros Still Trades at a Premium to Starbucks and Its Peers. Is the Growth Story Already Priced In?","Showing modest improvement with 6.2% Q2 comps growth and 16.8% stock price gain, but growth is slower than Dutch Bros. P/E ratio of 82 is still elevated, and the company is less attractive for growth-focused investors compared to Dutch Bros.","valuation;P/E ratio;growth stocks;same-store sales;expansion","False","False","False"
"230","CHD","-0.26701167423572536","0.4562624254473161","96.0199966430664","0.010524153709411621","0.03414106369018555","0.22366099059581757","Manufacturing","SOAP, DETERGENTS, CLEANG PREPARATIONS, PERFUMES, COSMETICS","0","0","0","NO-NEWS","","","","","","","False","False","False"
"231","MSFT","-0.2699696629455482","0.45825049701789267","414.44000244140625","-0.023974359035491943","0.10973060131072998","0.3445156514644623","Services","SERVICES-PREPACKAGED SOFTWARE","72","25","11","POS","2026-05-01T17:11:59Z","-0.7166550925925926","17.0","Stock Market Today: Apple Earnings Power S&P 500, Nasdaq To Records; Trump Hits EU","Climbed 2.1% as part of broad-based technology rally","S&P 500;Nasdaq 100;Apple earnings;technology rally;software stocks","False","False","False"
"232","HAL","-0.2718989769203701","0.4602385685884692","41.65999984741211","0.03221011161804199","0.09143316745758057","0.31808310747146606","Mining","OIL & GAS FIELD SERVICES, NEC","1","0","0","NEUTRAL","2026-04-30T13:06:37Z","0.45373842592592595","13.0","Arctic Oil Rush: Greenland Energy Targets 13 Billion Barrels In High-Stakes Basin Play","Halliburton is mentioned as a partner providing consulting, drilling, and logistical support for Greenland Energy's exploration campaign. This represents a business opportunity but is not the primary focus of the article, and no specific impact on Halliburton is discussed.","Arctic exploration;energy security;Jameson Land Basin;oil drilling;geopolitical tensions","False","False","False"
"233","BBY","-0.2727368071953299","0.46222664015904574","60.04999923706055","-0.006617069244384766","-0.0689922571182251","0.33385688066482544","Retail","RETAIL-RADIO, TV & CONSUMER ELECTRONICS STORES","0","0","0","NO-NEWS","","","","","","","False","False","False"
"234","AZO","-0.27283673374322903","0.46421471172962225","3594.080078125","0.004519462585449219","0.056914448738098145","0.3187684118747711","Retail","RETAIL-AUTO & HOME SUPPLY STORES","1","0","0","NEUTRAL","2026-04-27T05:38:00Z","3.765277777777778","5.0","Booking Holdings Is the First Blockbuster Stock Split of 2026 -- and the Table Is Set for This Company (Up 6,430% Since Its IPO) to Follow in Its Footsteps","Briefly mentioned as having a higher nominal share price than MercadoLibre but dismissed as a stock split candidate without detailed analysis or recommendation.","stock split;MercadoLibre;Booking Holdings;e-commerce;Latin America","False","False","False"
"235","ICE","-0.27295397238151986","0.4662027833001988","154.75","-0.023351192474365234","-0.05049699544906616","0.2327846735715866","Finance_Insurance_RealEstate","SECURITY & COMMODITY BROKERS, DEALERS, EXCHANGES & SERVICES","0","0","0","NO-NEWS","","","","","","","False","False","False"
"236","LIN","-0.27295397238151986","0.46819085487077533","507.9200134277344","-0.00466388463973999","0.01058495044708252","0.1750403493642807","Manufacturing","INDUSTRIAL INORGANIC CHEMICALS","1","1","0","POS","2026-04-28T18:16:00Z","2.238888888888889","18.0","War or Peace, the Artificial Intelligence (AI) Chip Industry Just Learned Depending on One Route for 30% of Its Helium Is Risky","As the world's largest industrial gas company and major supplier of helium recovery infrastructure, Linde is the most direct beneficiary of rising helium prices and growing demand for recycling systems.","helium shortage;semiconductor supply chain;Strait of Hormuz;Qatar;EUV lithography","False","False","False"
"237","DECK","-0.27300621446468665","0.4701789264413519","100.87999725341797","-0.07048743963241577","0.026141762733459473","0.39072737097740173","Manufacturing","RUBBER & PLASTICS FOOTWEAR","0","0","0","NO-NEWS","","","","","","","False","False","False"
"238","C","-0.27345165176281055","0.4721669980119284","127.44000244140625","-0.004219412803649902","0.10577011108398438","0.273190438747406","Finance_Insurance_RealEstate","NATIONAL COMMERCIAL BANKS","1","0","0","NEUTRAL","2026-04-27T22:59:00Z","3.042361111111111","22.0","Churchill Capital Corp XII Announces the Pricing of Upsized $360 Million Initial Public Offering","Citigroup is mentioned solely in its role as sole book-running manager for the offering. This is a standard underwriting engagement with no indication of strategic significance or performance implications.","IPO;SPAC;Churchill Capital Corp XII;blank-check company;Michael Klein","False","False","False"
"239","ADBE","-0.2735344367696841","0.474155069582505","250.7100067138672","0.021471619606018066","0.03206825256347656","0.47490638494491577","Services","SERVICES-PREPACKAGED SOFTWARE","6","3","2","POS","2026-05-01T18:51:00Z","-0.7854166666666667","18.0","3 Software Stocks to Buy on the Dip With Accelerating AI-Driven Earnings Growth","Down 30% YTD but posted earnings beat with strong subscription growth. Firefly AI adoption robust with 45% sequential increase in generative credit consumption and 75% QoQ ARR growth. Forward P/E of 10.5x with 60.1% upside to fair value.","software stocks;AI-driven growth;buy on the dip;valuation;earnings growth","False","False","False"
"240","WSM","-0.2745916597647064","0.4761431411530815","179.99000549316406","-0.05541849136352539","-0.0009990334510803223","0.33123403787612915","Retail","RETAIL-HOME FURNITURE, FURNISHINGS & EQUIPMENT STORES","1","0","1","NEG","2026-05-01T18:34:47Z","-0.7741550925925926","18.0","Mortgage Rates Just Hit a Four-Week High Thanks to Iran. Are Homebuilder Stocks a Buy on the Dip?","Home furnishing company exposed to similar forces as homebuilders; weak housing market impacts consumer spending on home goods.","mortgage rates;homebuilders;housing market;interest rates;Strait of Hormuz","False","False","False"
"241","FTV","-0.27635615019980864","0.47813121272365805","59.029998779296875","-0.03372079133987427","0.05260336399078369","0.2720586657524109","Manufacturing","INDUSTRIAL INSTRUMENTS FOR MEASUREMENT, DISPLAY, AND CONTROL","0","0","0","NO-NEWS","","","","","","","False","False","False"
"242","PH","-0.27846741902049693","0.4801192842942346","882.22998046875","-0.09465658664703369","-0.028445303440093994","0.36044618487358093","Manufacturing","MISCELLANEOUS FABRICATED METAL PRODUCTS","1","1","0","POS","2026-04-28T14:00:00Z","2.4166666666666665","14.0","Bulk Filtration Market Report 2026, Competitive Analysis of 3M, Eaton, Parker-Hannifin, Pentair, Merck, Danaher, Mann+Hummel - Analyst Recommendations and Globa","Listed among major competitors in a market experiencing significant expansion with strong growth drivers including regulatory compliance and technological advancement.","bulk filtration;smart filtration;IoT and AI integration;membrane filtration;environmental regulations","False","False","False"
"243","KDP","-0.2792356036809134","0.4821073558648111","29.09000015258789","-0.004448950290679932","0.14934813976287842","0.35331064462661743","Manufacturing","BEVERAGES","0","0","0","NO-NEWS","","","","","","","False","False","False"
"244","LNT","-0.28014594625610606","0.4840954274353877","74.05999755859375","0.024201393127441406","0.01660943031311035","0.15519247949123383","Transportation_Utilities","ELECTRIC & OTHER SERVICES COMBINED","0","0","0","NO-NEWS","","","","","","","False","False","False"
"245","FFIV","-0.280551785339028","0.4860834990059642","323.20001220703125","0.06610369682312012","0.06543600559234619","0.4138313829898834","Manufacturing","COMPUTER COMMUNICATIONS EQUIPMENT","0","0","0","NO-NEWS","","","","","","","False","False","False"
"246","CASY","-0.28067039562445734","0.48807157057654077","835.9199829101562","0.04548811912536621","0.12442493438720703","0.2811015248298645","Retail","RETAIL-AUTO DEALERS & GASOLINE STATIONS","1","1","0","POS","2026-04-27T16:38:00Z","3.3069444444444445","16.0","Casey’s General Stores: Is a Stock Split on the Horizon?","Strong stock price performance (45% YTD, 260% over 5 years), robust technical indicators with bullish formations, solid balance sheet with rising equity, active share buyback program, 25-year dividend growth streak, S&P 500 inclusion, 15 analysts with Moderate Buy rating (9 Buy),","stock split;share buyback;dividend growth;institutional buying;S&P 500 inclusion","False","False","False"
"247","CTRA","-0.2817553704171984","0.4900596421471173","35.380001068115234","0.05517458915710449","0.023726820945739746","0.3473488390445709","Mining","CRUDE PETROLEUM & NATURAL GAS","0","0","0","NO-NEWS","","","","","","","False","False","False"
"248","HII","-0.28290978961934155","0.49204771371769385","360.6000061035156","0.0036460161209106445","-0.090817391872406","0.2694641947746277","Manufacturing","SHIP & BOAT BUILDING & REPAIRING","1","1","0","POS","2026-04-29T12:15:00Z","1.4895833333333333","12.0","HII Declares Quarterly Dividend","The declaration of a quarterly dividend of $1.38 per share demonstrates financial stability and confidence in future cash flows. Dividend declarations are typically viewed positively as they indicate management's confidence in the company's financial health and commitment to retu","dividend;quarterly cash dividend;shipbuilder;defense contractor;shareholder returns","False","False","False"
"249","DPZ","-0.28373847138627084","0.49403578528827036","337.7699890136719","-0.08172255754470825","-0.0891268253326416","0.40580251812934875","Wholesale","WHOLESALE-GROCERIES & RELATED PRODUCTS","9","0","8","STRONG-NEG","2026-04-30T20:54:00Z","0.12916666666666668","20.0","Domino’s Pizza: Outlook for the Berkshire Holding After Q1 Drop","Stock down 20% YTD with Q1 miss on both revenue and EPS, lowered full-year guidance, and weak same-store sales growth of 0.9%. However, underlying fundamentals show strong free cash flow growth and market share gains as competitors close stores, suggesting the negative sentiment ","Domino's Pizza;Q1 2026 earnings;same-store sales;consumer sentiment;guidance reduction","False","False","False"
"250","CRL","-0.28512837059643703","0.4960238568588469","165.77999877929688","-0.023674964904785156","-0.046638667583465576","0.44738438725471497","Services","SERVICES-COMMERCIAL PHYSICAL & BIOLOGICAL RESEARCH","1","1","0","POS","2026-04-28T17:00:00Z","2.2916666666666665","17.0","Global AAV Vector Manufacturing Market Gearing Up for Outstanding Expansion at a CAGR of ~22% by 2034 | DelveInsight","Key CDMO player in the AAV manufacturing market, benefiting from outsourcing trends and rising demand for contract manufacturing services.","AAV vector manufacturing;gene therapy;biopharmaceutical;contract manufacturing;viral vectors","False","False","False"
"251","VST","-0.2877704831021678","0.49801192842942343","155.27999877929688","-0.0551871657371521","0.027119994163513184","0.38981541991233826","Transportation_Utilities","ELECTRIC SERVICES","1","1","0","POS","2026-04-27T13:16:59Z","3.4465393518518517","13.0","Meta Teams Up With Overview Energy To Harness 'First-of-Its-Kind' Space Solar Power For Its Data Centers","Vistra benefits from Meta's diversified energy strategy, being one of Meta's nuclear power partners, indicating strong demand for alternative energy sources from major tech companies.","space solar power;data centers;renewable energy;nuclear power;AI infrastructure","False","False","False"
"252","CEG","-0.2880537824992783","0.5","307.80999755859375","-0.018243849277496338","0.12825298309326172","0.4694073498249054","Transportation_Utilities","ELECTRIC SERVICES","0","0","0","NO-NEWS","","","","","","","False","False","False"
"253","AMGN","-0.288534284680288","0.5019880715705766","329.82000732421875","-0.04275137186050415","-0.05207794904708862","0.27204975485801697","Manufacturing","BIOLOGICAL PRODUCTS, (NO DIAGNOSTIC SUBSTANCES)","3","2","1","POS","2026-05-01T17:11:59Z","-0.7166550925925926","17.0","Stock Market Today: Apple Earnings Power S&P 500, Nasdaq To Records; Trump Hits EU","Tumbled 5.7% despite Q1 beat and raised 2026 guidance due to patent headwinds and biosimilar pressure","S&P 500;Nasdaq 100;Apple earnings;technology rally;software stocks","False","False","False"
"254","VICI","-0.288534284680288","0.5039761431411531","28.579999923706055","0.005629777908325195","0.03326106071472168","0.17134259641170502","Finance_Insurance_RealEstate","REAL ESTATE INVESTMENT TRUSTS","2","1","0","POS","2026-04-29T14:30:00Z","1.3958333333333333","14.0","This Sleepy Casino REIT Is an Income Lover's Dream","Mentioned as primary competitor with different operating model focused on Las Vegas Strip exposure; no specific performance data provided, presented as alternative investment approach","casino REIT;dividend yield;Gaming and Leisure Properties;income investing;real estate","False","False","False"
"255","ALGN","-0.2890719248553132","0.5059642147117296","178.91000366210938","-0.056431591510772705","0.04871046543121338","0.3994024097919464","Manufacturing","ORTHOPEDIC, PROSTHETIC & SURGICAL APPLIANCES & SUPPLIES","0","0","0","NO-NEWS","","","","","","","False","False","False"
"256","EXE","-0.2898189601522658","0.5079522862823062","100.12000274658203","0.038158416748046875","-0.036288321018218994","0.24877868592739105","Mining","CRUDE PETROLEUM & NATURAL GAS","0","0","0","NO-NEWS","","","","","","","False","False","False"
"257","LII","-0.2898641252151719","0.5099403578528827","526.3300170898438","0.0720207691192627","0.15768516063690186","0.4408135712146759","Manufacturing","AIR-COND & WARM AIR HEATG EQUIP & COMM & INDL REFRIG EQUIP","0","0","0","NO-NEWS","","","","","","","False","False","False"
"258","EQT","-0.29234208457222616","0.5119284294234593","58.65999984741211","-0.004243791103363037","-0.017420470714569092","0.24828803539276123","Mining","CRUDE PETROLEUM & NATURAL GAS","2","2","0","POS","2026-05-01T13:23:42Z","-0.558125","13.0","Arium Networks Launches Following Completion of EQT's Acquisition of Crown Castle's Small Cell Solutions Business","Successfully completed acquisition of Crown Castle's Small Cell business and launched Arium Networks as a standalone company, demonstrating successful deal execution and investment in growing digital infrastructure sector.","Arium Networks;EQT;Crown Castle;small cell infrastructure;5G connectivity","False","False","False"
"259","TRMB","-0.29295891540944957","0.5139165009940357","68.41999816894531","0.015887141227722168","0.05067563056945801","0.2730426490306854","Manufacturing","MEASURING & CONTROLLING DEVICES, NEC","3","3","0","STRONG-POS","2026-05-01T15:00:00Z","-0.625","15.0","ENR FutureTech 2026 Convenes Construction's Top Tech Decision-Makers as Final Few Tickets Remain","Named as Diamond Sponsor with completely sold-out sponsorships, indicating strong industry recognition and investment in the conference","construction technology;AEC sector;innovation;digital transformation;ConTech","False","False","False"
"260","XYL","-0.2942448667638175","0.5159045725646123","115.37000274658203","-0.05013996362686157","-0.048573315143585205","0.32481706142425537","Manufacturing","PUMPS & PUMPING EQUIPMENT","1","0","0","NEUTRAL","2026-05-01T14:00:00Z","-0.5833333333333334","14.0","Leak Detection Market Size to Hit USD 8.53 Billion by 2035 | SNS Insider","Listed as a leading market player but no specific recent developments or market activities mentioned in the article.","leak detection;pipeline infrastructure;regulatory compliance;market growth;handheld detectors","False","False","False"
"261","TKO","-0.29565488813643714","0.5178926441351889","185.9499969482422","-0.002949059009552002","-0.08740675449371338","0.24990950524806976","Services","SERVICES-AMUSEMENT & RECREATION SERVICES","0","0","0","NO-NEWS","","","","","","","False","False","False"
"262","MMM","-0.29565488813643714","0.5198807157057654","142.5","-0.02390575408935547","-0.01363605260848999","0.2543802261352539","Manufacturing","SURGICAL & MEDICAL INSTRUMENTS & APPARATUS","3","3","0","STRONG-POS","2026-05-01T10:00:00Z","-0.4166666666666667","10.0","Wound Cleanser Products Market Size is Projected to be USD 5.17 Billion by 2035; Industry is Propelling Owing to the Growing Technological Investments Globally","3M enhanced its advanced wound care portfolio in August 2025 with upgraded skin-safe cleansing and antimicrobial protection technologies, showing commitment to innovation in the expanding wound care market.","wound cleanser products;chronic wounds;antimicrobial cleansers;market growth;infection prevention","False","False","False"
"263","BXP","-0.29697069596223824","0.5218687872763419","59.369998931884766","0.028408050537109375","0.14658164978027344","0.23728452622890472","Finance_Insurance_RealEstate","REAL ESTATE INVESTMENT TRUSTS","0","0","0","NO-NEWS","","","","","","","False","False","False"
"264","MS","-0.29919388542310155","0.5238568588469185","190.1699981689453","0.011165976524353027","0.14691519737243652","0.27656909823417664","Finance_Insurance_RealEstate","SECURITY BROKERS, DEALERS & FLOTATION COMPANIES","1","0","0","NEUTRAL","2026-04-27T14:36:00Z","3.3916666666666666","14.0","Q1 Earnings Kick Off: Strong Results and Record CEO Confidence Anchor the Market","Delivered solid beats but CEO signaled 'complex set of risks' regarding inflation and geopolitical tensions","Q1 2026 earnings;double-digit earnings growth;investment banking;AI infrastructure;CEO confidence","False","False","False"
"265","WM","-0.303887964134869","0.525844930417495","228.77000427246094","-0.0033110976219177246","-0.028247356414794922","0.21288205683231354","Transportation_Utilities","REFUSE SYSTEMS","0","0","0","NO-NEWS","","","","","","","False","False","False"
"266","HLT","-0.3039588548623457","0.5278330019880716","318.6099853515625","-0.05071067810058594","0.04479408264160156","0.3204290568828583","Services","HOTELS & MOTELS","2","1","1","NEUTRAL","2026-04-30T19:25:00Z","0.1909722222222222","19.0","Hilton’s Q1 Report Put Big Question Front and Center for 2026","Strong Q1 earnings beat ($2.01 EPS vs $1.94 expected), raised full-year guidance, record development pipeline of 527,000 rooms, all brand tiers showing RevPAR gains, franchise fees grew 11.4% YOY, and $3.5B capital return planned. The broadening demand trend from premium to budge","Q1 earnings;RevPAR growth;K-shaped to C-shaped economy;travel demand;franchise fees","False","False","False"
"267","CDW","-0.30416200704238544","0.5298210735586482","136.02999877929688","0.005246758460998535","0.11490857601165771","0.33041101694107056","Retail","RETAIL-CATALOG & MAIL-ORDER HOUSES","0","0","0","NO-NEWS","","","","","","","False","False","False"
"268","HD","-0.3046092170936653","0.5318091451292246","323.8800048828125","-0.03575575351715088","0.006995558738708496","0.31689414381980896","Retail","RETAIL-LUMBER & OTHER BUILDING MATERIALS DEALERS","2","1","0","POS","2026-04-28T14:00:00Z","2.4166666666666665","14.0","Murphy Door Founder Named 2026 Utah Business CEO of the Year","Mentioned only as a retail distribution partner for Murphy Door products; no specific performance metrics or business impact information provided regarding this partnership.","hidden door manufacturer;domestic manufacturing;CEO of the Year;entrepreneurship;American manufacturing","False","False","False"
"269","BMY","-0.3051387205748141","0.5337972166998012","58.220001220703125","-0.008346080780029297","-0.02315431833267212","0.32277122139930725","Manufacturing","PHARMACEUTICAL PREPARATIONS","7","5","1","POS","2026-04-30T20:17:22Z","0.15460648148148148","20.0","Why Bristol Myers Squibb Stock Rocked the Market Today","Company beat analyst expectations on both revenue ($11.5B vs. $10.9B consensus) and adjusted earnings per share ($1.58 vs. $1.42 consensus). Growth portfolio showed strong 12% sales increases, stock surged 5.21%, and full-year guidance was reaffirmed within analyst expectations. ","Bristol Myers Squibb;Q1 2026 earnings;pharmaceutical;growth portfolio;revenue beat","False","False","False"
"270","PAYX","-0.3051387205748141","0.5357852882703777","93.0199966430664","0.035626769065856934","0.014394760131835938","0.3014140725135803","Services","SERVICES-ENGINEERING, ACCOUNTING, RESEARCH, MANAGEMENT","0","0","0","NO-NEWS","","","","","","","False","False","False"
"271","STZ","-0.3051387205748141","0.5377733598409543","152.82000732421875","-0.020384550094604492","0.010714411735534668","0.4304894208908081","Manufacturing","BEVERAGES","0","0","0","NO-NEWS","","","","","","","False","False","False"
"272","SPGI","-0.3051387205748141","0.5397614314115308","426.05999755859375","-0.024565577507019043","-0.01182854175567627","0.24504992365837097","Services","SERVICES-CONSUMER CREDIT REPORTING, COLLECTION AGENCIES","1","0","0","NEUTRAL","2026-04-30T08:15:00Z","0.65625","8.0","Prediction: Green Thumb Industries Stock Will Double Within 3 Years","S&P Global is mentioned only as the source of analyst ratings and consensus price targets for Green Thumb Industries. No direct sentiment or analysis of the company itself is provided in the article.","cannabis stocks;Green Thumb Industries;marijuana reclassification;federal cannabis reform;SAFE Banking Act","False","False","False"
"273","CI","-0.3051387205748141","0.5417495029821073","282.8999938964844","0.026338577270507812","0.04770016670227051","0.27053043246269226","Finance_Insurance_RealEstate","HOSPITAL & MEDICAL SERVICE PLANS","1","1","0","POS","2026-04-30T18:58:12Z","0.20958333333333334","18.0","Cigna Raises Outlook, Flags Individual Exchange Exit And Strategic Review Of eviCore","Company beat earnings expectations ($7.79 vs $7.61 consensus), exceeded revenue guidance ($68.52B vs $66.37B consensus), and raised full-year EPS outlook. Strong growth in Evernorth Health Services and positive momentum offset concerns about individual exchange exit and eviCore r","earnings beat;guidance raise;individual exchange exit;eviCore strategic review;CEO transition","False","False","False"
"274","FRT","-0.3056373820979548","0.5437375745526839","115.31999969482422","0.038544654846191406","0.07987642288208008","0.19850514829158783","Finance_Insurance_RealEstate","REAL ESTATE INVESTMENT TRUSTS","0","0","0","NO-NEWS","","","","","","","False","False","False"
"275","AIZ","-0.3056373820979548","0.5457256461232605","231.50999450683594","0.007441163063049316","0.0607074499130249","0.17951679229736328","Finance_Insurance_RealEstate","INSURANCE CARRIERS, NEC","0","0","0","NO-NEWS","","","","","","","False","False","False"
"276","AAPL","-0.3056373820979548","0.547713717693837","280.1400146484375","0.033498167991638184","0.09463906288146973","0.26438629627227783","Manufacturing","ELECTRONIC COMPUTERS","43","16","2","POS","2026-05-01T18:11:41Z","-0.7581134259259259","18.0","Apple Delivers The Quarter Bulls Were Waiting For — Stock Reaches For New Highs","Strong Q2 earnings beat with accelerating iPhone demand, robust Services growth, better-than-expected margins, and forward guidance significantly above Street expectations. Stock rallied 4.3% and approached 52-week highs. Most analysts maintained bullish ratings with raised price","Q2 earnings;iPhone demand;Services growth;gross margin;guidance","False","False","False"
"277","DTE","-0.3065487419474338","0.5497017892644135","148.7899932861328","0.013003706932067871","0.0050661563873291016","0.21163927018642426","Transportation_Utilities","ELECTRIC SERVICES","0","0","0","NO-NEWS","","","","","","","False","False","False"
"278","WYNN","-0.3065487419474338","0.55168986083499","105.9800033569336","0.0029337406158447266","0.03871417045593262","0.27730274200439453","Services","HOTELS & MOTELS","0","0","0","NO-NEWS","","","","","","","False","False","False"
"279","MA","-0.3065487419474338","0.5536779324055666","495.4599914550781","-0.017275989055633545","0.004093647003173828","0.26320716738700867","Services","SERVICES-BUSINESS SERVICES, NEC","2","0","0","NEUTRAL","2026-05-01T15:00:00Z","-0.625","15.0","Rayls Launches Public Chain, Advancing its Mission to Bring Global Finance Onchain","Selected Rayls for its Start Path Blockchain and Digital Assets programme, indicating validation but limited to program participation rather than direct deployment.","blockchain;public chain mainnet;stablecoin;tokenization;RWA","False","False","False"
"280","KHC","-0.3065487419474338","0.5556660039761432","22.489999771118164","0.025068283081054688","-0.013163745403289795","0.24888375401496887","Manufacturing","CANNED, FROZEN & PRESERVD FRUIT, VEG & FOOD SPECIALTIES","3","0","3","STRONG-NEG","2026-04-30T18:05:00Z","0.2465277777777778","18.0","Oil Shocks Are Pushing Up Food and Fertilizer Costs. These Consumer Stocks Are Feeling the Squeeze.","Company faces margin compression from rising oil and fertilizer costs, cannot raise prices due to consumer sensitivity, expected 22% EPS decline in 2026, and has structural challenges including weak brand portfolio and failed price-hike strategy.","oil prices;food costs;fertilizer prices;packaged food;margin compression","False","False","False"
"281","CPT","-0.3065487419474338","0.5576540755467196","104.44999694824219","0.026535630226135254","0.0366215705871582","0.2497577667236328","Finance_Insurance_RealEstate","REAL ESTATE INVESTMENT TRUSTS","0","0","0","NO-NEWS","","","","","","","False","False","False"
"282","MCD","-0.3065487419474338","0.5596421471172962","286.6400146484375","-0.04249054193496704","-0.06674480438232422","0.20649608969688416","Retail","RETAIL-EATING PLACES","3","1","0","POS","2026-04-30T05:00:00Z","0.7916666666666666","5.0","Q1 2026 revenues","Mentioned as securing a five-year strategic partnership extension with Capgemini, indicating continued investment in digital transformation and technology services. This is a routine business relationship update with no negative or particularly exceptional implications.","Q1 2026 earnings;revenue growth;AI transformation;cloud services;bookings","False","False","False"
"283","ITW","-0.3065487419474338","0.5616302186878728","255.47000122070312","-0.05132013559341431","-0.010611474514007568","0.27727842330932617","Manufacturing","GENERAL INDUSTRIAL MACHINERY & EQUIPMENT","1","1","0","POS","2026-04-28T09:56:00Z","2.5861111111111112","9.0","How to ’Convert’ a 2% Yield Into 6% By Doing Nothing Extra","Company exhibits strong dividend growth with clear historical correlation between share price and dividend increases. Current shareholder yield of 4.2% substantially exceeds stated 2.4% dividend yield. Recent quarter shows 4% revenue growth, solid 26.5% operating margins, and 7% ","dividend yield;shareholder yield;dividend growth;buybacks;yield on cost","False","False","False"
"284","HUBB","-0.30696259041961027","0.5636182902584493","508.42999267578125","-0.08071315288543701","0.028689861297607422","0.3919556438922882","Manufacturing","ELECTRONIC COMPONENTS & ACCESSORIES","0","0","0","NO-NEWS","","","","","","","False","False","False"
"285","NTAP","-0.30786454977323485","0.5656063618290258","112.08000183105469","0.03099989891052246","0.08447027206420898","0.3480762839317322","Manufacturing","COMPUTER STORAGE DEVICES","0","0","0","NO-NEWS","","","","","","","False","False","False"
"286","BA","-0.3078837774190702","0.5675944333996024","227.3800048828125","-0.021769046783447266","0.09201812744140625","0.33838149905204773","Manufacturing","AIRCRAFT","6","1","1","NEUTRAL","2026-04-30T18:09:00Z","0.24375","18.0","Should Investors Be Bullish on Boeing?","While Boeing demonstrates strong operational improvements (14% revenue growth, record $695B backlog, narrowing losses), the article expresses cautious optimism tempered by significant concerns. The company faces execution risks, carries substantial debt, and appears overvalued at","Boeing earnings;Q1 2026 results;aerospace and defense;turnaround strategy;backlog growth","False","False","False"
"287","PYPL","-0.30945409342768937","0.5695825049701789","50.439998626708984","-0.000792384147644043","0.11248338222503662","0.307596892118454","Services","SERVICES-BUSINESS SERVICES, NEC","7","6","0","STRONG-POS","2026-04-29T22:19:18Z","1.0699305555555556","22.0","Stock Market Today, April 29: Mixed Reactions as Big Tech Earnings Beat Expectations","Gained after announcing a major reorganization and designating Venmo as a standalone business unit.","Fed rate decision;Big Tech earnings;AI spending;megacap earnings;market movers","False","False","False"
"288","GPN","-0.3131025003503309","0.5715705765407555","72.36000061035156","0.0678865909576416","0.12974238395690918","0.37898746132850647","Services","SERVICES-BUSINESS SERVICES, NEC","1","0","0","NEUTRAL","2026-04-29T14:14:00Z","1.4069444444444446","14.0","Shift4’s Explosive Growth Comes With High-Stakes Risk","Mentioned as a major competitor in the financial sector with substantial resources, but no specific performance metrics discussed.","payment processing;international expansion;acquisition strategy;debt leverage;growth vs. profitability","False","False","False"
"289","MCO","-0.31355904466225454","0.5735586481113321","455.7699890136719","-0.0006139874458312988","0.03398442268371582","0.25687339901924133","Services","SERVICES-CONSUMER CREDIT REPORTING, COLLECTION AGENCIES","1","1","0","POS","2026-04-28T08:06:00Z","2.6625","8.0","Signs Point to Warren Buffett's Successor, Greg Abel, Dumping the Oracle of Omaha's Former No. 2 Holding at Berkshire Hathaway","Newly designated by Greg Abel as a 'compound over decades' holding, signaling strong confidence in its future performance under the new leadership.","Berkshire Hathaway leadership transition;Greg Abel;Warren Buffett;Bank of America divestment;value investing","False","False","False"
"290","IDXX","-0.31416238267625146","0.5755467196819085","567.4600219726562","0.002703547477722168","-0.0036695003509521484","0.33112722635269165","Manufacturing","IN VITRO & IN VIVO DIAGNOSTIC SUBSTANCES","0","0","0","NO-NEWS","","","","","","","False","False","False"
"291","EW","-0.31416238267625146","0.5775347912524851","83.9800033569336","-0.0020201802253723145","0.036150574684143066","0.3256964385509491","Manufacturing","ORTHOPEDIC, PROSTHETIC & SURGICAL APPLIANCES & SUPPLIES","0","0","0","NO-NEWS","","","","","","","False","False","False"
"292","PCG","-0.3145505886265508","0.5795228628230616","16.450000762939453","-0.009632766246795654","-0.07428246736526489","0.2668379545211792","Transportation_Utilities","ELECTRIC & OTHER SERVICES COMBINED","0","0","0","NO-NEWS","","","","","","","False","False","False"
"293","HON","-0.3145505886265508","0.5815109343936382","212.5","-0.003143012523651123","-0.07387226819992065","0.2637658715248108","Manufacturing","AIRCRAFT ENGINES & ENGINE PARTS","2","2","0","POS","2026-05-01T14:00:00Z","-0.5833333333333334","14.0","Leak Detection Market Size to Hit USD 8.53 Billion by 2035 | SNS Insider","Company launched next-generation BACnet-connected gas detection platform in 2026 with AI-powered algorithms reducing false alarms by 60%, demonstrating technological advancement and market leadership in the growing leak detection sector.","leak detection;pipeline infrastructure;regulatory compliance;market growth;handheld detectors","False","False","False"
"294","SATS","-0.3152534595850791","0.5834990059642147","123.18000030517578","0.048340439796447754","-0.04274165630340576","0.521091639995575","Transportation_Utilities","COMMUNICATIONS SERVICES, NEC","2","1","0","POS","2026-04-28T06:30:00Z","2.7291666666666665","6.0","Can You Invest in SpaceX Pre-IPO?","Key SpaceX partner gaining millions of SpaceX shares through spectrum license deal. Stock up 420% in past 12 months due to SpaceX relationship, indicating strong market confidence in the partnership.","SpaceX IPO;pre-IPO investment;private company investment;venture capital funds;aerospace company valuation","False","False","False"
"295","BK","-0.316498875130117","0.5854870775347912","133.77999877929688","-0.0020142197608947754","0.0953902006149292","0.18588793277740479","Finance_Insurance_RealEstate","STATE COMMERCIAL BANKS","0","0","0","NO-NEWS","","","","","","","False","False","False"
"296","EMR","-0.31691491573050723","0.5874751491053678","137.4499969482422","-0.027591168880462646","0.04365980625152588","0.3476920425891876","Manufacturing","ELECTRONIC & OTHER ELECTRICAL EQUIPMENT (NO COMPUTER EQUIP)","1","0","0","NEUTRAL","2026-05-01T14:00:00Z","-0.5833333333333334","14.0","Leak Detection Market Size to Hit USD 8.53 Billion by 2035 | SNS Insider","Listed as a leading market player but no specific recent developments or market activities mentioned in the article.","leak detection;pipeline infrastructure;regulatory compliance;market growth;handheld detectors","False","False","False"
"297","CMCSA","-0.31871973752552857","0.5894632206759444","27.190000534057617","-0.013425230979919434","-0.02649480104446411","0.5969464778900146","Transportation_Utilities","CABLE & OTHER PAY TELEVISION SERVICES","2","1","1","NEUTRAL","2026-05-01T18:32:00Z","-0.7722222222222223","18.0","The Death of the Cell Tower: Why the Infrastructure Backbone of the Internet May Already Be Obsolete, According to James Altucher","Included as major telecom incumbent facing competitive threat from satellite-based internet networks offering superior pricing and service quality.","satellite internet;cell towers;5G;telecom disruption;infrastructure","False","False","False"
"298","ABNB","-0.3187951769867334","0.5914512922465208","141.66000366210938","-0.008122146129608154","0.13373351097106934","0.2858697772026062","Services","SERVICES-TO DWELLINGS & OTHER BUILDINGS","3","0","2","STRONG-NEG","2026-04-29T13:19:40Z","1.4446759259259259","13.0","Wall Street Loved Booking's Resilience Story: The Hormuz Crisis Just Broke It","Carries exposure to the Europe-Asia transit corridor flagged by Booking as a channel of damage from the Hormuz crisis, suggesting potential negative impacts on travel demand.","Booking Holdings;travel stocks;Strait of Hormuz;guidance cut;earnings miss","False","False","False"
"299","TXT","-0.3193824522501208","0.5934393638170974","94.72000122070312","0.07685315608978271","0.0757523775100708","0.35084858536720276","Manufacturing","AIRCRAFT & PARTS","1","1","0","POS","2026-04-30T17:47:54Z","0.25840277777777776","17.0","Why Textron Stock Just Popped","Textron exceeded earnings expectations on both top and bottom lines (EPS $1.45 vs. $1.32 forecast; sales $3.7B vs. $3.5B forecast), demonstrated 12% YoY sales growth and 13% earnings growth, and announced a strategic restructuring to divest its weak Industrial division and focus ","Q1 earnings beat;aerospace and defense;business divestiture;profit margins;backlog growth","False","False","False"
"300","MRSH","-0.3205602353396495","0.595427435387674","166.17999267578125","-0.023045361042022705","-0.0482790470123291","0.328488290309906","Finance_Insurance_RealEstate","INSURANCE AGENTS, BROKERS & SERVICE","0","0","0","NO-NEWS","","","","","","","False","False","False"
"301","SYF","-0.3207434634902997","0.5974155069582505","75.76000213623047","-0.007077336311340332","0.10727858543395996","0.2887551784515381","Finance_Insurance_RealEstate","FINANCE SERVICES","1","1","0","POS","2026-04-27T19:27:00Z","3.189583333333333","19.0","Adobe Leads 3 Big Buyback Programs Worth Up to 25% of Market Cap","Strong operational performance with Q1 2026 purchase volume hitting record $43 billion and improving credit quality (net charge-offs down 100 basis points). Announced $6.5 billion buyback program (25% of market cap) and has returned $25.2 billion to shareholders since 2016, reduc","share buyback;market capitalization;AI disruption;capital return;creative software","False","False","False"
"302","TRGP","-0.32294502885965115","0.5994035785288271","254.27999877929688","0.056462645530700684","0.04046809673309326","0.2728853225708008","Transportation_Utilities","NATURAL GAS TRANSMISSION","0","0","0","NO-NEWS","","","","","","","False","False","False"
"303","TTWO","-0.3231254953080759","0.6013916500994035","216.02999877929688","0.02505338191986084","0.08085262775421143","0.2875659465789795","Services","SERVICES-PREPACKAGED SOFTWARE","0","0","0","NO-NEWS","","","","","","","False","False","False"
"304","PKG","-0.32459391014227457","0.6033797216699801","218.05999755859375","0.024381041526794434","0.06651663780212402","0.36271438002586365","Manufacturing","PAPERBOARD CONTAINERS & BOXES","0","0","0","NO-NEWS","","","","","","","False","False","False"
"305","AME","-0.325372434530558","0.6053677932405567","230.47999572753906","-0.010603129863739014","0.05584311485290527","0.3119104504585266","Manufacturing","INDUSTRIAL INSTRUMENTS FOR MEASUREMENT, DISPLAY, AND CONTROL","0","0","0","NO-NEWS","","","","","","","False","False","False"
"306","LH","-0.326342187841616","0.6073558648111332","255.83999633789062","-0.030174314975738525","-0.06532222032546997","0.2563459277153015","Services","SERVICES-MEDICAL LABORATORIES","1","1","0","POS","2026-04-30T16:05:31Z","0.3295023148148148","16.0","Labcorp Advances As AI Investments, Core Businesses Drive Growth","Company beat Q1 earnings expectations (EPS $4.25 vs $4.09 consensus, revenue $3.54B vs $3.51B consensus), raised full-year guidance, demonstrated strong operational momentum across core businesses, and is making strategic investments in AI and robotics to drive future growth.","Labcorp Holdings;Q1 earnings;AI investments;guidance raise;diagnostics","False","False","False"
"307","DVA","-0.326342187841616","0.6093439363817097","151.64999389648438","-0.001317143440246582","0.041695237159729004","0.27257269620895386","Services","SERVICES-MISC HEALTH & ALLIED SERVICES, NEC","0","0","0","NO-NEWS","","","","","","","False","False","False"
"308","FIS","-0.326342187841616","0.6113320079522863","46.540000915527344","0.017712712287902832","0.0054007768630981445","0.40194034576416016","Services","SERVICES-BUSINESS SERVICES, NEC","0","0","0","NO-NEWS","","","","","","","False","False","False"
"309","D","-0.3265014527742906","0.6133200795228628","63.939998626708984","0.021732091903686523","0.018639445304870605","0.21842019259929657","Transportation_Utilities","ELECTRIC SERVICES","0","0","0","NO-NEWS","","","","","","","False","False","False"
"310","BG","-0.3277522092142357","0.6153081510934394","124.61000061035156","-0.0023218393325805664","-0.037165820598602295","0.278240829706192","Manufacturing","FATS & OILS","0","0","0","NO-NEWS","","","","","","","False","False","False"
"311","CL","-0.3277522092142357","0.617296222664016","87.26000213623047","0.030832886695861816","0.024900197982788086","0.2608145773410797","Manufacturing","PERFUMES, COSMETICS & OTHER TOILET PREPARATIONS","0","0","0","NO-NEWS","","","","","","","False","False","False"
"312","LVS","-0.3277522092142357","0.6192842942345924","53.790000915527344","0.018557071685791016","-0.010121464729309082","0.39206933975219727","Services","HOTELS & MOTELS","0","0","0","NO-NEWS","","","","","","","False","False","False"
"313","HWM","-0.3367153218460601","0.621272365805169","239.50999450683594","-0.012085497379302979","0.029353618621826172","0.3656088411808014","Manufacturing","ROLLING DRAWING & EXTRUDING OF NONFERROUS METALS","0","0","0","NO-NEWS","","","","","","","False","False","False"
"314","EOG","-0.33723067268721035","0.6232604373757455","138.9499969482422","0.04371654987335205","-0.025869309902191162","0.2911936640739441","Mining","CRUDE PETROLEUM & NATURAL GAS","1","1","0","POS","2026-04-27T21:15:00Z","3.1145833333333335","21.0","Brent Crude Topped $109, and Inventories Are Draining at a Record Pace. These Energy Stocks Could Win.","Major oil producer benefiting from elevated crude prices; estimates $223 million additional annual cash flow per $1/barrel price increase; positioned to generate $6.7 billion in additional pre-tax cash flow this year to return to shareholders.","Brent crude oil;Strait of Hormuz;Strategic Petroleum Reserve;inventory drawdown;energy stocks","False","False","False"
"315","VMC","-0.3381253432186798","0.6252485089463221","297.32000732421875","0.0179750919342041","0.06231248378753662","0.26729854941368103","Mining","MINING & QUARRYING OF NONMETALLIC MINERALS (NO FUELS)","0","0","0","NO-NEWS","","","","","","","False","False","False"
"316","CPAY","-0.33814503247683614","0.6272365805168986","307.2200012207031","-0.018184125423431396","0.04731714725494385","0.31427446007728577","Services","SERVICES-BUSINESS SERVICES, NEC","0","0","0","NO-NEWS","","","","","","","False","False","False"
"317","OKE","-0.3381837366802588","0.6292246520874751","90.36000061035156","0.03268575668334961","0.023329496383666992","0.2867690920829773","Transportation_Utilities","NATURAL GAS TRANSMISSION & DISTRIBUTION","1","1","0","POS","2026-05-01T10:15:00Z","-0.4270833333333333","10.0","This 4.7%-Yielding Energy Stock Reported Robust Earnings Growth and Sees More Growth Coming Down the Pipeline","Company delivered double-digit earnings growth (12% net income, 13% EBITDA), raised full-year guidance, generated strong cash flow covering dividends with room to spare, increased dividend by 4%, and has multiple high-value expansion projects in pipeline through 2028 with favorab","energy midstream;earnings growth;dividend yield;capital projects;natural gas","False","False","False"
"318","SLB","-0.33940528292235417","0.6312127236580517","56.91999816894531","0.013713240623474121","0.15129446983337402","0.22778326272964478","Mining","OIL & GAS FIELD SERVICES, NEC","0","0","0","NO-NEWS","","","","","","","False","False","False"
"319","DOC","-0.3395937580528785","0.6332007952286283","16.420000076293945","-0.0006086826324462891","-0.006053268909454346","0.23107215762138367","Finance_Insurance_RealEstate","REAL ESTATE INVESTMENT TRUSTS","1","1","0","POS","2026-04-29T06:30:00Z","1.7291666666666667","6.0","3 Healthcare Stocks Paying the Highest Dividends in the Sector Right Now","Offers attractive 7.1% dividend yield with monthly payments. The Janus Living spinoff presents a potential catalyst for capital growth and may help the market recognize underlying value previously discounted due to conglomerate structure.","healthcare stocks;dividend yield;REITs;high-yield dividends;value trap","False","False","False"
"320","ROL","-0.3395937580528785","0.6351888667992047","54.779998779296875","-0.03215545415878296","0.015761137008666992","0.21537891030311584","Services","SERVICES-TO DWELLINGS & OTHER BUILDINGS","0","0","0","NO-NEWS","","","","","","","False","False","False"
"321","YUM","-0.3395937580528785","0.6371769383697813","158.36000061035156","-0.01197904348373413","0.014542937278747559","0.20677338540554047","Retail","RETAIL-EATING PLACES","1","0","1","NEG","2026-04-30T20:54:00Z","0.12916666666666668","20.0","Domino’s Pizza: Outlook for the Berkshire Holding After Q1 Drop","Pizza Hut subsidiary plans to close 250 stores in 2026, indicating competitive distress and inability to match Domino's pricing power while maintaining profitability.","Domino's Pizza;Q1 2026 earnings;same-store sales;consumer sentiment;guidance reduction","False","False","False"
"322","BKNG","-0.3398457254000647","0.6391650099403579","169.6300048828125","-0.058918118476867676","0.011072158813476562","0.449074387550354","Transportation_Utilities","TRANSPORTATION SERVICES","7","2","4","NEG","2026-04-29T16:34:44Z","1.309212962962963","16.0","Oil Surges 6%, S&P 500 Wobbles Before Fed And Tech Earnings: Stock Market Today","Slipped 4% after issuing weaker-than-expected guidance","oil surge;Federal Reserve;tech earnings;AI spending;Treasury yields","False","False","False"
"323","EQIX","-0.343600566466997","0.6411530815109344","1085.030029296875","-0.02140223979949951","0.08462870121002197","0.1886439472436905","Finance_Insurance_RealEstate","REAL ESTATE INVESTMENT TRUSTS","7","6","0","STRONG-POS","2026-05-01T14:59:00Z","-0.6243055555555556","14.0","Mexico Data Center Colocation Market Size, Trends and Growth Challenges (Q2, 2026 Update)","Equinix is highlighted as an established player in Mexico's colocation market with strategic acquisitions, positioning it to benefit from the market's projected 16.6% CAGR growth and hyperscaler expansion opportunities.","Mexico data center colocation;nearshoring;hyperscale infrastructure;AI workloads;power infrastructure","False","False","False"
"324","CAH","-0.3450485237800021","0.643141153081511","195.24000549316406","-0.02306729555130005","-0.08787667751312256","0.2785044312477112","Wholesale","WHOLESALE-DRUGS, PROPRIETARIES & DRUGGISTS' SUNDRIES","2","0","2","STRONG-NEG","2026-04-30T17:09:08Z","0.28532407407407406","17.0","Stock Market Today: Dow Jones Roars As Industrials Rescue Wall Street From Meta-Led Tech Slide","Fell 6.6% on soft quarterly print","Dow Jones;industrials;AI capital expenditure;mega-cap tech;data-center infrastructure","False","False","False"
"325","CBRE","-0.3463005588435295","0.6451292246520874","141.80999755859375","-0.043698132038116455","0.03814053535461426","0.2841947674751282","Finance_Insurance_RealEstate","REAL ESTATE","0","0","0","NO-NEWS","","","","","","","False","False","False"
"326","HRL","-0.34774449650698974","0.647117296222664","21.329999923706055","-0.01020878553390503","-0.0344046950340271","0.2307095229625702","Manufacturing","MEAT PACKING PLANTS","0","0","0","NO-NEWS","","","","","","","False","False","False"
"327","MCK","-0.34774449650698974","0.6491053677932406","814.02001953125","-0.017014622688293457","-0.07945448160171509","0.17453321814537048","Wholesale","WHOLESALE-DRUGS, PROPRIETARIES & DRUGGISTS' SUNDRIES","0","0","0","NO-NEWS","","","","","","","False","False","False"
"328","SOLV","-0.34774449650698974","0.6510934393638171","66.62999725341797","-0.027583181858062744","0.04813587665557861","0.28892621397972107","Manufacturing","SURGICAL & MEDICAL INSTRUMENTS & APPARATUS","0","0","0","NO-NEWS","","","","","","","False","False","False"
"329","AES","-0.34774449650698974","0.6530815109343936","14.279999732971191","-0.01449275016784668","-0.001398622989654541","0.05835700407624245","Transportation_Utilities","COGENERATION SERVICES & SMALL POWER PRODUCERS","0","0","0","NO-NEWS","","","","","","","False","False","False"
"330","ESS","-0.34929311214018477","0.6550695825049702","263.3500061035156","0.031248807907104492","0.0647287368774414","0.23252499103546143","Finance_Insurance_RealEstate","REAL ESTATE INVESTMENT TRUSTS","0","0","0","NO-NEWS","","","","","","","False","False","False"
"331","ROK","-0.3492972667589423","0.6570576540755467","407.42999267578125","0.015578985214233398","0.11618542671203613","0.29920127987861633","Manufacturing","MEASURING & CONTROLLING DEVICES, NEC","0","0","0","NO-NEWS","","","","","","","False","False","False"
"332","PCAR","-0.34972109163607334","0.6590457256461233","116.08000183105469","-0.0859842300415039","-0.018931686878204346","0.3462151288986206","Manufacturing","MOTOR VEHICLES & PASSENGER CAR BODIES","0","0","0","NO-NEWS","","","","","","","False","False","False"
"333","FOXA","-0.3508204992251946","0.6610337972166997","63.349998474121094","0.007955431938171387","0.0806891918182373","0.2694382667541504","Transportation_Utilities","TELEVISION BROADCASTING STATIONS","0","0","0","NO-NEWS","","","","","","","False","False","False"
"334","FDX","-0.3508204992251946","0.6630218687872763","393.6700134277344","0.014665722846984863","0.08859884738922119","0.3291950523853302","Transportation_Utilities","AIR COURIER SERVICES","1","1","0","POS","2026-05-01T17:42:00Z","-0.7375","17.0","Top Technology Executives Recognized at the 2026 Tennessee ORBIE Awards","Rob Carter, EVP & CIO (ret) from FedEx received the Leadership ORBIE award, the highest honor, and delivered the keynote address, demonstrating recognition of exceptional technology leadership.","ORBIE Awards;CIO;CISO;technology leadership;enterprise security","False","False","False"
"335","COP","-0.3508204992251946","0.6650099403578529","123.19000244140625","0.011744379997253418","-0.05615997314453125","0.38857558369636536","Manufacturing","PETROLEUM REFINING","3","2","0","POS","2026-05-01T09:30:00Z","-0.3958333333333333","9.0","Higher Oil Prices Are Boosting This Oil Stock's Profits. Here's How It's Using That Windfall.","Strong Q1 earnings beat ($1.89 vs $1.68 expected), significant increase in cash flow generation ($5.4B operating cash flow), increased capital budget for growth, and robust financial flexibility. Higher oil prices are driving profitability and the company is well-positioned to re","oil prices;earnings;capital spending;Permian Basin;cash flow","False","False","False"
"336","IEX","-0.3508204992251946","0.6669980119284294","214.92999267578125","0.049770355224609375","0.1284191608428955","0.2944084107875824","Manufacturing","PUMPS & PUMPING EQUIPMENT","0","0","0","NO-NEWS","","","","","","","False","False","False"
"337","RL","-0.35198908486717245","0.668986083499006","362.2099914550781","-0.024323880672454834","0.04077351093292236","0.40087974071502686","Manufacturing","MEN'S & BOYS' FURNISHGS, WORK CLOTHG, & ALLIED GARMENTS","0","0","0","NO-NEWS","","","","","","","False","False","False"
"338","STE","-0.3521425450990016","0.6709741550695825","214.39999389648438","-0.033363401889801025","-0.019706547260284424","0.25741007924079895","Manufacturing","ORTHOPEDIC, PROSTHETIC & SURGICAL APPLIANCES & SUPPLIES","0","0","0","NO-NEWS","","","","","","","False","False","False"
"339","PSA","-0.35354185511912495","0.672962226640159","301.54998779296875","-0.02186262607574463","0.07561969757080078","0.2728399336338043","Finance_Insurance_RealEstate","REAL ESTATE INVESTMENT TRUSTS","0","0","0","NO-NEWS","","","","","","","False","False","False"
"340","MAR","-0.35354185511912495","0.6749502982107356","354.9700012207031","-0.03317445516586304","0.0694122314453125","0.32803013920783997","Services","HOTELS & MOTELS","0","0","0","NO-NEWS","","","","","","","False","False","False"
"341","DLR","-0.35354185511912495","0.6769383697813122","200.6999969482422","0.0034999847412109375","0.10462868213653564","0.2070087343454361","Finance_Insurance_RealEstate","REAL ESTATE INVESTMENT TRUSTS","2","2","0","POS","2026-04-30T08:54:00Z","0.6291666666666667","8.0","Germany Data Center Colocation Size and Forecast Databook Report 2026: A $9.34 Billion Market by 2030 Led by Equinix, Digital Realty and NTT as Frankfurt's DE-C","Digital Realty is highlighted as a major player with substantial capacities in Frankfurt and Munich, with notable expansions in 2025. The company's geographic diversification across multiple German cities positions it favorably for market growth.","data center colocation;Germany market;AI workloads;Frankfurt;power constraints","False","False","False"
"342","KVUE","-0.35388758094473166","0.6789264413518886","17.43000030517578","-0.003430485725402832","0.016919493675231934","0.22648675739765167","Manufacturing","PERFUMES, COSMETICS & OTHER TOILET PREPARATIONS","0","0","0","NO-NEWS","","","","","","","False","False","False"
"343","V","-0.3556909648035828","0.6809145129224652","328.0299987792969","0.060144782066345215","0.09052526950836182","0.3339250981807709","Services","SERVICES-BUSINESS SERVICES, NEC","13","9","0","STRONG-POS","2026-04-30T08:06:00Z","0.6625","8.0","Be Warned: A Historical Triple Whammy Awaits the SpaceX IPO","Highlighted as the only one of six major IPOs since 1999 that was higher six months after debut, representing a rare success case among large public offerings.","SpaceX IPO;initial public offering;valuation bubble;technology stocks;market history","False","False","False"
"344","ABBV","-0.3559232030866738","0.6829025844930418","206.60000610351562","0.03970611095428467","-0.010725855827331543","0.2777249813079834","Manufacturing","PHARMACEUTICAL PREPARATIONS","5","4","0","STRONG-POS","2026-05-01T06:36:00Z","-0.275","6.0","Nxera Pharma Operational Highlights and Consolidated Results for the First Quarter 2026","Achieved third milestone under neurological diseases collaboration with Nxera, resulting in US$10 million payment, indicating steady progress but limited detail on strategic significance.","Q1 2026 results;revenue growth;vamorolone;daridorexant;Duchenne Muscular Dystrophy","False","False","False"
"345","TMUS","-0.3559232030866738","0.6848906560636183","196.05999755859375","0.03298211097717285","-0.026514410972595215","0.37966418266296387","Transportation_Utilities","RADIOTELEPHONE COMMUNICATIONS","2","1","1","NEUTRAL","2026-05-01T18:32:00Z","-0.7722222222222223","18.0","The Death of the Cell Tower: Why the Infrastructure Backbone of the Internet May Already Be Obsolete, According to James Altucher","Grouped with incumbent telecom players facing disruption from satellite networks offering faster, cheaper global internet service without traditional infrastructure costs.","satellite internet;cell towers;5G;telecom disruption;infrastructure","False","False","False"
"346","ADM","-0.3559232030866738","0.6868787276341949","74.94000244140625","0.08247864246368408","0.01503455638885498","0.28176799416542053","Manufacturing","FATS & OILS","0","0","0","NO-NEWS","","","","","","","False","False","False"
"347","WFC","-0.35863835031798635","0.6888667992047713","80.80999755859375","0.0175018310546875","0.002605438232421875","0.30360832810401917","Finance_Insurance_RealEstate","NATIONAL COMMERCIAL BANKS","0","0","0","NO-NEWS","","","","","","","False","False","False"
"348","MET","-0.35863835031798635","0.6908548707753479","80.2300033569336","0.03256118297576904","0.1344740390777588","0.21269316971302032","Finance_Insurance_RealEstate","LIFE INSURANCE","0","0","0","NO-NEWS","","","","","","","False","False","False"
"349","SCHW","-0.35863835031798635","0.6928429423459245","91.54000091552734","0.03435027599334717","-0.023781538009643555","0.38244324922561646","Finance_Insurance_RealEstate","SECURITY BROKERS, DEALERS & FLOTATION COMPANIES","1","0","0","NEUTRAL","2026-04-27T13:23:00Z","3.442361111111111","13.0","The Volatility Harvester That Thrives in Market Chaos","Mentioned as a client of Virtu Financial's market-making services. No direct performance data provided; mentioned only in context of Virtu's business relationships.","market making;volatility;electronic trading;earnings growth;regulatory risk","False","False","False"
"350","TROW","-0.35863835031798635","0.694831013916501","103.41999816894531","0.04401373863220215","0.14694464206695557","0.20370817184448242","Finance_Insurance_RealEstate","INVESTMENT ADVICE","0","0","0","NO-NEWS","","","","","","","False","False","False"
"351","COF","-0.35863835031798635","0.6968190854870775","191.91000366210938","0.0027170181274414062","0.054914236068725586","0.32899779081344604","Finance_Insurance_RealEstate","NATIONAL COMMERCIAL BANKS","2","2","0","POS","2026-04-27T16:09:00Z","3.3270833333333334","16.0","S&P 500 Holds Near Highs Despite Oil Shock and Weak Breadth Data","30-day auto delinquency rate dropped over 1 percentage point; positive credit normalization signal supporting broader financial sector re-rating potential.","oil shock;Iran negotiations;Hormuz Strait;OpenAI hardware;AI chips","False","False","False"
"352","AMP","-0.35863835031798635","0.6988071570576541","467.19000244140625","0.00661468505859375","0.07662343978881836","0.27355366945266724","Finance_Insurance_RealEstate","INVESTMENT ADVICE","0","0","0","NO-NEWS","","","","","","","False","False","False"
"353","VRTX","-0.35863835031798635","0.7007952286282306","423.9200134277344","-0.014803946018218994","-0.03371244668960571","0.19542597234249115","Manufacturing","PHARMACEUTICAL PREPARATIONS","4","4","0","STRONG-POS","2026-04-30T10:10:00Z","0.5763888888888888","10.0","Want to Build Real Wealth in Healthcare? These Stocks Are Worth Considering","Leading cystic fibrosis provider with 9% revenue growth to $12B. Recent drug approvals (Alyftrek, Casgevy, Journavx) demonstrate successful expansion beyond core treatment area, treating 95% of CF population in U.S. with strong long-term growth potential.","healthcare stocks;wealth building;pharmaceuticals;medtech;dividends","False","False","False"
"354","ZTS","-0.35863835031798635","0.7027833001988072","114.16000366210938","-0.02318817377090454","-0.03205019235610962","0.26017212867736816","Manufacturing","PHARMACEUTICAL PREPARATIONS","0","0","0","NO-NEWS","","","","","","","False","False","False"
"355","A","-0.35863835031798635","0.7047713717693836","114.5199966430664","-0.008913934230804443","-0.008313179016113281","0.3415047228336334","Manufacturing","LABORATORY ANALYTICAL INSTRUMENTS","0","0","0","NO-NEWS","","","","","","","False","False","False"
"356","CCI","-0.35863835031798635","0.7067594433399602","89.26000213623047","0.03381979465484619","0.05284273624420166","0.3044431805610657","Finance_Insurance_RealEstate","REAL ESTATE INVESTMENT TRUSTS","1","0","0","NEUTRAL","2026-05-01T13:23:42Z","-0.558125","13.0","Arium Networks Launches Following Completion of EQT's Acquisition of Crown Castle's Small Cell Solutions Business","Divested its Small Cell & Venue business to EQT; this represents a strategic portfolio decision rather than negative news, as the company is focusing on other infrastructure assets.","Arium Networks;EQT;Crown Castle;small cell infrastructure;5G connectivity","False","False","False"
"357","CVS","-0.35863835031798635","0.7087475149105368","82.08999633789062","0.05324602127075195","0.11702275276184082","0.3709103465080261","Retail","RETAIL-DRUG STORES AND PROPRIETARY STORES","2","0","1","NEG","2026-04-28T22:15:00Z","2.0729166666666665","22.0","Is Eli Lilly Stock Undervalued at $870? 1 Top Wall Street Analyst Thinks So","Mentioned as making a coverage decision that could slow Eli Lilly's Zepbound adoption by favoring cheaper Wegovy alternative. Represents a competitive headwind for Eli Lilly but is not the focus of investment analysis.","weight-loss drugs;Eli Lilly valuation;Zepbound;Foundayo;retatrutide","False","False","False"
"358","CSX","-0.35863835031798635","0.7107355864811133","45.09000015258789","-0.007046878337860107","0.0938863754272461","0.2918478548526764","Transportation_Utilities","RAILROADS, LINE-HAUL OPERATING","0","0","0","NO-NEWS","","","","","","","False","False","False"
"359","CSCO","-0.35863835031798635","0.7127236580516899","91.8499984741211","0.03190648555755615","0.16236400604248047","0.2498617023229599","Manufacturing","COMPUTER COMMUNICATIONS EQUIPMENT","3","2","0","POS","2026-05-01T16:38:00Z","-0.6930555555555555","16.0","High Point University Honors Graduate Students at Commencement","Cisco's CEO was featured as the commencement speaker at a major university event, positioning the company as a thought leader on technology and AI. The CEO's message about embracing AI and technological change reflects positively on Cisco's industry position and relevance in the ","commencement ceremony;graduate students;artificial intelligence;technology;leadership","False","False","False"
"360","ECL","-0.35863835031798635","0.7147117296222664","259.510009765625","-0.0370328426361084","-0.018049001693725586","0.2659686207771301","Manufacturing","SOAP, DETERGENTS, CLEANG PREPARATIONS, PERFUMES, COSMETICS","0","0","0","NO-NEWS","","","","","","","False","False","False"
"361","TDG","-0.35863835031798635","0.7166998011928429","1154.449951171875","0.0054607391357421875","-0.010754108428955078","0.4124123752117157","Manufacturing","AIRCRAFT PARTS & AUXILIARY EQUIPMENT, NEC","0","0","0","NO-NEWS","","","","","","","False","False","False"
"362","DE","-0.35863835031798635","0.7186878727634195","577.260009765625","0.025984644889831543","0.0026923418045043945","0.40510293841362","Manufacturing","FARM MACHINERY & EQUIPMENT","1","1","0","POS","2026-04-28T07:30:00Z","2.6875","7.0","Smart Agriculture Market Size to Exceed USD 48.36 Billion by 2035 | Research by SNS Insider","Explicitly mentioned as a market leader setting standards in smart agriculture with state-of-the-art machinery and software solutions, positioned to benefit from the projected 9.6% CAGR market growth.","smart agriculture;precision farming;digital agriculture;IoT sensors;solar energy","False","False","False"
"363","HBAN","-0.35863835031798635","0.7206759443339961","16.6299991607666","0.01402437686920166","0.05319821834564209","0.22581541538238525","Finance_Insurance_RealEstate","NATIONAL COMMERCIAL BANKS","0","0","0","NO-NEWS","","","","","","","False","False","False"
"364","GILD","-0.35863835031798635","0.7226640159045725","131.64999389648438","0.009585857391357422","-0.05769103765487671","0.2029130458831787","Manufacturing","BIOLOGICAL PRODUCTS, (NO DIAGNOSTIC SUBSTANCES)","2","2","0","POS","2026-04-28T17:00:00Z","2.2916666666666665","17.0","Rheumatoid Arthritis Clinical Trial Pipeline: DelveInsight Highlights Major Advances, Transformative Therapies, and 75+ Leading Players Wheeling the Therapeutic","Active in RA drug development with GS-0151 in the pipeline, participating in the innovation-driven therapeutic landscape.","rheumatoid arthritis;clinical trials;pipeline drugs;JAK inhibitors;TNF inhibitors","False","False","False"
"365","HSIC","-0.35863835031798635","0.7246520874751491","73.93000030517578","-0.04655665159225464","-0.00013530254364013672","0.2071535289287567","Wholesale","WHOLESALE-MEDICAL, DENTAL & HOSPITAL EQUIPMENT & SUPPLIES","0","0","0","NO-NEWS","","","","","","","False","False","False"
"366","ETR","-0.35863835031798635","0.7266401590457257","116.43000030517578","0.02455127239227295","0.013315916061401367","0.22603537142276764","Transportation_Utilities","ELECTRIC SERVICES","0","0","0","NO-NEWS","","","","","","","False","False","False"
"367","SHW","-0.35863835031798635","0.7286282306163022","318.0","-0.058335840702056885","0.0","0.3552238941192627","Retail","RETAIL-BUILDING MATERIALS, HARDWARE, GARDEN SUPPLY","2","0","0","NEUTRAL","2026-05-01T16:10:00Z","-0.6736111111111112","16.0","Viking Therapeutics Faces Timeline Risk—But Upside Could Be Huge","Mixed signals: beat on earnings and revenue with strong operating cash flow improvement, but flat guidance and elevated valuation (31x P/E) amid weak housing demand and geopolitical cost pressures. Long-term dividend growth story is positive, but near-term headwinds and overvalua","Sherwin-Williams;Q1 2026 earnings;housing market;mortgage rates;dividend aristocrat","False","False","False"
"368","IFF","-0.35863835031798635","0.7306163021868787","70.80999755859375","-0.004638791084289551","-0.022366464138031006","0.36196354031562805","Manufacturing","INDUSTRIAL ORGANIC CHEMICALS","0","0","0","NO-NEWS","","","","","","","False","False","False"
"369","GS","-0.35863835031798635","0.7326043737574552","923.7100219726562","-0.003452301025390625","0.07029807567596436","0.27777910232543945","Finance_Insurance_RealEstate","SECURITY BROKERS, DEALERS & FLOTATION COMPANIES","6","1","0","POS","2026-04-30T18:12:58Z","0.24099537037037036","18.0","Here's Why This AI-Related Company's Stock Soared Today","Mentioned as analyst providing positive coverage on Teradyne with price target raise to $350 and buy rating. No direct impact on Goldman Sachs itself reported.","AI chips;automated test equipment;revenue growth;guidance;analyst upgrades","False","False","False"
"370","REGN","-0.35863835031798635","0.7345924453280318","701.4199829101562","-0.06672704219818115","-0.07932007312774658","0.3152506351470947","Manufacturing","PHARMACEUTICAL PREPARATIONS","3","1","1","NEUTRAL","2026-04-30T17:00:00Z","0.2916666666666667","17.0","Complement Inhibitors Market Outlook Remains Strong During the Forecast Period (2026–2036) with Increasing Adoption of C5 and C3 Targeted Drugs | DelveInsight","Pozelimab + Cemdisiran combination therapy is in development, contributing to Regeneron's presence in the growing complement inhibitors market.","complement inhibitors;C5 inhibitors;C3 inhibitors;IgA Nephropathy;Paroxysmal Nocturnal Hemoglobinuria","False","False","False"
"371","J","-0.35863835031798635","0.7365805168986084","128.9199981689453","0.018325448036193848","0.007030129432678223","0.2742432951927185","Construction","HEAVY CONSTRUCTION OTHER THAN BLDG CONST - CONTRACTORS","0","0","0","NO-NEWS","","","","","","","False","False","False"
"372","INVH","-0.35863835031798635","0.7385685884691849","28.530000686645508","0.05160343647003174","0.11663413047790527","0.22959467768669128","Finance_Insurance_RealEstate","REAL ESTATE OPERATORS (NO DEVELOPERS) & LESSORS","0","0","0","NO-NEWS","","","","","","","False","False","False"
"373","PFG","-0.35863835031798635","0.7405566600397614","101.08999633789062","0.01761627197265625","0.12197554111480713","0.20915943384170532","Finance_Insurance_RealEstate","ACCIDENT & HEALTH INSURANCE","0","0","0","NO-NEWS","","","","","","","False","False","False"
"374","JKHY","-0.35863835031798635","0.742544731610338","154.02999877929688","0.019053936004638672","-0.021907508373260498","0.2581784725189209","Services","SERVICES-COMPUTER INTEGRATED SYSTEMS DESIGN","0","0","0","NO-NEWS","","","","","","","False","False","False"
"375","ACGL","-0.362882938678169","0.7445328031809145","93.81999969482422","-0.024638772010803223","-0.03018397092819214","0.2644915282726288","Finance_Insurance_RealEstate","FIRE, MARINE & CASUALTY INSURANCE","1","1","0","POS","2026-04-27T19:27:00Z","3.189583333333333","19.0","Adobe Leads 3 Big Buyback Programs Worth Up to 25% of Market Cap","Delivered impressive financial metrics with after-tax operating income rising 26% to $1.1 billion and full-year 2025 record of $3.7 billion. Increased buyback authorization to $3.1 billion (9% of market cap) and reduced share count by 5% over past year, demonstrating strong capit","share buyback;market capitalization;AI disruption;capital return;creative software","False","False","False"
"376","MDLZ","-0.362882938678169","0.7465208747514911","61.369998931884766","0.06526637077331543","0.06656241416931152","0.26926112174987793","Manufacturing","FOOD AND KINDRED PRODUCTS","1","0","1","NEG","2026-05-01T01:15:00Z","-0.052083333333333336","1.0","Europe Is Now Facing Its Second Energy Crisis in 4 Years. Here's What That Means.","Derives 39% of revenue from Europe with substantial manufacturing operations requiring energy-intensive ovens and fuel for distribution. Significant exposure to rising energy costs will negatively impact margins.","energy crisis;Europe;Strait of Hormuz;LNG;natural gas prices","False","False","False"
"377","MAA","-0.362882938678169","0.7485089463220675","128.55999755859375","0.023078083992004395","0.029468297958374023","0.25992003083229065","Finance_Insurance_RealEstate","REAL ESTATE INVESTMENT TRUSTS","0","0","0","NO-NEWS","","","","","","","False","False","False"
"378","LYV","-0.362882938678169","0.7504970178926441","158.25","0.01027834415435791","0.016051411628723145","0.3867555260658264","Services","SERVICES-AMUSEMENT & RECREATION SERVICES","0","0","0","NO-NEWS","","","","","","","False","False","False"
"379","OMC","-0.362882938678169","0.7524850894632207","76.91999816894531","0.015579581260681152","0.028204798698425293","0.19011077284812927","Services","SERVICES-ADVERTISING AGENCIES","0","0","0","NO-NEWS","","","","","","","False","False","False"
"380","NWSA","-0.362882938678169","0.7544731610337972","26.239999771118164","0.0015267133712768555","0.0754098892211914","0.16047212481498718","Manufacturing","NEWSPAPERS: PUBLISHING OR PUBLISHING & PRINTING","0","0","0","NO-NEWS","","","","","","","False","False","False"
"381","O","-0.362882938678169","0.7564612326043738","63.810001373291016","0.007579326629638672","0.025719404220581055","0.14852558076381683","Finance_Insurance_RealEstate","REAL ESTATE INVESTMENT TRUSTS","1","1","0","POS","2026-04-30T12:30:00Z","0.4791666666666667","12.0","1 Understated Dividend Stock That Could Be an Essential Part of Your Retirement Portfolio","The article praises Realty Income as an excellent dividend stock with exceptional reliability, featuring 55+ years of uninterrupted monthly dividend payments, consistent quarterly increases, a solid 5.11% yield, diversified tenant base of essential retailers, and strong growth pr","dividend stock;REIT;retirement portfolio;passive income;monthly dividends","False","False","False"
"382","NWS","-0.362882938678169","0.7584493041749503","30.40999984741211","0.005621671676635742","0.08182144165039062","0.16602471470832825","Manufacturing","NEWSPAPERS: PUBLISHING OR PUBLISHING & PRINTING","0","0","0","NO-NEWS","","","","","","","False","False","False"
"383","MTD","-0.362882938678169","0.7604373757455268","1267.0699462890625","-0.011992692947387695","0.005658984184265137","0.31596100330352783","Manufacturing","LABORATORY ANALYTICAL INSTRUMENTS","0","0","0","NO-NEWS","","","","","","","False","False","False"
"384","MRK","-0.362882938678169","0.7624254473161034","112.16000366210938","0.0023235082626342773","-0.07206088304519653","0.3026333451271057","Manufacturing","PHARMACEUTICAL PREPARATIONS","8","4","0","STRONG-POS","2026-05-01T12:00:00Z","-0.5","12.0","InVitria Showcases Exbumin® and Optibumin® 25 at IPEC Excipient World: Biologics Summit: Recombinant Human Serum Albumins Already Used in On-Market Approved Bio","Merck is mentioned only as a reference point for InVitria's product validation through ERVEBO® vaccine use. No direct news or developments regarding Merck are discussed in the article.","recombinant human serum albumin;rHSA;biologics manufacturing;Exbumin;Optibumin 25","False","False","False"
"385","MTB","-0.362882938678169","0.76441351888668","216.44000244140625","0.00707244873046875","0.029881954193115234","0.20756079256534576","Finance_Insurance_RealEstate","STATE COMMERCIAL BANKS","0","0","0","NO-NEWS","","","","","","","False","False","False"
"386","MSI","-0.362882938678169","0.7664015904572564","435.8999938964844","-0.005384981632232666","-0.006971001625061035","0.17988723516464233","Manufacturing","RADIO & TV BROADCASTING & COMMUNICATIONS EQUIPMENT","0","0","0","NO-NEWS","","","","","","","False","False","False"
"387","MSCI","-0.362882938678169","0.768389662027833","588.8499755859375","-0.0064789652824401855","0.08089494705200195","0.2928168475627899","Services","SERVICES-BUSINESS SERVICES, NEC","1","1","0","POS","2026-04-27T19:20:59Z","3.193761574074074","19.0","Michael Burry Just Did Another 'Big Short' — As Historic Chip Stock Rally Finally Snaps","Burry established new long position; part of hardware-to-software rotation strategy","semiconductor stocks;SOXX ETF;short positions;Michael Burry;chip rally","False","False","False"
"388","NSC","-0.362882938678169","0.7703777335984096","315.8999938964844","-0.011917054653167725","0.09687495231628418","0.30725932121276855","Transportation_Utilities","RAILROADS, LINE-HAUL OPERATING","1","0","0","NEUTRAL","2026-04-28T09:56:00Z","2.5861111111111112","9.0","How to ’Convert’ a 2% Yield Into 6% By Doing Nothing Extra","Company is mentioned in context of a proposed $85 billion merger with Union Pacific. The outcome is uncertain ('far from clear they'll agree'), making the sentiment neutral. The merger could provide benefits through combined free cash flow of $4.5 billion, but regulatory approval","dividend yield;shareholder yield;dividend growth;buybacks;yield on cost","False","False","False"
"389","MNST","-0.362882938678169","0.7723658051689861","77.12000274658203","-0.014188945293426514","0.06563496589660645","0.24926058948040009","Manufacturing","BOTTLED & CANNED SOFT DRINKS & CARBONATED WATERS","0","0","0","NO-NEWS","","","","","","","False","False","False"
"390","NI","-0.362882938678169","0.7743538767395626","48.08000183105469","0.0018754005432128906","0.01242363452911377","0.18237760663032532","Transportation_Utilities","ELECTRIC & OTHER SERVICES COMBINED","0","0","0","NO-NEWS","","","","","","","False","False","False"
"391","NEE","-0.362882938678169","0.7763419483101391","96.94999694824219","0.017527222633361816","0.04079437255859375","0.33582985401153564","Transportation_Utilities","ELECTRIC SERVICES","2","2","0","POS","2026-05-01T09:16:00Z","-0.3861111111111111","9.0","3 Multi-Energy Stocks to Consider for Powering the Future","Described as offering more aggressive growth potential with best stock performance over the past year, diversified operations including nuclear and energy storage, and a major 25-year power agreement with Alphabet. Recommended for growth-oriented investors willing to accept highe","multi-energy stocks;artificial intelligence power demand;diversified energy portfolio;dividend stocks;nuclear energy","False","False","False"
"392","AFL","-0.362882938678169","0.7783300198807157","112.87999725341797","-0.015180647373199463","0.021723389625549316","0.17497843503952026","Finance_Insurance_RealEstate","ACCIDENT & HEALTH INSURANCE","0","0","0","NO-NEWS","","","","","","","False","False","False"
"393","NDSN","-0.362882938678169","0.7803180914512923","283.20001220703125","0.002974987030029297","0.07639682292938232","0.21380889415740967","Manufacturing","GENERAL INDUSTRIAL MACHINERY & EQUIPMENT, NEC","0","0","0","NO-NEWS","","","","","","","False","False","False"
"394","NDAQ","-0.362882938678169","0.7823061630218688","91.31999969482422","0.015795350074768066","0.053894996643066406","0.29084286093711853","Finance_Insurance_RealEstate","SECURITY & COMMODITY BROKERS, DEALERS, EXCHANGES & SERVICES","0","0","0","NO-NEWS","","","","","","","False","False","False"
"395","XOM","-0.362882938678169","0.7842942345924453","152.75","0.025787353515625","-0.04941195249557495","0.29309579730033875","Manufacturing","PETROLEUM REFINING","9","7","0","STRONG-POS","2026-05-01T13:14:00Z","-0.5513888888888889","13.0","US Equities See Best Monthly Gains Since 2024 Amid Geopolitical Optimism","Despite 45% year-on-year profit decline, stock gained 1-2% as company beat earnings expectations. Hedging positions weighed on results, but market reaction was positive relative to expectations.","US equities;April gains;S&P 500;Nasdaq;Dow Jones","False","False","False"
"396","XEL","-0.362882938678169","0.7862823061630219","82.58000183105469","0.0433354377746582","0.02278923988342285","0.27971330285072327","Transportation_Utilities","ELECTRIC & OTHER SERVICES COMBINED","0","0","0","NO-NEWS","","","","","","","False","False","False"
"397","WRB","-0.362882938678169","0.7882703777335984","66.37999725341797","-0.002254664897918701","0.005909919738769531","0.2268013209104538","Finance_Insurance_RealEstate","FIRE, MARINE & CASUALTY INSURANCE","0","0","0","NO-NEWS","","","","","","","False","False","False"
"398","WMT","-0.362882938678169","0.790258449304175","131.60000610351562","0.012931108474731445","0.0461881160736084","0.2824023365974426","Retail","RETAIL-VARIETY STORES","5","2","0","POS","2026-05-01T13:20:29Z","-0.5558912037037037","13.0","This Tech Billionaire's Net Worth Crossed $300 Billion In April On AI Rally As Elon Musk Stays Richest In The World","Shares rose 6% in April, supporting the fortunes of Walmart heirs who held positions in the top 10 richest people list.","AI rally;billionaire rankings;tech stocks;net worth;market surge","False","False","False"
"399","WMB","-0.362882938678169","0.7922465208747514","75.54000091552734","0.04655027389526367","0.04916667938232422","0.21498508751392365","Transportation_Utilities","NATURAL GAS TRANSMISSION","0","0","0","NO-NEWS","","","","","","","False","False","False"
"400","AEE","-0.362882938678169","0.794234592445328","113.55999755859375","0.021958231925964355","0.016833782196044922","0.18636290729045868","Transportation_Utilities","ELECTRIC & OTHER SERVICES COMBINED","0","0","0","NO-NEWS","","","","","","","False","False","False"
"401","AEP","-0.362882938678169","0.7962226640159046","136.91000366210938","0.01618051528930664","0.03188133239746094","0.17113062739372253","Transportation_Utilities","ELECTRIC SERVICES","0","0","0","NO-NEWS","","","","","","","False","False","False"
"402","JPM","-0.362882938678169","0.7982107355864811","312.4700012207031","0.013591527938842773","0.06065845489501953","0.199890598654747","Finance_Insurance_RealEstate","NATIONAL COMMERCIAL BANKS","11","3","0","STRONG-POS","2026-05-01T15:00:00Z","-0.625","15.0","Rayls Launches Public Chain, Advancing its Mission to Bring Global Finance Onchain","Featured Rayls in Kinexys' Project EPIC report on institutional privacy and identity, providing validation but representing research/assessment rather than active deployment.","blockchain;public chain mainnet;stablecoin;tokenization;RWA","False","False","False"
"403","KEY","-0.362882938678169","0.8001988071570576","21.8700008392334","0.011095762252807617","0.06839287281036377","0.20202597975730896","Finance_Insurance_RealEstate","NATIONAL COMMERCIAL BANKS","0","0","0","NO-NEWS","","","","","","","False","False","False"
"404","KIM","-0.362882938678169","0.8021868787276342","23.3799991607666","-0.013085722923278809","0.034513235092163086","0.15931357443332672","Finance_Insurance_RealEstate","REAL ESTATE INVESTMENT TRUSTS","0","0","0","NO-NEWS","","","","","","","False","False","False"
"405","PLD","-0.362882938678169","0.8041749502982107","141.41000366210938","-0.004855751991271973","0.057112932205200195","0.22333410382270813","Finance_Insurance_RealEstate","REAL ESTATE INVESTMENT TRUSTS","0","0","0","NO-NEWS","","","","","","","False","False","False"
"406","PEP","-0.362882938678169","0.8061630218687873","157.41000366210938","0.012673735618591309","0.002547621726989746","0.1922597587108612","Manufacturing","BEVERAGES","2","1","0","POS","2026-05-01T18:30:00Z","-0.7708333333333334","18.0","Should You Buy Beyond Meat (BYND) Stock Before May 6?","Mentioned only in context of a failed joint venture with Beyond Meat for plant-based jerky; no direct impact on PepsiCo's core business implied.","plant-based meat;earnings report;revenue decline;gross margin compression;short squeeze","False","False","False"
"407","MLM","-0.362882938678169","0.8081510934393639","614.489990234375","-0.0013164281845092773","0.028986215591430664","0.2592320144176483","Mining","MINING & QUARRYING OF NONMETALLIC MINERALS (NO FUELS)","1","1","0","POS","2026-04-30T18:00:44Z","0.24949074074074074","18.0","Martin Marietta Gains From Infrastructure Demand Surge","Strong revenue growth (+17% YoY), beat on EPS ($1.93 vs $1.70 estimate), record cash flow from operations, strategic acquisitions expanding capacity, reaffirmed EBITDA guidance, and strong demand visibility from infrastructure and construction trends support positive outlook desp","infrastructure demand;aggregates business;Q1 earnings;EBITDA guidance;acquisitions","False","False","False"
"408","HPQ","-0.362882938678169","0.8101391650099403","20.829999923706055","0.0525517463684082","0.06765758991241455","0.44958022236824036","Manufacturing","COMPUTER & OFFICE EQUIPMENT","1","1","0","POS","2026-04-27T14:59:00Z","3.3756944444444446","14.0","TechEx North America 2026 Comes to San Jose For Your Annual Enterprise Technology Intelligence Briefing","Featured as participating technology provider and has speaker from HP Construction Services division","enterprise technology;AI;cybersecurity;cloud computing;IoT","False","False","False"
"409","REG","-0.362882938678169","0.8121272365805169","78.6500015258789","-0.019204378128051758","0.021693944931030273","0.17226256430149078","Finance_Insurance_RealEstate","REAL ESTATE INVESTMENT TRUSTS","0","0","0","NO-NEWS","","","","","","","False","False","False"
"410","PPL","-0.362882938678169","0.8141153081510935","37.599998474121094","-0.02967745065689087","-0.026915132999420166","0.17951495945453644","Transportation_Utilities","ELECTRIC SERVICES","0","0","0","NO-NEWS","","","","","","","False","False","False"
"411","PRU","-0.362882938678169","0.81610337972167","98.62000274658203","0.04681038856506348","0.010657906532287598","0.2730676233768463","Finance_Insurance_RealEstate","LIFE INSURANCE","1","0","0","NEUTRAL","2026-05-01T12:00:00Z","-0.5","12.0","Abacus Chairman and CEO to Speak at the Milken Institute Global Conference in Los Angeles","Mentioned only as a panel participant; no specific news or developments regarding the company are disclosed.","Abacus Global Management;Milken Institute Global Conference;private wealth;financial security;alternative asset management","False","False","False"
"412","JCI","-0.362882938678169","0.8180914512922465","145.0800018310547","0.022266149520874023","0.09107315540313721","0.2717238962650299","Manufacturing","AIR-COND & WARM AIR HEATG EQUIP & COMM & INDL REFRIG EQUIP","0","0","0","NO-NEWS","","","","","","","False","False","False"
"413","L","-0.362882938678169","0.820079522862823","111.69999694824219","0.010128378868103027","0.03723645210266113","0.1565648317337036","Finance_Insurance_RealEstate","FIRE, MARINE & CASUALTY INSURANCE","0","0","0","NO-NEWS","","","","","","","False","False","False"
"414","INCY","-0.362882938678169","0.8220675944333996","96.91000366210938","0.023877501487731934","0.01021575927734375","0.27442964911460876","Services","SERVICES-COMMERCIAL PHYSICAL & BIOLOGICAL RESEARCH","0","0","0","NO-NEWS","","","","","","","False","False","False"
"415","GWW","-0.362882938678169","0.8240556660039762","1148.6199951171875","0.0005488395690917969","0.027893900871276855","0.22709934413433075","Wholesale","WHOLESALE-DURABLE GOODS","1","1","0","POS","2026-04-29T15:30:00Z","1.3541666666666667","15.0","GRAINGER INCREASES QUARTERLY DIVIDEND BY 10%","The company announced a 10% increase in its quarterly dividend and achieved its 55th consecutive year of dividend increases, demonstrating strong financial health, consistent profitability, and a shareholder-friendly capital allocation strategy. This reflects confidence in the co","dividend increase;quarterly dividend;shareholder returns;cash distribution;consecutive dividend increases","False","False","False"
"416","RF","-0.362882938678169","0.8260437375745527","28.190000534057617","0.015489935874938965","0.06497931480407715","0.23052775859832764","Finance_Insurance_RealEstate","NATIONAL COMMERCIAL BANKS","0","0","0","NO-NEWS","","","","","","","False","False","False"
"417","HIG","-0.362882938678169","0.8280318091451292","135.80999755859375","0.010115265846252441","-0.0027902722358703613","0.22933034598827362","Finance_Insurance_RealEstate","FIRE, MARINE & CASUALTY INSURANCE","0","0","0","NO-NEWS","","","","","","","False","False","False"
"418","HAS","-0.362882938678169","0.8300198807157058","95.2699966430664","0.001998305320739746","0.05667698383331299","0.40835678577423096","Manufacturing","GAMES, TOYS & CHILDREN'S VEHICLES (NO DOLLS & BICYCLES)","0","0","0","NO-NEWS","","","","","","","False","False","False"
"419","RJF","-0.362882938678169","0.8320079522862823","156.1999969482422","0.018120169639587402","0.09845292568206787","0.24843290448188782","Finance_Insurance_RealEstate","SECURITY BROKERS, DEALERS & FLOTATION COMPANIES","0","0","0","NO-NEWS","","","","","","","False","False","False"
"420","RSG","-0.362882938678169","0.8339960238568589","206.55999755859375","-0.015396356582641602","-0.07451051473617554","0.21829722821712494","Transportation_Utilities","REFUSE SYSTEMS","0","0","0","NO-NEWS","","","","","","","False","False","False"
"421","ROST","-0.362882938678169","0.8359840954274353","228.83999633789062","0.010911345481872559","0.040276408195495605","0.2135339230298996","Retail","RETAIL-FAMILY CLOTHING STORES","0","0","0","NO-NEWS","","","","","","","False","False","False"
"422","ROP","-0.362882938678169","0.8379721669980119","358.2200012207031","0.013638973236083984","0.0009499788284301758","0.22244298458099365","Manufacturing","INDUSTRIAL INSTRUMENTS FOR MEASUREMENT, DISPLAY, AND CONTROL","0","0","0","NO-NEWS","","","","","","","False","False","False"
"423","HST","-0.362882938678169","0.8399602385685885","21.1299991607666","0.011004805564880371","0.10397076606750488","0.21015296876430511","Finance_Insurance_RealEstate","REAL ESTATE INVESTMENT TRUSTS","0","0","0","NO-NEWS","","","","","","","False","False","False"
"424","FTNT","-0.362882938678169","0.841948310139165","86.29000091552734","0.023120760917663574","0.04555916786193848","0.39432939887046814","Manufacturing","COMPUTER PERIPHERAL EQUIPMENT, NEC","1","1","0","POS","2026-05-01T07:39:00Z","-0.31875","7.0","Healthcare Cybersecurity Market: $97.79 Billion by 2031 with Cloud Security Segment Expanding at 18.58% CAGR, Reports Mordor Intelligence","Named as a key player in the healthcare cybersecurity market, positioned to capitalize on growing adoption of network security and cloud security solutions.","healthcare cybersecurity;cloud security;ransomware attacks;electronic health records;zero-trust security","False","False","False"
"425","GL","-0.362882938678169","0.8439363817097415","152.72000122070312","0.0010488033294677734","0.0709676742553711","0.15807852149009705","Finance_Insurance_RealEstate","LIFE INSURANCE","1","1","0","POS","2026-04-30T21:46:00Z","0.09305555555555556","21.0","Globe Life Inc. Declares Dividend","The company's declaration of a quarterly dividend demonstrates financial stability and commitment to returning capital to shareholders. Regular dividend payments are generally viewed positively as they indicate strong cash flow and management confidence in the company's financial","dividend declaration;quarterly dividend;shareholder returns;life insurance","False","False","False"
"426","EXR","-0.362882938678169","0.8459244532803181","142.02000427246094","-0.0004925727844238281","0.06095921993255615","0.2358073741197586","Finance_Insurance_RealEstate","REAL ESTATE INVESTMENT TRUSTS","0","0","0","NO-NEWS","","","","","","","False","False","False"
"427","JNJ","-0.362882938678169","0.8479125248508946","227.19000244140625","-0.001362621784210205","-0.0652155876159668","0.17762833833694458","Manufacturing","PHARMACEUTICAL PREPARATIONS","2","2","0","POS","2026-05-01T10:00:00Z","-0.4166666666666667","10.0","Wound Cleanser Products Market Size is Projected to be USD 5.17 Billion by 2035; Industry is Propelling Owing to the Growing Technological Investments Globally","Listed as a major industry player in the growing wound cleanser products market, positioned to benefit from the projected 4.92% CAGR growth through 2035.","wound cleanser products;chronic wounds;antimicrobial cleansers;market growth;infection prevention","False","False","False"
"428","KR","-0.362882938678169","0.8499005964214712","67.7699966430664","0.008032083511352539","-0.06330341100692749","0.24280528724193573","Retail","RETAIL-GROCERY STORES","0","0","0","NO-NEWS","","","","","","","False","False","False"
"429","KMB","-0.362882938678169","0.8518886679920478","97.66999816894531","-0.0018395781517028809","0.01601994037628174","0.2785891592502594","Manufacturing","CONVERTED PAPER & PAPERBOARD PRODS (NO CONTANERS/BOXES)","0","0","0","NO-NEWS","","","","","","","False","False","False"
"430","KO","-0.362882938678169","0.8538767395626242","78.58000183105469","0.02544701099395752","0.024244070053100586","0.22032904624938965","Manufacturing","BEVERAGES","7","7","0","STRONG-POS","2026-04-29T16:30:00Z","1.3125","16.0","Bye Bye Buffett Halo: Is Berkshire Ready To Dump Its Whole Stake In This Retail Behemoth?","Mentioned as an example of one of Buffett's successful long-term investments, contrasting with the Kraft Heinz failure. Serves as a reference point for Berkshire's better-performing holdings.","Berkshire Hathaway;Kraft Heinz;Warren Buffett;Greg Abel;stake liquidation","False","False","False"
"431","KMI","-0.362882938678169","0.8558648111332008","32.529998779296875","0.024889707565307617","-0.013345539569854736","0.21808511018753052","Transportation_Utilities","NATURAL GAS TRANSMISSION","1","0","0","NEUTRAL","2026-05-01T08:15:00Z","-0.34375","8.0","Prediction: Energy Transfer Will Hit $25 in 2026","Referenced as a comparable pipeline company for valuation benchmarking but receives no specific analysis or recommendation.","Energy Transfer;pipeline stocks;oil prices;LNG development;master limited partnership","False","False","False"
"432","ISRG","-0.362882938678169","0.8578528827037774","457.7799987792969","-0.050682246685028076","0.012630820274353027","0.3713204264640808","Manufacturing","ORTHOPEDIC, PROSTHETIC & SURGICAL APPLIANCES & SUPPLIES","0","0","0","NO-NEWS","","","","","","","False","False","False"
"433","PM","-0.362882938678169","0.8598409542743539","166.3800048828125","0.01327657699584961","0.052371859550476074","0.39080384373664856","Manufacturing","CIGARETTES","0","0","0","NO-NEWS","","","","","","","False","False","False"
"434","PNC","-0.362882938678169","0.8618290258449304","220.7100067138672","0.0038660764694213867","0.04256021976470947","0.21287575364112854","Finance_Insurance_RealEstate","NATIONAL COMMERCIAL BANKS","0","0","0","NO-NEWS","","","","","","","False","False","False"
"435","PNW","-0.362882938678169","0.8638170974155069","103.54000091552734","0.012121200561523438","0.008179187774658203","0.18439891934394836","Transportation_Utilities","ELECTRIC SERVICES","0","0","0","NO-NEWS","","","","","","","False","False","False"
"436","PFE","-0.362882938678169","0.8658051689860835","26.329999923706055","-0.024814844131469727","-0.07026833295822144","0.19856326282024384","Manufacturing","PHARMACEUTICAL PREPARATIONS","11","7","1","POS","2026-05-01T16:43:00Z","-0.6965277777777777","16.0","Arvinas Announces FDA Approval of VEPPANU (vepdegestrant) for the Treatment of ESR1m, ER+/HER2- Advanced Breast Cancer","Co-development and co-commercialization partner benefits from the successful FDA approval of VEPPANU. The drug addresses an unmet medical need in a significant market (ER+/HER2- breast cancer), and Pfizer shares development costs, commercialization expenses, and profits from this","FDA approval;VEPPANU;vepdegestrant;PROTAC;protein degrader","False","False","False"
"437","PG","-0.362882938678169","0.8677932405566601","147.25999450683594","-0.006208658218383789","0.028926730155944824","0.21601998805999756","Manufacturing","SOAP, DETERGENTS, CLEANG PREPARATIONS, PERFUMES, COSMETICS","3","1","1","NEUTRAL","2026-05-01T01:15:00Z","-0.052083333333333336","1.0","Europe Is Now Facing Its Second Energy Crisis in 4 Years. Here's What That Means.","Energy-intensive manufacturing operations across Europe for detergents, paper goods, and personal care products will face higher gas and electricity input costs, compounding existing demand-side weakness and margin compression.","energy crisis;Europe;Strait of Hormuz;LNG;natural gas prices","False","False","False"
"438","PGR","-0.362882938678169","0.8697813121272365","199.30999755859375","-0.00786501169204712","0.020793795585632324","0.24635186791419983","Finance_Insurance_RealEstate","FIRE, MARINE & CASUALTY INSURANCE","0","0","0","NO-NEWS","","","","","","","False","False","False"
"439","PEG","-0.362882938678169","0.8717693836978131","80.1500015258789","-0.0073073506355285645","-0.020410656929016113","0.23810353875160217","Transportation_Utilities","ELECTRIC & OTHER SERVICES COMBINED","0","0","0","NO-NEWS","","","","","","","False","False","False"
"440","EXC","-0.362882938678169","0.8737574552683897","46.5","-0.008951365947723389","-0.05736875534057617","0.1747274249792099","Transportation_Utilities","ELECTRIC & OTHER SERVICES COMBINED","0","0","0","NO-NEWS","","","","","","","False","False","False"
"441","EVRG","-0.362882938678169","0.8757455268389662","82.61000061035156","0.016988754272460938","-0.0027763843536376953","0.17632395029067993","Transportation_Utilities","ELECTRIC & OTHER SERVICES COMBINED","0","0","0","NO-NEWS","","","","","","","False","False","False"
"442","ES","-0.362882938678169","0.8777335984095428","71.06999969482422","0.03540205955505371","0.02303147315979004","0.19565439224243164","Transportation_Utilities","ELECTRIC SERVICES","0","0","0","NO-NEWS","","","","","","","False","False","False"
"443","EQR","-0.362882938678169","0.8797216699801192","65.16999816894531","0.04673945903778076","0.08130073547363281","0.2515648603439331","Finance_Insurance_RealEstate","REAL ESTATE INVESTMENT TRUSTS","0","0","0","NO-NEWS","","","","","","","False","False","False"
"444","SPG","-0.362882938678169","0.8817097415506958","202.44000244140625","0.006363034248352051","0.07298457622528076","0.1977289468050003","Finance_Insurance_RealEstate","REAL ESTATE INVESTMENT TRUSTS","0","0","0","NO-NEWS","","","","","","","False","False","False"
"445","SRE","-0.362882938678169","0.8836978131212724","94.66999816894531","0.015772581100463867","-0.04566532373428345","0.187919020652771","Transportation_Utilities","GAS & OTHER SERVICES COMBINED","0","0","0","NO-NEWS","","","","","","","False","False","False"
"446","SO","-0.362882938678169","0.885685884691849","96.70999908447266","0.03444218635559082","-0.007593631744384766","0.1898520290851593","Transportation_Utilities","ELECTRIC SERVICES","2","2","0","POS","2026-05-01T15:15:00Z","-0.6354166666666666","15.0","Want Decades of Passive Income? 2 Stocks to Buy Right Now","Recommended as a reliable utility with 78-year dividend history, 24 consecutive years of increases, above-average 3.2% yield for utilities, and expected 8% annual earnings growth through 2030 supporting future dividend growth.","passive income;dividend stocks;high-yield stocks;energy infrastructure;utilities","False","False","False"
"447","SNA","-0.362882938678169","0.8876739562624254","380.3900146484375","0.005205869674682617","0.04051101207733154","0.29288169741630554","Manufacturing","CUTLERY, HANDTOOLS & GENERAL HARDWARE","0","0","0","NO-NEWS","","","","","","","False","False","False"
"448","FAST","-0.362882938678169","0.889662027833002","44.90999984741211","0.0049228668212890625","-0.030021607875823975","0.4027811884880066","Retail","RETAIL-BUILDING MATERIALS, HARDWARE, GARDEN SUPPLY","0","0","0","NO-NEWS","","","","","","","False","False","False"
"449","FOX","-0.362882938678169","0.8916500994035785","56.93000030517578","0.013530373573303223","0.07679212093353271","0.23068809509277344","Transportation_Utilities","TELEVISION BROADCASTING STATIONS","0","0","0","NO-NEWS","","","","","","","False","False","False"
"450","FITB","-0.362882938678169","0.8936381709741551","50.43000030517578","0.015505433082580566","0.070473313331604","0.22082577645778656","Finance_Insurance_RealEstate","STATE COMMERCIAL BANKS","0","0","0","NO-NEWS","","","","","","","False","False","False"
"451","FE","-0.362882938678169","0.8956262425447317","46.91999816894531","-0.05039471387863159","-0.08555841445922852","0.1819792240858078","Transportation_Utilities","ELECTRIC SERVICES","0","0","0","NO-NEWS","","","","","","","False","False","False"
"452","GM","-0.362882938678169","0.8976143141153081","75.7699966430664","-0.029212117195129395","0.04452705383300781","0.33459311723709106","Manufacturing","MOTOR VEHICLES & PASSENGER CAR BODIES","4","1","1","NEUTRAL","2026-04-30T15:25:00Z","0.3576388888888889","15.0","General Motors: Finding Deep Value in a Market Full of Fear","Strong Q1 earnings beat ($3.70 vs $2.58 expected), raised full-year guidance, maintained pricing discipline and market share leadership, growing high-margin software division, attractive 6X forward P/E valuation, and active shareholder returns despite macro headwinds. The company","earnings beat;guidance raise;tariff benefit;pricing power;software services growth","False","False","False"
"453","T","-0.362882938678169","0.8996023856858847","26.1200008392334","-0.003053426742553711","-0.07800912857055664","0.2844679355621338","Transportation_Utilities","TELEPHONE COMMUNICATIONS (NO RADIOTELEPHONE)","4","0","2","STRONG-NEG","2026-05-01T18:32:00Z","-0.7722222222222223","18.0","The Death of the Cell Tower: Why the Infrastructure Backbone of the Internet May Already Be Obsolete, According to James Altucher","Article positions AT&T as part of incumbent telecom industry facing fundamental competitive threat from satellite-based alternatives offering superior service at lower costs.","satellite internet;cell towers;5G;telecom disruption;infrastructure","False","False","False"
"454","TFC","-0.362882938678169","0.9015904572564613","50.93000030517578","0.0039424896240234375","0.07994067668914795","0.20876163244247437","Finance_Insurance_RealEstate","NATIONAL COMMERCIAL BANKS","0","0","0","NO-NEWS","","","","","","","False","False","False"
"455","EIX","-0.362882938678169","0.9035785288270378","69.87999725341797","0.014812588691711426","-0.04873400926589966","0.2539098858833313","Transportation_Utilities","ELECTRIC SERVICES","0","0","0","NO-NEWS","","","","","","","False","False","False"
"456","DIS","-0.362882938678169","0.9055666003976143","103.08000183105469","0.00467836856842041","0.0669703483581543","0.22313441336154938","Services","SERVICES-MISCELLANEOUS AMUSEMENT & RECREATION","4","2","0","POS","2026-04-30T22:45:00Z","0.052083333333333336","22.0","Howard University’s 158th Commencement Returns to The Yard on May 9, 2026 Featuring Address by Washington D.C. Mayor Muriel Bowser","Bob Iger, former CEO of Disney, is being honored with an honorary doctorate degree from Howard University, recognizing his significant leadership and influence in business and media. This reflects positively on the company's legacy and leadership.","Howard University;commencement;honorary degrees;Muriel Bowser;Rosalind Brewer","False","False","False"
"457","DGX","-0.362882938678169","0.9075546719681908","192.6699981689453","-0.018342137336730957","-0.02701747417449951","0.29244503378868103","Services","SERVICES-MEDICAL LABORATORIES","0","0","0","NO-NEWS","","","","","","","False","False","False"
"458","TJX","-0.362882938678169","0.9095427435387674","156.8300018310547","-0.0012736320495605469","-0.02765202522277832","0.2123107612133026","Retail","RETAIL-FAMILY CLOTHING STORES","0","0","0","NO-NEWS","","","","","","","False","False","False"
"459","TGT","-0.362882938678169","0.911530815109344","128.88999938964844","-0.002862393856048584","0.07007062435150146","0.290997177362442","Retail","RETAIL-VARIETY STORES","0","0","0","NO-NEWS","","","","","","","False","False","False"
"460","TDY","-0.362882938678169","0.9135188866799204","640.3300170898438","-0.012872278690338135","0.027602553367614746","0.263647198677063","Manufacturing","SEARCH, DETECTION, NAVIGATION, GUIDANCE, AERONAUTICAL SYS","0","0","0","NO-NEWS","","","","","","","False","False","False"
"461","CVX","-0.362882938678169","0.915506958250497","190.6300048828125","0.029264092445373535","-0.041915833950042725","0.27259787917137146","Manufacturing","PETROLEUM REFINING","12","9","0","STRONG-POS","2026-05-01T13:14:00Z","-0.5513888888888889","13.0","US Equities See Best Monthly Gains Since 2024 Amid Geopolitical Optimism","Net income dropped 36% year-on-year but beat expectations, resulting in 1-2% share price gains. Mixed fundamentals offset by better-than-expected earnings performance.","US equities;April gains;S&P 500;Nasdaq;Dow Jones","False","False","False"
"462","CTVA","-0.362882938678169","0.9174950298210736","80.8499984741211","0.013157844543457031","-0.05394339561462402","0.15361544489860535","Agriculture","","0","0","0","NO-NEWS","","","","","","","False","False","False"
"463","DOV","-0.362882938678169","0.9194831013916501","225.7899932861328","0.004493236541748047","0.09937667846679688","0.30541151762008667","Manufacturing","CONSTRUCTION, MINING & MATERIALS HANDLING MACHINERY & EQUIP","0","0","0","NO-NEWS","","","","","","","False","False","False"
"464","TPR","-0.362882938678169","0.9214711729622267","142.74000549316406","-0.021591544151306152","0.010906577110290527","0.3834109902381897","Manufacturing","LEATHER & LEATHER PRODUCTS","0","0","0","NO-NEWS","","","","","","","False","False","False"
"465","DD","-0.362882938678169","0.9234592445328031","46.2400016784668","-0.0019425749778747559","0.016710638999938965","0.27502524852752686","Manufacturing","PLASTIC MATERIALS, SYNTH RESINS & NONVULCAN ELASTOMERS","0","0","0","NO-NEWS","","","","","","","False","False","False"
"466","TSN","-0.362882938678169","0.9254473161033797","63.68000030517578","-0.005466163158416748","-0.014698982238769531","0.1907341182231903","Manufacturing","POULTRY SLAUGHTERING AND PROCESSING","1","1","0","POS","2026-05-01T18:30:00Z","-0.7708333333333334","18.0","Should You Buy Beyond Meat (BYND) Stock Before May 6?","Mentioned as an aggressive competitor that has fragmented the plant-based meat market, implying it is gaining market share at Beyond Meat's expense.","plant-based meat;earnings report;revenue decline;gross margin compression;short squeeze","False","False","False"
"467","EXPD","-0.362882938678169","0.9274353876739563","147.22999572753906","-0.0022363662719726562","0.009738683700561523","0.17125734686851501","Transportation_Utilities","ARRANGEMENT OF TRANSPORTATION OF FREIGHT & CARGO","0","0","0","NO-NEWS","","","","","","","False","False","False"
"468","ED","-0.362882938678169","0.9294234592445328","110.48999786376953","0.013112068176269531","-0.04279649257659912","0.171298086643219","Transportation_Utilities","ELECTRIC & OTHER SERVICES COMBINED","0","0","0","NO-NEWS","","","","","","","False","False","False"
"469","EG","-0.362882938678169","0.9314115308151093","353.57000732421875","0.029675602912902832","0.0809563398361206","0.2380579710006714","Finance_Insurance_RealEstate","FIRE, MARINE & CASUALTY INSURANCE","0","0","0","NO-NEWS","","","","","","","False","False","False"
"470","DUK","-0.362882938678169","0.9333996023856859","128.60000610351562","0.010450243949890137","-0.027378559112548828","0.17174586653709412","Transportation_Utilities","ELECTRIC & OTHER SERVICES COMBINED","1","1","0","POS","2026-05-01T09:16:00Z","-0.3861111111111111","9.0","3 Multi-Energy Stocks to Consider for Powering the Future","Highlighted as a consistent dividend payer with 100 straight years of payouts, vast energy portfolio including nuclear and battery storage, and stable operations. Recommended for income-focused investors.","multi-energy stocks;artificial intelligence power demand;diversified energy portfolio;dividend stocks;nuclear energy","False","False","False"
"471","EA","-0.362882938678169","0.9353876739562624","202.08999633789062","-0.00286179780960083","-0.00741654634475708","0.042004313319921494","Services","SERVICES-PREPACKAGED SOFTWARE","0","0","0","NO-NEWS","","","","","","","False","False","False"
"472","CFG","-0.362882938678169","0.937375745526839","64.41999816894531","0.009876132011413574","0.056238651275634766","0.2124435156583786","Finance_Insurance_RealEstate","STATE COMMERCIAL BANKS","0","0","0","NO-NEWS","","","","","","","False","False","False"
"473","COST","-0.362882938678169","0.9393638170974155","1011.7000122070312","0.0005439519882202148","-0.00321197509765625","0.18972010910511017","Retail","RETAIL-VARIETY STORES","5","3","0","STRONG-POS","2026-04-30T16:10:00Z","0.3263888888888889","16.0","This Unstoppable Dividend Stock Could Be the Only Retailer I'd Hold Through the Next Market Crash.","Referenced as a competitor to Walmart's Sam's Club in the warehouse club market, but not evaluated as an investment recommendation.","dividend stock;retail;market crash;Dividend King;e-commerce","False","False","False"
"474","CNP","-0.362882938678169","0.941351888667992","43.349998474121094","0.020720481872558594","-0.008236110210418701","0.19194775819778442","Transportation_Utilities","ELECTRIC SERVICES","0","0","0","NO-NEWS","","","","","","","False","False","False"
"475","CMS","-0.362882938678169","0.9433399602385686","76.02999877929688","-0.0031467080116271973","-0.03245103359222412","0.19553253054618835","Transportation_Utilities","ELECTRIC & OTHER SERVICES COMBINED","0","0","0","NO-NEWS","","","","","","","False","False","False"
"476","TRV","-0.362882938678169","0.9453280318091452","304.7200012207031","0.00657343864440918","0.03649783134460449","0.1968212127685547","Finance_Insurance_RealEstate","FIRE, MARINE & CASUALTY INSURANCE","0","0","0","NO-NEWS","","","","","","","False","False","False"
"477","CINF","-0.362882938678169","0.9473161033797217","162.0500030517578","-0.014773786067962646","0.02297830581665039","0.17949353158473969","Finance_Insurance_RealEstate","FIRE, MARINE & CASUALTY INSURANCE","0","0","0","NO-NEWS","","","","","","","False","False","False"
"478","CME","-0.362882938678169","0.9493041749502982","289.5400085449219","0.015716075897216797","-0.05103069543838501","0.1926962435245514","Finance_Insurance_RealEstate","SECURITY & COMMODITY BROKERS, DEALERS, EXCHANGES & SERVICES","0","0","0","NO-NEWS","","","","","","","False","False","False"
"479","CB","-0.362882938678169","0.9512922465208747","326.2200012207031","0.0003066062927246094","-0.006426393985748291","0.180986225605011","Finance_Insurance_RealEstate","FIRE, MARINE & CASUALTY INSURANCE","0","0","0","NO-NEWS","","","","","","","False","False","False"
"480","UBER","-0.362882938678169","0.9532803180914513","75.12000274658203","0.006430864334106445","0.04565715789794922","0.30604320764541626","Services","SERVICES-BUSINESS SERVICES, NEC","6","3","0","STRONG-POS","2026-05-01T18:35:43Z","-0.7748032407407407","18.0","Deal Dispatch: Sirius XM Mulls Purchase Of iHeartMedia, Uber Buys FlyTaxi, Wren Kitchens Bankruptcy","Acquiring FlyTaxi to expand regional operations in Hong Kong with minimal disruption to existing services, supporting geographic growth strategy.","M&A;acquisitions;bankruptcy;Sirius XM;iHeartMedia","True","False","False"
"481","UDR","-0.362882938678169","0.9552683896620279","36.38999938964844","0.046591877937316895","0.050519585609436035","0.2591475248336792","Finance_Insurance_RealEstate","REAL ESTATE INVESTMENT TRUSTS","0","0","0","NO-NEWS","","","","","","","False","False","False"
"482","UNP","-0.362882938678169","0.9572564612326043","266.32000732421875","-0.008857488632202148","0.08830857276916504","0.34269827604293823","Transportation_Utilities","RAILROADS, LINE-HAUL OPERATING","1","1","0","POS","2026-04-28T09:56:00Z","2.5861111111111112","9.0","How to ’Convert’ a 2% Yield Into 6% By Doing Nothing Extra","Company demonstrates strong dividend growth (151% over a decade), improving operational efficiency (adjusted operating ratio declining), freight revenue growth of 4%, and EPS growth of 8.5%. Current shareholder yield of 3.7% significantly exceeds stated 2% dividend yield, with po","dividend yield;shareholder yield;dividend growth;buybacks;yield on cost","False","False","False"
"483","USB","-0.362882938678169","0.9592445328031809","56.29999923706055","0.012954235076904297","0.06326723098754883","0.2049194723367691","Finance_Insurance_RealEstate","NATIONAL COMMERCIAL BANKS","0","0","0","NO-NEWS","","","","","","","False","False","False"
"484","BALL","-0.362882938678169","0.9612326043737575","61.33000183105469","0.00016307830810546875","0.022678017616271973","0.267050176858902","Manufacturing","METAL CANS","1","1","0","POS","2026-04-29T21:47:00Z","1.0923611111111111","21.0","Board Declares Quarterly Dividend","The declaration of a quarterly dividend demonstrates the company's financial health and confidence in its cash flow generation. Regular dividend payments are a positive signal to investors, indicating the company's ability to return capital to shareholders while maintaining opera","dividend;quarterly;Ball Corporation;earnings;shareholder returns","False","False","False"
"485","BIIB","-0.362882938678169","0.963220675944334","187.05999755859375","0.014535188674926758","0.05480992794036865","0.3866696357727051","Manufacturing","BIOLOGICAL PRODUCTS, (NO DIAGNOSTIC SUBSTANCES)","1","1","0","POS","2026-04-29T17:00:00Z","1.2916666666666667","17.0","IgA Nephropathy Market Forecast to 2036: Novel Therapies and Key Growth Drivers Fuel Expansion | DelveInsight","Felzartamab received European Orphan Drug Designation in November 2024 with key clinical readouts expected 2028-2030. Positioned as disease-modifying therapy targeting CD38-expressing plasma cells.","IgA Nephropathy;immunotherapy;monoclonal antibodies;BAFF/APRIL inhibitors;complement inhibitors","False","False","False"
"486","BLK","-0.362882938678169","0.9652087475149106","1061.6800537109375","0.0159909725189209","0.098410964012146","0.27989766001701355","Finance_Insurance_RealEstate","SECURITY BROKERS, DEALERS & FLOTATION COMPANIES","2","1","1","NEUTRAL","2026-04-29T10:50:05Z","1.5485532407407407","10.0","Hedge Fund Billionaire Ken Griffin Warns Wealthy Investors May Not Grasp Private Credit Risks— 'The Real Issue Here Is...'","Limited withdrawals from its $26 billion HPS Corporate Lending Fund after redemption requests surged to 9.3%, indicating significant liquidity pressure.","private credit;liquidity risk;redemption pressure;wealth investors;hedge funds","False","False","False"
"487","BRK.B","-0.362882938678169","0.967196819085487","473.010009765625","0.007862448692321777","-0.009091854095458984","0.1072501465678215","Finance_Insurance_RealEstate","FIRE, MARINE & CASUALTY INSURANCE","14","3","1","POS","2026-05-01T08:06:00Z","-0.3375","8.0","Warren Buffett Went Out With a Bang by Selling 77% of His Amazon Stake and Piling Into a Virtual Monopoly That's Soared 13,600% Since Its IPO","Leadership transition from Buffett to Abel; portfolio adjustments reflect strategic repositioning rather than company performance concerns.","Warren Buffett retirement;Berkshire Hathaway;Amazon stock sale;Alphabet investment;Google search monopoly","False","False","False"
"488","AWK","-0.362882938678169","0.9691848906560636","127.37999725341797","-0.03806072473526001","-0.077892005443573","0.23707279562950134","Transportation_Utilities","WATER SUPPLY","1","1","0","POS","2026-04-29T14:15:00Z","1.40625","14.0","American Water Announces Dividend Increase","The company announced an 8.2% dividend increase, which exceeds its long-term growth target range of 7-9%, demonstrating strong financial performance and commitment to returning value to shareholders. The consistent dividend growth and maintained payout ratio indicate financial st","dividend increase;American Water Works;quarterly dividend;shareholder returns;dividend growth","False","False","False"
"489","AVB","-0.362882938678169","0.9711729622266402","183.4499969482422","0.06421852111816406","0.1049872636795044","0.2433997243642807","Finance_Insurance_RealEstate","REAL ESTATE INVESTMENT TRUSTS","0","0","0","NO-NEWS","","","","","","","False","False","False"
"490","ATO","-0.362882938678169","0.9731610337972167","188.5399932861328","0.016662120819091797","-0.002275526523590088","0.19625861942768097","Transportation_Utilities","NATURAL GAS DISTRIBUTION","0","0","0","NO-NEWS","","","","","","","False","False","False"
"491","VLTO","-0.362882938678169","0.9751491053677932","87.62999725341797","-0.011171340942382812","-0.004317760467529297","0.24520091712474823","Manufacturing","INSTRUMENTS FOR MEAS & TESTING OF ELECTRICITY & ELEC SIGNALS","0","0","0","NO-NEWS","","","","","","","False","False","False"
"492","ALL","-0.362882938678169","0.9771371769383698","216.58999633789062","0.017427563667297363","0.046176910400390625","0.20919150114059448","Finance_Insurance_RealEstate","FIRE, MARINE & CASUALTY INSURANCE","0","0","0","NO-NEWS","","","","","","","False","False","False"
"493","AMT","-0.362882938678169","0.9791252485089463","181.61000061035156","0.019078612327575684","0.04535782337188721","0.2628900408744812","Finance_Insurance_RealEstate","REAL ESTATE INVESTMENT TRUSTS","0","0","0","NO-NEWS","","","","","","","False","False","False"
"494","BAC","-0.362882938678169","0.9811133200795229","53.2400016784668","0.022862672805786133","0.07816934585571289","0.1891307234764099","Finance_Insurance_RealEstate","NATIONAL COMMERCIAL BANKS","3","1","1","NEUTRAL","2026-05-01T08:06:00Z","-0.3375","8.0","Warren Buffett Went Out With a Bang by Selling 77% of His Amazon Stake and Piling Into a Virtual Monopoly That's Soared 13,600% Since Its IPO","Mentioned as a persistent seller position leading up to retirement; no specific reasoning provided for the selling activity.","Warren Buffett retirement;Berkshire Hathaway;Amazon stock sale;Alphabet investment;Google search monopoly","False","False","False"
"495","AXP","-0.362882938678169","0.9831013916500994","319.67999267578125","0.01782989501953125","0.06496107578277588","0.28576555848121643","Finance_Insurance_RealEstate","FINANCE SERVICES","3","2","0","POS","2026-04-28T20:09:00Z","2.160416666666667","20.0","The Best Blue Chip Stock to Buy After This Year's Market Pullback","Strong Q1 2026 financial performance with 11% revenue growth and 18% EPS increase. Successful customer acquisition with 66% of new cardholders being millennials/Gen-Z. Luxury spending up 18% YoY. Trading at attractive valuation (P/E under 20) after market overreaction. Company su","blue chip stocks;market pullback;American Express;earnings growth;luxury spending","False","False","False"
"496","VTR","-0.362882938678169","0.9850894632206759","88.0199966430664","0.05261886119842529","0.05704331398010254","0.24702823162078857","Finance_Insurance_RealEstate","REAL ESTATE INVESTMENT TRUSTS","0","0","0","NO-NEWS","","","","","","","False","False","False"
"497","APD","-0.362882938678169","0.9870775347912525","301.07000732421875","-0.0022866129875183105","0.025617480278015137","0.1492099016904831","Manufacturing","INDUSTRIAL INORGANIC CHEMICALS","1","1","0","POS","2026-04-28T18:16:00Z","2.238888888888889","18.0","War or Peace, the Artificial Intelligence (AI) Chip Industry Just Learned Depending on One Route for 30% of Its Helium Is Risky","Similar to Linde, Air Products benefits from increased demand for on-site helium recovery systems as fabs seek to maximize recycling efficiency during the shortage.","helium shortage;semiconductor supply chain;Strait of Hormuz;Qatar;EUV lithography","False","False","False"
"498","VTRS","-0.362882938678169","0.989065606361829","15.039999961853027","0.030843019485473633","0.11904764175415039","0.263278067111969","Manufacturing","PHARMACEUTICAL PREPARATIONS","0","0","0","NO-NEWS","","","","","","","False","False","False"
"499","VZ","-0.362882938678169","0.9910536779324056","48.11000061035156","0.03730058670043945","-0.026113390922546387","0.2816643714904785","Transportation_Utilities","TELEPHONE COMMUNICATIONS (NO RADIOTELEPHONE)","8","5","2","POS","2026-05-01T18:32:00Z","-0.7722222222222223","18.0","The Death of the Cell Tower: Why the Infrastructure Backbone of the Internet May Already Be Obsolete, According to James Altucher","Specifically criticized in article for throttling firefighters' internet speeds during California wildfires and charging premium rates during emergency response, exemplifying incumbent operator practices threatened by satellite disruption.","satellite internet;cell towers;5G;telecom disruption;infrastructure","False","False","False"
"500","WBD","-0.362882938678169","0.9930417495029821","26.969999313354492","-0.0036941170692443848","-0.012811124324798584","0.08976296335458755","Transportation_Utilities","CABLE & OTHER PAY TELEVISION SERVICES","0","0","0","NO-NEWS","","","","","","","False","False","False"
"501","WAB","-0.362882938678169","0.9950298210735586","264.95001220703125","-0.007900774478912354","0.0434800386428833","0.35265472531318665","Manufacturing","RAILROAD EQUIPMENT","0","0","0","NO-NEWS","","","","","","","False","False","False"
"502","WELL","-0.362882938678169","0.9970178926441352","216.91000366210938","0.03908979892730713","0.0720604658126831","0.2693071961402893","Finance_Insurance_RealEstate","REAL ESTATE INVESTMENT TRUSTS","0","0","0","NO-NEWS","","","","","","","False","False","False"
"503","WEC","-0.362882938678169","0.9990059642147118","117.45999908447266","0.024956345558166504","-0.0010206103324890137","0.1877812296152115","Transportation_Utilities","ELECTRIC & OTHER SERVICES COMBINED","0","0","0","NO-NEWS","","","","","","","False","False","False"
