"rank","instrument","score","pct_rank","close","ret_5d","ret_20d","ann_vol_20d","sector","sic_description","news_count_5d","news_pos_count_5d","news_neg_count_5d","news_sentiment","most_recent_published_utc","pub_lag_days","pub_hour_utc","most_recent_title","most_recent_reasoning","most_recent_keywords","rule_avoid_high_precision","rule_buy_high_precision","rule_buy_legal_veto"
"1","WDC","0.25227493276897983","0.00099601593625498","463.9100036621094","0.06763792037963867","0.373002290725708","0.42756304144859314","Manufacturing","COMPUTER STORAGE DEVICES","3","1","0","POS","2026-05-06T16:33:32Z","0.3100462962962963","16.0","SanDisk Back In The Spotlight As $42B In AI Deals Drive Stock Higher","Included in the group of storage companies benefiting from AI-driven memory demand and long-term structural growth trends.","AI demand;memory storage;long-term supply agreements;gross margins;hyperscaler engagements","False","False","False"
"2","AMD","0.25227493276897983","0.00298804780876494","408.4599914550781","0.15224695205688477","0.7260817289352417","0.930172860622406","Manufacturing","SEMICONDUCTORS & RELATED DEVICES","37","26","2","POS","2026-05-07T18:47:53Z","-0.7832523148148148","18.0","AMD Stock Gets A Racehorse-Sized Bull Call From Jim Cramer","Cramer's Secretariat comparison is a strong bullish endorsement, suggesting AMD could become a dominant leader in the AI chip market. The article highlights CEO execution, strong AI roadmap, and potential to gain market share against Nvidia as growth catalysts.","AI chips;semiconductor;AI infrastructure;market leadership;chip cycle","False","False","False"
"3","APA","0.25227493276897983","0.0049800796812749","36.2400016784668","-0.11023807525634766","-0.07005387544631958","0.5886944532394409","Mining","CRUDE PETROLEUM & NATURAL GAS","0","0","0","NO-NEWS","","","","","","","False","False","False"
"4","SMCI","0.25227493276897983","0.0069721115537848604","33.619998931884766","0.22700726985931396","0.4478898048400879","1.0807325839996338","Manufacturing","ELECTRONIC COMPUTERS","15","6","7","NEG","2026-05-07T17:54:00Z","-0.7458333333333333","17.0","DEADLINE ALERT for ATRA, COTY, SMCI, IBRX: Law Offices of Howard G. Smith Reminds Investors of Opportunity to Lead Securities Fraud Class Actions","Alleged violations of U.S. export control laws through sales to Chinese companies and material weaknesses in compliance controls.","securities fraud;class action lawsuit;false statements;misleading disclosures;investor losses","False","False","False"
"5","STX","0.25227493276897983","0.008964143426294821","766.4400024414062","0.13775897026062012","0.5305230617523193","0.551028847694397","Manufacturing","COMPUTER STORAGE DEVICES","3","2","0","POS","2026-05-06T18:11:00Z","0.2423611111111111","18.0","Super Micro Computer Ignites AI Rally With Strong Sales and Earnings Guidance","Memory-related stock experiencing strength during the AI rally, indicating positive sentiment in the storage and semiconductor sector.","AI rally;Super Micro Computer;earnings guidance;sales growth;operating margins","False","False","False"
"6","ON","0.25227493276897983","0.010956175298804782","100.61000061035156","-0.0019838809967041016","0.46897363662719727","0.6069352030754089","Manufacturing","SEMICONDUCTORS & RELATED DEVICES","5","2","2","NEUTRAL","2026-05-05T15:33:00Z","1.3520833333333333","15.0","onsemi Stock Dips After Earnings: Why the Dip Is Buyable","Strong earnings beat with 4.1% revenue growth (first in 2+ years), exceptional data center growth (30% sequential, 100%+ YoY), margin expansion, better-than-expected guidance with 50 bps sequential improvement, and aggressive share buybacks signaling management confidence. The po","semiconductor;earnings;data center;AI demand;industrial chips","False","False","False"
"7","NCLH","0.25227493276897983","0.012948207171314742","17.219999313354492","-0.052805304527282715","-0.13727456331253052","0.5664376020431519","Transportation_Utilities","WATER TRANSPORTATION","4","0","4","STRONG-NEG","2026-05-07T18:00:00Z","-0.75","18.0","Norwegian Cruise Lines Holdings Ltd. Investigated by the Portnoy Law Firm","The company issued disappointing Q1 2026 financial results with lowered full year EPS guidance, resulting in a sharp 29.32% stock price decline. Additionally, the company is now subject to a securities fraud investigation and potential class action lawsuit, indicating serious con","securities fraud;class action lawsuit;earnings miss;EPS guidance reduction;stock price decline","False","False","True"
"8","CIEN","0.24553624511475355","0.014940239043824702","538.760009765625","0.021191120147705078","0.10542082786560059","0.6433917880058289","Manufacturing","TELEPHONE & TELEGRAPH APPARATUS","0","0","0","NO-NEWS","","","","","","","False","False","False"
"9","BLDR","0.2455250844553394","0.01693227091633466","79.41000366210938","0.004046082496643066","-0.06806707382202148","0.5196682810783386","Retail","RETAIL-LUMBER & OTHER BUILDING MATERIALS DEALERS","0","0","0","NO-NEWS","","","","","","","False","False","False"
"10","COHR","0.24550618083037942","0.018924302788844622","319.19000244140625","-0.001626431941986084","0.12323606014251709","0.6340448260307312","Manufacturing","OPTICAL INSTRUMENTS & LENSES","2","1","0","POS","2026-05-05T15:34:47Z","1.3508449074074074","15.0","These 3 Telecom Stocks Rallied Over 1,000% In A Year: Nvidia Did 75%","Mentioned as part of the optical transceiver cohort but not analyzed for investment merit in the article.","optical components;datacenter buildout;AI infrastructure;hyperscaler capex;analyst ratings","False","False","False"
"11","SNDK","0.24410944063160875","0.02091633466135458","1339.9599609375","0.22202253341674805","0.5735170841217041","0.9124405384063721","Manufacturing","COMPUTER STORAGE DEVICES","8","5","1","POS","2026-05-07T15:32:37Z","-0.6476504629629629","15.0","Why Sandisk Stock Just Dropped","Stock dropped 4.4% following Bernstein's warning about weakening memory demand due to high prices. While current quarter guidance remains solid, analyst concerns about Q1 2027 pricing pressures and reduced customer purchases indicate headwinds ahead despite the stock's 3,756% ann","memory demand;NAND prices;DRAM prices;semiconductor market;price pressure","False","False","False"
"12","DELL","0.2373707529773825","0.022908366533864542","230.27000427246094","0.10203397274017334","0.26898491382598877","0.6470239758491516","Manufacturing","ELECTRONIC COMPUTERS","2","2","0","POS","2026-05-06T11:55:54Z","0.5028472222222222","11.0","TotalEnergies Pens AI Supercomputer Deal With Nvidia & Dell","Dell is securing a significant contract to design and install a €100 million+ supercomputer system, representing a major enterprise infrastructure deal that demonstrates demand for high-performance computing solutions.","AI supercomputer;Pangea 5;high-performance computing;energy transition;seismic imaging","False","False","False"
"13","IP","0.23286509058374016","0.0249003984063745","33.08000183105469","0.08744251728057861","-0.10059809684753418","0.5522704124450684","Manufacturing","PAPER MILLS","0","0","0","NO-NEWS","","","","","","","False","False","False"
"14","MPWR","0.2323829538657425","0.026892430278884463","1575.9599609375","-0.023816823959350586","0.18119335174560547","0.4843086004257202","Manufacturing","SEMICONDUCTORS & RELATED DEVICES","1","1","0","POS","2026-05-05T14:17:00Z","1.4048611111111111","14.0","Monolithic Power Systems: AI Stock Beat, Raised and Upgraded Post-Earnings","Strong Q1 earnings beat (revenue +26% YOY vs. 23% expected, EPS $5.10 vs. $4.90 expected), exceptional Q2 guidance ($900M vs. $817M expected), Enterprise Data segment growing 97.7% YOY, analyst price targets raised 29% on average, and significant exposure to high-growth AI and da","AI chips;power management;semiconductor;data center;earnings beat","False","False","False"
"15","ANET","0.22750998064046793","0.02888446215139442","141.75","-0.17926007509231567","-0.029442012310028076","0.6440334916114807","Manufacturing","COMPUTER COMMUNICATIONS EQUIPMENT","4","1","2","NEG","2026-05-06T17:35:23Z","0.26709490740740743","17.0","S&P 500, Nasdaq 100 Smash Records As AMD Jumps 16% On AI Hype: Stock Market Today","Sold off 15.5% despite beat-and-raise quarter due to management warnings of persistent supply constraints for 1-2 years and capped growth guidance, triggering profit-taking","AI earnings;semiconductor stocks;record highs;oil prices;Iran-U.S. diplomacy","False","False","False"
"16","NXPI","0.22634331503227131","0.030876494023904383","290.2200012207031","-0.011478602886199951","0.4110954999923706","0.9730240702629089","Manufacturing","SEMICONDUCTORS & RELATED DEVICES","2","2","0","POS","2026-05-05T01:15:45Z","1.9473958333333334","1.0","How NXP Semiconductors Stock Soared 49% Last Month","Company beat analyst estimates on revenue ($3.18B vs $3.15B expected) and earnings ($3.05 vs $2.98 expected). Q2 guidance significantly exceeded consensus ($3.45B vs $3.27B). Strong growth in AI data center market, new product launches, and strategic positioning in power/cooling/","NXP Semiconductors;semiconductor earnings;AI data center;stock surge;power and cooling solutions","False","False","False"
"17","MU","0.22634331503227131","0.03286852589641434","646.6300048828125","0.2503480911254883","0.5340797901153564","0.6775575876235962","Manufacturing","SEMICONDUCTORS & RELATED DEVICES","22","17","1","POS","2026-05-07T09:05:00Z","-0.3784722222222222","9.0","AI Stocks Were Just Put to the Test. Here's How They Fared.","As a semiconductor company supporting AI infrastructure, Micron benefits from the strong rebound in AI stocks and continued validation of tech spending on AI infrastructure.","AI stocks;valuation bubble;infrastructure spending;revenue growth;tech earnings","False","False","False"
"18","INTC","0.22069156755901567","0.0348605577689243","109.62000274658203","0.16024553775787354","0.776085615158081","1.066422462463379","Manufacturing","SEMICONDUCTORS & RELATED DEVICES","32","19","3","POS","2026-05-07T13:07:35Z","-0.5469328703703704","13.0","Intel Stock Bubble Warning — More Extreme Than Cisco At Dot‑Com Peak","Stock trading at extreme valuation multiples (108x forward P/E) with 173% deviation from 200-day moving average, exceeding dot-com bubble extremes. Consensus analyst target implies 44% downside despite genuine business turnaround, indicating price has decoupled from fundamentals.","valuation bubble;forward P/E ratio;dot-com comparison;AI foundry;technical analysis","False","False","False"
"19","GLW","0.2057914714233701","0.036852589641434265","182.39999389648438","0.11056983470916748","0.07420492172241211","0.6953372955322266","Manufacturing","DRAWING & INSULATING OF NONFERROUS WIRE","1","1","0","POS","2026-05-07T11:18:00Z","-0.4708333333333333","11.0","Corning Stock Surges on Nvidia’s $500 Million Warrant Investment","Stock surged 12%+ on the announcement, up 25% in 30 days and 110% year-to-date. The $500M warrant investment from Nvidia de-risks massive capital expenditure, secures a major buyer for output, and repositions the company from cyclical materials supplier to essential AI infrastruc","optical fiber;photonics;AI infrastructure;data centers;warrant investment","False","False","False"
"20","BF.B","0.2057914714233701","0.03884462151394422","27.3799991607666","0.06247568130493164","-0.09666776657104492","0.5210253596305847","Manufacturing","BEVERAGES","0","0","0","NO-NEWS","","","","","","","False","False","False"
"21","PWR","0.2057914714233701","0.04083665338645418","750.72998046875","0.031548380851745605","0.2897810935974121","0.6102247834205627","Construction","ELECTRICAL WORK","1","1","0","POS","2026-05-06T20:30:00Z","0.14583333333333334","20.0","The Smartest Energy Stocks to Buy With $1,000 Right Now","Backlog more than doubled from $19.3 billion to $44 billion, expected 17% revenue CAGR and 19% adjusted EBITDA CAGR through 2028, benefits from grid modernization and data center electrification trends, reasonable valuation at 29x forward adjusted EBITDA with significant room for","energy stocks;electrification;power generation;data centers;grid modernization","False","False","False"
"22","VRT","0.20576866875353136","0.04282868525896414","340.010009765625","0.03506958484649658","0.18206787109375","0.5556191205978394","Manufacturing","ELECTRONIC COMPONENTS, NEC","2","1","0","POS","2026-05-07T13:14:00Z","-0.5513888888888889","13.0","Here's Why Vertiv Shares Popped Higher in April","Strong Q1 earnings beat with significant full-year guidance raises (net sales and adjusted operating profit), strategic Nvidia partnership for AI infrastructure, and robust demand outlook position the company for continued growth in the AI data center buildout.","AI data centers;infrastructure;earnings beat;guidance raise;power and cooling solutions","False","False","False"
"23","TER","0.20287316779985756","0.044820717131474105","354.1099853515625","0.030977964401245117","-0.02773129940032959","1.0201442241668701","Manufacturing","INSTRUMENTS FOR MEAS & TESTING OF ELECTRICITY & ELEC SIGNALS","0","0","0","NO-NEWS","","","","","","","False","False","False"
"24","FIX","0.20269392768576852","0.046812749003984064","1942.02001953125","0.05530226230621338","0.23345935344696045","0.43700993061065674","Construction","ELECTRICAL WORK","0","0","0","NO-NEWS","","","","","","","False","False","False"
"25","QCOM","0.20163070822863002","0.04880478087649402","202.5500030517578","0.12790954113006592","0.5855185985565186","0.7752211689949036","Manufacturing","RADIO & TV BROADCASTING & COMMUNICATIONS EQUIPMENT","6","3","1","POS","2026-05-07T13:05:01Z","-0.545150462962963","13.0","Is Harley-Davidson Stock a Buy After Robinson Value Initiated a New Position?","Mentioned as a top holding in Robinson Value Management's portfolio (3.2% of AUM) and as a position held by the article's author and The Motley Fool, but no specific news or analysis about the company is provided in the article.","Harley-Davidson;Robinson Value Management;new position;Q1 earnings;dividend yield","False","False","False"
"26","HUM","0.20163070822863002","0.05079681274900399","247.1199951171875","0.045169949531555176","0.2523818016052246","0.3580748736858368","Finance_Insurance_RealEstate","HOSPITAL & MEDICAL SERVICE PLANS","0","0","0","NO-NEWS","","","","","","","False","False","False"
"27","COIN","0.20163070822863002","0.052788844621513946","192.9600067138672","0.027640223503112793","0.1416400671005249","0.643058717250824","Finance_Insurance_RealEstate","FINANCE SERVICES","8","7","1","POS","2026-05-07T16:16:00Z","-0.6777777777777778","16.0","Coinbase Valuation Depends on Lower Costs as Trading Volumes Fall","Significant workforce reduction (14%), declining trading volumes (30% YoY drop), falling revenue (5% YoY decline to $1.6B), and Bitcoin price collapse (50% from peak) indicate deteriorating business fundamentals. While cost-cutting measures and AI integration are presented as str","Coinbase layoffs;AI automation;trading volumes decline;Bitcoin price drop;cost restructuring","False","False","False"
"28","GEV","0.2016079055587913","0.054780876494023904","1045.6300048828125","-0.03491586446762085","0.08017396926879883","0.6171199679374695","Manufacturing","ELECTRONIC & OTHER ELECTRICAL EQUIPMENT (NO COMPUTER EQUIP)","5","5","0","STRONG-POS","2026-05-07T13:14:00Z","-0.5513888888888889","13.0","Here's Why Vertiv Shares Popped Higher in April","Strengthening demand for gas turbines to power AI data centers demonstrates broad-based growth across the AI infrastructure supply chain.","AI data centers;infrastructure;earnings beat;guidance raise;power and cooling solutions","False","True","False"
"29","JBL","0.2016079055587913","0.05677290836653386","349.6000061035156","0.03588259220123291","0.1930927038192749","0.48990413546562195","Manufacturing","PRINTED CIRCUIT BOARDS","0","0","0","NO-NEWS","","","","","","","False","False","False"
"30","PSKY","0.20084674982467474","0.05876494023904383","10.760000228881836","0.05078125","-0.008294939994812012","0.5045587420463562","Transportation_Utilities","TELEVISION BROADCASTING STATIONS","1","0","1","NEG","2026-05-06T12:18:52Z","0.48689814814814814","12.0","Barry Diller Says He'd Buy CNN 'Tonight' Before It Becomes 'Extinct' Amid Warner Bros-Paramount Deal: 'So Ripe For Innovation...'","As the acquiring entity in the merger with Warner Bros. Discovery, the company faces the same 'savage' integration challenges and cost-cutting pressures that Diller warned about.","CNN acquisition;Barry Diller;media consolidation;Warner Bros. Discovery;Paramount Skydance","False","False","False"
"31","LITE","0.19708088050313996","0.060756972111553786","892.5800170898438","-0.010794401168823242","-0.001733541488647461","0.7702146172523499","Manufacturing","COMMUNICATIONS EQUIPMENT, NEC","2","2","0","POS","2026-05-05T16:05:00Z","1.3298611111111112","16.0","1 Update Amazon CEO Andy Jassy Just Said That Every Artificial Intelligence (AI) Investor Should Hear","AI supply chain company providing essential components; highlighted as beneficiary of hyperscaler infrastructure spending","artificial intelligence;AWS;capital expenditure;cloud computing;AI infrastructure","False","False","False"
"32","ARE","0.19310867488193212","0.06274900398406374","45.58000183105469","0.12515437602996826","0.03614461421966553","0.6242865324020386","Finance_Insurance_RealEstate","REAL ESTATE INVESTMENT TRUSTS","0","0","0","NO-NEWS","","","","","","","False","False","False"
"33","EPAM","0.19212405373638414","0.0647410358565737","104.23999786376953","-0.08384603261947632","-0.15833669900894165","0.34244951605796814","Services","SERVICES-COMPUTER PROGRAMMING SERVICES","0","0","0","NO-NEWS","","","","","","","False","False","False"
"34","CVNA","0.18873207500032482","0.06673306772908366","400.0199890136719","0.010661959648132324","0.22356462478637695","0.49628809094429016","Retail","RETAIL-AUTO DEALERS & GASOLINE STATIONS","2","0","0","NEUTRAL","2026-05-07T10:06:00Z","-0.42083333333333334","10.0","Wall Street's Next Blockbuster Stock Split Has Arrived -- and This Industry Leader Has Soared Over 10,000% in Less Than 4 Years","While Carvana demonstrates impressive growth metrics (49% sales growth, record net income of $1.9B, 10,000%+ stock appreciation), the article balances this with significant concerns: exorbitant valuation multiples (50x 2026 earnings), vulnerability to market corrections, and elev","stock split;Carvana;used-car retailer;profitability;valuation concerns","False","False","False"
"35","POOL","0.18036654943529534","0.06872509960159362","190.44000244140625","-0.10725671052932739","-0.1080511212348938","0.4351620674133301","Wholesale","WHOLESALE-MISC DURABLE GOODS","0","0","0","NO-NEWS","","","","","","","False","False","False"
"36","NUE","0.18029490621577351","0.07071713147410359","226.6999969482422","0.006258606910705566","0.23206520080566406","0.2868800759315491","Manufacturing","STEEL WORKS, BLAST FURNACES & ROLLING MILLS (COKE OVENS)","0","0","0","NO-NEWS","","","","","","","False","False","False"
"37","MCHP","0.16312552155637747","0.07270916334661355","101.58000183105469","0.09331607818603516","0.4262847900390625","0.4908079206943512","Manufacturing","SEMICONDUCTORS & RELATED DEVICES","0","0","0","NO-NEWS","","","","","","","False","False","False"
"38","DLTR","0.1613432526227705","0.07470119521912351","96.76000213623047","-0.0036041736602783203","-0.05692005157470703","0.414180189371109","Retail","RETAIL-VARIETY STORES","0","0","0","NO-NEWS","","","","","","","False","False","False"
"39","EL","0.15879817909254654","0.07669322709163347","85.29000091552734","0.11184990406036377","0.1637331247329712","0.31238552927970886","Manufacturing","PERFUMES, COSMETICS & OTHER TOILET PREPARATIONS","1","0","0","NEUTRAL","2026-05-03T23:00:00Z","3.0416666666666665","23.0","Moisturizing Cream Market Size to Hit USD 24.54 Billion by 2035, Driven by Rising Skincare Awareness and Demand for Natural Products | Research by SNS Insider","Identified as a key market player but no specific recent developments or strategic initiatives mentioned in the article.","moisturizing cream market;skincare awareness;natural products;premium segment;Asia Pacific growth","False","False","False"
"40","IR","0.15697867972022955","0.07868525896414343","77.5","-0.02955174446105957","-0.10950243473052979","0.4093436896800995","Manufacturing","GENERAL INDUSTRIAL MACHINERY & EQUIPMENT","0","0","0","NO-NEWS","","","","","","","False","False","False"
"41","CSGP","0.1542492845768777","0.08067729083665338","34.97999954223633","0.010690569877624512","-0.06270098686218262","0.3810555338859558","Services","SERVICES-BUSINESS SERVICES, NEC","0","0","0","NO-NEWS","","","","","","","False","False","False"
"42","GNRC","0.1528101064024704","0.08266932270916334","266.75","0.029008984565734863","0.2865341901779175","0.6355493664741516","Manufacturing","MOTORS & GENERATORS","1","1","0","POS","2026-05-01T16:25:27Z","5.315659722222223","16.0","Why Generac Stock Powered Higher This Week","Strong Q1 earnings with 12% net sales growth, 28% C&I segment growth, raised full-year guidance to mid-to-high teens growth, benefiting from expanding data center market demand for power solutions, and potential upside from housing market recovery in residential segment.","data center infrastructure;power generation;energy storage;earnings beat;guidance raise","False","False","False"
"43","FCX","0.14864934320773038","0.0846613545816733","60.61000061035156","0.04897892475128174","-0.08788555860519409","0.610689640045166","Mining","METAL MINING","0","0","0","NO-NEWS","","","","","","","False","False","False"
"44","APP","0.14864934320773038","0.08665338645418327","498.8699951171875","0.11766552925109863","0.31579363346099854","0.5581526756286621","Services","SERVICES-COMPUTER PROGRAMMING, DATA PROCESSING, ETC.","1","0","1","NEG","2026-05-04T14:45:07Z","2.385335648148148","14.0","Earnings Volatility Watch: 7 AI-Linked Stocks Are Set For Double-Digit Moves This Week","Worst performer in cohort, down 31.73% YTD due to SEC probe into ad-attribution practices and insider-selling disclosures, despite four consecutive quarterly beats.","earnings volatility;AI infrastructure;implied moves;semiconductor IP;optical networking","False","False","False"
"45","PNR","0.14694759900947296","0.08864541832669323","78.95999908447266","-0.021682560443878174","-0.127128005027771","0.4372110366821289","Manufacturing","SPECIAL INDUSTRY MACHINERY (NO METALWORKING MACHINERY)","2","2","0","POS","2026-05-06T20:21:00Z","0.15208333333333332","20.0","Profit From Water With These Dividend Stocks","Strong performance with 5% revenue growth beating estimates, 9% YoY EPS growth beating consensus, and management guidance of 10% long-term EPS growth driven by organic growth and acquisitions. Positive momentum in water technology and infrastructure markets.","water stocks;dividend stocks;dividend yield;water solutions;essential commodities","False","False","False"
"46","STLD","0.14210123172020286","0.09063745019920319","232.9199981689453","0.018630266189575195","0.22589468955993652","0.33984002470970154","Manufacturing","STEEL WORKS, BLAST FURNACES & ROLLING MILLS (COKE OVENS)","1","1","0","POS","2026-05-07T14:00:00Z","-0.5833333333333334","14.0","Steel Dynamics Announces Second Quarter 2026 Cash Dividend","The company declared a cash dividend of $0.53 per share, demonstrating financial strength and commitment to returning capital to shareholders. Dividend announcements are typically viewed positively as they indicate profitability and management confidence in future cash flows.","dividend announcement;cash dividend;shareholder returns;steel producer;Q2 2026","False","False","False"
"47","HOOD","0.13790343309646508","0.09262948207171315","76.27999877929688","0.04650843143463135","0.08784937858581543","0.8479629158973694","Finance_Insurance_RealEstate","SECURITY BROKERS, DEALERS & FLOTATION COMPANIES","7","1","4","NEG","2026-05-07T19:13:56Z","-0.8013425925925926","19.0","Nancy Pelosi's Databricks Bet Is Up 302% — Now 150,000 Robinhood Investors Want The Same Pre‑IPO Upside","Successfully launched Venture Fund I with over 150,000 retail investor participants, democratizing access to pre-IPO investments. Strong demand indicates successful product expansion and customer engagement.","Databricks;pre-IPO investments;Robinhood Venture Fund;retail investors;private markets","False","False","False"
"48","MAS","0.13753359619770736","0.0946215139442231","71.93000030517578","0.0015316009521484375","0.1341848373413086","0.5105165243148804","Manufacturing","HEATING EQUIP, EXCEPT ELEC & WARM AIR; & PLUMBING FIXTURES","1","0","0","NEUTRAL","2026-05-06T20:21:00Z","0.15208333333333332","20.0","Profit From Water With These Dividend Stocks","Mixed results with positive dividend growth (3.2% increase, 13-year streak) and strong shareholder returns ($832M returned), but offset by declining revenue (-2.2%), lower EPS ($0.82 vs $0.89), margin compression, and full-year EPS decline ($3.96 vs $4.10).","water stocks;dividend stocks;dividend yield;water solutions;essential commodities","False","False","False"
"49","TTD","0.13753359619770736","0.09661354581673307","23.489999771118164","-0.004239082336425781","0.13973796367645264","0.5921854376792908","Services","SERVICES-COMPUTER PROGRAMMING, DATA PROCESSING, ETC.","0","0","0","NO-NEWS","","","","","","","False","False","False"
"50","CLX","0.13731907570726704","0.09860557768924302","92.11000061035156","-0.044898390769958496","-0.14411818981170654","0.4603464603424072","Manufacturing","SPECIALTY CLEANING, POLISHING AND SANITATION PREPARATIONS","0","0","0","NO-NEWS","","","","","","","False","False","False"
"51","ORCL","0.13637066991580699","0.10059760956175298","194.58999633789062","0.20571279525756836","0.4115043878555298","0.6736600399017334","Services","SERVICES-PREPACKAGED SOFTWARE","11","5","2","POS","2026-05-07T13:07:35Z","-0.5469328703703704","13.0","Intel Stock Bubble Warning — More Extreme Than Cisco At Dot‑Com Peak","Mentioned only as market cap comparison point. No sentiment analysis provided.","valuation bubble;forward P/E ratio;dot-com comparison;AI foundry;technical analysis","False","False","False"
"52","AXON","0.1346855498272427","0.10258964143426295","426.8900146484375","0.06254982948303223","0.21506857872009277","0.5421919226646423","Manufacturing","ORDNANCE & ACCESSORIES, (NO VEHICLES/GUIDED MISSILES)","1","0","0","NEUTRAL","2026-05-06T20:49:06Z","0.13256944444444443","20.0","Axon Shares Slip Despite Q1 Results Above Expectations","The company delivered strong financial results with earnings and revenue beats, exceptional growth in AI products (700%+) and Platform Solutions (95%), and raised full-year guidance. However, the stock declined 2.81% in after-hours trading despite these positive results, suggesti","Q1 earnings;revenue beat;AI products growth;Software & Services;fiscal 2026 guidance","False","False","False"
"53","MRNA","0.12997060008696867","0.10458167330677291","48.540000915527344","0.056595563888549805","-0.05343210697174072","0.4577412009239197","Manufacturing","BIOLOGICAL PRODUCTS, (NO DIAGNOSTIC SUBSTANCES)","2","0","1","NEG","2026-05-01T14:44:46Z","5.385578703703704","14.0","Moderna's Legal Hit Steals Spotlight From Strong Sales","Stock declined 2.05% on the day despite strong revenue beat and narrower-than-expected loss, primarily due to a significant $2.22 per share litigation-related charge that overshadowed positive operational results and pipeline progress.","Moderna;Q1 earnings;litigation settlement;revenue beat;COVID-19 vaccine","False","False","False"
"54","NVR","0.1292393702469879","0.10657370517928287","6008.85009765625","-0.0486108660697937","-0.11618310213088989","0.3573214113712311","Construction","OPERATIVE BUILDERS","1","0","1","NEG","2026-05-01T18:34:47Z","5.225844907407407","18.0","Mortgage Rates Just Hit a Four-Week High Thanks to Iran. Are Homebuilder Stocks a Buy on the Dip?","Revenue declined 22% to $1.88 billion, showing significant weakness in homebuilding demand.","mortgage rates;homebuilders;housing market;interest rates;Strait of Hormuz","False","False","False"
"55","BSX","0.12879183744123632","0.10856573705179283","56.56999969482422","-0.01805245876312256","-0.07686030864715576","0.5004091858863831","Manufacturing","SURGICAL & MEDICAL INSTRUMENTS & APPARATUS","1","0","1","NEG","2026-05-03T22:00:00Z","3.0833333333333335","22.0","BSX DEADLINE: ROSEN, GLOBAL INVESTOR COUNSEL, Encourages Boston Scientific Corporation Investors to Secure Counsel Before Important May 4 Deadline in Securities","Company is accused of making materially false and misleading statements about its U.S. Electrophysiology segment's growth sustainability while concealing adverse facts, resulting in investor losses from missed earnings and weak guidance.","securities class action;Boston Scientific;Camping World Holdings;ADMA Biologics;investor lawsuit","False","False","False"
"56","ERIE","0.12615377719248044","0.11055776892430279","216.75","-0.009957492351531982","-0.1574344038963318","0.44499126076698303","Finance_Insurance_RealEstate","INSURANCE AGENTS, BROKERS & SERVICE","0","0","0","NO-NEWS","","","","","","","False","False","False"
"57","WST","0.1260800254313621","0.11254980079681275","322.010009765625","0.08205926418304443","0.24549388885498047","0.5138238072395325","Manufacturing","SURGICAL & MEDICAL INSTRUMENTS & APPARATUS","0","0","0","NO-NEWS","","","","","","","False","False","False"
"58","LUV","0.12251960330181365","0.1145418326693227","41.38999938964844","0.09150850772857666","0.029345989227294922","0.48455381393432617","Transportation_Utilities","AIR TRANSPORTATION, SCHEDULED","3","1","1","NEUTRAL","2026-05-07T10:09:00Z","-0.42291666666666666","10.0","Prediction: These 2 Airline Stocks Will Rebound Before Year's End","Positioned to gain market share from Spirit Airlines' closure, potential for fuel cost relief from geopolitical resolution, and reasonable valuation at 10.7x forward earnings. Stock pullback from mid-$50s to under $40 creates upside potential if confidence improves.","airline stocks;geopolitical conflict;oil prices;premium ticket sales;low-cost carriers","False","False","False"
"59","LYB","0.12030901262551584","0.11653386454183266","71.51000213623047","-0.04142087697982788","-0.010516047477722168","0.5956037044525146","Manufacturing","INDUSTRIAL ORGANIC CHEMICALS","0","0","0","NO-NEWS","","","","","","","False","False","False"
"60","LDOS","0.11256390892803068","0.11852589641434264","131.25999450683594","-0.12035924196243286","-0.15658938884735107","0.358293741941452","Services","SERVICES-COMPUTER INTEGRATED SYSTEMS DESIGN","0","0","0","NO-NEWS","","","","","","","False","False","False"
"61","KEYS","0.10981851140543937","0.1205179282868526","355.05999755859375","0.014718055725097656","0.09946119785308838","0.29160940647125244","Manufacturing","INDUSTRIAL INSTRUMENTS FOR MEASUREMENT, DISPLAY, AND CONTROL","0","0","0","NO-NEWS","","","","","","","False","False","False"
"62","NRG","0.1084411315195199","0.12250996015936255","141.86000061035156","-0.08818614482879639","-0.12313014268875122","0.5167132019996643","Transportation_Utilities","ELECTRIC SERVICES","1","0","1","NEG","2026-05-06T16:46:38Z","0.30094907407407406","16.0","What Hurt NRG's Quarterly Earnings Despite Higher Revenue, Asset Contributions","Adjusted EPS of $1.48 missed analyst estimates of $1.77, adjusted net income and EBITDA declined year-over-year, operating and free cash flow turned negative, and total liquidity decreased significantly. While revenue grew and guidance was reaffirmed, the earnings miss and operat","Q1 earnings;adjusted EPS miss;hedge losses;Texas weather;revenue growth","False","False","False"
"63","NOW","0.10470749861469361","0.12450199203187251","93.58999633789062","0.059789419174194336","0.042088866233825684","0.8948784470558167","Services","SERVICES-PREPACKAGED SOFTWARE","2","2","0","POS","2026-05-07T18:33:22Z","-0.7731712962962963","18.0","Why ServiceNow Shares Are Surging On Thursday?","Strong growth outlook with $30B+ revenue target by 2030 (20% annual growth), robust AI monetization with Now Assist exceeding $750M ACV in Q1 2026 and expected to reach $1.5B+ by year-end, maintained gross margins above 80%, and analyst consensus Buy rating with $139.35 average p","AI growth strategy;subscription revenue;margin expansion;AI monetization;Now Assist product","False","False","False"
"64","FICO","0.102827912807867","0.12649402390438247","1128.3900146484375","0.1008683443069458","0.052259087562561035","0.7310775518417358","Services","SERVICES-BUSINESS SERVICES, NEC","0","0","0","NO-NEWS","","","","","","","False","False","False"
"65","CHTR","0.1027079974067222","0.12848605577689243","160.24000549316406","-0.02984797954559326","-0.28217530250549316","1.08246648311615","Transportation_Utilities","CABLE & OTHER PAY TELEVISION SERVICES","1","0","1","NEG","2026-05-07T17:30:00Z","-0.7291666666666666","17.0","Where Are Comcast and Charter's Internet Customers Going? Here.","Lost 117,000 residential broadband customers last quarter and over 1 million since 2023 peak. Internet service represents ~40% of revenue, making this customer migration particularly damaging. EBITDA declined due to broadband weakness.","broadband internet;fixed wireless access (FWA);5G networks;cord-cutting;customer churn","False","False","False"
"66","KLAC","0.10059433404648625","0.13047808764940239","1763.25","0.0073699951171875","0.020836472511291504","0.44404366612434387","Manufacturing","OPTICAL INSTRUMENTS & LENSES","0","0","0","NO-NEWS","","","","","","","False","False","False"
"67","AVGO","0.09260641386831824","0.13247011952191234","412.55999755859375","-0.011666595935821533","0.16243553161621094","0.39534369111061096","Manufacturing","SEMICONDUCTORS & RELATED DEVICES","29","20","1","POS","2026-05-07T09:05:00Z","-0.3784722222222222","9.0","AI Stocks Were Just Put to the Test. Here's How They Fared.","As a key player in AI infrastructure and chip design, Broadcom benefits from the validation of tech spending and strong AI demand demonstrated by recent earnings reports.","AI stocks;valuation bubble;infrastructure spending;revenue growth;tech earnings","False","False","False"
"68","HII","0.08846427741507559","0.1344621513944223","314.7200012207031","-0.13607293367385864","-0.21977341175079346","0.40702104568481445","Manufacturing","SHIP & BOAT BUILDING & REPAIRING","0","0","0","NO-NEWS","","","","","","","False","False","False"
"69","URI","0.08827326584780432","0.13645418326693226","944.1199951171875","-0.016377747058868408","0.23034822940826416","0.8560681939125061","Services","SERVICES-EQUIPMENT RENTAL & LEASING, NEC","0","0","0","NO-NEWS","","","","","","","False","False","False"
"70","SWK","0.08420066313872897","0.13844621513944222","80.19999694824219","0.0261002779006958","0.09219658374786377","0.5131514668464661","Manufacturing","CUTLERY, HANDTOOLS & GENERAL HARDWARE","0","0","0","NO-NEWS","","","","","","","False","False","False"
"71","LEN","0.083372690736412","0.14043824701195218","87.73999786376953","-0.028349995613098145","-0.013381361961364746","0.386411190032959","Construction","GENERAL BLDG CONTRACTORS - RESIDENTIAL BLDGS","2","1","1","NEUTRAL","2026-05-06T12:32:00Z","0.4777777777777778","12.0","2 Top Dividend Stocks to Double Up on Right Now","Despite current housing market challenges and 14% stock decline, company has proven resilience through past cycles, maintains 2.3% dividend yield (above market average), sustainable 29% payout ratio, and strong long-term demand fundamentals as interest rates eventually decline.","dividend stocks;cyclical companies;Royal Caribbean Cruises;Lennar;dividend yield","False","False","False"
"72","AKAM","0.08275799285855615","0.14243027888446216","116.69000244140625","0.13313257694244385","0.06459271907806396","0.8912630677223206","Services","SERVICES-BUSINESS SERVICES, NEC","0","0","0","NO-NEWS","","","","","","","False","False","False"
"73","COR","0.0807712293655164","0.14442231075697212","255.66000366210938","-0.1699620485305786","-0.2071574330329895","0.6434409022331238","Wholesale","WHOLESALE-DRUGS, PROPRIETARIES & DRUGGISTS' SUNDRIES","0","0","0","NO-NEWS","","","","","","","False","False","False"
"74","PODD","0.07879957769143389","0.14641434262948208","160.39999389648438","-0.06820034980773926","-0.19566744565963745","0.7112460732460022","Manufacturing","SURGICAL & MEDICAL INSTRUMENTS & APPARATUS","0","0","0","NO-NEWS","","","","","","","False","False","False"
"75","LRCX","0.07826945380002331","0.14840637450199204","286.5199890136719","0.11114561557769775","0.10728085041046143","0.5248437523841858","Manufacturing","SPECIAL INDUSTRY MACHINERY, NEC","1","1","0","POS","2026-05-05T12:21:00Z","1.4854166666666666","12.0","Why the VanEck Semiconductor ETF Rallied Over 30% in April","Beat analyst expectations and provided similarly bullish commentary for rest of year and into 2027 as semiconductor equipment supplier benefiting from strong chip demand.","semiconductor ETF;AI demand;earnings reports;agentic AI;chip manufacturing","False","False","False"
"76","UAL","0.07696801729000051","0.150398406374502","99.69999694824219","0.10777771472930908","0.02078425884246826","0.5211867094039917","Transportation_Utilities","AIR TRANSPORTATION, SCHEDULED","3","0","1","NEG","2026-05-04T18:34:57Z","2.2257291666666665","18.0","Spirit Airlines is Going Out of Business. Here's What's Next for Investors.","Slashed profit outlook due to elevated jet fuel costs. Large carriers also reporting significant damage from fuel price spike despite better margins than low-cost carriers.","airline bankruptcy;jet fuel prices;liquidation;creditor hierarchy;Middle East war","False","False","False"
"77","ZTS","0.07175518891923306","0.15239043824701196","87.30999755859375","-0.24058455228805542","-0.2723560333251953","0.7926126718521118","Manufacturing","PHARMACEUTICAL PREPARATIONS","1","0","1","NEG","2026-05-07T16:44:28Z","-0.6975462962962963","16.0","Nasdaq 100 Climbs Records, Oil Extends Drop As Iran Weighs Hormuz Deal: Stock Market Today","Stock sank 22% after missing on both earnings and revenue lines, with management citing challenging market environment.","oil prices;Strait of Hormuz;tech stocks;earnings;record highs","False","False","False"
"78","CNC","0.07150817040263181","0.15438247011952191","54.97999954223633","0.024026870727539062","0.4641810655593872","0.627131998538971","Finance_Insurance_RealEstate","HOSPITAL & MEDICAL SERVICE PLANS","0","0","0","NO-NEWS","","","","","","","False","False","False"
"79","TPL","0.06895454175453963","0.15637450199203187","399.0799865722656","-0.10050266981124878","0.055850982666015625","0.4222774803638458","Finance_Insurance_RealEstate","OIL ROYALTY TRADERS","0","0","0","NO-NEWS","","","","","","","False","False","False"
"80","CTSH","0.06811686727761902","0.15836653386454183","51.939998626708984","-0.018147528171539307","-0.12263518571853638","0.3429388701915741","Services","SERVICES-COMPUTER PROGRAMMING SERVICES","0","0","0","NO-NEWS","","","","","","","False","False","False"
"81","UHS","0.06782452784125276","0.1603585657370518","170.55999755859375","0.013609051704406738","-0.09218651056289673","0.45279619097709656","Services","SERVICES-GENERAL MEDICAL & SURGICAL HOSPITALS, NEC","0","0","0","NO-NEWS","","","","","","","False","False","False"
"82","CF","0.060715197177793334","0.16235059760956175","118.68000030517578","-0.04444444179534912","-0.005863606929779053","0.5711026787757874","Manufacturing","AGRICULTURAL CHEMICALS","0","0","0","NO-NEWS","","","","","","","False","False","False"
"83","CCL","0.05791836422861524","0.1643426294820717","27.0","0.018483638763427734","-0.03052067756652832","0.5430005192756653","Transportation_Utilities","WATER TRANSPORTATION","2","1","1","NEUTRAL","2026-05-05T14:39:00Z","1.3895833333333334","14.0","Norwegian Cruise Line Cuts Outlook as Headwinds Build","Carnival shares are up more than 30% over the past year, significantly outperforming Norwegian and demonstrating resilience in the cruise industry while Norwegian struggles with self-inflicted operational issues.","cruise industry;earnings guidance;cost cutting;macro headwinds;fuel costs","False","False","False"
"84","DG","0.05710845190109187","0.16633466135458166","116.47000122070312","0.005091547966003418","-0.027390360832214355","0.28211674094200134","Retail","RETAIL-VARIETY STORES","0","0","0","NO-NEWS","","","","","","","False","False","False"
"85","Q","0.0518311823650806","0.16832669322709162","143.58999633789062","0.020830273628234863","0.10555887222290039","0.39976710081100464","Manufacturing","SEMICONDUCTORS & RELATED DEVICES","0","0","0","NO-NEWS","","","","","","","False","False","False"
"86","CRWD","0.05046710456646","0.17031872509960158","505.7200012207031","0.13453733921051025","0.28134191036224365","0.4913010001182556","Services","SERVICES-PREPACKAGED SOFTWARE","3","3","0","STRONG-POS","2026-05-06T01:16:47Z","0.9466782407407407","1.0","AI Is Reshaping Cybersecurity Threats: Why Zscaler and CrowdStrike Could Be Long-Term Winners","Identified as a potential long-term winner in the cybersecurity space as AI and quantum technology reshape the cyber threat landscape. Expected to benefit from increased demand for trusted security partners navigating evolving attack surfaces.","AI cybersecurity;quantum threats;cyberattacks;security vendors;long-term opportunity","False","False","False"
"87","DVA","0.04901841780431619","0.17231075697211157","196.25999450683594","0.26505088806152344","0.3024953603744507","0.8679710626602173","Services","SERVICES-MISC HEALTH & ALLIED SERVICES, NEC","1","1","0","POS","2026-05-06T17:35:23Z","0.26709490740740743","17.0","S&P 500, Nasdaq 100 Smash Records As AMD Jumps 16% On AI Hype: Stock Market Today","Jumped 18.4% after reporting Q1 EPS beat and raising full-year EPS guidance","AI earnings;semiconductor stocks;record highs;oil prices;Iran-U.S. diplomacy","False","False","False"
"88","DDOG","0.04901841780431619","0.17430278884462153","188.72999572753906","0.42771756649017334","0.7317855358123779","1.177420735359192","Services","SERVICES-PREPACKAGED SOFTWARE","2","1","0","POS","2026-05-07T16:44:28Z","-0.6975462962962963","16.0","Nasdaq 100 Climbs Records, Oil Extends Drop As Iran Weighs Hormuz Deal: Stock Market Today","Stock jumped 30% after Q1 revenue of $1.006B topped consensus and raised full-year guidance citing AI-related compute demand.","oil prices;Strait of Hormuz;tech stocks;earnings;record highs","False","False","False"
"89","VTRS","0.04901841780431619","0.17629482071713148","17.389999389648438","0.16398930549621582","0.2777369022369385","0.38116228580474854","Manufacturing","PHARMACEUTICAL PREPARATIONS","0","0","0","NO-NEWS","","","","","","","False","False","False"
"90","ULTA","0.04893422472441526","0.17828685258964144","526.530029296875","-0.020372748374938965","-0.01174938678741455","0.29482293128967285","Retail","RETAIL-RETAIL STORES, NEC","1","1","0","POS","2026-05-07T18:44:06Z","-0.780625","18.0","What's Going On With Uber Stock Thursday?","Strategic partnership with Uber Eats to expand beauty and wellness delivery across 1,500+ stores nationwide ahead of Mother's Day represents significant growth opportunity for the company's omnichannel presence and customer reach.","Uber earnings;Q1 revenue;Uber Eats expansion;Ulta Beauty partnership;stock decline","False","False","False"
"91","AOS","0.046833084710782576","0.1802788844621514","60.22999954223633","-0.026034951210021973","-0.10465288162231445","0.32363882660865784","Manufacturing","HOUSEHOLD APPLIANCES","0","0","0","NO-NEWS","","","","","","","False","False","False"
"92","XYZ","0.03588933723568992","0.18227091633466136","70.13999938964844","-0.005247533321380615","0.11883878707885742","0.3516582250595093","Services","SERVICES-PREPACKAGED SOFTWARE","2","2","0","POS","2026-05-07T02:03:00Z","-0.08541666666666667","2.0","PayPal Stock's Bad Year Just Got Even Worse. Is This a Good Time to Buy Shares?","Block's Cash App is encroaching on PayPal's Venmo and payment processing business, indicating market share gains in the competitive digital payments landscape.","PayPal earnings;digital payments;branded checkout;margin compression;competitive pressure","False","False","False"
"93","GIS","0.031431385290152575","0.18426294820717132","35.709999084472656","0.01132822036743164","-0.028299331665039062","0.24478551745414734","Manufacturing","GRAIN MILL PRODUCTS","2","2","0","POS","2026-05-07T12:15:00Z","-0.5104166666666666","12.0","These 3 Dividend Stocks Have Made Investors Rich. They Can Do It Again.","127-year uninterrupted dividend history with 7% yield at 52-week lows. Completing yogurt divestiture transformation, Blue Buffalo pet food remains growth engine. Stock trades at 8.78x earnings, historically rewarding setup for income investors when sentiment is worst.","dividend stocks;consumer goods;margin expansion;cocoa prices;acquisition","False","False","False"
"94","CPB","0.031431385290152575","0.18625498007968128","21.25","0.022125959396362305","0.022125959396362305","0.21380162239074707","Manufacturing","FOOD AND KINDRED PRODUCTS","0","0","0","NO-NEWS","","","","","","","False","False","False"
"95","CAG","0.03100075235656745","0.18824701195219123","14.359999656677246","0.0006967782974243164","-0.07652735710144043","0.2986108362674713","Manufacturing","FOOD AND KINDRED PRODUCTS","0","0","0","NO-NEWS","","","","","","","False","False","False"
"96","TSCO","0.027062333957204823","0.1902390438247012","31.739999771118164","-0.09572649002075195","-0.3045573830604553","0.45802485942840576","Retail","RETAIL-BUILDING MATERIALS, HARDWARE, GARDEN SUPPLY","0","0","0","NO-NEWS","","","","","","","False","False","False"
"97","FTNT","0.02242377085509033","0.19223107569721115","107.97000122070312","0.28063106536865234","0.3385816812515259","0.7922412157058716","Manufacturing","COMPUTER PERIPHERAL EQUIPMENT, NEC","3","3","0","STRONG-POS","2026-05-07T16:44:28Z","-0.6975462962962963","16.0","Nasdaq 100 Climbs Records, Oil Extends Drop As Iran Weighs Hormuz Deal: Stock Market Today","Stock jumped 23% after Q1 EPS beat and company raised full-year revenue guidance.","oil prices;Strait of Hormuz;tech stocks;earnings;record highs","False","False","False"
"98","SYK","0.019707126906209516","0.1942231075697211","294.2300109863281","-0.06632179021835327","-0.13242322206497192","0.3096655309200287","Manufacturing","SURGICAL & MEDICAL INSTRUMENTS & APPARATUS","2","1","0","POS","2026-05-07T12:00:00Z","-0.5","12.0","Stryker declares an $0.88 per share quarterly dividend","The company demonstrated positive momentum with a 4.8% dividend increase, indicating confidence in future cash flows and shareholder value creation. Additionally, Q1 2026 net sales grew 2.6%, showing solid business performance and market demand for its medical technology products","dividend increase;quarterly earnings;medical technology;net sales growth;shareholder returns","False","False","False"
"99","SW","0.018568958304772565","0.19621513944223107","41.630001068115234","0.0843970775604248","-0.012102484703063965","0.42465290427207947","Manufacturing","PAPERBOARD CONTAINERS & BOXES","0","0","0","NO-NEWS","","","","","","","False","False","False"
"100","MCK","0.010936691116884195","0.19820717131474103","754.760009765625","-0.07414132356643677","-0.13586664199829102","0.2793083190917969","Wholesale","WHOLESALE-DRUGS, PROPRIETARIES & DRUGGISTS' SUNDRIES","1","1","0","POS","2026-05-06T17:00:00Z","0.2916666666666667","17.0","Global Healthcare Analytics Market is Predicted to Cross the USD 380 Billion Mark by 2034 | DelveInsight","Listed as a key player in the rapidly growing healthcare analytics market","healthcare analytics;electronic health records;artificial intelligence;machine learning;value-based care","False","False","False"
"101","EXPE","0.010852992233426235","0.20019920318725098","252.7899932861328","0.017796039581298828","0.09784591197967529","0.4540445804595947","Transportation_Utilities","TRANSPORTATION SERVICES","2","2","0","POS","2026-05-07T19:03:00Z","-0.79375","19.0","Uber’s Annual Product Showcase Reveals It Is Coming for Airbnb and Booking","Expedia benefits from a strategic partnership with Uber that integrates Uber rides into the Expedia app and brings Expedia's lodging inventory to Uber's user base, expanding reach and creating a seamless travel experience for customers.","travel expansion;hotel booking;short-term rentals;Expedia partnership;Uber One membership","False","False","False"
"102","PANW","0.009491068598683264","0.20219123505976094","196.52999877929688","0.09597361087799072","0.1768968105316162","0.47979646921157837","Manufacturing","COMPUTER PERIPHERAL EQUIPMENT, NEC","1","1","0","POS","2026-05-01T07:39:00Z","5.68125","7.0","Healthcare Cybersecurity Market: $97.79 Billion by 2031 with Cloud Security Segment Expanding at 18.58% CAGR, Reports Mordor Intelligence","Listed among major competitors in the expanding healthcare cybersecurity market, with strong demand for cloud security solutions and zero-trust frameworks driving market growth.","healthcare cybersecurity;cloud security;ransomware attacks;electronic health records;zero-trust security","False","False","False"
"103","MOS","0.008609962544404813","0.20418326693227093","22.90999984741211","-0.015470564365386963","-0.09339141845703125","0.2767360806465149","Manufacturing","AGRICULTURAL CHEMICALS","0","0","0","NO-NEWS","","","","","","","False","False","False"
"104","ACN","0.007394001074611386","0.2061752988047809","180.19000244140625","0.008281588554382324","-0.03139275312423706","0.4247155487537384","Services","SERVICES-BUSINESS SERVICES, NEC","1","0","0","NEUTRAL","2026-05-04T14:49:00Z","2.3826388888888888","14.0","U.S. Transportation Leaders Convene in Los Angeles at the 2026 WTS International Annual Conference","Accenture is mentioned as a thought leader providing professional development sessions at the conference, representing standard corporate participation without specific business impact details.","WTS International;transportation;women in transportation;annual conference;leadership","False","False","False"
"105","LULU","0.007182670510215153","0.20816733067729085","133.58999633789062","-0.02984750270843506","-0.19770586490631104","0.5498392581939697","Manufacturing","APPAREL & OTHER FINISHD PRODS OF FABRICS & SIMILAR MATL","0","0","0","NO-NEWS","","","","","","","False","False","False"
"106","GOOGL","0.002564207484973352","0.2101593625498008","397.989990234375","0.03427755832672119","0.24961543083190918","0.393069326877594","Services","SERVICES-COMPUTER PROGRAMMING, DATA PROCESSING, ETC.","70","40","3","POS","2026-05-07T17:00:00Z","-0.7083333333333334","17.0","Questex’s StreamTV Show 2026 Unveils Its Most Powerful Market Floor Yet - Fueled by Industry Giants with Expansive, Immersive Market Floor Experiences","Listed as a leading technology powerhouse anchoring the market floor with a commanding 20x20+ booth activation, indicating significant investment and industry prominence.","streaming industry;market floor;immersive experiences;CTV advertising;streaming ecosystem","False","False","False"
"107","COO","0.002282640793168482","0.21215139442231076","61.11000061035156","-0.0284578800201416","-0.14483624696731567","0.21893242001533508","Manufacturing","OPHTHALMIC GOODS","0","0","0","NO-NEWS","","","","","","","False","False","False"
"108","HPE","0.0022469553922794833","0.21414342629482072","29.700000762939453","0.0323253870010376","0.19613373279571533","0.36938756704330444","Manufacturing","COMPUTER & OFFICE EQUIPMENT","1","1","0","POS","2026-05-05T08:00:00Z","1.6666666666666667","8.0","SPEC Releases the SPEC CPU 2026 Benchmark Suites to Address the Latest Advances in CPU, Memory, and Compiler Technology","Listed as a SPEC CPU committee member; updated benchmarks support their enterprise server and datacenter solutions","CPU benchmarks;performance evaluation;SPEC CPU 2026;processor architecture;compiler technology","False","False","False"
"109","GOOG","0.0004663136609730379","0.21613545816733068","395.29998779296875","0.03497922420501709","0.24948632717132568","0.39651328325271606","Services","SERVICES-COMPUTER PROGRAMMING, DATA PROCESSING, ETC.","70","40","3","POS","2026-05-07T17:00:00Z","-0.7083333333333334","17.0","Questex’s StreamTV Show 2026 Unveils Its Most Powerful Market Floor Yet - Fueled by Industry Giants with Expansive, Immersive Market Floor Experiences","Listed as a leading technology powerhouse anchoring the market floor with a commanding 20x20+ booth activation, indicating significant investment and industry prominence.","streaming industry;market floor;immersive experiences;CTV advertising;streaming ecosystem","False","False","False"
"110","DOC","0.00013255978725291474","0.21812749003984064","19.65999984741211","0.21583175659179688","0.17795085906982422","0.6873560547828674","Finance_Insurance_RealEstate","REAL ESTATE INVESTMENT TRUSTS","0","0","0","NO-NEWS","","","","","","","False","False","False"
"111","GEHC","-0.0001644429167729066","0.2201195219123506","61.34000015258789","0.00821828842163086","-0.15868884325027466","0.5252536535263062","Manufacturing","X-RAY APPARATUS & TUBES & RELATED IRRADIATION APPARATUS","2","1","1","NEUTRAL","2026-05-06T17:00:00Z","0.2916666666666667","17.0","Global Healthcare Analytics Market is Predicted to Cross the USD 380 Billion Mark by 2034 | DelveInsight","Key player in healthcare analytics market benefiting from digital health transformation and AI adoption","healthcare analytics;electronic health records;artificial intelligence;machine learning;value-based care","False","False","False"
"112","MPC","-0.002262564208708886","0.22211155378486055","242.25999450683594","-0.024286091327667236","0.08384037017822266","0.4091183841228485","Manufacturing","PETROLEUM REFINING","0","0","0","NO-NEWS","","","","","","","False","False","False"
"113","NEM","-0.0033818295815029814","0.2241035856573705","113.48999786376953","0.021604061126708984","-0.04638266563415527","0.5906974077224731","Mining","GOLD AND SILVER ORES","2","2","0","POS","2026-05-07T14:09:00Z","-0.5895833333333333","14.0","Greenland Mines Just Reported PdEq Grades Up 45-55% in MetalPrice Sensitivity Work at One of the World's Largest Undeveloped Pd-Au-Pt Deposits","Reported record Q1 2026 quarterly free cash flow of $3.1 billion with realized gold price of ~$4,900/oz, confirming the high-price gold environment already embedded in Greenland Mines' sensitivity analysis. Strong operational performance and increased share repurchase authorizati","palladium;gold;platinum;precious metals;mineral resources","False","False","False"
"114","PPG","-0.0036578811394604787","0.22609561752988047","108.93000030517578","0.003963112831115723","-0.007019102573394775","0.39243292808532715","Manufacturing","PAINTS, VARNISHES, LACQUERS, ENAMELS & ALLIED PRODS","0","0","0","NO-NEWS","","","","","","","False","False","False"
"115","TXN","-0.004930603757489007","0.22808764940239043","285.239990234375","0.014800071716308594","0.32682108879089355","0.7390156984329224","Manufacturing","SEMICONDUCTORS & RELATED DEVICES","3","2","0","POS","2026-05-07T02:30:00Z","-0.10416666666666667","2.0","This Wall Street Analyst Has a Simple Method for Finding the Next Chip Stock Winners. Will It Pay Off?","Mentioned as part of the basket of chip stocks that have yet to fully surge and could prove to be winners over the next year or two.","semiconductor stocks;chip stocks;Edge AI;AI boom;laggard stocks","False","False","False"
"116","APTV","-0.01062156149523141","0.2300796812749004","57.11000061035156","-0.052273452281951904","-0.05006653070449829","0.3943510055541992","Manufacturing","MOTOR VEHICLE PARTS & ACCESSORIES","0","0","0","NO-NEWS","","","","","","","False","False","False"
"117","BAX","-0.01393151110608016","0.23207171314741035","17.489999771118164","-0.005119442939758301","0.010982632637023926","0.4094891846179962","Manufacturing","SURGICAL & MEDICAL INSTRUMENTS & APPARATUS","1","0","1","NEG","2026-05-07T08:14:00Z","-0.34305555555555556","8.0","Becton Dickinson at 13x Earnings: MedTech’s Most Mispriced Compounder","Only peer trading at comparable 13x multiple to BD, but carries negative GAAP profitability and is undergoing restructuring, making it a lower-quality comparison point that highlights BD's superior quality profile.","medical devices;valuation discount;margin expansion;GLP-1 drug delivery;corporate spin-off","False","False","False"
"118","NOC","-0.016212216850443658","0.2340637450199203","552.27001953125","-0.04695582389831543","-0.20026934146881104","0.29140153527259827","Manufacturing","SEARCH, DETECTION, NAVIGATION, GUIDANCE, AERONAUTICAL SYS","1","0","0","NEUTRAL","2026-05-05T19:22:30Z","1.1927083333333333","19.0","Michael Burry Targets Palantir's Valuation (Again) As Stock Drops After Earnings","Used as a valuation comparison point; represents established defense contractor with decades of Pentagon relationships and industrial footprint","valuation criticism;earnings drop;AI software;defense contractors;market capitalization","False","False","False"
"119","HWM","-0.018257500379251397","0.2360557768924303","272.5400085449219","0.12137925624847412","0.07273876667022705","0.4174760580062866","Manufacturing","ROLLING DRAWING & EXTRUDING OF NONFERROUS METALS","0","0","0","NO-NEWS","","","","","","","False","False","False"
"120","MKC","-0.02130267038338187","0.23804780876494025","47.900001525878906","-0.057828426361083984","-0.06881797313690186","0.3006974160671234","Manufacturing","MISCELLANEOUS FOOD PREPARATIONS & KINDRED PRODUCTS","1","0","1","NEG","2026-05-05T18:53:00Z","1.2131944444444445","18.0","Halper Sadeh LLC is Investigating Whether MKC, LEG, OGN, KW are Obtaining Fair Deals for their Shareholders","Under investigation for potential breach of fiduciary duties in merger with Unilever Foods; shareholders will own only 35% of combined entity, suggesting potentially unfavorable terms","shareholder investigation;merger;acquisition;fiduciary duty;securities law","False","False","False"
"121","BR","-0.021854922638921716","0.2400398406374502","152.88999938964844","-0.007078826427459717","-0.012274682521820068","0.28944554924964905","Services","SERVICES-BUSINESS SERVICES, NEC","0","0","0","NO-NEWS","","","","","","","False","False","False"
"122","ABT","-0.023902579140877574","0.24203187250996017","87.01000213623047","-0.04163450002670288","-0.152940034866333","0.30322349071502686","Manufacturing","PHARMACEUTICAL PREPARATIONS","2","0","0","NEUTRAL","2026-05-07T08:14:00Z","-0.34305555555555556","8.0","Becton Dickinson at 13x Earnings: MedTech’s Most Mispriced Compounder","Used as peer comparison for quality profile and valuation multiples. Noted as having similar investment-grade credit quality to BD, with GAAP/adjusted EPS gap (38%) cited as industry standard practice in medtech sector.","medical devices;valuation discount;margin expansion;GLP-1 drug delivery;corporate spin-off","False","False","False"
"123","TECH","-0.026165223235502647","0.24402390438247012","50.90999984741211","-0.07971799373626709","-0.0838581919670105","0.8770148754119873","Manufacturing","BIOLOGICAL PRODUCTS, (NO DIAGNOSTIC SUBSTANCES)","1","0","1","NEG","2026-05-06T17:35:23Z","0.26709490740740743","17.0","S&P 500, Nasdaq 100 Smash Records As AMD Jumps 16% On AI Hype: Stock Market Today","Slid 13.9% after Q1 revenue missed consensus by 3.7% and EPS fell below estimates with year-over-year sales decline","AI earnings;semiconductor stocks;record highs;oil prices;Iran-U.S. diplomacy","False","False","False"
"124","WAT","-0.02816157360551378","0.24601593625498008","350.489990234375","0.13342809677124023","0.10338425636291504","0.6485760807991028","Manufacturing","LABORATORY ANALYTICAL INSTRUMENTS","1","0","0","NEUTRAL","2026-05-07T08:14:00Z","-0.34305555555555556","8.0","Becton Dickinson at 13x Earnings: MedTech’s Most Mispriced Compounder","Received BD's Biosciences and Diagnostic Solutions business through spin-off completed February 9, 2026. Mentioned as recipient of high-margin business segment but no specific performance data or outlook provided in article.","medical devices;valuation discount;margin expansion;GLP-1 drug delivery;corporate spin-off","False","False","False"
"125","ZBRA","-0.029517451647742884","0.24800796812749004","228.6199951171875","0.010430455207824707","0.024880051612854004","0.2890857756137848","Manufacturing","GENERAL INDUSTRIAL MACHINERY & EQUIPMENT","0","0","0","NO-NEWS","","","","","","","False","False","False"
"126","LMT","-0.033758648869420635","0.25","512.4099731445312","-0.010734200477600098","-0.1786590814590454","0.25370681285858154","Manufacturing","GUIDED MISSILES & SPACE VEHICLES & PARTS","6","2","0","POS","2026-05-07T14:40:00Z","-0.6111111111111112","14.0","The Hormuz Defense Hedge: Cashing In on Chaos","Mixed near-term performance with Q1 EPS miss ($6.44 vs. $6.79 consensus), negative free cash flow, and margin compression in Aeronautics division. However, Missiles and Fire Control segment posted robust 8% YoY growth. Lower forward P/E of 17 suggests analyst expectations for ear","defense contractors;Strait of Hormuz;Project Freedom;arms sales;missile defense systems","False","False","False"
"127","BEN","-0.03484638759674365","0.25199203187250996","30.520000457763672","0.01835167407989502","0.218849778175354","0.34634271264076233","Finance_Insurance_RealEstate","INVESTMENT ADVICE","0","0","0","NO-NEWS","","","","","","","False","False","False"
"128","INTU","-0.036681788705062106","0.2539840637450199","406.7799987792969","0.047052741050720215","0.1246647834777832","0.5033175945281982","Services","SERVICES-PREPACKAGED SOFTWARE","1","0","0","NEUTRAL","2026-05-07T13:22:41Z","-0.5574189814814815","13.0","Financial Advisor Exits Position in Industrial Stock, According to Latest SEC Filing","Listed as a top holding of Aurora Investment Counsel ($3.30 million, 1.8% of AUM) with no specific news or sentiment drivers in the article.","SEC filing;position exit;Gorman-Rupp;industrial stock;AI data centers","False","False","False"
"129","NKE","-0.036733224037766146","0.2559760956175299","44.40999984741211","0.0011271238327026367","0.009318232536315918","0.26506415009498596","Manufacturing","RUBBER & PLASTICS FOOTWEAR","2","0","2","STRONG-NEG","2026-05-06T11:15:00Z","0.53125","11.0","Nike Is Down 32% This Year and Under Investigation by the EEOC. Is NKE a Buy, Sell, or Hold?","Stock down 32% YTD and 76% from 2021 highs; revenue declining with net margins compressed from 12.8% to 4.8%; China sales down 10% for seven consecutive quarters; facing EEOC investigation, poor PR campaigns, and significant layoffs; analyst recommends avoiding the stock despite ","Nike stock decline;EEOC investigation;China market weakness;profit margin compression;layoffs","False","False","False"
"130","VLO","-0.039991540882860985","0.25796812749003983","236.35000610351562","-0.06425684690475464","0.0053168535232543945","0.4703342914581299","Manufacturing","PETROLEUM REFINING","0","0","0","NO-NEWS","","","","","","","False","False","False"
"131","AMCR","-0.040178930574515964","0.2599601593625498","39.91999816894531","0.04942154884338379","-0.04406130313873291","0.37766358256340027","Manufacturing","MISCELLANEOUS MANUFACTURING INDUSTRIES","0","0","0","NO-NEWS","","","","","","","False","False","False"
"132","BDX","-0.040717945474901436","0.26195219123505975","153.25999450683594","0.028314590454101562","-0.01415163278579712","0.30642464756965637","Manufacturing","SURGICAL & MEDICAL INSTRUMENTS & APPARATUS","2","2","0","POS","2026-05-07T18:29:52Z","-0.7707407407407407","18.0","Becton Dickinson Hikes Profit Outlook, Names CFO","Strong Q2 earnings beat on both revenue ($4.71B vs. $4.67B consensus) and EPS ($2.90 vs. $2.77 consensus), raised full-year EPS guidance above consensus estimates, completed $2B share buyback, and CEO noted 90%+ of business achieved mid-single-digit growth, driving 5.9% stock pri","Becton Dickinson;earnings;revenue growth;EPS guidance;share buyback","False","False","False"
"133","OXY","-0.04124936077797405","0.2639442231075697","53.939998626708984","-0.10960716009140015","-0.07842135429382324","0.47069764137268066","Mining","CRUDE PETROLEUM & NATURAL GAS","4","3","0","STRONG-POS","2026-05-06T18:32:00Z","0.22777777777777777","18.0","Occidental Petroleum: Buy, Sell, or Hold?","Stock has rebounded 45% in 2026 with strong catalysts including the OxyChem sale generating $9.7B, significant debt paydown, improved operational efficiency, and elevated crude oil prices well above break-even. Fair valuation metrics and strong projected free cash flow of ~$7B su","oil and gas;stock rebound;OxyChem sale;debt reduction;crude oil prices","False","False","False"
"134","EBAY","-0.04272434220507587","0.26593625498007967","106.41999816894531","0.028411269187927246","0.11341285705566406","0.41199788451194763","Services","SERVICES-BUSINESS SERVICES, NEC","11","5","1","POS","2026-05-07T09:03:00Z","-0.3770833333333333","9.0","Does GameStop's Proposed Acquisition of eBay Make Sense for Its Stock?","eBay shareholders would receive a $125/share offer (premium to current price), and the operational synergies with GameStop's collectibles business and physical store network are legitimate. However, the combined entity's financial health is questionable due to excessive leverage.","acquisition;GameStop;eBay;collectibles;leverage","False","False","False"
"135","AMZN","-0.04451133117926987","0.2679282868525896","271.1700134277344","0.02305150032043457","0.16058218479156494","0.21979735791683197","Retail","RETAIL-CATALOG & MAIL-ORDER HOUSES","74","38","6","POS","2026-05-07T17:00:00Z","-0.7083333333333334","17.0","Questex’s StreamTV Show 2026 Unveils Its Most Powerful Market Floor Yet - Fueled by Industry Giants with Expansive, Immersive Market Floor Experiences","Listed among major sponsors and partners, indicating active participation in the streaming industry's key networking and business event.","streaming industry;market floor;immersive experiences;CTV advertising;streaming ecosystem","False","False","False"
"136","UNH","-0.044689563666306005","0.2699203187250996","369.739990234375","-0.0019974708557128906","0.2047179937362671","0.30631718039512634","Finance_Insurance_RealEstate","HOSPITAL & MEDICAL SERVICE PLANS","3","2","0","POS","2026-05-06T17:00:00Z","0.2916666666666667","17.0","Global Healthcare Analytics Market is Predicted to Cross the USD 380 Billion Mark by 2034 | DelveInsight","Major healthcare analytics company that expanded its analytics suite in May 2025 with enhanced revenue cycle modules","healthcare analytics;electronic health records;artificial intelligence;machine learning;value-based care","False","False","False"
"137","TEL","-0.04598765879918117","0.27191235059760954","210.05999755859375","-0.007559299468994141","-0.08122295141220093","0.4754543602466583","Wholesale","WHOLESALE-ELECTRONIC PARTS & EQUIPMENT, NEC","0","0","0","NO-NEWS","","","","","","","False","False","False"
"138","ROK","-0.04677943429043936","0.2739043824701195","448.54998779296875","0.09694063663482666","0.1358572244644165","0.4450340270996094","Manufacturing","MEASURING & CONTROLLING DEVICES, NEC","1","1","0","POS","2026-05-05T14:11:54Z","1.4084027777777777","14.0","Rockwell Automation Surge On Strong Demand, Boosts Outlook","Company exceeded analyst expectations with strong Q2 results, raised full-year EPS and sales guidance significantly above estimates, demonstrated margin expansion across all segments, and benefited from robust demand in key growth areas including warehouse automation and data cen","earnings;guidance raise;warehouse automation;data center demand;semiconductor","False","False","False"
"139","RVTY","-0.04696215511525718","0.27589641434262946","98.8499984741211","0.14119136333465576","0.09274816513061523","0.5768154859542847","Manufacturing","LABORATORY ANALYTICAL INSTRUMENTS","0","0","0","NO-NEWS","","","","","","","False","False","False"
"140","IRM","-0.05304905688949464","0.2778884462151394","126.80999755859375","0.006508469581604004","0.16671264171600342","0.4591643512248993","Finance_Insurance_RealEstate","REAL ESTATE INVESTMENT TRUSTS","0","0","0","NO-NEWS","","","","","","","False","False","False"
"141","HCA","-0.05428409020993725","0.2798804780876494","429.0199890136719","-0.012498617172241211","-0.1541237235069275","0.3746624290943146","Services","SERVICES-GENERAL MEDICAL & SURGICAL HOSPITALS, NEC","1","0","0","NEUTRAL","2026-05-04T14:59:00Z","2.3756944444444446","14.0","Awareness is Key: 3 Steps to Help Recognize Stroke Signs and Risks for Better Outcomes","HCA Healthcare is mentioned only as the employer of Dr. Adrian Jaquin-Valdivia, a stroke neurologist providing expert commentary. The mention is purely informational with no direct business implications or performance-related content.","stroke prevention;B.E. F.A.S.T.;warning signs;brain health;blood pressure management","False","False","False"
"142","HSY","-0.05432628270327023","0.2818725099601594","187.05999755859375","0.007106661796569824","-0.11278694868087769","0.2534809112548828","Manufacturing","SUGAR & CONFECTIONERY PRODUCTS","1","1","0","POS","2026-05-07T12:15:00Z","-0.5104166666666666","12.0","These 3 Dividend Stocks Have Made Investors Rich. They Can Do It Again.","Cocoa prices down 74% from peak, enabling significant margin recovery (33.7% to 39.4% in Q1 2026). Q1 earnings beat consensus by 14.9% with operating profit up 73.5%. Dividend yield elevated to 3.19%, not seen in years. Main risk is volume recovery timing.","dividend stocks;consumer goods;margin expansion;cocoa prices;acquisition","False","False","False"
"143","CDNS","-0.05434213988563688","0.28386454183266935","356.8999938964844","0.08286046981811523","0.2700614929199219","0.521573543548584","Services","SERVICES-PREPACKAGED SOFTWARE","0","0","0","NO-NEWS","","","","","","","False","False","False"
"144","GPC","-0.05606381507317256","0.2858565737051793","105.25","-0.018465042114257812","-0.03049004077911377","0.28690454363822937","Wholesale","WHOLESALE-MOTOR VEHICLE SUPPLIES & NEW PARTS","0","0","0","NO-NEWS","","","","","","","False","False","False"
"145","SJM","-0.05687594874963902","0.28784860557768926","99.44000244140625","0.014383435249328613","0.07537579536437988","0.23088568449020386","Manufacturing","CANNED, FRUITS, VEG, PRESERVES, JAMS & JELLIES","0","0","0","NO-NEWS","","","","","","","False","False","False"
"146","NFLX","-0.05703211980139717","0.2898406374501992","88.25","-0.05725884437561035","-0.13522785902023315","0.41992250084877014","Services","SERVICES-VIDEO TAPE RENTAL","4","1","0","POS","2026-05-07T07:00:00Z","-0.2916666666666667","7.0","Ashley Graham to Spotlight the Power of Authentic Partnerships as a Keynote Speaker at Licensing Expo 2026","Listed among brands represented at the expo with over 5,000 brands on the show floor, indicating industry participation without specific strategic announcements.","licensing;brand partnerships;authenticity;talent collaboration;entrepreneurship","False","False","False"
"147","DOW","-0.05731983623834912","0.2918326693227092","37.31999969482422","-0.07829099893569946","-0.018927454948425293","0.5718165040016174","Manufacturing","PLASTIC MATERIALS, SYNTH RESINS & NONVULCAN ELASTOMERS","0","0","0","NO-NEWS","","","","","","","False","False","False"
"148","VRSK","-0.059754511617202355","0.29382470119521914","174.69000244140625","-0.05311942100524902","0.031167030334472656","0.41057291626930237","Services","SERVICES-COMPUTER PROCESSING & DATA PREPARATION","0","0","0","NO-NEWS","","","","","","","False","False","False"
"149","GEN","-0.06212667705718368","0.2958167330677291","20.190000534057617","0.046656250953674316","0.0990746021270752","0.39223188161849976","Services","SERVICES-PREPACKAGED SOFTWARE","0","0","0","NO-NEWS","","","","","","","False","False","False"
"150","ALLE","-0.06459711217348889","0.29780876494023906","136.80999755859375","-0.004873394966125488","-0.06480276584625244","0.35228636860847473","Services","SERVICES-DETECTIVE, GUARD & ARMORED CAR SERVICES","0","0","0","NO-NEWS","","","","","","","False","False","False"
"151","ELV","-0.0657720281107089","0.299800796812749","372.9200134277344","-0.009298145771026611","0.1768864393234253","0.31198030710220337","Finance_Insurance_RealEstate","HOSPITAL & MEDICAL SERVICE PLANS","0","0","0","NO-NEWS","","","","","","","False","False","False"
"152","ARES","-0.06600057727347745","0.301792828685259","123.1500015258789","0.04897785186767578","0.17509543895721436","0.5192863345146179","Finance_Insurance_RealEstate","INVESTMENT ADVICE","0","0","0","NO-NEWS","","","","","","","False","False","False"
"153","SYY","-0.06634952810563315","0.30378486055776893","72.87999725341797","-0.02449476718902588","-0.02813708782196045","0.23680658638477325","Wholesale","WHOLESALE-GROCERIES & RELATED PRODUCTS","0","0","0","NO-NEWS","","","","","","","False","False","False"
"154","STT","-0.07378327588133674","0.3057768924302789","148.77999877929688","-0.026563704013824463","0.07430136203765869","0.24914567172527313","Finance_Insurance_RealEstate","STATE COMMERCIAL BANKS","0","0","0","NO-NEWS","","","","","","","False","False","False"
"155","ADI","-0.07482033961722769","0.30776892430278885","408.5199890136719","0.015562057495117188","0.1626821756362915","0.36857810616493225","Manufacturing","SEMICONDUCTORS & RELATED DEVICES","1","0","0","NEUTRAL","2026-05-05T12:42:00Z","1.4708333333333334","12.0","Nvidia’s China Connection: Investor Risks With Earnings Ahead","Mentioned as part of broad-based semiconductor supercycle in Q1-Q2 2026, but lacks specific analysis or outlook.","Nvidia earnings;China restrictions;GPU market share;gray market;export controls","False","False","False"
"156","PTC","-0.07586126209794626","0.3097609561752988","147.64999389648438","0.08327209949493408","0.06078016757965088","0.3722856342792511","Services","SERVICES-PREPACKAGED SOFTWARE","0","0","0","NO-NEWS","","","","","","","False","False","False"
"157","MDT","-0.080152224174747","0.31175298804780877","77.95999908447266","-0.0371742844581604","-0.11318397521972656","0.2274657040834427","Manufacturing","ELECTROMEDICAL & ELECTROTHERAPEUTIC APPARATUS","3","1","0","POS","2026-05-07T08:14:00Z","-0.34305555555555556","8.0","Becton Dickinson at 13x Earnings: MedTech’s Most Mispriced Compounder","Referenced as medtech peer for valuation and accounting practice comparison, with GAAP/adjusted EPS gap of 52% cited as standard in sector. No specific performance commentary provided.","medical devices;valuation discount;margin expansion;GLP-1 drug delivery;corporate spin-off","False","False","False"
"158","CDW","-0.08132828474619397","0.3137450199203187","110.19999694824219","-0.19509172439575195","-0.13057202100753784","0.8120002150535583","Retail","RETAIL-CATALOG & MAIL-ORDER HOUSES","2","0","2","STRONG-NEG","2026-05-06T19:29:09Z","0.1880902777777778","19.0","CDW Stock Sinks To 52-Week Low - Here's Why","Stock declined 19.98% to a 52-week low despite beating revenue expectations. EPS missed analyst estimates, gross and operating margins contracted, and management provided cautious guidance for H2 2026 citing macroeconomic uncertainty, geopolitical risks, and potential demand norm","CDW earnings;Q1 2026 results;margin compression;AI infrastructure;IT solutions","False","False","False"
"159","IBKR","-0.08319252860623554","0.3157370517928287","83.70999908447266","0.0529559850692749","0.16377031803131104","0.3865378499031067","Finance_Insurance_RealEstate","SECURITY BROKERS, DEALERS & FLOTATION COMPANIES","3","1","0","POS","2026-05-06T17:16:32Z","0.2801851851851852","17.0","Why This Fund Sold $4.7 Million in Bread Financial Amid a Staggering Stock Surge","Mentioned as Brooktree's top holding at $18.26 million (14.5% of AUM) with no specific news or performance commentary provided in the article.","Bread Financial Holdings;stock sale;portfolio management;earnings growth;credit metrics","False","False","False"
"160","RMD","-0.08340255580775933","0.31772908366533864","206.88999938964844","-0.03236520290374756","-0.09250807762145996","0.24906255304813385","Manufacturing","SURGICAL & MEDICAL INSTRUMENTS & APPARATUS","1","1","0","POS","2026-05-05T17:04:00Z","1.288888888888889","17.0","9 Stocks That Could Defy the ’Sell in May and Go Away’ Trend This Time","Q3 fiscal 2026 results exceeded expectations with EPS of $2.86 vs $2.79 estimate, 10.8% YoY revenue growth, expanded gross margins to 62.2%, and Royal Bank of Canada raised price target to $321 with outperform rating","sell in May;earnings season;stock market;healthcare stocks;valuation","False","False","False"
"161","CAT","-0.0853600470258518","0.3197211155378486","895.6900024414062","0.006268858909606934","0.13800549507141113","0.4538831114768982","Manufacturing","CONSTRUCTION MACHINERY & EQUIP","5","4","1","POS","2026-05-05T18:20:58Z","1.235439814814815","18.0","S&P 500 and Dow Jones Climb; Intel's 14% Surge Steals the Show","Advanced 2.8% as the Dow's largest percentage gainer, benefiting from bullish earnings reports and strong year-to-date performance.","semiconductor stocks;Intel partnership;Apple chip manufacturing;supply chain diversification;AI spending","False","False","False"
"162","SNPS","-0.08598578040760096","0.32171314741035856","505.19000244140625","0.04680895805358887","0.24762916564941406","0.5063448548316956","Services","SERVICES-PREPACKAGED SOFTWARE","0","0","0","NO-NEWS","","","","","","","False","False","False"
"163","IQV","-0.0866029480149318","0.3237051792828685","178.63999938964844","0.1279914379119873","0.05716657638549805","0.5357200503349304","Services","SERVICES-COMMERCIAL PHYSICAL & BIOLOGICAL RESEARCH","1","1","0","POS","2026-05-07T14:06:00Z","-0.5875","14.0","8 Stocks Yet to Join the Rally With Upside Potential of Up to 85%","Despite falling 28.6% YTD, company reported strong Q1 2026 results with EPS of $2.90 (above $2.83 expectations) and raised full-year guidance. Stock trades 25-85% below fair value with analyst target of $229.60 vs current $157, suggesting significant upside.","market rally;undervalued stocks;US-Iran peace deal;tech earnings;semiconductor stocks","False","False","False"
"164","BRO","-0.09174544182842038","0.3256972111553785","58.04999923706055","-0.03491276502609253","-0.13525992631912231","0.3562525808811188","Finance_Insurance_RealEstate","INSURANCE AGENTS, BROKERS & SERVICE","0","0","0","NO-NEWS","","","","","","","False","False","False"
"165","IFF","-0.09261537244681502","0.32768924302788843","78.26000213623047","0.1148148775100708","0.07014906406402588","0.720457136631012","Manufacturing","INDUSTRIAL ORGANIC CHEMICALS","2","2","0","POS","2026-05-06T17:35:23Z","0.26709490740740743","17.0","S&P 500, Nasdaq 100 Smash Records As AMD Jumps 16% On AI Hype: Stock Market Today","Rallied 15.1% on Q1 EPS and EBITDA beat with revenue topping consensus despite year-over-year sales decline","AI earnings;semiconductor stocks;record highs;oil prices;Iran-U.S. diplomacy","False","False","False"
"166","APO","-0.09841366038743919","0.3296812749003984","127.79000091552734","-0.007224977016448975","0.19452226161956787","0.4125843346118927","Finance_Insurance_RealEstate","INVESTMENT ADVICE","3","1","1","NEUTRAL","2026-05-06T14:45:02Z","0.3853935185185185","14.0","Siris Completes Acquisition of TAKKION","Apollo successfully divested its majority stake in TAKKION to Siris, representing a liquidity event and portfolio optimization, but the article does not indicate material impact on Apollo's core business or strategic direction.","acquisition;private equity;renewable energy;TAKKION;Siris","False","False","False"
"167","EME","-0.10101604530171801","0.33167330677290835","924.0599975585938","0.03632509708404541","0.15449774265289307","0.370193749666214","Construction","ELECTRICAL WORK","0","0","0","NO-NEWS","","","","","","","False","False","False"
"168","SBAC","-0.10211738324945906","0.3336653386454183","218.6199951171875","-0.011663675308227539","0.0007323026657104492","0.2966011166572571","Finance_Insurance_RealEstate","REAL ESTATE INVESTMENT TRUSTS","0","0","0","NO-NEWS","","","","","","","False","False","False"
"169","SWKS","-0.10366463581296569","0.33565737051792827","65.04000091552734","-0.07310813665390015","0.14992928504943848","0.6529581546783447","Manufacturing","SEMICONDUCTORS & RELATED DEVICES","1","1","0","POS","2026-05-07T02:30:00Z","-0.10416666666666667","2.0","This Wall Street Analyst Has a Simple Method for Finding the Next Chip Stock Winners. Will It Pay Off?","One of only two semiconductor stocks with gains under 25% in the last year; positioned to benefit from Edge AI growth in smartphones despite recent flat revenue growth.","semiconductor stocks;chip stocks;Edge AI;AI boom;laggard stocks","False","False","False"
"170","NVDA","-0.10547629731664479","0.3376494023904382","211.5","0.059778451919555664","0.15001904964447021","0.40115678310394287","Manufacturing","SEMICONDUCTORS & RELATED DEVICES","103","44","6","POS","2026-05-07T19:22:08Z","-0.807037037037037","19.0","Elon Musk May Have Found SpaceX's Next Cash Machine","NVIDIA benefits from increased demand for its GPUs as SpaceX scales its Colossus cluster (220,000 GPUs) and rents capacity to AI companies, driving hardware sales and establishing NVIDIA as critical infrastructure for the AI compute rental market.","SpaceX;AI infrastructure;GPU capacity;Colossus supercomputer;xAI","False","False","False"
"171","CRL","-0.10742269183960462","0.3396414342629482","181.67999267578125","0.08809959888458252","0.034918785095214844","0.5234792232513428","Services","SERVICES-COMMERCIAL PHYSICAL & BIOLOGICAL RESEARCH","1","1","0","POS","2026-05-04T17:00:00Z","2.2916666666666665","17.0","Global Plasmid DNA Manufacturing Market Anticipates Impressive Growth Trajectory at a CAGR of ~18% by 2034 | DelveInsight","Identified as a leading plasmid DNA manufacturing company with subsidiary Cobra Biologics also mentioned, positioning the company to benefit from market growth.","plasmid DNA manufacturing;gene therapy;DNA vaccines;CAR-T cell therapy;mRNA vaccine production","False","False","False"
"172","CMI","-0.10781881660529516","0.34163346613545814","682.8800048828125","0.01768970489501953","0.1176614761352539","0.40712419152259827","Manufacturing","ENGINES & TURBINES","1","1","0","POS","2026-05-04T10:30:00Z","2.5625","10.0","Clean Energy Broadens RNG Footprint With New Stations Positioned on Key Freight Corridors","Cummins' X15N 15-liter natural gas engine is highlighted as a 'gamechanger' that enables long-haul and heavy-duty fleets to operate on RNG. The engine's availability from multiple OEMs and its role in supporting Clean Energy's expansion indicates positive market traction and grow","renewable natural gas;RNG stations;heavy-duty trucks;freight corridors;emissions reduction","False","False","False"
"173","RCL","-0.11799089540675461","0.3436254980079681","280.8699951171875","0.06486952304840088","0.018050551414489746","0.5607762336730957","Transportation_Utilities","WATER TRANSPORTATION","4","3","1","POS","2026-05-06T12:32:00Z","0.4777777777777778","12.0","2 Top Dividend Stocks to Double Up on Right Now","Strong Q1 revenue growth of 11% year-over-year despite economic headwinds, recent 50% dividend increase to $1.50/share, 2.3% dividend yield (double S&P 500), sustainable 26% payout ratio, and expected recovery as economic conditions improve.","dividend stocks;cyclical companies;Royal Caribbean Cruises;Lennar;dividend yield","False","False","False"
"174","TAP","-0.1206034390452989","0.3456175298804781","43.130001068115234","0.00912487506866455","-0.03469109535217285","0.2511155307292938","Manufacturing","MALT BEVERAGES","1","0","0","NEUTRAL","2026-05-07T14:10:00Z","-0.5902777777777778","14.0","Anheuser-Busch Stock Jumps as Volume Growth Signals Turnaround","Mentioned as a primary competitor that also reported similar positive volume growth trends in recent earnings, suggesting broader market recovery in the beer industry. However, no specific financial details or performance metrics provided, limiting sentiment assessment.","earnings beat;volume growth;premium beer;portfolio diversification;consumer discretionary","False","False","False"
"175","LOW","-0.1206034390452989","0.34760956175298807","230.8800048828125","-0.03312528133392334","-0.0683184266090393","0.32661670446395874","Retail","RETAIL-LUMBER & OTHER BUILDING MATERIALS DEALERS","0","0","0","NO-NEWS","","","","","","","False","False","False"
"176","PHM","-0.1213185548794252","0.34960159362549803","116.81999969482422","-0.0452762246131897","-0.04426085948944092","0.3673274517059326","Construction","OPERATIVE BUILDERS","2","1","1","NEUTRAL","2026-05-04T18:06:00Z","2.245833333333333","18.0","Netflix, Pulte, and Mobileye Are Buying Their Own Dips—Should You?","Pulte increased buyback authorization by $1.5 billion to $2.1 billion total (9% of market cap) and increased quarterly buyback spending 15% to second-highest ever, demonstrating confidence despite sales falling 12% YOY. Analyst consensus indicates over 20% upside.","share buybacks;stock repurchase;management confidence;depressed valuations;consumer discretionary","False","False","False"
"177","CBOE","-0.12150179199557246","0.351593625498008","338.6499938964844","0.1284947395324707","0.14866697788238525","0.40773096680641174","Finance_Insurance_RealEstate","SECURITY & COMMODITY BROKERS, DEALERS, EXCHANGES & SERVICES","0","0","0","NO-NEWS","","","","","","","False","False","False"
"178","UPS","-0.12235903309419802","0.35358565737051795","100.0999984741211","-0.07996326684951782","-0.015151500701904297","0.4621368944644928","Transportation_Utilities","TRUCKING & COURIER SERVICES (NO AIR)","9","2","7","NEG","2026-05-07T15:33:52Z","-0.6485185185185185","15.0","Here's Why UPS Stock Is Rising and Falling in 2026","UPS faces near-term margin pressure from reducing Amazon volume (11.8% of revenue), transitional costs (~$150M in Q1), broader package volume declines beyond Amazon, and rising fuel/transportation costs. While management expects second-half recovery, significant headwinds and com","UPS stock;Amazon deliveries;package volume decline;margin pressure;logistics competition","False","False","False"
"179","FDS","-0.12345022278590743","0.3555776892430279","223.97999572753906","-0.015818655490875244","0.04898834228515625","0.4757005572319031","Services","SERVICES-COMPUTER PROGRAMMING, DATA PROCESSING, ETC.","0","0","0","NO-NEWS","","","","","","","False","False","False"
"180","VRSN","-0.13449779985061244","0.35756972111553786","278.4700012207031","0.0365145206451416","0.031828999519348145","0.3055456280708313","Services","SERVICES-COMPUTER PROGRAMMING SERVICES","0","0","0","NO-NEWS","","","","","","","False","False","False"
"181","ALGN","-0.1365701485892159","0.3595617529880478","168.38999938964844","-0.04329293966293335","-0.03518021106719971","0.38788819313049316","Manufacturing","ORTHOPEDIC, PROSTHETIC & SURGICAL APPLIANCES & SUPPLIES","0","0","0","NO-NEWS","","","","","","","False","False","False"
"182","OTIS","-0.14048194475203718","0.3615537848605578","77.47000122070312","-0.005264461040496826","-0.04652303457260132","0.21828259527683258","Manufacturing","ELECTRONIC & OTHER ELECTRICAL EQUIPMENT (NO COMPUTER EQUIP)","1","0","0","NEUTRAL","2026-05-07T08:16:00Z","-0.34444444444444444","8.0","Vertiv: The Backlog is Massive, the Margin of Safety is Not","Mentioned as peer with significantly lower valuation (19.1x forward P/E) but operates in different market segment.","data center infrastructure;AI buildout;liquid cooling;power management;backlog conversion","False","False","False"
"183","IT","-0.14134694205947743","0.36354581673306774","157.77999877929688","0.06256306171417236","0.06593704223632812","0.44195491075515747","Services","SERVICES-MANAGEMENT SERVICES","3","0","2","STRONG-NEG","2026-05-07T18:52:00Z","-0.7861111111111111","18.0","ALIGHT DEADLINE: ROSEN, SKILLED INVESTOR COUNSEL, Encourages Alight, Inc. Investors to Secure Counsel Before Important May 15 Deadline in Securities Class Actio","Company is subject to securities class action lawsuit, though specific allegations are not detailed in the provided excerpt. The inclusion in litigation suggests investor concerns about company conduct or disclosures.","securities class action;lead plaintiff deadline;false statements;financial misrepresentation;investor compensation","False","False","False"
"184","GWW","-0.14370459170500308","0.3655378486055777","1234.0999755859375","0.06264257431030273","0.052797675132751465","0.28421828150749207","Wholesale","WHOLESALE-DURABLE GOODS","0","0","0","NO-NEWS","","","","","","","False","False","False"
"185","ALB","-0.14431727549658943","0.36752988047808766","198.35000610351562","0.008388400077819824","0.15085577964782715","0.8244869709014893","Manufacturing","PLASTIC MATERIALS, SYNTH RESINS & NONVULCAN ELASTOMERS","1","1","0","POS","2026-05-05T20:15:00Z","1.15625","20.0","Albemarle Announces Quarterly Common Stock Dividend","The announcement of a quarterly dividend demonstrates financial strength and confidence in future cash flows. The company is returning capital to shareholders, which is typically viewed positively by investors and indicates stable operational performance and profitability.","dividend;quarterly;Albemarle;lithium;bromine","False","False","False"
"186","F","-0.1483839702956279","0.3695219123505976","12.180000305175781","0.008278131484985352","-0.0049019455909729","0.32616621255874634","Manufacturing","MOTOR VEHICLES & PASSENGER CAR BODIES","4","1","2","NEG","2026-05-06T14:35:00Z","0.3923611111111111","14.0","Welcome to Shareholder Meeting Month: AI, Oil, and Consumer Are in the Spotlight","Down 13% YTD, badly lagging S&P 500; faces headwinds from EV strategy scrutiny, rising aluminum costs, and elevated gas prices impacting consumer demand.","shareholder meetings;AGM;consumer spending;AI strategy;energy prices","False","False","False"
"187","DASH","-0.15408769098520414","0.3715139442231076","171.35000610351562","0.01600956916809082","0.1087026596069336","0.5322409868240356","Services","SERVICES-BUSINESS SERVICES, NEC","2","1","0","POS","2026-05-07T16:44:28Z","-0.6975462962962963","16.0","Nasdaq 100 Climbs Records, Oil Extends Drop As Iran Weighs Hormuz Deal: Stock Market Today","Stock popped 12% on Q1 EPS beat and bullish Q2 marketplace GOV guidance.","oil prices;Strait of Hormuz;tech stocks;earnings;record highs","False","False","False"
"188","DXCM","-0.15725995493934433","0.37350597609561753","60.90999984741211","0.02283799648284912","-0.07262486219406128","0.3640109598636627","Manufacturing","SURGICAL & MEDICAL INSTRUMENTS & APPARATUS","2","2","0","POS","2026-05-05T17:04:00Z","1.288888888888889","17.0","9 Stocks That Could Defy the ’Sell in May and Go Away’ Trend This Time","Strong Q1 2026 results with EPS beating estimates ($0.56 vs $0.47), 15% YoY revenue growth, raised operating margin outlook, and stock trading below average analyst price target of $86.88 with 30%+ upside potential","sell in May;earnings season;stock market;healthcare stocks;valuation","False","False","False"
"189","BKR","-0.16217096329738626","0.3754980079681275","63.529998779296875","-0.08812975883483887","0.0017344951629638672","0.40687933564186096","Manufacturing","OIL & GAS FIELD MACHINERY & EQUIPMENT","2","1","0","POS","2026-05-04T11:03:36Z","2.5391666666666666","11.0","What's Going On With Equinor Stock Monday?","Awarded drilling and well service contracts by Equinor as part of the $1.4 billion contract extension, providing revenue opportunity and business continuity.","Equinor;energy sector;drilling contracts;well services;Norwegian continental shelf","False","False","False"
"190","AVY","-0.16394901182648308","0.37749003984063745","165.52999877929688","0.009760260581970215","-0.04763823747634888","0.24427422881126404","Manufacturing","CONVERTED PAPER & PAPERBOARD PRODS (NO CONTANERS/BOXES)","0","0","0","NO-NEWS","","","","","","","False","False","False"
"191","CASY","-0.1648435615922343","0.3794820717131474","850.9500122070312","0.03503012657165527","0.12150084972381592","0.28250983357429504","Retail","RETAIL-AUTO DEALERS & GASOLINE STATIONS","0","0","0","NO-NEWS","","","","","","","False","False","False"
"192","VST","-0.16573646645506981","0.38147410358565736","153.9499969482422","-0.024645209312438965","0.007856011390686035","0.41410666704177856","Transportation_Utilities","ELECTRIC SERVICES","1","1","0","POS","2026-05-06T20:30:00Z","0.14583333333333334","20.0","The Smartest Energy Stocks to Buy With $1,000 Right Now","Strong growth trajectory with 14% revenue CAGR expected through 2028, EPS expected to grow nearly sixfold, attractive valuation at 14x forward earnings, 7 consecutive years of dividend increases, and secured major 20-year deal with Meta for data center power supply.","energy stocks;electrification;power generation;data centers;grid modernization","False","False","False"
"193","TRMB","-0.16573646645506981","0.3834661354581673","61.849998474121094","-0.08125370740890503","-0.05457043647766113","0.35361847281455994","Manufacturing","MEASURING & CONTROLLING DEVICES, NEC","4","4","0","STRONG-POS","2026-05-07T01:16:00Z","-0.05277777777777778","1.0","ENR FutureTech 2026 Wraps Three-Day Conference With Record Attendance and Sold-Out Sponsor Floor","Named as Diamond Sponsor of the event, indicating strong market presence and investment in the AEC technology sector","construction technology;autonomous equipment;AI and predictive analytics;reality capture;labor shortage","False","False","False"
"194","ETN","-0.16656876041174054","0.3854581673306773","399.1499938964844","-0.07819682359695435","-0.003221452236175537","0.3712715804576874","Manufacturing","MISC INDUSTRIAL & COMMERCIAL MACHINERY & EQUIPMENT","4","2","0","POS","2026-05-07T08:16:00Z","-0.34444444444444444","8.0","Vertiv: The Backlog is Massive, the Margin of Safety is Not","Competitor in power management benefiting from same data center cycle but growing 2.6x slower than Vertiv with lower valuation (30.5x forward P/E).","data center infrastructure;AI buildout;liquid cooling;power management;backlog conversion","False","False","False"
"195","CHRW","-0.1703526403653053","0.38745019920318724","171.3699951171875","-0.05742257833480835","0.006874203681945801","0.5300989747047424","Transportation_Utilities","ARRANGEMENT OF TRANSPORTATION OF FREIGHT & CARGO","2","0","2","STRONG-NEG","2026-05-05T17:45:58Z","1.2597453703703703","17.0","Amazon's Next Gold Mine Is Worth $1.3 Trillion: Transport Stocks Begin Paying For It","As the largest U.S. truck broker relying on freight matching and capacity arbitrage, C.H. Robinson faces automation risk from Amazon's platform automating these exact functions.","Amazon Supply Chain Services;third-party logistics;3PL market;transportation sector;last-mile delivery","False","False","False"
"196","HRL","-0.17237330650890303","0.3894422310756972","20.75","-0.033535122871398926","-0.017983853816986084","0.23737534880638123","Manufacturing","MEAT PACKING PLANTS","0","0","0","NO-NEWS","","","","","","","False","False","False"
"197","FSLR","-0.17367705260801725","0.39143426294820716","214.57000732421875","0.06280648708343506","0.08780741691589355","0.42736560106277466","Manufacturing","SEMICONDUCTORS & RELATED DEVICES","0","0","0","NO-NEWS","","","","","","","False","False","False"
"198","FFIV","-0.17585504532803514","0.3934262948207171","345.0199890136719","0.06520533561706543","0.17118704319000244","0.3947547376155853","Manufacturing","COMPUTER COMMUNICATIONS EQUIPMENT","0","0","0","NO-NEWS","","","","","","","False","False","False"
"199","AMAT","-0.1762189215532613","0.3954183266932271","410.6400146484375","0.04093897342681885","0.032251596450805664","0.4330681264400482","Manufacturing","SEMICONDUCTORS & RELATED DEVICES","3","3","0","STRONG-POS","2026-05-04T17:33:00Z","2.26875","17.0","Warren Buffett: 3 Investment Metrics to Distinguish Value From Hype","Trading at $389 with EPS yield of 4.97%, showing a positive spread of 67 basis points over Treasury yield. Demonstrates actual returns that justify investment risk, meeting Buffett's valuation criteria.","Warren Buffett;valuation metrics;EPS yield;free cash flow yield;AI stocks","False","False","False"
"200","ODFL","-0.17878690781009682","0.39741035856573703","198.05999755859375","-0.06764578819274902","-0.05460619926452637","0.4347453713417053","Transportation_Utilities","TRUCKING (NO LOCAL)","0","0","0","NO-NEWS","","","","","","","False","False","False"
"201","WTW","-0.17891182651406545","0.399402390438247","258.07000732421875","0.007298946380615234","-0.10348773002624512","0.4808586537837982","Finance_Insurance_RealEstate","INSURANCE AGENTS, BROKERS & SERVICE","2","0","1","NEG","2026-05-06T08:00:00Z","0.6666666666666666","8.0","Specialty insurance rates soften at faster than expected pace, retreating to 2020 pricing levels, WTW survey finds","WTW is the survey publisher providing market analysis data. The article presents factual market findings showing rate declines across specialty insurance, which is neither inherently positive nor negative for WTW as a data provider and advisory firm. The softening rates may impac","specialty insurance;rate softening;insurance marketplace;premium pricing;property insurance","False","False","False"
"202","DVN","-0.17925001670785973","0.40139442231075695","45.310001373291016","-0.11796766519546509","-0.053675830364227295","0.45952746272087097","Mining","CRUDE PETROLEUM & NATURAL GAS","2","2","0","POS","2026-05-07T12:30:00Z","-0.5208333333333334","12.0","Devon Energy and Coterra Energy Complete Merger","The merger completion is presented as transformative and strategically beneficial, creating a premier operator with scale, inventory depth, financial strength, and $1 billion in identified synergies. Leadership expresses confidence in delivering resilient free cash flow and share","merger completion;all-stock merger;Delaware Basin;shale operator;synergies","False","False","False"
"203","RL","-0.17968061500763077","0.4033864541832669","353.54998779296875","-0.014192581176757812","-0.08202219009399414","0.33568498492240906","Manufacturing","MEN'S & BOYS' FURNISHGS, WORK CLOTHG, & ALLIED GARMENTS","0","0","0","NO-NEWS","","","","","","","False","False","False"
"204","DPZ","-0.18610353539917313","0.40537848605577687","332.5299987792969","-0.02029937505722046","-0.10921508073806763","0.38790467381477356","Wholesale","WHOLESALE-GROCERIES & RELATED PRODUCTS","2","0","2","STRONG-NEG","2026-05-06T11:27:00Z","0.5229166666666667","11.0","Domino's Pizza Stock Fell After Reporting Disappointing Sales. Should Investors Buy the Dip?","Company missed Q1 2026 earnings expectations on revenue ($1.1B vs. expected higher) and EPS ($4.13 vs. $4.26 expected). Same-store sales growth significantly underperformed (0.9% U.S. vs. 2.6% expected; 0.4% international vs. 0.7% expected). Management cited COVID-level low consu","earnings miss;same-store sales;consumer sentiment;stock buyback;inflation impact","False","False","False"
"205","META","-0.18611746175444455","0.4073705179282869","616.8099975585938","0.00800776481628418","-0.01842808723449707","0.4052661657333374","Services","SERVICES-COMPUTER PROGRAMMING, DATA PROCESSING, ETC.","46","13","13","NEUTRAL","2026-05-07T16:16:00Z","-0.6777777777777778","16.0","Coinbase Valuation Depends on Lower Costs as Trading Volumes Fall","Mentioned only as a comparable example of AI-driven workforce reductions in the tech industry, with no specific performance data or direct relevance to the article's main narrative.","Coinbase layoffs;AI automation;trading volumes decline;Bitcoin price drop;cost restructuring","False","False","False"
"206","GRMN","-0.18822047693895655","0.40936254980079684","241.89999389648438","-0.03679227828979492","-0.05703037977218628","0.2836607098579407","Manufacturing","SEARCH, DETECTION, NAVIGATION, GUIDANCE, AERONAUTICAL SYS","0","0","0","NO-NEWS","","","","","","","False","False","False"
"207","CTAS","-0.1888410848632145","0.4113545816733068","170.0399932861328","-0.026730060577392578","-0.023600339889526367","0.1745365560054779","Manufacturing","MEN'S & BOYS' FURNISHGS, WORK CLOTHG, & ALLIED GARMENTS","0","0","0","NO-NEWS","","","","","","","False","False","False"
"208","ADM","-0.18941141959557167","0.41334661354581675","77.52999877929688","0.04011261463165283","0.10206115245819092","0.3009193539619446","Manufacturing","FATS & OILS","0","0","0","NO-NEWS","","","","","","","False","False","False"
"209","CARR","-0.19040588562555438","0.4153386454183267","67.22000122070312","0.0007444620132446289","0.093719482421875","0.5708239674568176","Manufacturing","AIR-COND & WARM AIR HEATG EQUIP & COMM & INDL REFRIG EQUIP","1","1","0","POS","2026-05-06T14:31:38Z","0.39469907407407406","14.0","You Just Missed The SanDisk And Micron Memory Trade: These 10 Stocks Could Ride The Next AI Wave","CEO reported meaningful 2027 orders for data center cooling with capacity available; global data center orders rose 500% YoY; backlog covers full 2026 sales target of $1.5B","liquid cooling;AI infrastructure;thermal management;data centers;AI factories","False","False","False"
"210","TPR","-0.19079128378742816","0.41733067729083667","130.52000427246094","-0.10011023283004761","-0.14480406045913696","0.5420152544975281","Manufacturing","LEATHER & LEATHER PRODUCTS","0","0","0","NO-NEWS","","","","","","","False","False","False"
"211","CEG","-0.19166119875380963","0.41932270916334663","311.2799987792969","-0.005495190620422363","0.11072254180908203","0.4857853055000305","Transportation_Utilities","ELECTRIC SERVICES","0","0","0","NO-NEWS","","","","","","","False","False","False"
"212","EMR","-0.1916664557546857","0.4213147410358566","141.08999633789062","0.004628300666809082","-0.02474600076675415","0.4138961136341095","Manufacturing","ELECTRONIC & OTHER ELECTRICAL EQUIPMENT (NO COMPUTER EQUIP)","1","0","0","NEUTRAL","2026-05-01T14:00:00Z","5.416666666666667","14.0","Leak Detection Market Size to Hit USD 8.53 Billion by 2035 | SNS Insider","Listed as a leading market player but no specific recent developments or market activities mentioned in the article.","leak detection;pipeline infrastructure;regulatory compliance;market growth;handheld detectors","False","False","False"
"213","PSX","-0.19452127479765124","0.42330677290836655","168.30999755859375","-0.06050795316696167","0.04494929313659668","0.3745279312133789","Manufacturing","PETROLEUM REFINING","0","0","0","NO-NEWS","","","","","","","False","False","False"
"214","WDAY","-0.19725759940437293","0.4252988047808765","130.8800048828125","0.06928110122680664","0.1576155424118042","0.6173112988471985","Services","SERVICES-COMPUTER PROCESSING & DATA PREPARATION","0","0","0","NO-NEWS","","","","","","","False","False","False"
"215","TSLA","-0.19743810926459832","0.42729083665338646","411.7900085449219","0.07902944087982178","0.19145309925079346","0.3926788866519928","Manufacturing","MOTOR VEHICLES & PASSENGER CAR BODIES","24","8","4","POS","2026-05-07T16:44:28Z","-0.6975462962962963","16.0","Nasdaq 100 Climbs Records, Oil Extends Drop As Iran Weighs Hormuz Deal: Stock Market Today","Stock climbed 2.9% as part of Magnificent Seven strength driving market to records.","oil prices;Strait of Hormuz;tech stocks;earnings;record highs","False","False","False"
"216","BKNG","-0.19938303632493543","0.4292828685258964","171.27999877929688","0.017343759536743164","-0.03012460470199585","0.3802200257778168","Transportation_Utilities","TRANSPORTATION SERVICES","3","2","1","POS","2026-05-07T19:03:00Z","-0.79375","19.0","Uber’s Annual Product Showcase Reveals It Is Coming for Airbnb and Booking","Uber is directly targeting Booking Holdings' core business by offering hotel and lodging reservations through its app, creating new competition in the online travel booking service market.","travel expansion;hotel booking;short-term rentals;Expedia partnership;Uber One membership","False","False","False"
"217","TT","-0.19993803337637833","0.4312749003984064","469.80999755859375","-0.04614853858947754","0.021081924438476562","0.2728685736656189","Manufacturing","AUTO CONTROLS FOR REGULATING RESIDENTIAL & COMML ENVIRONMENTS","2","1","0","POS","2026-05-07T08:16:00Z","-0.34444444444444444","8.0","Vertiv: The Backlog is Massive, the Margin of Safety is Not","Peer company in thermal infrastructure with lower valuation multiple (32.1x forward P/E) and slower growth compared to Vertiv.","data center infrastructure;AI buildout;liquid cooling;power management;backlog conversion","False","False","False"
"218","LII","-0.2004100658646876","0.43326693227091634","526.6099853515625","-0.015479862689971924","0.07761728763580322","0.4312213063240051","Manufacturing","AIR-COND & WARM AIR HEATG EQUIP & COMM & INDL REFRIG EQUIP","0","0","0","NO-NEWS","","","","","","","False","False","False"
"219","DHI","-0.20111952877433198","0.4352589641434263","145.97000122070312","-0.05128037929534912","0.015514135360717773","0.41050949692726135","Construction","OPERATIVE BUILDERS","1","0","1","NEG","2026-05-01T18:34:47Z","5.225844907407407","18.0","Mortgage Rates Just Hit a Four-Week High Thanks to Iran. Are Homebuilder Stocks a Buy on the Dip?","Revenue fell 2.3% to $7.56 billion and earnings per share declined despite aggressive stock buybacks, indicating weakness in the homebuilding sector.","mortgage rates;homebuilders;housing market;interest rates;Strait of Hormuz","False","False","False"
"220","ZBH","-0.20134815164760922","0.43725099601593626","83.37000274658203","0.011403679847717285","-0.10383743047714233","0.4555944800376892","Manufacturing","ORTHOPEDIC, PROSTHETIC & SURGICAL APPLIANCES & SUPPLIES","0","0","0","NO-NEWS","","","","","","","False","False","False"
"221","PH","-0.20144002278331943","0.4392430278884462","886.8499755859375","-0.024818003177642822","-0.09780365228652954","0.31277549266815186","Manufacturing","MISCELLANEOUS FABRICATED METAL PRODUCTS","0","0","0","NO-NEWS","","","","","","","False","False","False"
"222","NTAP","-0.20402503006585976","0.44123505976095617","113.0","0.020131826400756836","0.18114352226257324","0.2836054861545563","Manufacturing","COMPUTER STORAGE DEVICES","0","0","0","NO-NEWS","","","","","","","False","False","False"
"223","EXPD","-0.20572277463656932","0.44322709163346613","151.86000061035156","0.026844263076782227","0.04853963851928711","0.427430659532547","Transportation_Utilities","ARRANGEMENT OF TRANSPORTATION OF FREIGHT & CARGO","0","0","0","NO-NEWS","","","","","","","False","False","False"
"224","CAH","-0.2063528036710603","0.4452191235059761","185.27999877929688","-0.039402782917022705","-0.14142727851867676","0.30252352356910706","Wholesale","WHOLESALE-DRUGS, PROPRIETARIES & DRUGGISTS' SUNDRIES","1","1","0","POS","2026-05-05T20:40:00Z","1.1388888888888888","20.0","Cardinal Health Board of Directors Approves Quarterly Dividend","The company approved an increase to its quarterly dividend, demonstrating financial strength, confidence in future cash flows, and commitment to returning capital to shareholders. Dividend increases are generally viewed positively by investors as they signal management confidence","dividend increase;quarterly dividend;shareholder returns;capital surplus;pharmaceutical distributor","False","False","False"
"225","SNA","-0.2068079284895243","0.44721115537848605","370.6700134277344","-0.0332028865814209","-0.03416013717651367","0.3226468861103058","Manufacturing","CUTLERY, HANDTOOLS & GENERAL HARDWARE","0","0","0","NO-NEWS","","","","","","","False","False","False"
"226","DECK","-0.21295822669773498","0.449203187250996","102.72000122070312","0.005088090896606445","-0.06422513723373413","0.355074018239975","Manufacturing","RUBBER & PLASTICS FOOTWEAR","0","0","0","NO-NEWS","","","","","","","False","False","False"
"227","FISV","-0.21310509165519204","0.45119521912350596","56.810001373291016","-0.09321630001068115","0.007090926170349121","0.4432307779788971","Services","SERVICES-BUSINESS SERVICES, NEC","1","0","1","NEG","2026-05-05T18:32:21Z","1.2275347222222222","18.0","Why Fiserv Stock Is Sinking Today","Despite beating earnings expectations, the company missed on revenue and reported year-over-year revenue decline of 2.3%. Weak sales momentum and conservative forward guidance for only 1-3% organic growth disappointed investors, causing a 9.5% stock decline. The near-term outlook","earnings beat;sales miss;revenue decline;growth concerns;forward guidance","False","False","False"
"228","IBM","-0.2138199039281381","0.4531872509960159","231.30999755859375","0.0014287233352661133","-0.02474910020828247","0.4128422141075134","Manufacturing","COMPUTER & OFFICE EQUIPMENT","5","3","0","STRONG-POS","2026-05-06T17:00:00Z","0.2916666666666667","17.0","Global Healthcare Analytics Market is Predicted to Cross the USD 380 Billion Mark by 2034 | DelveInsight","Listed as a key company in the healthcare analytics market with significant presence in the growing sector","healthcare analytics;electronic health records;artificial intelligence;machine learning;value-based care","False","False","False"
"229","HSIC","-0.21492299646730806","0.4551792828685259","70.5","-0.054833054542541504","-0.06770700216293335","0.2653346359729767","Wholesale","WHOLESALE-MEDICAL, DENTAL & HOSPITAL EQUIPMENT & SUPPLIES","0","0","0","NO-NEWS","","","","","","","False","False","False"
"230","TROW","-0.2159367191956446","0.45717131474103584","103.58999633789062","0.006901264190673828","0.12402331829071045","0.2157219499349594","Finance_Insurance_RealEstate","INVESTMENT ADVICE","0","0","0","NO-NEWS","","","","","","","False","False","False"
"231","LYV","-0.21739027496084887","0.4591633466135458","165.75","0.04944908618927002","0.012770414352416992","0.4306151866912842","Services","SERVICES-AMUSEMENT & RECREATION SERVICES","1","0","1","NEG","2026-05-07T18:08:54Z","-0.7561805555555555","18.0","Ticketmaster Lays Off 8% Of Workforce Following Live Nation Q1 Report","While Q1 ticketing revenue showed strong 10% growth and beat revenue estimates, the company reported a significant $370.5 million operating loss, a $450 million legal accrual, and announced an 8% workforce reduction. The layoffs signal management concerns about future profitabili","layoffs;Ticketmaster;Live Nation;Q1 earnings;workforce reduction","False","False","False"
"232","PCAR","-0.21883615003571721","0.46115537848605576","114.05000305175781","-0.039983153343200684","-0.10232192277908325","0.3013131618499756","Manufacturing","MOTOR VEHICLES & PASSENGER CAR BODIES","0","0","0","NO-NEWS","","","","","","","False","False","False"
"233","APH","-0.21930612520824147","0.4631474103585657","136.6199951171875","-0.0723162293434143","-0.007699012756347656","0.33583691716194153","Manufacturing","ELECTRONIC CONNECTORS","0","0","0","NO-NEWS","","","","","","","False","False","False"
"234","GDDY","-0.22322483480478877","0.4651394422310757","89.75","0.03410530090332031","0.10884606838226318","0.3918541371822357","Services","SERVICES-COMPUTER INTEGRATED SYSTEMS DESIGN","0","0","0","NO-NEWS","","","","","","","False","False","False"
"235","HUBB","-0.223316125288448","0.46713147410358563","493.0400085449219","-0.0297735333442688","-0.07786107063293457","0.3419339656829834","Manufacturing","ELECTRONIC COMPONENTS & ACCESSORIES","1","1","0","POS","2026-05-04T17:28:55Z","2.271585648148148","17.0","Hubbell Strikes $3 Billion Deal To Acquire NSI, Bets Big On Electrification Boom","The $3 billion acquisition of NSI is strategically aligned with electrification trends and expected to be accretive to earnings per share in 2026. The deal strengthens the Electrical Solutions segment and supports long-term growth strategy. Stock was up 0.77% on the announcement ","acquisition;electrification;electrical solutions;M&A;infrastructure","False","False","False"
"236","JBHT","-0.2239606761971873","0.46912350597609564","242.19000244140625","-0.03713274002075195","0.07534849643707275","0.38260796666145325","Transportation_Utilities","TRUCKING (NO LOCAL)","1","0","1","NEG","2026-05-05T17:45:58Z","1.2597453703703703","17.0","Amazon's Next Gold Mine Is Worth $1.3 Trillion: Transport Stocks Begin Paying For It","With 124,000 intermodal containers, J.B. Hunt faces competitive pressure as Amazon's intermodal fleet (24,000+ containers) grows and Amazon controls the demand it serves.","Amazon Supply Chain Services;third-party logistics;3PL market;transportation sector;last-mile delivery","False","False","False"
"237","STE","-0.22525204001891297","0.4711155378486056","213.6999969482422","-0.014662504196166992","-0.04491621255874634","0.23876388370990753","Manufacturing","ORTHOPEDIC, PROSTHETIC & SURGICAL APPLIANCES & SUPPLIES","1","1","0","POS","2026-05-05T20:30:00Z","1.1458333333333333","20.0","STERIS Announces Dividend of $0.63 per share","The announcement of a quarterly dividend of $0.63 per share demonstrates the company's financial health and confidence in its cash flow generation. Regular dividend payments are typically viewed positively by investors as they indicate stable profitability and management's commit","dividend announcement;quarterly dividend;shareholder returns;infection prevention;healthcare products","False","False","False"
"238","DD","-0.22813467830250722","0.47310756972111556","48.36000061035156","0.05913269519805908","0.01982295513153076","0.39881664514541626","Manufacturing","PLASTIC MATERIALS, SYNTH RESINS & NONVULCAN ELASTOMERS","1","1","0","POS","2026-05-05T17:16:58Z","1.2798842592592592","17.0","DuPont Flexes Pricing Power, Initiates Accelerated Stock Buyback","Company exceeded Q1 financial expectations with strong EPS and revenue beats, demonstrated pricing power and margin expansion of 230 basis points, raised full-year 2026 guidance above analyst estimates, generated solid cash flow of $232 million from operations, and announced acce","earnings beat;margin expansion;pricing power;share buyback;guidance raise","False","False","False"
"239","DAL","-0.22904806814030182","0.4750996015936255","73.11000061035156","0.07530522346496582","0.07784163951873779","0.3824058473110199","Transportation_Utilities","AIR TRANSPORTATION, SCHEDULED","2","2","0","POS","2026-05-07T10:09:00Z","-0.42291666666666666","10.0","Prediction: These 2 Airline Stocks Will Rebound Before Year's End","Strong Q4 2025 earnings growth of 45% year-over-year, sustained premium ticket sales momentum (14% growth in Q1 2026), and analyst expectations of only 5.3% earnings decline despite fuel cost headwinds position the company well for recovery by year-end.","airline stocks;geopolitical conflict;oil prices;premium ticket sales;low-cost carriers","False","False","False"
"240","IVZ","-0.22920062421604362","0.4770916334661355","26.829999923706055","0.023655176162719727","0.13831138610839844","0.2739534080028534","Finance_Insurance_RealEstate","INVESTMENT ADVICE","0","0","0","NO-NEWS","","","","","","","False","False","False"
"241","NWSA","-0.23105753513753166","0.47908366533864544","27.040000915527344","0.027355670928955078","0.09963405132293701","0.2201976776123047","Manufacturing","NEWSPAPERS: PUBLISHING OR PUBLISHING & PRINTING","0","0","0","NO-NEWS","","","","","","","False","False","False"
"242","UBER","-0.2321314020587161","0.4810756972111554","76.7300033569336","0.028414487838745117","0.06851422786712646","0.45313066244125366","Services","SERVICES-BUSINESS SERVICES, NEC","17","7","0","STRONG-POS","2026-05-07T19:03:00Z","-0.79375","19.0","Uber’s Annual Product Showcase Reveals It Is Coming for Airbnb and Booking","Uber beat earnings expectations (72 cents vs 69 cents estimate), reported strong YoY growth metrics (21% gross bookings, 50% Uber One membership growth), announced strategic expansion into high-growth travel market ($1.13 trillion by 2030), and received 33 Buy ratings from 39 ana","travel expansion;hotel booking;short-term rentals;Expedia partnership;Uber One membership","False","False","False"
"243","CRH","-0.23365095096096708","0.48306772908366535","112.62999725341797","-0.048893749713897705","-0.024848520755767822","0.3221670389175415","Manufacturing","CEMENT, HYDRAULIC","1","1","0","POS","2026-05-01T09:54:00Z","5.5875","9.0","Global Cement Industry Databook Report 2026: Value and Volume Across 100+ Market Segments by Products, Distribution, Market Share, Import/Export, End Markets 20","Noted for continued portfolio realignment and prioritization of maintenance scheduling and operational optimization. The company's focus on asset sweating rather than new capacity aligns with industry best practices.","cement industry;asset optimization;carbon governance;environmental compliance;infrastructure modernization","False","False","False"
"244","SBUX","-0.23476224374388135","0.4850597609561753","104.26000213623047","-0.010158538818359375","0.07573258876800537","0.34400230646133423","Retail","RETAIL-EATING & DRINKING PLACES","4","2","0","POS","2026-05-06T17:44:00Z","0.2611111111111111","17.0","Earnings Season Shows Resilient Consumers and Surging AI Demand","CEO reported no significant macro effects trickling into consumer behavior, indicating strong brand demand","earnings season;consumer spending;AI demand;tech growth;capital expenditure","False","False","False"
"245","DIS","-0.23889730304201723","0.48705179282868527","108.66000366210938","0.04732537269592285","0.08888673782348633","0.3337278366088867","Services","SERVICES-MISCELLANEOUS AMUSEMENT & RECREATION","11","7","0","STRONG-POS","2026-05-07T13:01:00Z","-0.5423611111111111","13.0","Disney Stock Surges 8% on Beat-and-Raise Q2 Results","Strong Q2 beat-and-raise results with 6.7% revenue growth, 460 basis point EPS beat, margin expansion, accelerated capital returns, raised guidance, analyst consensus of Moderate Buy with 74% buy-side bias, and robust institutional accumulation at 3-to-1 buying pace. Stock surged","earnings beat;guidance raise;capital returns;dividend increase;share buyback","False","False","False"
"246","KDP","-0.24167883413103985","0.48904382470119523","28.520000457763672","-0.029931962490081787","0.07948529720306396","0.35131725668907166","Manufacturing","BEVERAGES","0","0","0","NO-NEWS","","","","","","","False","False","False"
"247","SATS","-0.24207882685506812","0.4910358565737052","122.62000274658203","-0.0042228102684021","0.02106761932373047","0.59013831615448","Transportation_Utilities","COMMUNICATIONS SERVICES, NEC","1","1","0","POS","2026-05-06T14:34:54Z","0.39243055555555556","14.0","IEP Q1 2026 Earnings Transcript","Stock up 8% in Q1, lowered expected tax and decommissioning costs, meaningful upside potential remains with SpaceX IPO as potential material positive catalyst.","leadership transition;net loss;refining hedges;investment funds;portfolio performance","False","False","False"
"248","JCI","-0.24223334629454943","0.49302788844621515","139.25","-0.046428799629211426","-0.018329262733459473","0.24266603589057922","Manufacturing","AIR-COND & WARM AIR HEATG EQUIP & COMM & INDL REFRIG EQUIP","1","1","0","POS","2026-05-06T14:31:38Z","0.39469907407407406","14.0","You Just Missed The SanDisk And Micron Memory Trade: These 10 Stocks Could Ride The Next AI Wave","Accelcius investment in January provides two-phase liquid cooling exposure for AI infrastructure","liquid cooling;AI infrastructure;thermal management;data centers;AI factories","False","False","False"
"249","MET","-0.24282624054726523","0.4950199203187251","78.81999969482422","-0.015980005264282227","0.05586063861846924","0.19163011014461517","Finance_Insurance_RealEstate","LIFE INSURANCE","0","0","0","NO-NEWS","","","","","","","False","False","False"
"250","CPAY","-0.24352751361721195","0.49701195219123506","305.75","-0.0023493170738220215","-0.0026747584342956543","0.30952689051628113","Services","SERVICES-BUSINESS SERVICES, NEC","0","0","0","NO-NEWS","","","","","","","False","False","False"
"251","XYL","-0.2460813241456851","0.499003984063745","115.63999938964844","-0.021327078342437744","-0.10633689165115356","0.30812662839889526","Manufacturing","PUMPS & PUMPING EQUIPMENT","1","0","0","NEUTRAL","2026-05-01T14:00:00Z","5.416666666666667","14.0","Leak Detection Market Size to Hit USD 8.53 Billion by 2035 | SNS Insider","Listed as a leading market player but no specific recent developments or market activities mentioned in the article.","leak detection;pipeline infrastructure;regulatory compliance;market growth;handheld detectors","False","False","False"
"252","BBY","-0.2465309452275907","0.500996015936255","58.540000915527344","-0.03223675489425659","-0.09282499551773071","0.3719216287136078","Retail","RETAIL-RADIO, TV & CONSUMER ELECTRONICS STORES","0","0","0","NO-NEWS","","","","","","","False","False","False"
"253","GPN","-0.24663250891045263","0.5029880478087649","70.12999725341797","-0.025430798530578613","0.06451117992401123","0.35402607917785645","Services","SERVICES-BUSINESS SERVICES, NEC","0","0","0","NO-NEWS","","","","","","","False","False","False"
"254","FANG","-0.2482821461130375","0.5049800796812749","190.4499969482422","-0.07382196187973022","0.022220969200134277","0.3722667694091797","Mining","CRUDE PETROLEUM & NATURAL GAS","0","0","0","NO-NEWS","","","","","","","False","False","False"
"255","HAL","-0.2482821461130375","0.5069721115537849","39.119998931884766","-0.07517731189727783","0.0379410982131958","0.3427560031414032","Mining","OIL & GAS FIELD SERVICES, NEC","1","1","0","POS","2026-05-04T11:03:36Z","2.5391666666666666","11.0","What's Going On With Equinor Stock Monday?","Awarded drilling and well service contracts by Equinor as part of the $1.4 billion contract extension, providing revenue opportunity and business continuity.","Equinor;energy sector;drilling contracts;well services;Norwegian continental shelf","False","False","False"
"256","CVS","-0.24911040276902127","0.5089641434262948","87.36000061035156","0.048865437507629395","0.10806703567504883","0.39918839931488037","Retail","RETAIL-DRUG STORES AND PROPRIETARY STORES","2","1","0","POS","2026-05-06T16:37:58Z","0.3069675925925926","16.0","CVS Health's Lower Medical Cost Ratio Lift Profit, Outlook","Strong Q1 earnings beat ($2.57 vs $2.20 estimate), revenue beat ($100.43B vs $95.09B estimate), improved medical benefit ratio, raised 2026 guidance, and stock trading at new 52-week high with 6.09% gain.","CVS Health earnings;medical benefit ratio;biosimilars strategy;2026 guidance raise;pharmacy benefit management","False","False","False"
"257","LHX","-0.24917643361982472","0.5109561752988048","301.17999267578125","-0.06042736768722534","-0.15864461660385132","0.20998021960258484","Manufacturing","SEARCH, DETECTION, NAVIGATION, GUIDANCE, AERONAUTICAL SYS","1","0","0","NEUTRAL","2026-05-05T19:22:30Z","1.1927083333333333","19.0","Michael Burry Targets Palantir's Valuation (Again) As Stock Drops After Earnings","Used as a valuation comparison point; represents established defense contractor included in Burry's alternative investment thesis","valuation criticism;earnings drop;AI software;defense contractors;market capitalization","False","False","False"
"258","NTRS","-0.24957506313906375","0.5129482071713147","160.02999877929688","-0.03793436288833618","0.04848325252532959","0.357008159160614","Finance_Insurance_RealEstate","STATE COMMERCIAL BANKS","0","0","0","NO-NEWS","","","","","","","False","False","False"
"259","PAYX","-0.2501308255992096","0.5149402390438247","94.26000213623047","0.017596960067749023","0.07284319400787354","0.3050673007965088","Services","SERVICES-ENGINEERING, ACCOUNTING, RESEARCH, MANAGEMENT","2","1","0","POS","2026-05-07T18:48:00Z","-0.7833333333333333","18.0","2026 ChicagoCISO ORBIE Awards Recognize Top Security Executives","VP & CISO received Global ORBIE award for organizations over $5 billion revenue, demonstrating recognized leadership excellence in cybersecurity and business protection.","CISO;cybersecurity leadership;ORBIE Awards;enterprise security;business transformation","False","False","False"
"260","ADP","-0.2501308255992096","0.5169322709163346","214.08999633789062","0.010144352912902832","0.09218442440032959","0.39153367280960083","Services","SERVICES-COMPUTER PROCESSING & DATA PREPARATION","1","0","0","NEUTRAL","2026-05-04T18:00:00Z","2.25","18.0","Michael Haske to Become isolved CEO as Company Embarks on Next Phase of AI-Led Growth","Mentioned only as part of incoming CEO's career history where he began his career. No direct business impact or news related to ADP is discussed.","CEO transition;human capital management;HCM platform;agentic AI;payroll services","False","False","False"
"261","RJF","-0.25087823929140673","0.5189243027888446","153.52999877929688","-0.030255258083343506","0.0363844633102417","0.2600012421607971","Finance_Insurance_RealEstate","SECURITY BROKERS, DEALERS & FLOTATION COMPANIES","0","0","0","NO-NEWS","","","","","","","False","False","False"
"262","DOV","-0.25087823929140673","0.5209163346613546","220.89999389648438","-0.024336397647857666","0.011817455291748047","0.3059280812740326","Manufacturing","CONSTRUCTION, MINING & MATERIALS HANDLING MACHINERY & EQUIP","1","1","0","POS","2026-05-06T14:31:38Z","0.39469907407407406","14.0","You Just Missed The SanDisk And Micron Memory Trade: These 10 Stocks Could Ride The Next AI Wave","SWEP brazed heat plates hold majority share inside cooling distribution units, critical component in thermal management stack","liquid cooling;AI infrastructure;thermal management;data centers;AI factories","False","False","False"
"263","TGT","-0.25087823929140673","0.5229083665338645","125.87999725341797","-0.029826581478118896","0.014915704727172852","0.28938931226730347","Retail","RETAIL-VARIETY STORES","1","0","0","NEUTRAL","2026-05-07T07:00:00Z","-0.2916666666666667","7.0","Ashley Graham to Spotlight the Power of Authentic Partnerships as a Keynote Speaker at Licensing Expo 2026","Listed as a confirmed major retailer attending the expo, indicating participation in the licensing industry but without specific business developments mentioned.","licensing;brand partnerships;authenticity;talent collaboration;entrepreneurship","False","False","False"
"264","MLM","-0.25157951236135345","0.5249003984063745","600.489990234375","-0.030012786388397217","-0.039984047412872314","0.21893014013767242","Mining","MINING & QUARRYING OF NONMETALLIC MINERALS (NO FUELS)","0","0","0","NO-NEWS","","","","","","","False","False","False"
"265","SCHW","-0.25157951236135345","0.5268924302788844","89.5","-0.02335226535797119","-0.0798807144165039","0.3687349259853363","Finance_Insurance_RealEstate","SECURITY BROKERS, DEALERS & FLOTATION COMPANIES","2","1","0","POS","2026-05-05T12:15:00Z","1.4895833333333333","12.0","Should You Buy Robinhood While It's Below $80?","Mentioned as an established industry competitor with a lower P/E ratio than Robinhood, positioning it as a more fairly valued alternative in the brokerage space.","discount brokerage;earnings analysis;customer retention risk;crypto trading decline;prediction markets","False","False","False"
"266","CMG","-0.25157951236135345","0.5288844621513944","33.27000045776367","-0.021182715892791748","-0.02832949161529541","0.3056529760360718","Retail","RETAIL-EATING PLACES","2","2","0","POS","2026-05-04T13:30:00Z","2.4375","13.0","Higher Gas and Diesel Prices Are Coming for Consumer Wallets and the Stocks That Depend on Them","Stock down 34.5% over the past year, creating an attractive valuation with P/E ratio dropping from 48 to 30. Company shows resilience with positive same-store sales growth (0.5%) and strong long-term growth prospects with 350-370 new restaurant openings planned. Consumers will re","gas prices;consumer spending;discretionary stocks;valuation;economic headwinds","False","False","False"
"267","AMP","-0.25157951236135345","0.5308764940239044","458.8399963378906","-0.033593833446502686","0.013115525245666504","0.2532255947589874","Finance_Insurance_RealEstate","INVESTMENT ADVICE","0","0","0","NO-NEWS","","","","","","","False","False","False"
"268","MGM","-0.25157951236135345","0.5328685258964143","38.11000061035156","-0.021314799785614014","0.0319523811340332","0.25048187375068665","Services","HOTELS & MOTELS","0","0","0","NO-NEWS","","","","","","","False","False","False"
"269","TRGP","-0.25157951236135345","0.5348605577689243","252.44000244140625","-0.02937549352645874","0.03141987323760986","0.291708767414093","Transportation_Utilities","NATURAL GAS TRANSMISSION","0","0","0","NO-NEWS","","","","","","","False","False","False"
"270","ATO","-0.25157951236135345","0.5368525896414342","181.86000061035156","-0.04274129867553711","-0.05424094200134277","0.19701452553272247","Transportation_Utilities","NATURAL GAS DISTRIBUTION","1","0","0","NEUTRAL","2026-05-04T15:14:00Z","2.3652777777777776","15.0","UGI Corporation Deleveraging Plan Puts Dividend Stability in Focus","Mentioned only as a valuation comparison point, trading at ~25x P/E compared to UGI's 13x. No operational or strategic information provided; used solely as a peer benchmark to highlight UGI's relative undervaluation.","deleveraging;dividend stability;asset divestiture;debt reduction;utility sector","False","False","False"
"271","PLTR","-0.25157951236135345","0.5388446215139442","137.0500030517578","-0.014808416366577148","0.05027198791503906","0.5212630033493042","Services","SERVICES-PREPACKAGED SOFTWARE","16","5","7","NEG","2026-05-07T16:37:42Z","-0.6928472222222222","16.0","What's Going On With Palantir On Thursday?","Stock trading higher on multiple positive catalysts: exceeded Q1 earnings expectations, significantly raised full-year 2026 revenue guidance above analyst consensus, announced strategic defense collaboration with U.S. Army, and received analyst price target increases from major f","Palantir Technologies;defense collaboration;revenue guidance;earnings beat;U.S. Army","False","False","False"
"272","TKO","-0.25157951236135345","0.5408366533864541","187.50999450683594","0.007630705833435059","-0.048510730266571045","0.21936973929405212","Services","SERVICES-AMUSEMENT & RECREATION SERVICES","0","0","0","NO-NEWS","","","","","","","False","False","False"
"273","J","-0.25157951236135345","0.5428286852589641","122.76000213623047","-0.05138707160949707","-0.034374237060546875","0.4019879400730133","Construction","HEAVY CONSTRUCTION OTHER THAN BLDG CONST - CONTRACTORS","0","0","0","NO-NEWS","","","","","","","False","False","False"
"274","AJG","-0.25157951236135345","0.5448207171314741","201.94000244140625","-0.021608471870422363","-0.07532393932342529","0.2976972460746765","Finance_Insurance_RealEstate","INSURANCE AGENTS, BROKERS & SERVICE","0","0","0","NO-NEWS","","","","","","","False","False","False"
"275","ROST","-0.25157951236135345","0.546812749003984","224.47999572753906","-0.01453089714050293","-0.001911938190460205","0.1699884682893753","Retail","RETAIL-FAMILY CLOTHING STORES","0","0","0","NO-NEWS","","","","","","","False","False","False"
"276","WAB","-0.25157951236135345","0.548804780876494","265.5799865722656","-0.015969574451446533","-0.01978302001953125","0.3198032081127167","Manufacturing","RAILROAD EQUIPMENT","0","0","0","NO-NEWS","","","","","","","False","False","False"
"277","C","-0.25420594796096396","0.5507968127490039","129.08999633789062","0.00867319107055664","0.03338134288787842","0.21090099215507507","Finance_Insurance_RealEstate","NATIONAL COMMERCIAL BANKS","1","1","0","POS","2026-05-06T14:35:00Z","0.3923611111111111","14.0","Welcome to Shareholder Meeting Month: AI, Oil, and Consumer Are in the Spotlight","Stock up 78% over past year with CEO Jane Fraser executing well; first Investor Day in years suggests positive news; AGM could reinforce momentum.","shareholder meetings;AGM;consumer spending;AI strategy;energy prices","False","False","False"
"278","MS","-0.25700722467316095","0.5527888446215139","190.1699981689453","-0.002203702926635742","0.06741130352020264","0.2600303590297699","Finance_Insurance_RealEstate","SECURITY BROKERS, DEALERS & FLOTATION COMPANIES","2","1","0","POS","2026-05-07T08:25:00Z","-0.3506944444444444","8.0","Williams Companies Stock Beats on EPS With Record EBITDA in Q1 2026","Mentioned only as an analyst firm that raised WMB price target from $83 to $90, indicating bullish outlook on Williams. No direct company performance data provided.","Williams Companies;Q1 2026 earnings;natural gas demand;EBITDA;data center power","False","False","False"
"279","CSCO","-0.25700722467316095","0.5547808764940239","92.16000366210938","0.007213115692138672","0.10809195041656494","0.25188300013542175","Manufacturing","COMPUTER COMMUNICATIONS EQUIPMENT","3","2","0","POS","2026-05-07T13:07:35Z","-0.5469328703703704","13.0","Intel Stock Bubble Warning — More Extreme Than Cisco At Dot‑Com Peak","Used as historical comparison point for dot-com bubble peak in 2000. Article notes Cisco's business fundamentals were strong despite the price collapse, drawing parallel to Intel's current situation.","valuation bubble;forward P/E ratio;dot-com comparison;AI foundry;technical analysis","False","False","False"
"280","BK","-0.25769657751905795","0.5567729083665338","130.69000244140625","-0.027387022972106934","0.016409993171691895","0.19504989683628082","Finance_Insurance_RealEstate","STATE COMMERCIAL BANKS","0","0","0","NO-NEWS","","","","","","","False","False","False"
"281","CMCSA","-0.25792052658473436","0.5587649402390438","26.239999771118164","-0.029585838317871094","-0.07311904430389404","0.5979854464530945","Transportation_Utilities","CABLE & OTHER PAY TELEVISION SERVICES","2","0","2","STRONG-NEG","2026-05-07T17:30:00Z","-0.7291666666666666","17.0","Where Are Comcast and Charter's Internet Customers Going? Here.","Lost 65,000 high-speed internet subscribers last quarter and over 1 million since 2023 peak. Internet service represents ~20% of revenue. Weak EBITDA performance driven by broadband business decline poses significant financial risk.","broadband internet;fixed wireless access (FWA);5G networks;cord-cutting;customer churn","False","False","False"
"282","HST","-0.258310400825504","0.5607569721115537","21.670000076293945","0.025556087493896484","0.08839786052703857","0.20468910038471222","Finance_Insurance_RealEstate","REAL ESTATE INVESTMENT TRUSTS","0","0","0","NO-NEWS","","","","","","","False","False","False"
"283","DLR","-0.2602736131286753","0.5627490039840638","194.77999877929688","-0.03065592050552368","0.035237908363342285","0.2367667257785797","Finance_Insurance_RealEstate","REAL ESTATE INVESTMENT TRUSTS","1","1","0","POS","2026-05-06T17:54:00Z","0.25416666666666665","17.0","Digital Realty Expands Talent Development Opportunities for Operations Workforce Through Partnership with DCD Academy","The company is making strategic investments in workforce development and talent acquisition, demonstrating commitment to addressing industry skills gaps and supporting long-term operational growth. This initiative enhances their competitive position and operational resilience whi","talent development;data center operations;workforce training;skills gap;career pathways","False","False","False"
"284","GE","-0.2603368963496105","0.5647410358565738","302.6300048828125","0.04380369186401367","-0.03319269418716431","0.45656368136405945","Manufacturing","ELECTRONIC & OTHER ELECTRICAL EQUIPMENT (NO COMPUTER EQUIP)","0","0","0","NO-NEWS","","","","","","","False","False","False"
"285","LLY","-0.26447156695033514","0.5667330677290837","974.9600219726562","0.04318428039550781","0.020697474479675293","0.46159663796424866","Manufacturing","PHARMACEUTICAL PREPARATIONS","13","12","0","STRONG-POS","2026-05-07T06:43:00Z","-0.2798611111111111","6.0","Narrow Tech Leadership Continues as Oil and Rates Fall","Rose after earnings as anticipated by options market, demonstrating positive market reception","narrow tech leadership;market concentration;oil prices decline;interest rates fall;earnings results","False","False","False"
"286","GD","-0.26447156695033514","0.5687250996015937","347.760009765625","0.01004946231842041","0.01122426986694336","0.34808018803596497","Manufacturing","SHIP & BOAT BUILDING & REPAIRING","1","0","0","NEUTRAL","2026-05-05T19:22:30Z","1.1927083333333333","19.0","Michael Burry Targets Palantir's Valuation (Again) As Stock Drops After Earnings","Used as a valuation comparison point; represents established defense contractor with strong market position","valuation criticism;earnings drop;AI software;defense contractors;market capitalization","False","False","False"
"287","DHR","-0.265323822430163","0.5707171314741036","175.66000366210938","-0.018384993076324463","-0.08979737758636475","0.29721689224243164","Manufacturing","INDUSTRIAL INSTRUMENTS FOR MEASUREMENT, DISPLAY, AND CONTROL","2","2","0","POS","2026-05-05T20:30:00Z","1.1458333333333333","20.0","Danaher Announces Quarterly Dividend","The announcement of a regular quarterly dividend demonstrates financial strength and confidence in the company's cash flow generation. Dividend announcements are typically viewed positively by investors as they indicate stable earnings and management's commitment to returning val","dividend;quarterly cash dividend;Danaher Corporation;life sciences;diagnostics","False","False","False"
"288","HPQ","-0.26615233453430415","0.5727091633466136","20.989999771118164","0.006232023239135742","0.14200222492218018","0.4185483753681183","Manufacturing","COMPUTER & OFFICE EQUIPMENT","0","0","0","NO-NEWS","","","","","","","False","False","False"
"289","ADSK","-0.26685360760425086","0.5747011952191236","251.0399932861328","0.05924046039581299","0.1150890588760376","0.4046814441680908","Services","SERVICES-PREPACKAGED SOFTWARE","0","0","0","NO-NEWS","","","","","","","False","False","False"
"290","WELL","-0.26687692511067307","0.5766932270916335","212.9499969482422","-0.0201987624168396","0.03203451633453369","0.2785961627960205","Finance_Insurance_RealEstate","REAL ESTATE INVESTMENT TRUSTS","0","0","0","NO-NEWS","","","","","","","False","False","False"
"291","VMC","-0.2675781981806198","0.5786852589641435","288.92999267578125","-0.042453765869140625","-0.013958096504211426","0.24389970302581787","Mining","MINING & QUARRYING OF NONMETALLIC MINERALS (NO FUELS)","0","0","0","NO-NEWS","","","","","","","False","False","False"
"292","TYL","-0.2675781981806198","0.5806772908366534","331.0799865722656","-0.029489457607269287","0.02286207675933838","0.3869272470474243","Services","SERVICES-PREPACKAGED SOFTWARE","0","0","0","NO-NEWS","","","","","","","False","False","False"
"293","WSM","-0.2675781981806198","0.5826693227091634","183.4199981689453","0.012195706367492676","-0.04124194383621216","0.3319798409938812","Retail","RETAIL-HOME FURNITURE, FURNISHINGS & EQUIPMENT STORES","1","0","1","NEG","2026-05-01T18:34:47Z","5.225844907407407","18.0","Mortgage Rates Just Hit a Four-Week High Thanks to Iran. Are Homebuilder Stocks a Buy on the Dip?","Home furnishing company exposed to similar forces as homebuilders; weak housing market impacts consumer spending on home goods.","mortgage rates;homebuilders;housing market;interest rates;Strait of Hormuz","False","False","False"
"294","PYPL","-0.26765497065324545","0.5846613545816733","46.220001220703125","-0.07818102836608887","0.005219697952270508","0.41794633865356445","Services","SERVICES-BUSINESS SERVICES, NEC","2","0","1","NEG","2026-05-07T02:03:00Z","-0.08541666666666667","2.0","PayPal Stock's Bad Year Just Got Even Worse. Is This a Good Time to Buy Shares?","Weak branded checkout growth (2%), declining operating income (-5%), contracting margins (-229 bps), negative Q2 guidance (-9% EPS), weak international performance, and admission of years of technology underinvestment. Despite cheap valuation, structural competitive challenges an","PayPal earnings;digital payments;branded checkout;margin compression;competitive pressure","False","False","False"
"295","KKR","-0.26821337973446","0.5866533864541833","100.33999633789062","-0.038336217403411865","0.08090054988861084","0.4240805208683014","Finance_Insurance_RealEstate","INVESTMENT ADVICE","0","0","0","NO-NEWS","","","","","","","False","False","False"
"296","EXE","-0.26821337973446","0.5886454183266933","97.41999816894531","-0.04630446434020996","-0.020904541015625","0.25993743538856506","Mining","CRUDE PETROLEUM & NATURAL GAS","0","0","0","NO-NEWS","","","","","","","False","False","False"
"297","NWS","-0.2683256118728169","0.5906374501992032","30.850000381469727","0.012139081954956055","0.08626759052276611","0.21055200695991516","Manufacturing","NEWSPAPERS: PUBLISHING OR PUBLISHING & PRINTING","0","0","0","NO-NEWS","","","","","","","False","False","False"
"298","RTX","-0.26844763484303924","0.5926294820717132","176.77999877929688","0.004032492637634277","-0.12997686862945557","0.2668173909187317","Manufacturing","AIRCRAFT ENGINES & ENGINE PARTS","3","3","0","STRONG-POS","2026-05-07T14:40:00Z","-0.6111111111111112","14.0","The Hormuz Defense Hedge: Cashing In on Chaos","Strong Q1 2026 earnings beat ($1.78 EPS vs. $1.52 consensus), 8.7% revenue increase, massive $271 billion backlog providing exceptional revenue visibility, and 10% organic sales growth in Raytheon division directly aligned with new defense contracts. Stock decline of 4% YTD appea","defense contractors;Strait of Hormuz;Project Freedom;arms sales;missile defense systems","False","False","False"
"299","JPM","-0.2690268849427636","0.5946215139442231","306.2699890136719","-0.022220134735107422","-0.01308286190032959","0.20453867316246033","Finance_Insurance_RealEstate","NATIONAL COMMERCIAL BANKS","7","2","0","POS","2026-05-07T17:49:00Z","-0.7423611111111111","17.0","Snyk Embeds Anthropic's Claude to Advance AI-Powered Security for Software Development","JPMorganChase is mentioned only as having identified AI security as a critical enterprise action in April 2026. The mention is contextual rather than substantive, providing industry validation for the problem Snyk is solving, with no direct business impact disclosed.","AI security;vulnerability detection;agentic AI;Claude models;AI-generated code","False","False","False"
"300","WYNN","-0.2690268849427636","0.5966135458167331","106.8499984741211","-0.0024274587631225586","0.01868617534637451","0.24441824853420258","Services","HOTELS & MOTELS","0","0","0","NO-NEWS","","","","","","","False","False","False"
"301","IDXX","-0.2690268849427636","0.598605577689243","572.2000122070312","0.020328164100646973","-0.02146214246749878","0.32682177424430847","Manufacturing","IN VITRO & IN VIVO DIAGNOSTIC SUBSTANCES","1","1","0","POS","2026-05-05T14:20:28Z","1.4024537037037037","14.0","Idexx Laboratories Raises Guidance On Higher Clinical Visits, Diagnostic Frequency","Company beat Q1 earnings expectations, reported 11% organic sales growth, raised full-year 2026 guidance for both earnings and revenue, demonstrated strong operational execution with 100 basis point margin improvement, and showed positive momentum in diagnostics segment with stra","pet healthcare;diagnostics;earnings beat;guidance raise;clinical visits","False","False","False"
"302","SHW","-0.2690268849427636","0.600597609561753","320.2099914550781","-0.0043531060218811035","-0.04622769355773926","0.29343342781066895","Retail","RETAIL-BUILDING MATERIALS, HARDWARE, GARDEN SUPPLY","2","0","0","NEUTRAL","2026-05-01T16:10:00Z","5.326388888888889","16.0","Viking Therapeutics Faces Timeline Risk—But Upside Could Be Huge","Mixed signals: beat on earnings and revenue with strong operating cash flow improvement, but flat guidance and elevated valuation (31x P/E) amid weak housing demand and geopolitical cost pressures. Long-term dividend growth story is positive, but near-term headwinds and overvalua","Sherwin-Williams;Q1 2026 earnings;housing market;mortgage rates;dividend aristocrat","False","False","False"
"303","TDY","-0.2690268849427636","0.602589641434263","630.780029296875","-0.023333489894866943","-0.03694760799407959","0.23713859915733337","Manufacturing","SEARCH, DETECTION, NAVIGATION, GUIDANCE, AERONAUTICAL SYS","1","1","0","POS","2026-05-05T14:59:00Z","1.3756944444444446","14.0","Machine Vision Market to Reach USD 22.59 Billion by 2032, Driven by AI Advancements, Industry 4.0 Adoption, and Rising Demand for Quality Inspection – Verified ","Positioned as a key player in the machine vision market, which is experiencing sustained expansion with favorable growth catalysts including AI advancements and increasing automation adoption.","machine vision;AI and deep learning;Industry 4.0;automation;quality inspection","False","False","False"
"304","VLTO","-0.2690268849427636","0.6045816733067729","88.7300033569336","0.006009101867675781","-0.009930789470672607","0.2506507635116577","Manufacturing","INSTRUMENTS FOR MEAS & TESTING OF ELECTRICITY & ELEC SIGNALS","0","0","0","NO-NEWS","","","","","","","False","False","False"
"305","HBAN","-0.2690268849427636","0.6065737051792829","16.190000534057617","-0.03400951623916626","-0.024110913276672363","0.2509751319885254","Finance_Insurance_RealEstate","NATIONAL COMMERCIAL BANKS","0","0","0","NO-NEWS","","","","","","","False","False","False"
"306","MCD","-0.2690268849427636","0.6085657370517928","283.70001220703125","-0.03368639945983887","-0.08350825309753418","0.19040995836257935","Retail","RETAIL-EATING PLACES","5","1","2","NEG","2026-05-07T13:16:00Z","-0.5527777777777778","13.0","S&P 500 Record Highs Leave Valuations Exposed to Any Oil Reversal","Rising more than 3% after reporting stronger-than-expected earnings ($2.83 EPS vs $2.74 forecast) and revenue ($6.52B vs $6.47B expected)","S&P 500 record high;oil prices;US-Iran peace deal;labor market;earnings","False","False","False"
"307","FIS","-0.2690268849427636","0.6105577689243028","47.25","0.01547396183013916","0.04327666759490967","0.3934275507926941","Services","SERVICES-BUSINESS SERVICES, NEC","0","0","0","NO-NEWS","","","","","","","False","False","False"
"308","O","-0.2690268849427636","0.6125498007968128","61.790000915527344","-0.03813821077346802","-0.02231013774871826","0.19188137352466583","Finance_Insurance_RealEstate","REAL ESTATE INVESTMENT TRUSTS","2","2","0","POS","2026-05-07T11:30:00Z","-0.4791666666666667","11.0","Want Passive Income for Life? Buy These 3 Dividend Stocks Now.","Unmatched 55+ year monthly dividend payment record with 114 consecutive quarterly increases, 5.1% dividend yield, diversified property portfolio of 15,000+ global properties, and demonstrated resilience in challenging real estate environment.","dividend stocks;passive income;dividend growth;consumer staples;REIT","False","False","False"
"309","JKHY","-0.2690268849427636","0.6145418326693227","146.02999877929688","-0.05021136999130249","-0.04792022705078125","0.30448198318481445","Services","SERVICES-COMPUTER INTEGRATED SYSTEMS DESIGN","0","0","0","NO-NEWS","","","","","","","False","False","False"
"310","KHC","-0.2690268849427636","0.6165338645418327","23.639999389648438","0.04324793815612793","0.015900254249572754","0.233632430434227","Manufacturing","CANNED, FROZEN & PRESERVD FRUIT, VEG & FOOD SPECIALTIES","0","0","0","NO-NEWS","","","","","","","False","False","False"
"311","ECL","-0.2690268849427636","0.6185258964143426","256.54998779296875","-0.015541136264801025","-0.05842852592468262","0.24034483730793","Manufacturing","SOAP, DETERGENTS, CLEANG PREPARATIONS, PERFUMES, COSMETICS","1","1","0","POS","2026-05-06T14:31:38Z","0.39469907407407406","14.0","You Just Missed The SanDisk And Micron Memory Trade: These 10 Stocks Could Ride The Next AI Wave","Acquired CoolIT Systems for $4.75B; CoolIT growing near triple-digit YoY with expected $550M sales addition; leading vendor in direct-to-chip liquid cooling","liquid cooling;AI infrastructure;thermal management;data centers;AI factories","False","False","False"
"312","CTVA","-0.2690268849427636","0.6205179282868526","79.06999969482422","-0.023947715759277344","-0.05373382568359375","0.2228907197713852","Agriculture","","0","0","0","NO-NEWS","","","","","","","False","False","False"
"313","BA","-0.26966206649660385","0.6225099601593626","231.02999877929688","0.008732438087463379","0.04985010623931885","0.33522745966911316","Manufacturing","AIRCRAFT","2","2","0","POS","2026-05-04T17:34:04Z","2.268009259259259","17.0","Stock Market Today: Oil Jumps 5%, S&P 500 Drops As Iran Strikes UAE Port","Traded higher as defense spending narratives support aerospace and defense sector valuations","Iran drone strike;oil prices;S&P 500;Fed rate hike;transportation stocks","False","False","False"
"314","MAR","-0.27170400929255406","0.6245019920318725","352.04998779296875","-0.02665269374847412","-0.002493441104888916","0.2825697064399719","Services","HOTELS & MOTELS","0","0","0","NO-NEWS","","","","","","","False","False","False"
"315","MO","-0.2721248270017286","0.6264940239043825","69.04000091552734","-0.049690306186676025","0.023421287536621094","0.36131054162979126","Manufacturing","CIGARETTES","0","0","0","NO-NEWS","","","","","","","False","False","False"
"316","TMO","-0.2727177212544444","0.6284860557768924","474.4599914550781","-0.009395360946655273","-0.05195218324661255","0.4335445165634155","Manufacturing","MEASURING & CONTROLLING DEVICES, NEC","3","3","0","STRONG-POS","2026-05-06T17:00:00Z","0.2916666666666667","17.0","Global DNA Microarray Market is Predicted to Exhibit Remarkable Growth at a CAGR of ~7% by 2034 | DelveInsight","Listed as a key market player and recently launched the Axiom™ PangenomiX Array in January 2024, demonstrating active product innovation and market expansion in the growing DNA microarray sector.","DNA microarray;genomic research;personalized medicine;gene expression analysis;genotyping","False","False","False"
"317","IEX","-0.2742810449021715","0.6304780876494024","214.8699951171875","-0.013679206371307373","0.07580232620239258","0.2894262671470642","Manufacturing","PUMPS & PUMPING EQUIPMENT","0","0","0","NO-NEWS","","","","","","","False","False","False"
"318","EFX","-0.2764996335871807","0.6324701195219123","175.6199951171875","0.009658455848693848","-0.03452444076538086","0.3997487723827362","Services","SERVICES-CONSUMER CREDIT REPORTING, COLLECTION AGENCIES","1","1","0","POS","2026-05-07T17:10:00Z","-0.7152777777777778","17.0","Equifax Board of Directors Declares Quarterly Dividend","The declaration of a quarterly dividend demonstrates financial strength and confidence in the company's cash flow generation. The continuation of dividend payments for over 100 consecutive years reflects stability and commitment to shareholder returns, which is generally viewed p","dividend;quarterly;shareholder returns;Equifax;cash dividend","False","False","False"
"319","DE","-0.2773860401954121","0.6344621513944223","580.5399780273438","-0.01581704616546631","-0.060614943504333496","0.359620600938797","Manufacturing","FARM MACHINERY & EQUIPMENT","0","0","0","NO-NEWS","","","","","","","False","False","False"
"320","CPRT","-0.2788347269575559","0.6364541832669323","33.880001068115234","0.02325582504272461","0.026977896690368652","0.13537196815013885","Retail","RETAIL-AUTO DEALERS & GASOLINE STATIONS","0","0","0","NO-NEWS","","","","","","","False","False","False"
"321","HON","-0.2807697199985859","0.6384462151394422","216.07000732421875","0.008118391036987305","-0.08468180894851685","0.24748916923999786","Manufacturing","AIRCRAFT ENGINES & ENGINE PARTS","2","2","0","POS","2026-05-04T03:00:00Z","2.875","3.0","Surge Protection Devices Market Size to Grow USD 6.09 Billion by 2035 | Research by SNS Insider","Listed as a leading market player positioned to benefit from strong market growth driven by increasing electronic infrastructure protection needs and building code requirements.","surge protection devices;market growth;electronics protection;IoT devices;building codes","False","False","False"
"322","TSN","-0.28127106625158654","0.6404382470119522","67.94000244140625","0.060402750968933105","0.0385204553604126","0.34414851665496826","Manufacturing","POULTRY SLAUGHTERING AND PROCESSING","3","3","0","STRONG-POS","2026-05-04T20:05:00Z","2.1631944444444446","20.0","Tyson Foods’ Total Returns: Tasty Treats for Income Investors?","Strong fundamentals with 3.2% dividend yield, 15-year history of dividend increases, Q2 earnings beat consensus estimates by over 1,000 basis points, solid technical double bottom setup with 50% upside potential, analyst consensus with bullish bias (35% Buy-side, no Sell ratings)","Tyson Foods;dividend yield;earnings growth;technical analysis;double bottom pattern","False","False","False"
"323","OKE","-0.28233304364631295","0.6424302788844621","85.87000274658203","-0.0712740421295166","-0.003597080707550049","0.28828179836273193","Transportation_Utilities","NATURAL GAS TRANSMISSION & DISTRIBUTION","1","1","0","POS","2026-05-01T10:15:00Z","5.572916666666667","10.0","This 4.7%-Yielding Energy Stock Reported Robust Earnings Growth and Sees More Growth Coming Down the Pipeline","Company delivered double-digit earnings growth (12% net income, 13% EBITDA), raised full-year guidance, generated strong cash flow covering dividends with room to spare, increased dividend by 4%, and has multiple high-value expansion projects in pipeline through 2028 with favorab","energy midstream;earnings growth;dividend yield;capital projects;natural gas","False","False","False"
"324","SLB","-0.28233304364631295","0.6444223107569721","53.0","-0.0682138204574585","0.008755207061767578","0.2825058102607727","Mining","OIL & GAS FIELD SERVICES, NEC","1","1","0","POS","2026-05-04T11:03:36Z","2.5391666666666666","11.0","What's Going On With Equinor Stock Monday?","Awarded drilling and well service contracts by Equinor as part of the $1.4 billion contract extension, providing revenue opportunity and business continuity.","Equinor;energy sector;drilling contracts;well services;Norwegian continental shelf","False","False","False"
"325","DRI","-0.28233304364631295","0.646414342629482","195.1699981689453","-0.02687472105026245","-0.005959033966064453","0.2646597623825073","Retail","RETAIL-EATING PLACES","0","0","0","NO-NEWS","","","","","","","False","False","False"
"326","MRSH","-0.28233304364631295","0.648406374501992","166.02999877929688","-0.010017335414886475","-0.0410650372505188","0.32858720421791077","Finance_Insurance_RealEstate","INSURANCE AGENTS, BROKERS & SERVICE","0","0","0","NO-NEWS","","","","","","","False","False","False"
"327","PRU","-0.28233304364631295","0.650398406374502","99.44000244140625","0.013556241989135742","0.024098873138427734","0.29067134857177734","Finance_Insurance_RealEstate","LIFE INSURANCE","1","0","0","NEUTRAL","2026-05-01T12:00:00Z","5.5","12.0","Abacus Chairman and CEO to Speak at the Milken Institute Global Conference in Los Angeles","Mentioned only as a panel participant; no specific news or developments regarding the company are disclosed.","Abacus Global Management;Milken Institute Global Conference;private wealth;financial security;alternative asset management","False","False","False"
"328","AME","-0.28233304364631295","0.6523904382470119","234.72999572753906","-0.003269672393798828","0.005310654640197754","0.2773866057395935","Manufacturing","INDUSTRIAL INSTRUMENTS FOR MEASUREMENT, DISPLAY, AND CONTROL","0","0","0","NO-NEWS","","","","","","","False","False","False"
"329","CBRE","-0.28233304364631295","0.6543824701195219","146.6999969482422","0.027814745903015137","0.029762625694274902","0.2772800326347351","Finance_Insurance_RealEstate","REAL ESTATE","0","0","0","NO-NEWS","","","","","","","False","False","False"
"330","ICE","-0.2837817304084568","0.6563745019920318","156.11000061035156","-0.01252448558807373","-0.036179542541503906","0.20086771249771118","Finance_Insurance_RealEstate","SECURITY & COMMODITY BROKERS, DEALERS, EXCHANGES & SERVICES","1","1","0","POS","2026-05-05T20:25:00Z","1.1493055555555556","20.0","Polymarket Volume Is Exploding -- but the Real Money Might Be in This Tiny Sports Data Duopoly Stock.","NYSE parent company disclosed plans for $2 billion investment in Polymarket at $8 billion valuation, signaling institutional confidence in prediction market growth and positioning the company to benefit from market expansion.","prediction markets;sports data;official data rights;Polymarket;regulatory tailwind","False","False","False"
"331","WFC","-0.2837817304084568","0.6583665338645418","79.16000366210938","-0.037334322929382324","-0.07974880933761597","0.2730102241039276","Finance_Insurance_RealEstate","NATIONAL COMMERCIAL BANKS","1","1","0","POS","2026-05-06T17:44:00Z","0.2611111111111111","17.0","Earnings Season Shows Resilient Consumers and Surging AI Demand","CEO reported consumers spending more than a year ago with no slowdown in non-gas spending categories, demonstrating financial strength","earnings season;consumer spending;AI demand;tech growth;capital expenditure","False","False","False"
"332","CSX","-0.2837817304084568","0.6603585657370518","44.459999084472656","-0.02135157585144043","0.04636383056640625","0.30978235602378845","Transportation_Utilities","RAILROADS, LINE-HAUL OPERATING","2","2","0","POS","2026-05-06T14:35:00Z","0.3923611111111111","14.0","Welcome to Shareholder Meeting Month: AI, Oil, and Consumer Are in the Spotlight","Reported healthy railcar volumes in Q1 and stock hit all-time highs; new CEO Steve Angel's confidence could buttress manufacturing PMI improvements.","shareholder meetings;AGM;consumer spending;AI strategy;energy prices","False","False","False"
"333","AWK","-0.2837817304084568","0.6623505976095617","126.19999694824219","-0.017287015914916992","-0.09371638298034668","0.2094009667634964","Transportation_Utilities","WATER SUPPLY","0","0","0","NO-NEWS","","","","","","","False","False","False"
"334","BAC","-0.2837817304084568","0.6643426294820717","52.75","-0.013280928134918213","0.0007588863372802734","0.1839383840560913","Finance_Insurance_RealEstate","NATIONAL COMMERCIAL BANKS","5","2","1","POS","2026-05-07T08:06:00Z","-0.3375","8.0","Warren Buffett's Successor, Greg Abel, Appears to Have Sold Shares of Bank of America for a 7th Consecutive Quarter","The article indicates sustained selling pressure from Berkshire Hathaway's leadership due to valuation concerns. Bank of America shares have moved from a 62% discount to book value (when Buffett initially invested) to a 43% premium, making it less attractive to value-focused inve","Greg Abel;Warren Buffett;Berkshire Hathaway;Bank of America;stock selling","False","False","False"
"335","SPGI","-0.2837817304084568","0.6663346613545816","428.67999267578125","-0.005913376808166504","0.01027524471282959","0.21359671652317047","Services","SERVICES-CONSUMER CREDIT REPORTING, COLLECTION AGENCIES","0","0","0","NO-NEWS","","","","","","","False","False","False"
"336","SRE","-0.2837817304084568","0.6683266932270916","91.56999969482422","-0.03732132911682129","-0.08200502395629883","0.18992429971694946","Transportation_Utilities","GAS & OTHER SERVICES COMBINED","0","0","0","NO-NEWS","","","","","","","False","False","False"
"337","EQIX","-0.2837817304084568","0.6703187250996016","1066.760009765625","-0.01484072208404541","0.034113168716430664","0.19378842413425446","Finance_Insurance_RealEstate","REAL ESTATE INVESTMENT TRUSTS","2","1","0","POS","2026-05-05T15:35:00Z","1.3506944444444444","15.0","3 Next Generation Nuclear Energy Stocks Investors Should Be Watching Closely","Mentioned as having issued letter of intent with Oklo, indicating interest in advanced nuclear power solutions.","nuclear energy;small modular reactors;microreactors;next-generation nuclear;energy demand","False","False","False"
"338","CFG","-0.2837817304084568","0.6723107569721115","64.22000122070312","-0.01275944709777832","-0.011543810367584229","0.201767697930336","Finance_Insurance_RealEstate","STATE COMMERCIAL BANKS","0","0","0","NO-NEWS","","","","","","","False","False","False"
"339","AON","-0.2837817304084568","0.6743027888446215","313.5899963378906","0.006224989891052246","-0.03629380464553833","0.3080943524837494","Finance_Insurance_RealEstate","INSURANCE AGENTS, BROKERS & SERVICE","0","0","0","NO-NEWS","","","","","","","False","False","False"
"340","MCO","-0.2837817304084568","0.6762948207171314","457.1000061035156","-0.010284721851348877","0.04308342933654785","0.2469925582408905","Services","SERVICES-CONSUMER CREDIT REPORTING, COLLECTION AGENCIES","1","0","0","NEUTRAL","2026-05-07T08:24:00Z","-0.35","8.0","The Stock Market Faces Serious Problems in President Trump's Economy. History Says This Could Happen Next.","Moody's is cited as a source providing economic analysis and forecasts about inflation and tariff impacts, but the company itself is not directly affected by the economic concerns discussed.","Iran military operations;oil supply disruption;gasoline prices;tariffs;inflation","False","False","False"
"341","FAST","-0.2837817304084568","0.6782868525896414","44.36000061035156","-0.012686371803283691","-0.09653764963150024","0.334653377532959","Retail","RETAIL-BUILDING MATERIALS, HARDWARE, GARDEN SUPPLY","0","0","0","NO-NEWS","","","","","","","False","False","False"
"342","MTD","-0.2837817304084568","0.6802788844621513","1319.2900390625","0.03343236446380615","-0.011767745018005371","0.3089747130870819","Manufacturing","LABORATORY ANALYTICAL INSTRUMENTS","0","0","0","NO-NEWS","","","","","","","False","False","False"
"343","ITW","-0.2837817304084568","0.6822709163346613","255.52999877929688","-0.009612083435058594","-0.06460940837860107","0.25829440355300903","Manufacturing","GENERAL INDUSTRIAL MACHINERY & EQUIPMENT","0","0","0","NO-NEWS","","","","","","","False","False","False"
"344","KEY","-0.2837817304084568","0.6842629482071713","21.690000534057617","-0.018995940685272217","0.0018476247787475586","0.19678011536598206","Finance_Insurance_RealEstate","NATIONAL COMMERCIAL BANKS","0","0","0","NO-NEWS","","","","","","","False","False","False"
"345","FITB","-0.2837817304084568","0.6862549800796812","49.66999816894531","-0.021473586559295654","-0.010951876640319824","0.22536331415176392","Finance_Insurance_RealEstate","STATE COMMERCIAL BANKS","0","0","0","NO-NEWS","","","","","","","False","False","False"
"346","SOLV","-0.28415370453518085","0.6882470119521913","71.6500015258789","0.06368768215179443","0.08265340328216553","0.2660858631134033","Manufacturing","SURGICAL & MEDICAL INSTRUMENTS & APPARATUS","0","0","0","NO-NEWS","","","","","","","False","False","False"
"347","TDG","-0.28415370453518085","0.6902390438247012","1241.97998046875","0.07069087028503418","0.013430953025817871","0.4135463237762451","Manufacturing","AIRCRAFT PARTS & AUXILIARY EQUIPMENT, NEC","0","0","0","NO-NEWS","","","","","","","False","False","False"
"348","BXP","-0.28518287367947914","0.6922310756972112","59.459999084472656","0.017105698585510254","0.13300299644470215","0.2534746527671814","Finance_Insurance_RealEstate","REAL ESTATE INVESTMENT TRUSTS","0","0","0","NO-NEWS","","","","","","","False","False","False"
"349","INVH","-0.28518287367947914","0.6942231075697212","28.969999313354492","0.006951689720153809","0.11423075199127197","0.22834081947803497","Finance_Insurance_RealEstate","REAL ESTATE OPERATORS (NO DEVELOPERS) & LESSORS","0","0","0","NO-NEWS","","","","","","","False","False","False"
"350","MSFT","-0.28518287367947914","0.6962151394422311","420.7699890136719","0.03185534477233887","0.12785804271697998","0.34657615423202515","Services","SERVICES-PREPACKAGED SOFTWARE","56","25","9","POS","2026-05-07T16:44:28Z","-0.6975462962962963","16.0","Nasdaq 100 Climbs Records, Oil Extends Drop As Iran Weighs Hormuz Deal: Stock Market Today","Stock rose 2.7% as part of broader tech strength driving Nasdaq to record highs.","oil prices;Strait of Hormuz;tech stocks;earnings;record highs","False","False","False"
"351","COP","-0.2907039542634603","0.6982071713147411","114.87999725341797","-0.0866592526435852","-0.0695716142654419","0.387868195772171","Manufacturing","PETROLEUM REFINING","3","1","1","NEUTRAL","2026-05-06T17:44:00Z","0.2611111111111111","17.0","Earnings Season Shows Resilient Consumers and Surging AI Demand","CFO warned of lost supply impacts becoming apparent and potential critical shortages in import-dependent countries by June-July","earnings season;consumer spending;AI demand;tech growth;capital expenditure","False","False","False"
"352","EQT","-0.29382776667633653","0.700199203187251","56.220001220703125","-0.06424766778945923","-0.054649412631988525","0.26195627450942993","Mining","CRUDE PETROLEUM & NATURAL GAS","2","2","0","POS","2026-05-06T17:25:51Z","0.27371527777777777","17.0","This $4 Million NMI Holdings Sale Comes as the Insurer Grows Book Value 15%","Listed as Muhlenkamp's second-largest holding at $25.54 million (6.7% of AUM), indicating the fund manager's confidence in the company's prospects.","mortgage insurance;private mortgage guaranty;book value growth;fund rebalancing;underperformance","False","False","False"
"353","T","-0.29382776667633653","0.702191235059761","25.260000228881836","-0.03329503536224365","-0.05886733531951904","0.27124881744384766","Transportation_Utilities","TELEPHONE COMMUNICATIONS (NO RADIOTELEPHONE)","2","0","2","STRONG-NEG","2026-05-01T18:32:00Z","5.227777777777778","18.0","The Death of the Cell Tower: Why the Infrastructure Backbone of the Internet May Already Be Obsolete, According to James Altucher","Article positions AT&T as part of incumbent telecom industry facing fundamental competitive threat from satellite-based alternatives offering superior service at lower costs.","satellite internet;cell towers;5G;telecom disruption;infrastructure","False","False","False"
"354","XOM","-0.29382776667633653","0.704183266932271","146.5800018310547","-0.05021709203720093","-0.05456650257110596","0.2770310938358307","Manufacturing","PETROLEUM REFINING","8","5","0","STRONG-POS","2026-05-06T18:32:00Z","0.22777777777777777","18.0","Occidental Petroleum: Buy, Sell, or Hold?","Cited as a better-positioned competitor relative to Occidental, particularly if oil prices decline. This implies stronger diversification and resilience compared to Occidental.","oil and gas;stock rebound;OxyChem sale;debt reduction;crude oil prices","False","False","False"
"355","TTWO","-0.29382776667633653","0.7061752988047809","223.5","0.045565128326416016","0.12850284576416016","0.29688742756843567","Services","SERVICES-PREPACKAGED SOFTWARE","0","0","0","NO-NEWS","","","","","","","False","False","False"
"356","PSA","-0.29382776667633653","0.7081673306772909","309.3299865722656","0.022747516632080078","0.05476176738739014","0.2776060998439789","Finance_Insurance_RealEstate","REAL ESTATE INVESTMENT TRUSTS","0","0","0","NO-NEWS","","","","","","","False","False","False"
"357","TFC","-0.29416622434511025","0.7101593625498008","49.7400016784668","-0.03417474031448364","-0.014659225940704346","0.2179987132549286","Finance_Insurance_RealEstate","NATIONAL COMMERCIAL BANKS","0","0","0","NO-NEWS","","","","","","","False","False","False"
"358","AIZ","-0.29561491110725413","0.7121513944223108","233.8000030517578","-0.010454118251800537","0.04711580276489258","0.21461796760559082","Finance_Insurance_RealEstate","INSURANCE CARRIERS, NEC","0","0","0","NO-NEWS","","","","","","","False","False","False"
"359","AZO","-0.2964126347522782","0.7141434262948207","3554.8798828125","-0.040266990661621094","0.0018854141235351562","0.3184729218482971","Retail","RETAIL-AUTO & HOME SUPPLY STORES","0","0","0","NO-NEWS","","","","","","","False","False","False"
"360","KVUE","-0.2969444615707047","0.7161354581673307","17.719999313354492","0.010838508605957031","0.01663792133331299","0.16523705422878265","Manufacturing","PERFUMES, COSMETICS & OTHER TOILET PREPARATIONS","2","0","0","NEUTRAL","2026-05-07T12:15:00Z","-0.5104166666666666","12.0","These 3 Dividend Stocks Have Made Investors Rich. They Can Do It Again.","Being acquired by Kimberly-Clark in deal valued at $48.7 billion, approved January 2026, closing expected second half 2026. Neutral sentiment as it's transitioning to subsidiary status rather than independent company.","dividend stocks;consumer goods;margin expansion;cocoa prices;acquisition","False","False","False"
"361","BX","-0.2980978530877417","0.7181274900398407","122.33000183105469","-0.02587991952896118","0.046449899673461914","0.43290066719055176","Finance_Insurance_RealEstate","INVESTMENT ADVICE","1","1","0","POS","2026-05-05T09:01:32Z","1.623935185185185","9.0","Roundhill Files for 'Magnificent Seven Plus' ETF With AI, Space Twist","Committing $450 million to Anthropic joint venture, demonstrating confidence in AI sector growth and strategic positioning.","ETF filing;Magnificent Seven;AI exposure;space companies;mega-cap tech","False","False","False"
"362","SYF","-0.2980978530877417","0.7201195219123506","74.0","-0.028871357440948486","0.020830512046813965","0.2708105444908142","Finance_Insurance_RealEstate","FINANCE SERVICES","0","0","0","NO-NEWS","","","","","","","False","False","False"
"363","ABNB","-0.2980978530877417","0.7221115537848606","140.4600067138672","0.0007125139236450195","0.08748841285705566","0.2204178422689438","Services","SERVICES-TO DWELLINGS & OTHER BUILDINGS","2","1","1","NEUTRAL","2026-05-07T19:03:00Z","-0.79375","19.0","Uber’s Annual Product Showcase Reveals It Is Coming for Airbnb and Booking","Uber is directly competing with Airbnb by entering the short-term rental booking market through partnerships with Expedia Group brands like Vrbo, positioning itself as a competitor in the vacation rental space.","travel expansion;hotel booking;short-term rentals;Expedia partnership;Uber One membership","False","False","False"
"364","AMGN","-0.30187976542047806","0.7241035856573705","329.0899963378906","-0.049559593200683594","-0.0745500922203064","0.2500222325325012","Manufacturing","BIOLOGICAL PRODUCTS, (NO DIAGNOSTIC SUBSTANCES)","3","2","1","POS","2026-05-07T17:48:00Z","-0.7416666666666667","17.0","Accumulus Technologies gibt die Live-Integration mit Veeva RIM bekannt und ermöglicht damit eine nahtlose Verbindung zwischen RIM und den Aufsichtsbehörden","As an early adopter of Direct Connect, Amgen benefits from improved regulatory processes, reduced manual work, and enhanced transparency in regulatory submissions, leading to operational efficiencies.","regulatory information management;life sciences;digital transformation;cloud-based integration;drug approval process","False","False","False"
"365","CCI","-0.30187976542047806","0.7260956175298805","91.06999969482422","0.025794148445129395","0.05198109149932861","0.2928944230079651","Finance_Insurance_RealEstate","REAL ESTATE INVESTMENT TRUSTS","1","0","0","NEUTRAL","2026-05-01T13:23:42Z","5.441875","13.0","Arium Networks Launches Following Completion of EQT's Acquisition of Crown Castle's Small Cell Solutions Business","Divested its Small Cell & Venue business to EQT; this represents a strategic portfolio decision rather than negative news, as the company is focusing on other infrastructure assets.","Arium Networks;EQT;Crown Castle;small cell infrastructure;5G connectivity","False","False","False"
"366","BALL","-0.30187976542047806","0.7280876494023905","58.40999984741211","-0.04371321201324463","-0.07094001770019531","0.3225727379322052","Manufacturing","METAL CANS","0","0","0","NO-NEWS","","","","","","","False","False","False"
"367","MMM","-0.30187976542047806","0.7300796812749004","143.75","-0.018905282020568848","-0.04485046863555908","0.251179575920105","Manufacturing","SURGICAL & MEDICAL INSTRUMENTS & APPARATUS","3","1","1","NEUTRAL","2026-05-06T14:35:00Z","0.3923611111111111","14.0","Welcome to Shareholder Meeting Month: AI, Oil, and Consumer Are in the Spotlight","Stock declined from $170 high in February to laggard status; dinged by elevated oil prices and new CEO has not generated bullish sentiment.","shareholder meetings;AGM;consumer spending;AI strategy;energy prices","False","False","False"
"368","GILD","-0.30187976542047806","0.7320717131474104","134.05999755859375","0.024610161781311035","-0.05651348829269409","0.21322204172611237","Manufacturing","BIOLOGICAL PRODUCTS, (NO DIAGNOSTIC SUBSTANCES)","2","1","0","POS","2026-05-07T20:00:00Z","-0.8333333333333334","20.0","Assembly Biosciences Reports First Quarter 2026 Financial Results and Recent Highlights","Gilead is mentioned as a collaborative partner with exclusive rights to develop and commercialize the helicase-primase inhibitor program. The relationship appears on track with Assembly Bio evaluating cost-profit share options, but Gilead's own performance and strategic implicati","Assembly Biosciences;ABI-5366;ABI-1179;ABI-6250;herpes","False","False","False"
"369","PCG","-0.30187976542047806","0.7340637450199203","16.190000534057617","-0.025872468948364258","-0.1309714913368225","0.19473497569561005","Transportation_Utilities","ELECTRIC & OTHER SERVICES COMBINED","0","0","0","NO-NEWS","","","","","","","False","False","False"
"370","FE","-0.30187976542047806","0.7360557768924303","45.16999816894531","-0.049452900886535645","-0.12984013557434082","0.17249295115470886","Transportation_Utilities","ELECTRIC SERVICES","0","0","0","NO-NEWS","","","","","","","False","False","False"
"371","HD","-0.30187976542047806","0.7380478087649402","322.6400146484375","-0.01873469352722168","-0.049885094165802","0.2689209580421448","Retail","RETAIL-LUMBER & OTHER BUILDING MATERIALS DEALERS","2","1","0","POS","2026-05-06T14:35:00Z","0.3923611111111111","14.0","Welcome to Shareholder Meeting Month: AI, Oil, and Consumer Are in the Spotlight","Notable AGM scheduled; consumer discretionary exposure provides insight into household spending trends and housing market health.","shareholder meetings;AGM;consumer spending;AI strategy;energy prices","False","False","False"
"372","AES","-0.30187976542047806","0.7400398406374502","14.289999961853027","-0.011072635650634766","-0.00832754373550415","0.05777948722243309","Transportation_Utilities","COGENERATION SERVICES & SMALL POWER PRODUCERS","0","0","0","NO-NEWS","","","","","","","False","False","False"
"373","WY","-0.30187976542047806","0.7420318725099602","23.700000762939453","-0.03344208002090454","-0.045124828815460205","0.24312172830104828","Finance_Insurance_RealEstate","REAL ESTATE INVESTMENT TRUSTS","1","1","0","POS","2026-05-07T08:16:00Z","-0.34444444444444444","8.0","Weyerhaeuser: Why the Timber Giant’s $50M-per-$10 Lumber Sensitivity Makes It a Value Trap","Trading at significant discount to NAV (0.61x) with identifiable catalysts for recovery. Company benefits from structural supply constraints, maintains dividend growth despite trough earnings, and has multiple growth drivers (NCS, TimberStrand, potential China recovery). The $50M","timber REIT;lumber prices;timberland assets;EBITDA sensitivity;housing market","False","False","False"
"374","EOG","-0.30187976542047806","0.7440239043824701","130.88999938964844","-0.06886255741119385","-0.0416606068611145","0.3210909068584442","Mining","CRUDE PETROLEUM & NATURAL GAS","0","0","0","NO-NEWS","","","","","","","False","False","False"
"375","VRTX","-0.30187976542047806","0.7460159362549801","425.0","-0.005568802356719971","-0.04874885082244873","0.1749965250492096","Manufacturing","PHARMACEUTICAL PREPARATIONS","1","1","0","POS","2026-05-06T07:30:00Z","0.6875","7.0","Is This Millionaire-Maker Biotech Stock a Buy Right Now?","Despite current challenges with slowing core business growth (8% YoY), the company has strong long-term prospects with upcoming pipeline approvals (Casgevy, povetacicept) expected to significantly boost non-CF revenue from $175.4M to $500M+ in 2026, and a diversified portfolio an","biotech;cystic fibrosis;gene editing;drug approval;portfolio diversification","False","False","False"
"376","ABBV","-0.30187976542047806","0.74800796812749","202.7100067138672","-0.040743887424468994","-0.045621395111083984","0.26411545276641846","Manufacturing","PHARMACEUTICAL PREPARATIONS","5","4","0","STRONG-POS","2026-05-06T08:10:00Z","0.6597222222222222","8.0","Want Reliable Dividend Income in May? These 2 Stocks Deliver","AbbVie is highlighted as a Dividend King with 54 years of consecutive dividend increases, strong business fundamentals, successful navigation of patent cliff with new drug successes (Skyrizi, Rinvoq), robust pipeline with 60 programs in development, and a solid 3.27% dividend yie","dividend stocks;dividend income;Dividend Kings;REIT;monthly dividends","False","False","False"
"377","RSG","-0.30187976542047806","0.75","201.5500030517578","-0.036659955978393555","-0.07119816541671753","0.22666269540786743","Transportation_Utilities","REFUSE SYSTEMS","0","0","0","NO-NEWS","","","","","","","False","False","False"
"378","COF","-0.30187976542047806","0.75199203187251","192.58999633789062","0.006743311882019043","-0.010989546775817871","0.23885488510131836","Finance_Insurance_RealEstate","NATIONAL COMMERCIAL BANKS","0","0","0","NO-NEWS","","","","","","","False","False","False"
"379","CVX","-0.30187976542047806","0.7539840637450199","182.5","-0.055920541286468506","-0.04129016399383545","0.26248037815093994","Manufacturing","PETROLEUM REFINING","12","9","0","STRONG-POS","2026-05-06T18:32:00Z","0.22777777777777777","18.0","Occidental Petroleum: Buy, Sell, or Hold?","Similarly mentioned as a better-positioned competitor with greater diversification than Occidental, suggesting stronger positioning in potential downturns in oil prices.","oil and gas;stock rebound;OxyChem sale;debt reduction;crude oil prices","False","False","False"
"380","ROL","-0.30187976542047806","0.7559760956175299","54.38999938964844","-0.024044513702392578","-0.025094151496887207","0.1927349716424942","Services","SERVICES-TO DWELLINGS & OTHER BUILDINGS","0","0","0","NO-NEWS","","","","","","","False","False","False"
"381","AXP","-0.30187976542047806","0.7579681274900398","318.69000244140625","-0.013496339321136475","0.0028952360153198242","0.27316832542419434","Finance_Insurance_RealEstate","FINANCE SERVICES","2","1","0","POS","2026-05-06T09:05:00Z","0.6215277777777778","9.0","Warren Buffett Made This Surprising $35 Billion Bet 10 Years Ago, and It Turned into $185 Billion. Is It Still a Buy Today?","Referenced as another long-term Berkshire Hathaway holding exemplifying Buffett's strategy, but receives no detailed analysis or investment recommendation.","Warren Buffett;long-term investing;Apple investment;technology stocks;competitive advantage","False","False","False"
"382","ETR","-0.3061498518318833","0.7599601593625498","112.0199966430664","-0.0499534010887146","-0.04615128040313721","0.24754279851913452","Transportation_Utilities","ELECTRIC SERVICES","1","0","0","NEUTRAL","2026-05-07T13:22:41Z","-0.5574189814814815","13.0","Financial Advisor Exits Position in Industrial Stock, According to Latest SEC Filing","Mentioned as a top holding of Aurora Investment Counsel ($3.27 million, 1.8% of AUM) with no specific news or sentiment drivers in the article.","SEC filing;position exit;Gorman-Rupp;industrial stock;AI data centers","False","False","False"
"383","OMC","-0.3061498518318833","0.7619521912350598","76.91999816894531","0.0026068687438964844","0.027243614196777344","0.1635548323392868","Services","SERVICES-ADVERTISING AGENCIES","1","1","0","POS","2026-05-05T20:05:00Z","1.1631944444444444","20.0","Omnicom Declares Dividend","The declaration of a quarterly dividend of $0.80 per share demonstrates financial strength and confidence in the company's cash generation ability. Regular dividend payments are generally viewed positively by investors as they indicate stable profitability and management's confid","dividend;quarterly dividend;shareholder returns;Omnicom Group;marketing and sales","False","False","False"
"384","NSC","-0.3061498518318833","0.7639442231075697","313.3900146484375","-0.0077255964279174805","0.06125986576080322","0.3152628540992737","Transportation_Utilities","RAILROADS, LINE-HAUL OPERATING","1","0","1","NEG","2026-05-04T18:00:00Z","2.25","18.0","Revised Filing Does Not Address Competitive Balance Issues Created By UP-NS Merger","As the other party to the proposed merger, Norfolk Southern faces the same competitive concerns raised by CSX regarding industry imbalance and reduced shipper options, indicating potential regulatory obstacles to the transaction.","merger review;Surface Transportation Board;Union Pacific;Norfolk Southern;freight rail competition","False","False","False"
"385","NI","-0.3061498518318833","0.7659362549800797","47.02000045776367","-0.02609771490097046","-0.029915452003479004","0.1808103770017624","Transportation_Utilities","ELECTRIC & OTHER SERVICES COMBINED","0","0","0","NO-NEWS","","","","","","","False","False","False"
"386","EVRG","-0.3061498518318833","0.7679282868525896","82.7300033569336","-0.0013277530670166016","-0.01990288496017456","0.19020546972751617","Transportation_Utilities","ELECTRIC & OTHER SERVICES COMBINED","0","0","0","NO-NEWS","","","","","","","False","False","False"
"387","ESS","-0.3061498518318833","0.7699203187250996","267.3699951171875","0.01580488681793213","0.0693516731262207","0.2262549102306366","Finance_Insurance_RealEstate","REAL ESTATE INVESTMENT TRUSTS","0","0","0","NO-NEWS","","","","","","","False","False","False"
"388","ES","-0.3061498518318833","0.7719123505976095","67.04000091552734","-0.05176800489425659","-0.050021231174468994","0.22354164719581604","Transportation_Utilities","ELECTRIC SERVICES","0","0","0","NO-NEWS","","","","","","","False","False","False"
"389","ORLY","-0.3061498518318833","0.7739043824701195","94.58000183105469","-0.048490941524505615","0.001906752586364746","0.3619357943534851","Retail","RETAIL-AUTO & HOME SUPPLY STORES","0","0","0","NO-NEWS","","","","","","","False","False","False"
"390","EQR","-0.3061498518318833","0.7758964143426295","65.86000061035156","0.007341742515563965","0.08931529521942139","0.25302764773368835","Finance_Insurance_RealEstate","REAL ESTATE INVESTMENT TRUSTS","0","0","0","NO-NEWS","","","","","","","False","False","False"
"391","GM","-0.3061498518318833","0.7778884462151394","78.41000366210938","0.019768595695495605","0.02189493179321289","0.29220685362815857","Manufacturing","MOTOR VEHICLES & PASSENGER CAR BODIES","3","1","1","NEUTRAL","2026-05-04T22:25:13Z","2.065821759259259","22.0","Tesla Brand Recovery? New Survey Shows EV Giant Top Rating For US Loyalty – Palihapitiya Says 'Once You Drive A Tesla…'","GM's Chevrolet brand saw loyalty ratings decline, suggesting weakening customer loyalty and market position relative to Tesla's improving brand strength.","Tesla loyalty;brand recovery;S&P Global Mobility;Full Self-Driving;EV market","False","False","False"
"392","EXR","-0.3061498518318833","0.7798804780876494","143.27000427246094","-0.00041860342025756836","0.029164552688598633","0.23267728090286255","Finance_Insurance_RealEstate","REAL ESTATE INVESTMENT TRUSTS","0","0","0","NO-NEWS","","","","","","","False","False","False"
"393","HAS","-0.3061498518318833","0.7818725099601593","97.38999938964844","0.01617276668548584","0.046529173851013184","0.3820362985134125","Manufacturing","GAMES, TOYS & CHILDREN'S VEHICLES (NO DOLLS & BICYCLES)","1","1","0","POS","2026-05-05T17:00:00Z","1.2916666666666667","17.0","Evan Shapiro’s Media Universe Summit Returns to Questex’s StreamTV Show 2026 with Expanded Agenda and New Industry Case Studies","Featured in live case study showcasing new landmark kids content joint venture with Animaj; demonstrates active innovation in content strategy.","Media Universe Summit;streaming industry;Affinity Economy;media consolidation;content creation","False","False","False"
"394","GS","-0.3061498518318833","0.7838645418326693","925.8699951171875","0.0022733211517333984","0.024509787559509277","0.25812864303588867","Finance_Insurance_RealEstate","SECURITY BROKERS, DEALERS & FLOTATION COMPANIES","4","2","1","POS","2026-05-05T18:20:58Z","1.235439814814815","18.0","S&P 500 and Dow Jones Climb; Intel's 14% Surge Steals the Show","Gained 1.9% as part of broader market rally driven by positive earnings sentiment.","semiconductor stocks;Intel partnership;Apple chip manufacturing;supply chain diversification;AI spending","False","False","False"
"395","HIG","-0.3061498518318833","0.7858565737051793","132.6699981689453","-0.030260920524597168","-0.05505692958831787","0.21278220415115356","Finance_Insurance_RealEstate","FIRE, MARINE & CASUALTY INSURANCE","0","0","0","NO-NEWS","","","","","","","False","False","False"
"396","HLT","-0.3061498518318833","0.7878486055776892","320.29998779296875","-0.011633336544036865","-0.006852567195892334","0.2850050926208496","Services","HOTELS & MOTELS","1","0","0","NEUTRAL","2026-05-06T14:35:00Z","0.3923611111111111","14.0","Welcome to Shareholder Meeting Month: AI, Oil, and Consumer Are in the Spotlight","Up 8% YTD with mixed Q1 results; modest 2–3% FY2026 RevPAR growth guidance with Iran conflict headwinds; business travel trends will be key discussion point.","shareholder meetings;AGM;consumer spending;AI strategy;energy prices","False","False","False"
"397","MA","-0.3061498518318833","0.7898406374501992","500.94000244140625","-0.0039370059967041016","-0.005222737789154053","0.27223533391952515","Services","SERVICES-BUSINESS SERVICES, NEC","5","1","0","POS","2026-05-07T12:00:00Z","-0.5","12.0","Bitget Launches “Fan Story: UEX Through Your Eyes” Campaign with 100,000 USDT Prize Pool","Mastercard is mentioned only as a technology provider for Bitget Wallet's crypto card expansion in Africa. This is a standard B2B partnership announcement with no direct impact on Mastercard's core business or strategic direction.","community campaign;Universal Exchange;user engagement;prize pool;crypto trading","False","False","False"
"398","MAA","-0.3061498518318833","0.7918326693227091","130.36000061035156","0.009134650230407715","0.037732839584350586","0.25526896119117737","Finance_Insurance_RealEstate","REAL ESTATE INVESTMENT TRUSTS","0","0","0","NO-NEWS","","","","","","","False","False","False"
"399","MTB","-0.3061498518318833","0.7938247011952191","213.02000427246094","-0.025659799575805664","-0.044710516929626465","0.17709480226039886","Finance_Insurance_RealEstate","STATE COMMERCIAL BANKS","0","0","0","NO-NEWS","","","","","","","False","False","False"
"400","MSI","-0.3061498518318833","0.795816733067729","433.20001220703125","-0.013279259204864502","-0.02101689577102661","0.17150303721427917","Manufacturing","RADIO & TV BROADCASTING & COMMUNICATIONS EQUIPMENT","0","0","0","NO-NEWS","","","","","","","False","False","False"
"401","MSCI","-0.3061498518318833","0.797808764940239","588.3699951171875","-0.005140244960784912","0.07783758640289307","0.28241679072380066","Services","SERVICES-BUSINESS SERVICES, NEC","0","0","0","NO-NEWS","","","","","","","False","False","False"
"402","NEE","-0.3061498518318833","0.799800796812749","93.31999969482422","-0.04658764600753784","-0.012277781963348389","0.3510068953037262","Transportation_Utilities","ELECTRIC SERVICES","2","1","1","NEUTRAL","2026-05-05T09:38:00Z","1.5986111111111112","9.0","3 Energy Stocks to Buy and 2 to Avoid as AI Power Demand Explodes","Structurally misaligned with AI data center needs. Wind and solar cannot provide required baseload power; battery backup insufficient for overnight operations. Data centers need consistent 24/7 power regardless of weather.","AI power demand;data center infrastructure;energy bottleneck;baseload power;distributed generation","False","False","False"
"403","NDAQ","-0.3061498518318833","0.8017928286852589","89.0","-0.03166145086288452","0.05688166618347168","0.2347842901945114","Finance_Insurance_RealEstate","SECURITY & COMMODITY BROKERS, DEALERS, EXCHANGES & SERVICES","0","0","0","NO-NEWS","","","","","","","False","False","False"
"404","NDSN","-0.3061498518318833","0.8037848605577689","284.1300048828125","-0.0149766206741333","0.02852487564086914","0.19535288214683533","Manufacturing","GENERAL INDUSTRIAL MACHINERY & EQUIPMENT, NEC","0","0","0","NO-NEWS","","","","","","","False","False","False"
"405","FDX","-0.3061498518318833","0.8057768924302788","375.92999267578125","-0.06788825988769531","-0.0028381943702697754","0.4676600694656372","Transportation_Utilities","AIR COURIER SERVICES","4","1","3","NEG","2026-05-05T17:45:58Z","1.2597453703703703","17.0","Amazon's Next Gold Mine Is Worth $1.3 Trillion: Transport Stocks Begin Paying For It","Similar to UPS, FedEx is exposed to last-mile competition from Amazon's new service offering. Stock declined ~9% as market priced in the threat.","Amazon Supply Chain Services;third-party logistics;3PL market;transportation sector;last-mile delivery","False","False","False"
"406","FOX","-0.3061498518318833","0.8077689243027888","56.5","-0.009119629859924316","0.009469389915466309","0.21509745717048645","Transportation_Utilities","TELEVISION BROADCASTING STATIONS","0","0","0","NO-NEWS","","","","","","","False","False","False"
"407","MDLZ","-0.3061498518318833","0.8097609561752988","61.310001373291016","-0.0021158456802368164","0.03756988048553467","0.2516324818134308","Manufacturing","FOOD AND KINDRED PRODUCTS","1","0","1","NEG","2026-05-01T01:15:00Z","5.947916666666667","1.0","Europe Is Now Facing Its Second Energy Crisis in 4 Years. Here's What That Means.","Derives 39% of revenue from Europe with substantial manufacturing operations requiring energy-intensive ovens and fuel for distribution. Significant exposure to rising energy costs will negatively impact margins.","energy crisis;Europe;Strait of Hormuz;LNG;natural gas prices","False","False","False"
"408","MNST","-0.3061498518318833","0.8117529880478087","75.97000122070312","-0.014272689819335938","-0.002887547016143799","0.21318472921848297","Manufacturing","BOTTLED & CANNED SOFT DRINKS & CARBONATED WATERS","0","0","0","NO-NEWS","","","","","","","False","False","False"
"409","KMI","-0.3061498518318833","0.8137450199203188","31.520000457763672","-0.04107081890106201","-0.04397940635681152","0.22643887996673584","Transportation_Utilities","NATURAL GAS TRANSMISSION","1","0","0","NEUTRAL","2026-05-01T08:15:00Z","5.65625","8.0","Prediction: Energy Transfer Will Hit $25 in 2026","Referenced as a comparable pipeline company for valuation benchmarking but receives no specific analysis or recommendation.","Energy Transfer;pipeline stocks;oil prices;LNG development;master limited partnership","False","False","False"
"410","KO","-0.3061498518318833","0.8157370517928287","78.43000030517578","-0.004189968109130859","0.003197789192199707","0.2034914195537567","Manufacturing","BEVERAGES","2","1","0","POS","2026-05-07T11:30:00Z","-0.4791666666666667","11.0","Want Passive Income for Life? Buy These 3 Dividend Stocks Now.","64-year consecutive dividend increase streak (Dividend King), 10% organic revenue growth in Q1 2026, strong 34.5% operating margins, 65% payout ratio with room for increases, and stock outperforming S&P 500 by 13% year-to-date.","dividend stocks;passive income;dividend growth;consumer staples;REIT","False","False","False"
"411","KMB","-0.3061498518318833","0.8177290836653387","99.55999755859375","0.011480212211608887","0.01633322238922119","0.20942607522010803","Manufacturing","CONVERTED PAPER & PAPERBOARD PRODS (NO CONTANERS/BOXES)","3","3","0","STRONG-POS","2026-05-07T13:00:00Z","-0.5416666666666666","13.0","CJ Biomaterials and Yuhan-Kimberly Launch World’s First Reusable Nonwoven Paper Towel Made with Amorphous PHA","As a joint venture partner in Yuhan-Kimberly, benefits from the development of innovative sustainable products that enhance brand reputation and support long-term sustainability commitments in the personal care and hygiene sector.","biodegradable materials;PHA biopolymers;sustainable products;microplastics;reusable paper towels","False","False","False"
"412","YUM","-0.3061498518318833","0.8197211155378487","157.25","-0.015032827854156494","-0.02201622724533081","0.21650320291519165","Retail","RETAIL-EATING PLACES","1","0","1","NEG","2026-04-30T20:54:00Z","6.129166666666666","20.0","Domino’s Pizza: Outlook for the Berkshire Holding After Q1 Drop","Pizza Hut subsidiary plans to close 250 stores in 2026, indicating competitive distress and inability to match Domino's pricing power while maintaining profitability.","Domino's Pizza;Q1 2026 earnings;same-store sales;consumer sentiment;guidance reduction","False","False","False"
"413","JNJ","-0.3061498518318833","0.8217131474103586","222.50999450683594","-0.03193390369415283","-0.07790809869766235","0.173115074634552","Manufacturing","PHARMACEUTICAL PREPARATIONS","4","1","1","NEUTRAL","2026-05-06T16:37:58Z","0.3069675925925926","16.0","CVS Health's Lower Medical Cost Ratio Lift Profit, Outlook","CVS's new biosimilar strategy will move away from J&J's Stelara in favor of lower-cost interchangeable biosimilars like Pyzchiva and Yesintek, which could negatively impact J&J's branded drug sales.","CVS Health earnings;medical benefit ratio;biosimilars strategy;2026 guidance raise;pharmacy benefit management","False","False","False"
"414","WMT","-0.3061498518318833","0.8237051792828686","130.1999969482422","-0.013112962245941162","0.008286118507385254","0.20829905569553375","Retail","RETAIL-VARIETY STORES","6","3","0","STRONG-POS","2026-05-07T14:00:00Z","-0.5833333333333334","14.0","Gifts From Mom Get More Personal as Cate & Chloe Launches Its Mother's Day Sale","Walmart benefits from the exclusive promotional partnership, offering customers an affordable fine jewelry option during a high-spending holiday season. This positions Walmart as a destination for value-conscious Mother's Day shoppers seeking quality gifts.","Mother's Day;jewelry;affordable gifts;personalization;consumer spending","False","False","False"
"415","ADBE","-0.3061498518318833","0.8256972111553785","256.510009765625","0.042299866676330566","0.11555194854736328","0.4578664302825928","Services","SERVICES-PREPACKAGED SOFTWARE","2","2","0","POS","2026-05-06T19:28:16Z","0.1887037037037037","19.0","Michael Burry's Chip Short Just Got Wilder: SOXX Went From 43% Above Trend To 60%","Burry added to software positions including Adobe as part of rotation away from overvalued hardware sector toward software and services.","semiconductor short;technical analysis;mean reversion;200-day moving average;valuation stretch","False","False","False"
"416","ACGL","-0.3061498518318833","0.8276892430278885","94.5199966430664","0.0006351470947265625","-0.04370701313018799","0.25703901052474976","Finance_Insurance_RealEstate","FIRE, MARINE & CASUALTY INSURANCE","0","0","0","NO-NEWS","","","","","","","False","False","False"
"417","AEE","-0.3061498518318833","0.8296812749003984","108.7699966430664","-0.04293888807296753","-0.048547983169555664","0.18927447497844696","Transportation_Utilities","ELECTRIC & OTHER SERVICES COMBINED","0","0","0","NO-NEWS","","","","","","","False","False","False"
"418","WRB","-0.3061498518318833","0.8316733067729084","66.52999877929688","-0.0044890642166137695","-0.010117530822753906","0.22508367896080017","Finance_Insurance_RealEstate","FIRE, MARINE & CASUALTY INSURANCE","1","1","0","POS","2026-05-04T00:54:00Z","2.9625","0.0","Cole Floyd Earns First Bass Pro Tour Win at Yuengling Light Lager Stage 5 at Beaver Lake Presented by YETI","Sponsor offering daily Big Bass Award ($1,000); positive brand exposure through tournament sponsorship and prize offerings","Bass Pro Tour;Cole Floyd;Beaver Lake;tournament fishing;championship","False","False","False"
"419","WM","-0.3061498518318833","0.8336653386454184","221.4499969482422","-0.04773169755935669","-0.04997861385345459","0.22247111797332764","Transportation_Utilities","REFUSE SYSTEMS","0","0","0","NO-NEWS","","","","","","","False","False","False"
"420","AIG","-0.3061498518318833","0.8356573705179283","76.43000030517578","0.021791458129882812","-0.016598045825958252","0.27196282148361206","Finance_Insurance_RealEstate","FIRE, MARINE & CASUALTY INSURANCE","0","0","0","NO-NEWS","","","","","","","False","False","False"
"421","AEP","-0.3061498518318833","0.8376494023904383","131.75999450683594","-0.03901982307434082","-0.03930002450942993","0.21108761429786682","Transportation_Utilities","ELECTRIC SERVICES","2","2","0","POS","2026-05-06T14:34:54Z","0.39243055555555556","14.0","IEP Q1 2026 Earnings Transcript","Stock up 14% in Q1, reaffirmed 2026 EPS outlook, increased long-term operating earnings CAGR target to over 9%, supported by 63 gigawatts of contracted load growth and 11% rate base expansion through 2030.","leadership transition;net loss;refining hedges;investment funds;portfolio performance","False","False","False"
"422","AFL","-0.3061498518318833","0.8396414342629482","113.5999984741211","-0.0006158351898193359","0.004687309265136719","0.1636287271976471","Finance_Insurance_RealEstate","ACCIDENT & HEALTH INSURANCE","0","0","0","NO-NEWS","","","","","","","False","False","False"
"423","XEL","-0.3061498518318833","0.8416334661354582","80.43000030517578","-0.03037971258163452","-0.028271079063415527","0.28008320927619934","Transportation_Utilities","ELECTRIC & OTHER SERVICES COMBINED","0","0","0","NO-NEWS","","","","","","","False","False","False"
"424","WMB","-0.3061498518318833","0.8436254980079682","72.94999694824219","-0.044030964374542236","0.0017851591110229492","0.2338951975107193","Transportation_Utilities","NATURAL GAS TRANSMISSION","2","1","0","POS","2026-05-07T08:25:00Z","-0.3506944444444444","8.0","Williams Companies Stock Beats on EPS With Record EBITDA in Q1 2026","Strong EPS beat, record EBITDA, significant growth catalysts from natural gas demand (35% expected increase), substantial backlog of $15.5B, and strategic positioning in high-growth data center power market. Morgan Stanley raised price target to $90. However, positive sentiment i","Williams Companies;Q1 2026 earnings;natural gas demand;EBITDA;data center power","False","False","False"
"425","ISRG","-0.3061498518318833","0.8456175298804781","453.489990234375","-0.009003281593322754","-0.003187239170074463","0.3620992600917816","Manufacturing","ORTHOPEDIC, PROSTHETIC & SURGICAL APPLIANCES & SUPPLIES","0","0","0","NO-NEWS","","","","","","","False","False","False"
"426","L","-0.3061498518318833","0.8476095617529881","104.41000366210938","-0.07281768321990967","-0.058351337909698486","0.25958627462387085","Finance_Insurance_RealEstate","FIRE, MARINE & CASUALTY INSURANCE","1","0","1","NEG","2026-05-04T17:50:55Z","2.2563078703703705","17.0","Loews Stock Falls: CNA Insurance Woes Wipe Out Hotel Gains","Stock fell 7.05% on earnings day. While hotels and pipeline segments performed well, the significant decline in CNA Financial's core income (down $56 million YoY) and weaker underwriting results overshadowed positive performance elsewhere, causing investor disappointment.","Q1 2026 earnings;insurance underwriting weakness;reserve development;hotel segment strength;stock decline","False","False","False"
"427","LIN","-0.3061498518318833","0.849601593625498","493.8500061035156","-0.014546871185302734","-0.0187760591506958","0.20797473192214966","Manufacturing","INDUSTRIAL INORGANIC CHEMICALS","1","1","0","POS","2026-05-07T11:15:00Z","-0.46875","11.0","Even if the Iran War Ends, These Artificial Intelligence (AI) Growth Stocks Face a Helium Problem That Isn't Going Away","Linde, another U.S. helium supplier, has secured contracts with Samsung and SK Hynix as alternative suppliers. The company is positioned to benefit from increased helium demand and premium pricing during the global shortage.","helium shortage;semiconductor manufacturing;AI chips;geopolitical disruption;supply chain","False","False","False"
"428","LH","-0.3061498518318833","0.851593625498008","258.04998779296875","0.0048675537109375","-0.05566138029098511","0.2466016262769699","Services","SERVICES-MEDICAL LABORATORIES","0","0","0","NO-NEWS","","","","","","","False","False","False"
"429","LNT","-0.3061498518318833","0.853585657370518","71.69000244140625","-0.02369600534439087","-0.027536630630493164","0.1592879295349121","Transportation_Utilities","ELECTRIC & OTHER SERVICES COMBINED","0","0","0","NO-NEWS","","","","","","","False","False","False"
"430","KIM","-0.3061498518318833","0.8555776892430279","23.530000686645508","-0.0046530961990356445","0.019939303398132324","0.15523388981819153","Finance_Insurance_RealEstate","REAL ESTATE INVESTMENT TRUSTS","0","0","0","NO-NEWS","","","","","","","False","False","False"
"431","INCY","-0.3061498518318833","0.8575697211155379","97.7699966430664","0.026241183280944824","0.008353948593139648","0.2768024206161499","Services","SERVICES-COMMERCIAL PHYSICAL & BIOLOGICAL RESEARCH","0","0","0","NO-NEWS","","","","","","","False","False","False"
"432","KR","-0.3061498518318833","0.8595617529880478","66.41000366210938","-0.024386584758758545","-0.05600559711456299","0.23198314011096954","Retail","RETAIL-GROCERY STORES","0","0","0","NO-NEWS","","","","","","","False","False","False"
"433","LVS","-0.3061498518318833","0.8615537848605578","53.779998779296875","-0.015198707580566406","-0.01284879446029663","0.4191356897354126","Services","HOTELS & MOTELS","0","0","0","NO-NEWS","","","","","","","False","False","False"
"434","MRK","-0.3061498518318833","0.8635458167330677","112.30000305175781","0.02857673168182373","-0.08461034297943115","0.27568018436431885","Manufacturing","PHARMACEUTICAL PREPARATIONS","2","0","0","NEUTRAL","2026-05-06T11:00:00Z","0.5416666666666666","11.0","Immutrin appoints leading cardiovascular drug development expert Dr. Robert Blaustein as Chief Medical Officer and establishes US subsidiary","Mentioned only as a former employer of Dr. Blaustein where he led successful development programs. No direct business developments or impacts related to Merck are discussed.","amyloidosis;antibody therapy;ATTR cardiomyopathy;clinical development;Chief Medical Officer","False","False","False"
"435","FTV","-0.3061498518318833","0.8655378486055777","60.900001525878906","0.018564939498901367","0.011124014854431152","0.22790293395519257","Manufacturing","INDUSTRIAL INSTRUMENTS FOR MEASUREMENT, DISPLAY, AND CONTROL","0","0","0","NO-NEWS","","","","","","","False","False","False"
"436","FRT","-0.3061498518318833","0.8675298804780877","115.66999816894531","0.04301166534423828","0.0771021842956543","0.21041440963745117","Finance_Insurance_RealEstate","REAL ESTATE INVESTMENT TRUSTS","0","0","0","NO-NEWS","","","","","","","False","False","False"
"437","FOXA","-0.3061498518318833","0.8695219123505976","62.689998626708984","-0.012600481510162354","-0.0011153817176818848","0.23156997561454773","Transportation_Utilities","TELEVISION BROADCASTING STATIONS","0","0","0","NO-NEWS","","","","","","","False","False","False"
"438","GL","-0.3061498518318833","0.8715139442231076","152.4499969482422","-0.01198965311050415","0.03433072566986084","0.13883954286575317","Finance_Insurance_RealEstate","LIFE INSURANCE","1","1","0","POS","2026-04-30T21:46:00Z","6.093055555555556","21.0","Globe Life Inc. Declares Dividend","The company's declaration of a quarterly dividend demonstrates financial stability and commitment to returning capital to shareholders. Regular dividend payments are generally viewed positively as they indicate strong cash flow and management confidence in the company's financial","dividend declaration;quarterly dividend;shareholder returns;life insurance","False","False","False"
"439","EW","-0.3061498518318833","0.8735059760956175","82.76000213623047","-0.00886225700378418","0.04560959339141846","0.30362311005592346","Manufacturing","ORTHOPEDIC, PROSTHETIC & SURGICAL APPLIANCES & SUPPLIES","0","0","0","NO-NEWS","","","","","","","False","False","False"
"440","EXC","-0.3061498518318833","0.8754980079681275","44.40999984741211","-0.034355342388153076","-0.10173946619033813","0.18990281224250793","Transportation_Utilities","ELECTRIC & OTHER SERVICES COMBINED","0","0","0","NO-NEWS","","","","","","","False","False","False"
"441","CI","-0.3061498518318833","0.8774900398406374","284.0400085449219","-0.022506654262542725","0.020075440406799316","0.2798976004123688","Finance_Insurance_RealEstate","HOSPITAL & MEDICAL SERVICE PLANS","0","0","0","NO-NEWS","","","","","","","False","False","False"
"442","SPG","-0.3061498518318833","0.8794820717131474","201.39999389648438","-0.011339724063873291","0.012212872505187988","0.193893164396286","Finance_Insurance_RealEstate","REAL ESTATE INVESTMENT TRUSTS","0","0","0","NO-NEWS","","","","","","","False","False","False"
"443","COST","-0.3061498518318833","0.8814741035856574","1012.0599975585938","-0.002434670925140381","-0.01935023069381714","0.20187941193580627","Retail","RETAIL-VARIETY STORES","1","0","0","NEUTRAL","2026-05-07T09:00:00Z","-0.375","9.0","GEN Korean BBQ Launches Costco Roadshow Series, Marking Next Phase of Retail Expansion","Costco is mentioned as a retail partner and distribution channel for GEN's products. While the partnership is positive for GEN, the article provides no information about impact on Costco's operations or financial performance, warranting neutral sentiment.","Costco roadshow;CPG expansion;ready-to-cook meats;retail distribution;Korean BBQ","False","False","False"
"444","CNP","-0.3061498518318833","0.8834661354581673","42.2400016784668","-0.0323023796081543","-0.04282796382904053","0.2114938199520111","Transportation_Utilities","ELECTRIC SERVICES","0","0","0","NO-NEWS","","","","","","","False","False","False"
"445","CPT","-0.3061498518318833","0.8854581673306773","104.06999969482422","-0.009045839309692383","0.03203094005584717","0.2404656708240509","Finance_Insurance_RealEstate","REAL ESTATE INVESTMENT TRUSTS","0","0","0","NO-NEWS","","","","","","","False","False","False"
"446","CMS","-0.3061498518318833","0.8874501992031872","73.95999908447266","-0.03622621297836304","-0.07480615377426147","0.1880621463060379","Transportation_Utilities","ELECTRIC & OTHER SERVICES COMBINED","0","0","0","NO-NEWS","","","","","","","False","False","False"
"447","RF","-0.3061498518318833","0.8894422310756972","27.950000762939453","-0.021015703678131104","-0.007104754447937012","0.2021525651216507","Finance_Insurance_RealEstate","NATIONAL COMMERCIAL BANKS","0","0","0","NO-NEWS","","","","","","","False","False","False"
"448","CRM","-0.3061498518318833","0.8914342629482072","186.33999633789062","0.05557131767272949","0.09066426753997803","0.49800512194633484","Services","SERVICES-PREPACKAGED SOFTWARE","9","6","1","POS","2026-05-07T07:53:00Z","-0.3284722222222222","7.0","eGain AI Agent amplía su integración con Salesforce Service Cloud mediante la incorporación de conocimiento contextual y asistencia basada en IA","Salesforce Service Cloud is positioned as the central platform being enhanced with valuable AI capabilities through eGain's integration. This expands the platform's functionality and value proposition for customer service teams, making it more competitive and attractive to enterp","AI Agent;Salesforce Service Cloud;customer service automation;knowledge management;contextual intelligence","False","False","False"
"449","D","-0.3061498518318833","0.8934262948207171","61.61000061035156","-0.04480618238449097","-0.03899550437927246","0.22573697566986084","Transportation_Utilities","ELECTRIC SERVICES","0","0","0","NO-NEWS","","","","","","","False","False","False"
"450","ROP","-0.3061498518318833","0.8954183266932271","352.44000244140625","-0.00667959451675415","0.0073168277740478516","0.2231830656528473","Manufacturing","INDUSTRIAL INSTRUMENTS FOR MEASUREMENT, DISPLAY, AND CONTROL","3","3","0","STRONG-POS","2026-05-06T20:21:00Z","0.15208333333333332","20.0","Profit From Water With These Dividend Stocks","Solid results with 10% revenue growth and 8% EPS growth, 10.3% dividend increase, and impressive 33-year dividend increase streak. Active capital deployment with $500M share repurchases and $3.3B in strategic acquisitions demonstrates strong financial health and growth strategy.","water stocks;dividend stocks;dividend yield;water solutions;essential commodities","False","False","False"
"451","PG","-0.3061498518318833","0.897410358565737","146.05999755859375","-0.007002532482147217","-0.004091143608093262","0.23128604888916016","Manufacturing","SOAP, DETERGENTS, CLEANG PREPARATIONS, PERFUMES, COSMETICS","5","1","1","NEUTRAL","2026-05-07T11:30:00Z","-0.4791666666666667","11.0","Want Passive Income for Life? Buy These 3 Dividend Stocks Now.","70-year dividend increase streak (Dividend King status), strong cash flow ($4B operating cash flow in Q3), 62% payout ratio allowing room for growth, 3% yield, and 7% YoY sales growth demonstrate financial strength and reliability.","dividend stocks;passive income;dividend growth;consumer staples;REIT","False","False","False"
"452","PEP","-0.3061498518318833","0.899402390438247","156.2899932861328","-0.013881087303161621","-0.007619619369506836","0.17192932963371277","Manufacturing","BEVERAGES","2","0","0","NEUTRAL","2026-05-06T14:35:00Z","0.3923611111111111","14.0","Welcome to Shareholder Meeting Month: AI, Oil, and Consumer Are in the Spotlight","Beat Q1 earnings but shares trading sideways; sequential declines across segments reflect changing consumption trends and food inflation concerns warrant monitoring at AGM.","shareholder meetings;AGM;consumer spending;AI strategy;energy prices","False","False","False"
"453","PFE","-0.3061498518318833","0.901394422310757","26.479999542236328","-0.00823974609375","-0.02718585729598999","0.16145531833171844","Manufacturing","PHARMACEUTICAL PREPARATIONS","8","4","0","STRONG-POS","2026-05-06T23:15:00Z","0.03125","23.0","History Suggests These 3 Stocks Are Due for a Major Rebound","Stock down 50% from 2021 peak but company remains a large pharmaceutical giant with strong fundamentals. Despite patent expirations and GLP-1 competition, ongoing drug development in oncology and migraines suggests recovery potential. Attractive 6.5% dividend yield provides incom","stock rebound;undervalued stocks;dividend yield;pharmaceutical;food manufacturing","False","False","False"
"454","PFG","-0.3061498518318833","0.9033864541832669","100.02999877929688","-0.008720695972442627","0.08351385593414307","0.18771882355213165","Finance_Insurance_RealEstate","ACCIDENT & HEALTH INSURANCE","0","0","0","NO-NEWS","","","","","","","False","False","False"
"455","EA","-0.3061498518318833","0.9053784860557769","200.85000610351562","-0.007510960102081299","-0.00667649507522583","0.02940394915640354","Services","SERVICES-PREPACKAGED SOFTWARE","0","0","0","NO-NEWS","","","","","","","False","False","False"
"456","DUK","-0.3061498518318833","0.9073705179282868","124.87000274658203","-0.0361250638961792","-0.06112778186798096","0.17354485392570496","Transportation_Utilities","ELECTRIC & OTHER SERVICES COMBINED","2","2","0","POS","2026-05-07T18:00:00Z","-0.75","18.0","Duke Energy announces dividend payments to shareholders","The announcement of consistent dividend payments, including a 100-year track record of consecutive annual dividends, demonstrates financial stability and shareholder commitment. Regular dividend declarations are typically viewed positively by income-focused investors and indicate","dividend;Duke Energy;quarterly cash dividend;shareholders;preferred stock","False","False","False"
"457","DTE","-0.3061498518318833","0.9093625498007968","142.0","-0.0638803243637085","-0.059478044509887695","0.2213735282421112","Transportation_Utilities","ELECTRIC SERVICES","0","0","0","NO-NEWS","","","","","","","False","False","False"
"458","PNC","-0.3061498518318833","0.9113545816733067","219.2899932861328","-0.016636788845062256","-0.017649948596954346","0.19647537171840668","Finance_Insurance_RealEstate","NATIONAL COMMERCIAL BANKS","0","0","0","NO-NEWS","","","","","","","False","False","False"
"459","PM","-0.3061498518318833","0.9133466135458167","171.11000061035156","0.03659045696258545","0.061147332191467285","0.378376841545105","Manufacturing","CIGARETTES","0","0","0","NO-NEWS","","","","","","","False","False","False"
"460","PGR","-0.3061498518318833","0.9153386454183267","195.75","-0.027474164962768555","-0.020662426948547363","0.24514691531658173","Finance_Insurance_RealEstate","FIRE, MARINE & CASUALTY INSURANCE","0","0","0","NO-NEWS","","","","","","","False","False","False"
"461","PKG","-0.3061498518318833","0.9173306772908366","223.42999267578125","0.04675567150115967","0.0735633373260498","0.34951016306877136","Manufacturing","PAPERBOARD CONTAINERS & BOXES","0","0","0","NO-NEWS","","","","","","","False","False","False"
"462","PLD","-0.3061498518318833","0.9193227091633466","142.2899932861328","0.0019010305404663086","0.03093743324279785","0.21683543920516968","Finance_Insurance_RealEstate","REAL ESTATE INVESTMENT TRUSTS","0","0","0","NO-NEWS","","","","","","","False","False","False"
"463","PNW","-0.3061498518318833","0.9213147410358565","99.52999877929688","-0.04039722681045532","-0.0471038818359375","0.18871784210205078","Transportation_Utilities","ELECTRIC SERVICES","0","0","0","NO-NEWS","","","","","","","False","False","False"
"464","PPL","-0.3061498518318833","0.9233067729083665","36.77000045776367","-0.017895221710205078","-0.0763627290725708","0.16820171475410461","Transportation_Utilities","ELECTRIC SERVICES","0","0","0","NO-NEWS","","","","","","","False","False","False"
"465","EG","-0.3061498518318833","0.9252988047808764","351.7300109863281","-0.01409912109375","0.04803204536437988","0.24290509521961212","Finance_Insurance_RealEstate","FIRE, MARINE & CASUALTY INSURANCE","0","0","0","NO-NEWS","","","","","","","False","False","False"
"466","EIX","-0.3061498518318833","0.9272908366533864","68.56999969482422","-0.013239264488220215","-0.09562122821807861","0.21532456576824188","Transportation_Utilities","ELECTRIC SERVICES","0","0","0","NO-NEWS","","","","","","","False","False","False"
"467","ED","-0.3061498518318833","0.9292828685258964","106.38999938964844","-0.04574400186538696","-0.07470870018005371","0.17397446930408478","Transportation_Utilities","ELECTRIC & OTHER SERVICES COMBINED","0","0","0","NO-NEWS","","","","","","","False","False","False"
"468","REG","-0.3061498518318833","0.9312749003984063","77.86000061035156","0.0001285076141357422","-0.006253957748413086","0.1754419058561325","Finance_Insurance_RealEstate","REAL ESTATE INVESTMENT TRUSTS","1","1","0","POS","2026-05-07T12:15:00Z","-0.5104166666666666","12.0","Regency Centers Declares Quarterly Dividends","The company declared consistent quarterly dividends across multiple share classes, demonstrating financial stability and commitment to shareholder returns. Regular dividend payments are a positive indicator of operational performance and cash flow generation for a REIT.","dividend announcement;quarterly dividend;REIT;shopping centers;real estate investment trust","False","False","False"
"469","DGX","-0.3061498518318833","0.9332669322709163","190.83999633789062","-0.017301738262176514","-0.03528463840484619","0.2905735671520233","Services","SERVICES-MEDICAL LABORATORIES","0","0","0","NO-NEWS","","","","","","","False","False","False"
"470","REGN","-0.3061498518318833","0.9352589641434262","709.0999755859375","0.002885103225708008","-0.07651233673095703","0.3302467167377472","Manufacturing","PHARMACEUTICAL PREPARATIONS","1","1","0","POS","2026-05-05T17:00:00Z","1.2916666666666667","17.0","Hemophilia Clinical Trial Pipeline Gains Momentum: 50+ Companies Lead the Charge in Pioneering New Treatments | DelveInsight","Co-developing REGV131-LNP1265 (Factor IX replacement) in Phase I/II stage, contributing to the robust hemophilia pipeline with gene therapy approach.","hemophilia;clinical trials;pipeline drugs;gene therapy;factor replacement","False","False","False"
"471","PEG","-0.3061498518318833","0.9372509960159362","77.83000183105469","-0.046901822090148926","-0.07267957925796509","0.22933760285377502","Transportation_Utilities","ELECTRIC & OTHER SERVICES COMBINED","0","0","0","NO-NEWS","","","","","","","False","False","False"
"472","CHD","-0.3061498518318833","0.9392430278884463","93.87999725341797","-0.03276324272155762","-0.023710548877716064","0.24421469867229462","Manufacturing","SOAP, DETERGENTS, CLEANG PREPARATIONS, PERFUMES, COSMETICS","0","0","0","NO-NEWS","","","","","","","False","False","False"
"473","SO","-0.3061498518318833","0.9412350597609562","92.43000030517578","-0.04415714740753174","-0.052874207496643066","0.21050497889518738","Transportation_Utilities","ELECTRIC SERVICES","1","1","0","POS","2026-05-01T15:15:00Z","5.364583333333333","15.0","Want Decades of Passive Income? 2 Stocks to Buy Right Now","Recommended as a reliable utility with 78-year dividend history, 24 consecutive years of increases, above-average 3.2% yield for utilities, and expected 8% annual earnings growth through 2030 supporting future dividend growth.","passive income;dividend stocks;high-yield stocks;energy infrastructure;utilities","False","False","False"
"474","TMUS","-0.3061498518318833","0.9432270916334662","194.1999969482422","-0.006649613380432129","-0.016907930374145508","0.37346240878105164","Transportation_Utilities","RADIOTELEPHONE COMMUNICATIONS","3","2","1","POS","2026-05-07T17:30:00Z","-0.7291666666666666","17.0","Where Are Comcast and Charter's Internet Customers Going? Here.","Gaining significant market share through FWA technology, now serving 7.75 million FWA customers (estimated half of 15.5 million combined total). Positioned as a major beneficiary of the shift away from traditional cable broadband.","broadband internet;fixed wireless access (FWA);5G networks;cord-cutting;customer churn","False","False","False"
"475","BIIB","-0.3061498518318833","0.9452191235059761","191.3800048828125","0.01109468936920166","0.08057141304016113","0.35067883133888245","Manufacturing","BIOLOGICAL PRODUCTS, (NO DIAGNOSTIC SUBSTANCES)","0","0","0","NO-NEWS","","","","","","","False","False","False"
"476","BG","-0.3061498518318833","0.9472111553784861","123.75","-0.026127338409423828","0.006424903869628906","0.30760905146598816","Manufacturing","FATS & OILS","0","0","0","NO-NEWS","","","","","","","False","False","False"
"477","BRK.B","-0.3061498518318833","0.9492031872509961","475.0799865722656","0.0031249523162841797","-0.02085745334625244","0.117227703332901","Finance_Insurance_RealEstate","FIRE, MARINE & CASUALTY INSURANCE","15","5","0","STRONG-POS","2026-05-07T16:30:00Z","-0.6875","16.0","With Nearly $400 Billion in Cash and a New CEO, Is Berkshire Hathaway Stock a Buy?","While the company shows solid operational performance (18% operating income growth) and maintains a strong cash position, the author expresses caution due to minimal capital deployment, continued stock selling, and current valuation at 1.4 P/B ratio. The lack of action despite fa","Berkshire Hathaway;cash reserves;Greg Abel;stock buybacks;net seller","True","False","False"
"478","CB","-0.3061498518318833","0.951195219123506","321.2799987792969","-0.017492353916168213","-0.03502136468887329","0.17120704054832458","Finance_Insurance_RealEstate","FIRE, MARINE & CASUALTY INSURANCE","0","0","0","NO-NEWS","","","","","","","False","False","False"
"479","STZ","-0.3061498518318833","0.953187250996016","150.25","-0.04042661190032959","-0.07861655950546265","0.2930193543434143","Manufacturing","BEVERAGES","1","0","0","NEUTRAL","2026-05-05T17:30:00Z","1.2708333333333333","17.0","Diageo Stock Continues to Sink -- What Investors Need to Know","Mentioned as a comparable company facing similar existential challenges in the alcoholic beverage industry, trading at the same 12x forward earnings multiple as Diageo. No specific negative or positive developments highlighted.","spirits market decline;dividend cut;U.S. market weakness;Asia sales decline;tequila oversupply","False","False","False"
"480","CME","-0.3061498518318833","0.9551792828685259","286.8500061035156","-0.0033701658248901367","-0.040410757064819336","0.1661193072795868","Finance_Insurance_RealEstate","SECURITY & COMMODITY BROKERS, DEALERS, EXCHANGES & SERVICES","1","1","0","POS","2026-05-07T11:30:00Z","-0.4791666666666667","11.0","CME Group Declares Quarterly Dividend","The declaration of a quarterly dividend of $1.30 per share demonstrates the company's financial strength and commitment to returning capital to shareholders, which is generally viewed positively by investors as a sign of profitability and confidence in future cash flows.","dividend;CME Group;quarterly dividend;shareholder returns;derivatives marketplace","False","False","False"
"481","CL","-0.3061498518318833","0.9571713147410359","87.36000061035156","0.023430228233337402","0.015341639518737793","0.2593241035938263","Manufacturing","PERFUMES, COSMETICS & OTHER TOILET PREPARATIONS","0","0","0","NO-NEWS","","","","","","","False","False","False"
"482","TRV","-0.3061498518318833","0.9591633466135459","298.94000244140625","-0.020318567752838135","-0.014147698879241943","0.18616586923599243","Finance_Insurance_RealEstate","FIRE, MARINE & CASUALTY INSURANCE","0","0","0","NO-NEWS","","","","","","","False","False","False"
"483","TJX","-0.3061498518318833","0.9611553784860558","154.47999572753906","-0.014481663703918457","-0.06375759840011597","0.1479308009147644","Retail","RETAIL-FAMILY CLOTHING STORES","1","1","0","POS","2026-05-03T22:05:00Z","3.079861111111111","22.0","Amazon Just Made a Big Move. These 2 S&P 500 Stocks Are Next to Watch.","Consistent 20-year track record of annual sales growth (except 2020), with 5% comparable-store sales growth and 16% adjusted earnings growth in fiscal Q4. Strong inventory availability supports near-term sales and international expansion opportunities.","e-commerce growth;consumer spending;tax refunds;retail stocks;off-price retail","False","False","False"
"484","CINF","-0.3061498518318833","0.9631474103585658","162.0500030517578","-0.009474337100982666","-0.011588871479034424","0.17535701394081116","Finance_Insurance_RealEstate","FIRE, MARINE & CASUALTY INSURANCE","1","1","0","POS","2026-05-04T13:07:00Z","2.453472222222222","13.0","Cincinnati Financial Corporation Declares Regular Quarterly Cash Dividend","The company declared a regular quarterly dividend matching the previous quarter, demonstrating consistent capital returns to shareholders and confidence in financial strength. The dividend maintains the company's track record of increasing annual dividends for 66 years, which is ","quarterly dividend;cash dividend;financial strength;shareholder value;insurance company","False","False","False"
"485","BMY","-0.3061498518318833","0.9651394422310757","56.25","-0.07162898778915405","-0.054144978523254395","0.29425734281539917","Manufacturing","PHARMACEUTICAL PREPARATIONS","1","1","0","POS","2026-04-30T20:17:22Z","6.154606481481482","20.0","Why Bristol Myers Squibb Stock Rocked the Market Today","Company beat analyst expectations on both revenue ($11.5B vs. $10.9B consensus) and adjusted earnings per share ($1.58 vs. $1.42 consensus). Growth portfolio showed strong 12% sales increases, stock surged 5.21%, and full-year guidance was reaffirmed within analyst expectations. ","Bristol Myers Squibb;Q1 2026 earnings;pharmaceutical;growth portfolio;revenue beat","False","False","False"
"486","BLK","-0.3061498518318833","0.9671314741035857","1067.739990234375","0.0020083189010620117","0.06601309776306152","0.2505660951137543","Finance_Insurance_RealEstate","SECURITY BROKERS, DEALERS & FLOTATION COMPANIES","4","4","0","STRONG-POS","2026-05-07T10:30:00Z","-0.4375","10.0","Better Store of Value: Bitcoin vs. Gold-Backed Stablecoins","BlackRock's September 2025 research report provides credible analysis supporting Bitcoin's superiority as a store of value during crises, lending institutional legitimacy to Bitcoin's investment case and supporting the article's main thesis.","Bitcoin;gold;store of value;stablecoins;geopolitical crisis","False","False","False"
"487","ALL","-0.3061498518318833","0.9691235059760956","213.6699981689453","-0.01652395725250244","-0.003962337970733643","0.2225455641746521","Finance_Insurance_RealEstate","FIRE, MARINE & CASUALTY INSURANCE","0","0","0","NO-NEWS","","","","","","","False","False","False"
"488","VICI","-0.3061498518318833","0.9711155378486056","28.790000915527344","-0.01404106616973877","0.026015758514404297","0.18525196611881256","Finance_Insurance_RealEstate","REAL ESTATE INVESTMENT TRUSTS","0","0","0","NO-NEWS","","","","","","","False","False","False"
"489","APD","-0.3061498518318833","0.9731075697211156","294.989990234375","-0.01686382293701172","-0.009236276149749756","0.1762525737285614","Manufacturing","INDUSTRIAL INORGANIC CHEMICALS","1","1","0","POS","2026-05-07T11:15:00Z","-0.46875","11.0","Even if the Iran War Ends, These Artificial Intelligence (AI) Growth Stocks Face a Helium Problem That Isn't Going Away","As a U.S. helium supplier that has signed contracts with major Asian chipmakers like Samsung and SK Hynix to provide alternative helium sources, the company stands to benefit from increased demand and higher prices during the shortage.","helium shortage;semiconductor manufacturing;AI chips;geopolitical disruption;supply chain","False","False","False"
"490","AVB","-0.3061498518318833","0.9750996015936255","185.7899932861328","0.015245914459228516","0.1025458574295044","0.25039729475975037","Finance_Insurance_RealEstate","REAL ESTATE INVESTMENT TRUSTS","0","0","0","NO-NEWS","","","","","","","False","False","False"
"491","UDR","-0.3061498518318833","0.9770916334661355","36.93000030517578","0.0162355899810791","0.059380412101745605","0.2618055045604706","Finance_Insurance_RealEstate","REAL ESTATE INVESTMENT TRUSTS","0","0","0","NO-NEWS","","","","","","","False","False","False"
"492","UNP","-0.3061498518318833","0.9790836653386454","264.8900146484375","-0.01703280210494995","0.05470848083496094","0.35299304127693176","Transportation_Utilities","RAILROADS, LINE-HAUL OPERATING","1","0","1","NEG","2026-05-04T18:00:00Z","2.25","18.0","Revised Filing Does Not Address Competitive Balance Issues Created By UP-NS Merger","CSX's opposition to the UP-NS merger and argument that it would reduce competition and viable routing options for shippers directly challenges Union Pacific's merger proposal and suggests potential regulatory headwinds.","merger review;Surface Transportation Board;Union Pacific;Norfolk Southern;freight rail competition","False","False","False"
"493","USB","-0.3061498518318833","0.9810756972111554","55.310001373291016","-0.023826301097869873","-0.018107593059539795","0.18917933106422424","Finance_Insurance_RealEstate","NATIONAL COMMERCIAL BANKS","0","0","0","NO-NEWS","","","","","","","False","False","False"
"494","V","-0.3061498518318833","0.9830677290836654","321.2799987792969","-0.02595198154449463","0.04213559627532959","0.33733975887298584","Services","SERVICES-BUSINESS SERVICES, NEC","5","3","0","STRONG-POS","2026-05-07T08:16:00Z","-0.34444444444444444","8.0","Kaspi.kz: The Market’s Biggest Mispriced Monopoly--or a Hidden Fragility?","Mentioned only as a comparison point regarding Kaspi's ability to route transactions through its own infrastructure, bypassing traditional payment networks like Visa and Mastercard. No sentiment implied.","fintech;super app;emerging markets;platform economics;network effects","False","False","False"
"495","TXT","-0.3061498518318833","0.9850597609561753","91.58999633789062","-0.04553985595703125","0.0019690990447998047","0.3615529537200928","Manufacturing","AIRCRAFT & PARTS","0","0","0","NO-NEWS","","","","","","","False","False","False"
"496","AMT","-0.3061498518318833","0.9870517928286853","179.77000427246094","-0.016091108322143555","-0.0008891820907592773","0.25155842304229736","Finance_Insurance_RealEstate","REAL ESTATE INVESTMENT TRUSTS","0","0","0","NO-NEWS","","","","","","","False","False","False"
"497","VZ","-0.3061498518318833","0.9890438247011952","47.09000015258789","-0.01957106590270996","-0.014441132545471191","0.2796389162540436","Transportation_Utilities","TELEPHONE COMMUNICATIONS (NO RADIOTELEPHONE)","5","3","2","POS","2026-05-07T17:30:00Z","-0.7291666666666666","17.0","Where Are Comcast and Charter's Internet Customers Going? Here.","Gaining significant market share through FWA technology, now serving approximately 7.75 million FWA customers. Strong competitive advantage in fixed wireless access market with established 5G infrastructure.","broadband internet;fixed wireless access (FWA);5G networks;cord-cutting;customer churn","False","False","False"
"498","VTR","-0.3061498518318833","0.9910358565737052","86.55000305175781","-0.01491004228591919","0.018834710121154785","0.24881435930728912","Finance_Insurance_RealEstate","REAL ESTATE INVESTMENT TRUSTS","0","0","0","NO-NEWS","","","","","","","False","False","False"
"499","WBD","-0.3061498518318833","0.9930278884462151","27.1200008392334","0.00258791446685791","-0.014892816543579102","0.09291425347328186","Transportation_Utilities","CABLE & OTHER PAY TELEVISION SERVICES","2","1","1","NEUTRAL","2026-05-06T12:18:52Z","0.48689814814814814","12.0","Barry Diller Says He'd Buy CNN 'Tonight' Before It Becomes 'Extinct' Amid Warner Bros-Paramount Deal: 'So Ripe For Innovation...'","Diller described the pending merger integration as a 'savage process' with significant restructuring challenges and billions in promised cost cuts, suggesting operational difficulties ahead.","CNN acquisition;Barry Diller;media consolidation;Warner Bros. Discovery;Paramount Skydance","False","False","False"
"500","WEC","-0.3061498518318833","0.9950199203187251","112.77999877929688","-0.043751060962677","-0.05051356554031372","0.18983332812786102","Transportation_Utilities","ELECTRIC & OTHER SERVICES COMBINED","0","0","0","NO-NEWS","","","","","","","False","False","False"
"501","AAPL","-0.3061498518318833","0.9970119521912351","287.44000244140625","0.0592961311340332","0.10345888137817383","0.2605906128883362","Manufacturing","ELECTRONIC COMPUTERS","40","22","1","POS","2026-05-07T16:30:00Z","-0.6875","16.0","With Nearly $400 Billion in Cash and a New CEO, Is Berkshire Hathaway Stock a Buy?","Apple is mentioned as Berkshire's primary tech investment and largest holding at $78 billion accumulated over 8 years, indicating strong confidence in the company as a core portfolio position.","Berkshire Hathaway;cash reserves;Greg Abel;stock buybacks;net seller","False","False","False"
"502","A","-0.3061498518318833","0.999003984063745","118.6500015258789","0.02682816982269287","0.028252005577087402","0.3739355206489563","Manufacturing","LABORATORY ANALYTICAL INSTRUMENTS","1","1","0","POS","2026-05-06T17:00:00Z","0.2916666666666667","17.0","Global DNA Microarray Market is Predicted to Exhibit Remarkable Growth at a CAGR of ~7% by 2034 | DelveInsight","Identified as a leading company in the market and received European regulatory approval for its SurePrint G3 Human CNV Microarray in May 2025, indicating successful product expansion and market penetration.","DNA microarray;genomic research;personalized medicine;gene expression analysis;genotyping","False","False","False"
