date,ticker,confidence,source_article_count,article_titles
2025-04-28,AMZN,low,1,Alphabet Sets a Positive Tone Ahead of Mega Tech Earnings Results This Week
2025-04-28,BRO,medium,1,"Brown & Brown, Inc. announces first quarter 2025 results, including total revenues of $1.4 billion, an increase of 11.6%; Organic Revenue growth of 6.5%; diluted net income per share of $1.15; Diluted Net Income Per Share - Adjusted of $1.29; and a quarterly dividend of $0.15 per share"
2025-04-28,NVDA,low,1,This Could Be a Make-It-or-Break-It Moment for Nvidia. Here's What to Watch For This Week.
2025-04-29,AMZN,low,1,"The Stock Market May Rise or Fall Sharply This Week Based on Key Reports From Amazon, Apple, Meta Platforms, and Microsoft"
2025-04-29,ARE,low,1,Why Alexandria Real Estate Stock Tumbled on Tuesday
2025-04-29,CDNS,low,1,Why Cadence Design Systems Stock Is Jumping Today
2025-04-29,ECL,low,1,"Ecolab Navigates Soft Demand, Tariffs With Margin Gains, Confirms Full-Year Forecast"
2025-04-29,GLW,low,1,"Gen AI Demand Ignites Corning Q1 Optical Communications Sales, Sees Continued Growth In Q2 Despite Tariff Woes"
2025-04-29,GOOG,low,1,"Strong Earnings, Bigger Buybacks: What’s Next for Alphabet's Stock After Q1 Report"
2025-04-29,HON,low,1,Why Honeywell Stock Is Up Today
2025-04-29,INTC,low,1,"Intel: Good Quarter, Bad Vibes, Guidance Rattles Investors"
2025-04-29,KO,medium,1,Should You Buy Coca-Cola Stock After Q1 Earnings Beat?
2025-04-29,PEP,low,1,PepsiCo Slashes 2025 Guidance. Is the High-Yield Dividend King Stock a Buy Anyway?
2025-04-29,PFE,low,1,"Pfizer's Covid Windfall Shrinks, Expands Cost-Cutting Efforts"
2025-04-29,PYPL,low,1,Economic Uncertainty Weighs on PayPal
2025-04-29,SPGI,low,1,Breaking Down S&P Global’s Multi-Engine Revenue Machine
2025-04-30,AMD,low,1,Cathie Wood Goes Bargain Hunting: 3 Stocks She Just Bought
2025-04-30,CAT,medium,1,Why Caterpillar Stock Is Volatile Today
2025-04-30,EBAY,medium,1,EBAY Gears Up to Post Q1 Earnings: What's in Store for the Stock?
2025-04-30,GEHC,low,2,"GE HealthCare Blames Tariffs For Lowering 2025 Profit Outlook, Initiates Stock Buyback|Tariffs Weigh on GE HealthCare Outlook"
2025-04-30,ITW,low,1,Why Illinois Tool Works Stock Is Under Pressure Today
2025-04-30,MSFT,low,1,S&P 500 Could Pull Back With Tech Earnings and Soft Data in Focus
2025-04-30,PYPL,low,1,"PayPal Gets Credit For Execution On Checkout And Venmo, But Questions Linger"
2025-04-30,SBUX,low,2,Why Starbucks Stock Is Sliding Today|Starbucks Serves Up Lukewarm Results
2025-04-30,SMCI,low,1,Supermicro Just Reported Its Customers Delayed AI Server Orders
2025-04-30,SWK,medium,1,"Stanley Black & Decker Braces For Tariff Impact, Lowers Outlook Despite Q1 Earnings Win"
2025-04-30,TSLA,low,1,"If Tesla Loses This 1 Quality, the Stock Could Crumble"
2025-04-30,V,low,1,Visa Earnings: Business as Usual
2025-04-30,YUM,low,1,Yum! Brands: Earnings Defy Revenue Dip
2025-05-01,AAPL,low,2,Apple Earnings Preview: Risk of a Guidance Cut May Eclipse Another EPS Beat|Apple: Growth in a Difficult Environment
2025-05-01,ABNB,low,1,Airbnb Sees a Possible Travel Slowdown
2025-05-01,AMD,low,1,"Qualcomm's Earnings: 2 Reasons to Buy, 1 to Stay Away"
2025-05-01,BAX,medium,1,"Baxter Reports Strong Medical Devices Sales In Q1, Lifts 2025 Guidance, Stock Jumps"
2025-05-01,BDX,low,1,"Potential Tariff Bites Into Becton Dickinson 2025 Profit Outlook, Company Will Invest $2.5 Billion To Boost US Manufacturing"
2025-05-01,BIIB,medium,1,"Biogen Beats Q1 Earnings Expectations As Two Newcomer Drug Sales Spike, Avoids Tariff Impact"
2025-05-01,CTSH,low,1,Why Cognizant Technology Solutions Stock Triumphed on Thursday
2025-05-01,CVS,low,1,"CVS Health Partners With Wegovy Maker Novo Nordisk, Hikes 2025 Guidance"
2025-05-01,GL,medium,1,"Globe Life Q1 Earnings Lag Estimates, Revenues & Premium Rise Y/Y"
2025-05-01,KIM,medium,1,Kimco Realty® Announces First Quarter 2025 Results
2025-05-01,LLY,medium,1,Why Eli Lilly Stock Is Sinking Today
2025-05-01,META,medium,1,Why Meta Platforms Is Soaring Today
2025-05-01,MRNA,low,1,"Moderna Expands Cost-Cutting Program By Up To $1.7 Billion, FDA Approval For Flu/COVID-19 Combo Shot Delayed Into 2026"
2025-05-01,MSFT,high,4,"Why Microsoft Stock Popped This Week|Microsoft Crushes Earnings, What’s Next for the Stock?|Why Microsoft Stock Is Skyrocketing Today|Nasdaq 100 Hits Resistance Near 20,000 After Microsoft, Meta Blowout Results"
2025-05-01,NVDA,low,1,Why Nvidia Stock Bounded Higher Thursday
2025-05-01,SMCI,low,2,Supermicro Stock Is Soaring Today. Should You Buy The Hot AI Stock Before May 6?|Here's Why I'm Staying Away from Super Micro Stock
2025-05-01,T,low,1,Is AT&T Stock Going to $34? 1 Wall Street Analyst Thinks So.
2025-05-01,VZ,low,1,3 Telecom Giants Reveal Shifting Momentum in Wireless Subscriber Trends
2025-05-02,AAPL,low,1,Breakfast News: China Considers Trade Talks
2025-05-02,AMGN,medium,1,Amgen's Better Than Expected Q1 Earnings Take Backseat As Eyes Are On MariTide Obesity Data
2025-05-02,CAH,low,1,"Cardinal Health Lifts FY25 EPS Outlook, Sees Growth Despite Tariff Risks"
2025-05-02,ETN,medium,1,"Eaton Sees Q1 Organic Sales Surge 9%, Boosts 2025 Guidance"
2025-05-02,MSI,low,1,Why Shares of Motorola Solutions Sank Today
2025-05-02,PH,low,1,"Parker-Hannifin Trims Outlook, But CEO Says Firm Ready To Handle Tariff Uncertainty"
2025-05-02,XOM,medium,2,"Exxon Mobil Q1: Steady Production, Focus On Cost Cuts And Stock Buyback|Exxon, Chevron Q1 Earnings on Deck: Oil Price Plunge Puts the Squeeze on Results"
2025-05-05,AMD,low,1,Will This Be the Catalyst AMD Stock Investors Are Waiting For?
2025-05-05,AMZN,low,2,"Amazon: Why The Great Comeback Rally Could Be About to Begin|Is Amazon a Buy After Earnings? Not Compared to These ""Magnificent Seven"" Stocks"
2025-05-05,CCL,low,1,Is Carnival About to Sail Into Rough Waters?
2025-05-05,CMI,low,1,"Cummins Beats On EPS, Misses On Revenue — But Keeps Engine Running Despite Uncertainty"
2025-05-05,F,medium,1,Here's Why Ford Motor Stock Is a Buy Before May 5
2025-05-05,HSIC,medium,1,"Henry Schein's Reports Mixed Bag Q1 Earnings, CEO Confident In Business Fundamentals"
2025-05-05,KO,low,1,"Is Buffett's Beverage Giant Still a Sweet Investment? Coca-Cola Beats Estimates and Deems Tariffs ""Manageable"""
2025-05-05,META,medium,2,Meta Platforms Is Ramping Up Data Center and AI Investments. Is the Growth Stock a Buy Now?|Big Tech Breathes Life into Q1 Earnings
2025-05-05,MSFT,low,1,My Top AI Growth Stock to Buy in May (and It's Not Even Close)
2025-05-05,PLTR,medium,1,Prediction: Palantir Technologies Won't Live Up to the Hype on May 5
2025-05-05,SMCI,low,1,"What Super Micro, Unity Software, and Altera Labs Stock Investors Should Know About Upcoming Earnings"
2025-05-06,AEP,low,1,American Electric Power Reaffirms 2025 Outlook With Minimal Tariff Risk On $54B Grid Investment Plan
2025-05-06,AMD,medium,2,Prediction: This Magnificent Artificial Intelligence (AI) Semiconductor Stock Will Soar After May 6|Should You Buy AMD Stock Before May 6?
2025-05-06,AMZN,low,1,"Amazon, Meta, Microsoft Earnings Put Dan Loeb's Portfolio To The Test"
2025-05-06,CEG,low,1,Why Constellation Energy Stock Popped on Tuesday
2025-05-06,CLX,medium,1,Why Clorox Stock Sank Today
2025-05-06,DDOG,medium,1,Datadog Announces First Quarter 2025 Financial Results
2025-05-06,DUK,medium,1,"Duke Energy's Segment Strength Fuels Q1 Beat, Reaffirms Guidance"
2025-05-06,MPC,low,1,Marathon Petroleum Refining Margins Fall Drags Q1 Profit
2025-05-06,PLTR,medium,2,Palantir Posts Strong Earnings and Lifts Guidance — So Why Is Stock Down 9%?|Palantir Investors Just Got Spectacular News From CEO Alex Karp
2025-05-06,VRTX,medium,1,Why Vertex Pharmaceuticals Stock Is Sinking Today
2025-05-06,ZTS,low,1,"Zoetis Beats Wall Street Estimates, Revises 2025 Guidance To Include Tariffs Impact"
2025-05-07,AMD,low,2,"What's Going On With AMD Stock After Earnings?|AMD Stock Pops on Earnings Beat as AI Chip Revenue Grows by ""Significant Double-Digit Percentage"""
2025-05-07,ANET,low,1,"Arista's Sales, EPS Surge; Stock Slumps"
2025-05-07,APP,medium,1,2 Reasons Why AppLovin Has a Lot to Prove on May 7
2025-05-07,DIS,low,2,Why Disney Stock Is Soaring Today|Disney: Strong in a Tough Environment
2025-05-07,EMR,low,1,"Emerson Delivers Q2 Profit Thanks To Cost Discipline, Raises The Bar for FY25"
2025-05-07,HON,low,1,Why Honeywell Stock Ticked Higher Today
2025-05-07,ORCL,medium,1,"Customer Information System (CIS) Market Analysis Report 2025-2030: Focus on Billing & Revenue Management Software, Meter Data Management Software, Customer Self-Service Portals"
2025-05-07,PLTR,low,1,Why Palantir Stock Skyrocketed 40.3% Last Month but Is Sinking in May
2025-05-07,SMCI,low,1,Why Super Micro Stock Is Sinking Today
2025-05-07,UBER,medium,1,Uber Q1 Earnings: Focus Turns to Future of Autonomous Vehicles
2025-05-07,VRSN,low,1,Why VeriSign Rallied 11.1% in April
2025-05-07,VST,low,1,Why Vistra Stock Dropped After Earnings
2025-05-08,AAPL,low,1,Apple Stock: Do the Risks Outweigh the Reward?
2025-05-08,AMAT,low,1,Chipmakers Enter Bullish Seasonal Window: 5 Stocks That Could Outperform
2025-05-08,AMZN,low,1,Amazon Sell-Off: Why Now May Be the Best Time to Buy Amazon Stock
2025-05-08,CDNS,low,1,Why Cadence Design Systems Rallied 17.1% in April
2025-05-08,COP,low,1,"ConocoPhillips Trims Capex And Operating Cost Outlook, Announces CFO Transition"
2025-05-08,LLY,medium,1,Post-Earnings Dip: Why This Beaten-Down Stock Is a No-Brainer Buy
2025-05-08,MSFT,low,1,5 Stocks That Crushed Earnings and Guidance Forecasts
2025-05-08,OXY,low,1,Why Buffett Holding Occidental Petroleum Rallied Today
2025-05-08,SWKS,low,1,"Skyworks Stock Heads Lower Despite Q2 Profit, Sales Victory"
2025-05-09,AMD,low,1,"AMD Stock Analysis: Buy, Hold, or Sell?"
2025-05-09,CVNA,low,1,Why Carvana Stock Jumped Higher This Week
2025-05-09,MCHP,low,1,Microchip Technology Stock Gains On Uplifting Forecast
2025-05-09,META,medium,1,Why Nearly 20 Analysts Raised Meta Price Targets Post-Earnings
2025-05-09,OXY,low,1,Why Warren Buffett Isn’t Selling Occidental—and Might Soon Add More
2025-05-09,TROW,medium,1,"T. ROWE PRICE GROUP, INC., DECLARES QUARTERLY DIVIDEND AND ANNOUNCES ANNUAL MEETING VOTING RESULTS"
2025-05-09,TTD,low,1,Why The Trade Desk Stock Soared After Earnings
2025-05-09,UBER,low,1,"I'll Take Uber's Revenue and Order-Booking ""Misses"" Any Day of the Week"
2025-05-12,APP,low,1,Is It Too Late to Buy AppLovin Stock After Its Nearly 300% Rise Over the Past Year?
2025-05-12,EXPE,low,1,"Expedia Misses on Weak US Travel Demand, So Why Is Stock Soaring?"
2025-05-12,NRG,low,1,"NRG Energy Surges As Q1 Crushes Forecasts, LS Power Deal Supercharges Long-Term Outlook"
2025-05-12,PLTR,medium,1,"Q1 Earnings Reveal Resilient S&P 500, but Consumer Cracks Are Emerging"
2025-05-13,AMD,low,1,TSMC Delivered Amazing News for AMD and Nvidia Stock Investors
2025-05-13,EBAY,low,1,eBay Nears Big Breakout: Time to Buy the Under-the-Radar Winner?
2025-05-14,NEM,medium,1,Discovery Reports First Quarter 2025 Financial Results
2025-05-15,AMAT,low,1,AMAT Earnings: Demand Holding Up So Far
2025-05-15,CSCO,low,1,Cisco Hits AI Target a Quarter Early
2025-05-15,F,low,1,Can Ford Stock Double by 2030?
2025-05-15,PLTR,low,1,Why Isn't Palantir's Stock Taking Off After Another Strong Quarter?
2025-05-15,WMT,low,2,"Walmart Earnings: Price Hikes Are Coming|Walmart Doesn't Alter Annual Outlook Yet, CEO Says 'All Tariffs Create Cost Pressures But China Has Biggest Impact'"
2025-05-16,DE,low,1,"Deere's Resilience Shines Through Tariffs, Analysts Raise Price Forecasts"
2025-05-19,DE,low,1,Deere & Company Stock Could Rally Another 20% After Strong Q2 Beat
2025-05-20,HD,low,1,"Home Depot: Bulls Target Higher Ground After Earnings Beat, Revenue Surprise"
2025-05-21,AAPL,low,1,"2 Warren Buffett Stocks to Buy With $750 Right Now, According to Wall Street"
2025-05-21,KEYS,medium,1,Keysight Q2 Revenue and EPS Top Guidance
2025-05-21,LOW,low,2,"Lowe's Builds On Momentum With Margin Strength, Despite Decelerated Sales|Lowe's Pro Sales Rise as Outlook Holds"
2025-05-21,PANW,low,2,Palo Alto Networks Stock Dips After Solid Quarter: Should You Buy?|Why Palo Alto Networks Dropped After Earnings Beat
2025-05-21,RJF,low,1,Raymond James Financial Declares Quarterly Dividends on Common and Preferred Stock
2025-05-21,TJX,low,1,TJX Posts Q1 Comps Growth
2025-05-22,ADI,medium,2,Analog Devices Q2 Earnings Top Forecasts|Why Analog Devices Stock Fell by More Than 4% Today
2025-05-22,VZ,medium,1,Verizon reports preliminary results of shareholder vote at 2025 annual meeting
2025-05-23,INTU,low,2,Why Intuit Stock Was Moving Higher Today|Why Intuit’s 15% Revenue Growth and AI Innovation Make It a Market Standout
2025-05-23,PANW,low,1,Is Palo Alto Networks Stock a Buy Now?
2025-05-23,TGT,low,1,"Why Is Target Stock Falling, and Is It a Buying Opportunity?"
2025-05-26,TGT,low,1,Where Will Target Stock Be in 1 Year?
2025-05-27,AZO,medium,1,"AutoZone to Release Third Quarter Fiscal 2025 Earnings May 27, 2025"
2025-05-27,KVUE,low,1,Why Dan Loeb Just Made Kenvue One Of His Top Holdings
2025-05-27,NVDA,medium,1,Bullish NVIDIA Market Set to Surge 50% Ahead of Q1 Earnings
2025-05-28,NVDA,high,5,NVIDIA Sets Conference Call for First-Quarter Financial Results|Should You Buy Nvidia Before May 28?|Should You Buy Nvidia Stock Before May 28? Here's What the Evidence Suggests.|Can Nvidia Beat EPS Forecasts While Losing Ground in China?|Nvidia Q1 Earnings Preview: Will Sales Growth Offset China Export Headwinds?
2025-05-29,CRM,low,1,Salesforce Slides 5% After Earnings Beat—Is the $8B Informatica Bet to Blame?
2025-05-29,NVDA,high,5,Nvidia Delivers Blowout Quarter While Writing Off China|Nvidia Stock Nears Its All-Time High. Is It a Buy Now?|Why Nvidia Stock Is Soaring Today|Nvidia Rides the AI Supercycle With Another Beat - And Still Looks Underpriced|NVIDIA Announces Upcoming Events for Financial Community
2025-05-30,COST,low,1,Why Costco Stock Just Popped
2025-05-30,NVDA,low,1,Is Nvidia Still 1 of the Best Stocks to Buy Now?
2025-06-01,NVDA,low,1,Is Nvidia a Buy?
2025-06-02,TTD,low,1,Why The Trade Desk Stock Popped 40% in May
2025-06-03,DG,low,1,Dollar General Delivers Strong Q1—And Shows Why It's Built for Recession Resilienc
2025-06-04,ADI,low,1,Analog Devices' Cyclical Recovery Story Has Just Begun
2025-06-04,CPB,low,1,Campbell's Q3 Sales Edge Higher
2025-06-04,CRWD,low,1,Overreaction? CrowdStrike Stock Sinks 8% After Mixed Earnings
2025-06-05,AVGO,medium,1,Broadcom Inc. Announces Second Quarter Fiscal Year 2025 Financial Results and Quarterly Dividend
2025-06-05,CIEN,low,1,Why Ciena Stock Is Plummeting Today
2025-06-05,MNST,low,1,Monster Beverage Announces Webcast Details for Annual Meeting of Stockholders
2025-06-06,AMD,low,1,"Dollar General, Disney, and Meta in the Discussion Spotlight"
2025-06-06,AMZN,low,1,Why Credo Technology Rocketed Higher This Week
2025-06-06,LULU,medium,2,"Lululemon Stretched by Tariffs, Macro|Lululemon Q1 Revenue Rises 7%"
2025-06-09,CASY,low,1,"Casey's Tops Estimates, Boosts Dividend"
2025-06-10,AMD,low,1,AMD: Is the Stock Ready for Repricing as AI Revenue Forecasts Climb?
2025-06-10,KO,low,1,Where Will Coca-Cola Stock Be in 5 Years?
2025-06-10,SJM,low,1,Why J.M. Smucker Stock Just Crashed
2025-06-11,CASY,low,1,"Casey’s Surges on Strong Q4, More Gains Likely Ahead"
2025-06-11,NVDA,low,1,Nvidia's $44 Billion AI Boom: The Catalyst Wall Street Is Missing
2025-06-11,ORCL,low,1,Oracle's Cloud Revenue Jumps 27% in Its Fiscal 2025 Q4
2025-06-11,WMT,low,1,3 Resilient Retail Stocks That Are Still Growing Amid Tariffs
2025-06-12,ADBE,medium,1,Adobe Reports AI-Fueled Earnings Beat
2025-06-12,DELL,low,1,Wall Street Sees More Upside for Dell and HPE
2025-06-13,ADBE,medium,1,Adobe Reports Record Q2 Revenue Growth
2025-06-13,BKR,medium,1,Baker Hughes Announces Dates for Second-quarter Earnings Release and Webcast
2025-06-17,FDX,low,1,These 2 Top Industry-Leading Stocks Just Declared Dividend Raises
2025-06-18,DAL,low,1,Think Delta Air Lines Is Expensive? This Chart Might Change Your Mind.
2025-06-19,NOC,medium,1,"Northrop Grumman Announces Webcast, Conference Call of Second Quarter 2025 Financial Results"
2025-06-20,BLK,medium,1,Sampo Group's results for January–June 2025 will be published on 6 August 2025
2025-06-20,VZ,medium,1,Verizon announces expiration and preliminary expiration date results of its private exchange offers for 10 series of notes and expiration of related tender offers open to certain investors
2025-06-23,AAPL,medium,1,What to Expect From the Q2 Earnings Reporting Cycle
2025-06-23,FDS,medium,1,FactSet Schedules Third Quarter 2025 Earnings Call
2025-06-24,AMGN,low,1,Analyst Views Mixed As Amgen's Weight Loss/Diabetes Drug MariTide Shows Promise But Has Dose Issues
2025-06-24,CCL,low,1,"Carnival Cruises to Record Quarter, Lifts Outlook — Time to Buy?"
2025-06-25,CCL,low,1,Where Will Carnival Stock Be in 1 Year?
2025-06-25,CSX,medium,1,CSX Corp. Announces Date for Second Quarter Earnings Release and Earnings Call
2025-06-25,FDX,high,3,"FedEx’s Forecast Silence Signals Deeper Uncertainty Than Investors Expected|FedEx: Controlling What It Can|FedEx Beat Earnings Estimates, but Here’s Why Stock Is Dropping"
2025-06-25,GIS,low,1,Why General Mills Stock Was So Soggy Today
2025-06-25,MU,low,1,Micron Earnings: Rocketing AI Demand
2025-06-25,PAYX,medium,1,Paychex Reports Strong Q4 Revenue Growth
2025-06-26,AMD,low,1,"Micron: A Hot Buy Heats Up, Fresh All-Time Highs Are Coming"
2025-06-26,MKC,low,2,Why McCormick Stock Jumped Today|McCormick Heats Up Consumer Sales in Q2
2025-06-26,MRK,medium,1,Medicenna Therapeutics Reports Fiscal Year 2025 Financial Results and Operational Highlights
2025-06-26,MU,low,2,Micron’s Rally Defies Seasonal Trends—But Can Technicals Keep Up?|Micron Stock Drops Despite Blowout Quarter—Should You Buy?
2025-06-26,NKE,medium,2,"Should You Buy Nike Stock Before June 26?|Nike Q4 Earnings: Revenue Beat, EPS Beat, Headwinds Expected To Moderate Moving Forward, Company Playing 'Sport Offense'"
2025-06-27,MU,low,1,Why Did Micron Stock Drop Despite Crushing Earnings Expectations?
2025-06-29,NKE,low,1,Is It Time to Just Buy Nike Stock as a Turnaround Takes Hold?
2025-06-30,MRNA,low,1,Moderna's mRNA Flu Vaccine Outperforms Standard Shots
2025-06-30,V,medium,1,OBOOK Holdings Inc.(OWLS) to Announce First Half 2025 Financial Results
2025-07-01,BAC,low,1,Bank of America Comments on Stress Test Results; Plans to Increase Quarterly Dividend 8% to $0.28 Per Share
2025-07-01,TFC,medium,1,Truist announces planned capital deployment and stress capital buffer requirement following release of 2025 CCAR results
2025-07-02,ADBE,low,1,Figma Targets Wall Street Debut After $20 Billion Adobe Deal Collapse
2025-07-03,AAPL,low,1,Nike is Back in the Race
2025-07-03,AMAT,low,1,Micron’s Strong Q3 Fuels Bullish Outlook for Applied Materials
2025-07-07,CNC,low,1,"Molina Healthcare Says Higher Medical Cost Trends Bite, Cuts Profit Guidance"
2025-07-09,AAPL,low,1,Technology Sector: Looking at the 'Upside Surprise' Factor Over Last 5 Quarters
2025-07-09,BA,low,1,Boeing’s Delivery Backlog Supports Valuation Upside Despite EPS Losses
2025-07-10,AAPL,medium,1,Buybacks Reach Record Highs as Q2 Earnings Season Approaches
2025-07-11,DAL,low,1,Delta’s Revaluation Reflects Better Macro—But Are Tariff Risks Really Gone?
2025-07-11,GIS,medium,1,"US Cereal Manufacturing Industry Report 2025 / Analytics, Extensive Financial Benchmarks, Metrics and Revenue Forecasts to 2031"
2025-07-14,MU,medium,1,Q2 2025 Earnings Preview: Modest Growth Expected Amidst Economic Crosswinds
2025-07-15,BK,low,1,BNY Mellon Earnings Rise on Digital Push
2025-07-15,BLK,high,3,"Why BlackRock Fell Today|BlackRock's AUM Jumps To $12.53 Trillion, Revenue Up 13%|BlackRock Stock Drops 7% on Revenue Miss — Buy the Dip?"
2025-07-15,DAL,low,1,Delta Air Lines Could Reach New Highs in 2025—And Here’s Why
2025-07-15,NVDA,low,1,S&P 500 Shows No Signs of Weakness
2025-07-16,BAC,medium,2,Bank of America: 8% Dividend Hike in Q2|Bank of America Posts Record Q2 Results
2025-07-16,DAL,low,1,Delta Air Lines Stock Rallies on New Guidance—Can It Keep Going?
2025-07-16,FAST,low,1,"Fastenal Surges After Earnings Beat, Tariff Risks Loom"
2025-07-16,GS,low,1,Goldman Sachs Q2 Profit Jumps
2025-07-16,JNJ,low,1,Why Johnson & Johnson Rallied Today
2025-07-16,MS,low,1,"Morgan Stanley's Wealth Management Adds $59 Billion In Net New Assets, AUM Grows To $1.71 Trillion"
2025-07-16,PLD,low,2,Prologis: Strong Despite Tariff Concerns|Prologis Boosts 2025 Outlook on Growth
2025-07-16,STX,low,1,3 AI Infrastructure Stocks Worth Owning Ahead of Earnings
2025-07-17,ABT,low,1,Eased Tariff Impact Fails To Lift Abbott As Outlook Cut Disappoints Investors
2025-07-17,CFG,low,1,Why This Large Bank Is Outperforming Its Peers
2025-07-17,ELV,medium,2,"Elevance Health Hit By Medicaid Troubles, Trims Outlook|Elevance Stock Faces Headwinds After Q2 EPS Miss and Margin Compression"
2025-07-17,FITB,low,1,Fifth Third Bancorp Raises 2025 Outlook
2025-07-17,JNJ,low,1,Johnson & Johnson Is Back in Rally Mode—The Time to Buy Is Now
2025-07-17,NFLX,medium,2,Should You Buy Netflix Stock Before July 17?|S&P 500: Are Stocks Still Forming a Top?
2025-07-17,PEP,low,2,Why PepsiCo Stock Was Climbing Today|PepsiCo Stock Jumps Despite Mixed Q2 as Dividend Strength Steals Spotlight
2025-07-18,CTAS,medium,1,Cintas Reports Record Revenue and EPS
2025-07-18,GE,low,1,High-Flying GE Aerospace Drops After Blowout Q2 — What Now?
2025-07-18,MMM,medium,2,Here's Why 3M Shares Slumped Today (and Why It Could Be a Good Buying Opportunity)|3M Stock: Strong Q2 Print and Upgraded EPS Guide Reignite Bullish Case
2025-07-18,NFLX,low,2,Why Netflix Stock Dropped on Friday|Netflix Lifts Forecast on Ad Surge
2025-07-18,SLB,low,1,Is SLB’s EBITDA Margin Guidance Realistic as Energy Markets Stabilize?
2025-07-18,SNA,low,1,Snap-On: Snap Up This Strong Signal While It’s Still Cheap
2025-07-21,AAPL,medium,1,"Should You Sell These 2 Popular ""Magnificent Seven"" Stocks Before They Report Earnings?"
2025-07-21,AXP,medium,1,American Express Q2 Earnings Surge
2025-07-21,DPZ,high,3,"Is Domino’s EPS Miss a Blip or a Signal of Deeper Profitability Concerns?|Domino's Expands Footprint, Delivers Strong Sales In Q2|Should You Buy This Warren Buffett Stock After Earnings?"
2025-07-21,GOOG,low,1,2 Stocks That Could Outperform With Earnings in Focus
2025-07-21,HBAN,low,1,Huntington Bancshares Loan Growth Up
2025-07-21,MMM,medium,1,3M Reports 12% EPS Growth in Q2
2025-07-21,SCHW,medium,1,Charles Schwab Q2 Revenue Rises 25%
2025-07-21,T,medium,1,Why AT&T Stock Jumped Today
2025-07-21,TSLA,low,1,Nasdaq 100 Muted With Trade Tariffs and Tech Earnings in Focus
2025-07-21,VZ,medium,1,"Verizon to report earnings July 21, 2025"
2025-07-22,DHI,medium,1,Why D.R. Horton Stock Popped Today
2025-07-22,DHR,low,1,Danaher Raises 2025 Earnings Outlook
2025-07-22,DPZ,low,1,Domino’s Delivers Another Discounted Entry for Income Investors
2025-07-22,GM,medium,2,GM Stock Slides Despite EPS Beat as $1.1B Tariff Hit Erodes Margins|How Tariffs Impacted GM’s Q2 Earnings
2025-07-22,GOOG,low,1,Nasdaq 100: Traders on Alert Ahead of Google and Tesla Earnings
2025-07-22,IBM,medium,1,IBM Earnings Preview: Can Q2 Beat Reverse April’s Post-Earnings Selloff?
2025-07-22,KO,medium,2,"Higher Margins Sweeten Coca-Cola's Q2, Yet Volume Struggles Persist|Coca-Cola Posts 3.6% EPS Growth in Q2"
2025-07-22,LLY,medium,1,3 Healthcare Stocks to Buy Before They Announce Game-Changing Clinical Trial Results
2025-07-22,MSCI,low,1,MSCI Revenue Climbs 9.1% in Q2 2025
2025-07-22,PCAR,low,2,Why Paccar Stock Popped Today|Paccar's Revenue Drops 14% in Q2
2025-07-22,PEP,low,1,Is PepsiCo Stock a Buy After Earnings?
2025-07-22,PHM,low,1,Here’s Why Homebuilder Stocks Are Skyrocketing
2025-07-22,PM,low,1,Marlboro Parent Philip Morris International's Smoke-Free Segment Powers Q2 Gains
2025-07-22,VZ,low,1,A Bullish Storm Is Brewing for High-Yield Verizon’s Share Price
2025-07-22,WRB,low,1,W R Berkley Sets Record Q2 Premiums
2025-07-23,BSX,medium,1,"Boston Scientific Reports Higher Profit Margins In Q2, Lifts Guidance"
2025-07-23,GEV,low,1,Why GE Vernova Stock Soared Today
2025-07-23,GM,medium,1,General Motors Q2 Revenue Down 1.8%
2025-07-23,GOOG,medium,2,Alphabet’s Q2 2025 Results Will Test Market Patience on AI Monetization|Google Q2 Earnings: Wall Street Eyes AI Potential in Upcoming Report
2025-07-23,IBM,low,1,IBM RELEASES SECOND-QUARTER RESULTS
2025-07-23,ISRG,low,1,"ISRG: Solid Numbers, Tariff Concerns"
2025-07-23,KMI,low,1,Kinder Morgan Revenue Jumps 13% in Q2
2025-07-23,KO,low,1,Coca-Cola Q2 Margins Rise; Is KO Stock Undervalued?
2025-07-23,LMT,low,1,Lockheed Martin’s Q2 Stumbles: Profits Down but Geopolitics Up
2025-07-23,MS,low,1,Morgan Stanley Profit Jumps 17% in Q2
2025-07-23,MTB,low,1,M and T Bank EPS Jumps 13 Percent in Q2
2025-07-23,NFLX,low,2,"4 Major Stocks Raise 2025 Guidance, Analyst Targets Rise|Netflix's Growth Is Staggering. But Are Shares Still Attractive?"
2025-07-23,PNC,medium,1,PNC Reports 5% Revenue Gain in Q2
2025-07-23,STLD,low,1,Steel Dynamics Bets on Growth Despite Earnings Miss and Tariff Headwinds
2025-07-23,T,low,1,Why AT&T Stock Bumped Higher Today
2025-07-23,TMO,medium,1,Thermo Fisher Posts 3% Q2 Revenue Gain
2025-07-23,TSLA,medium,2,Tesla Q2 2025 Earnings Preview: What to Expect|‘Magnificent 7’ Earnings Showdown: The AI Haves and the Cyclical Have-Nots
2025-07-24,BX,low,1,Why Blackstone Rallied Today
2025-07-24,DOW,low,1,"Dow’s Q2 Wipeout: Cash Flow Collapses, Debt Rises, and Investors Flee"
2025-07-24,F,medium,1,Gentherm Reports 2025 Second Quarter Results
2025-07-24,GOOG,medium,2,Google Stock Roars As Analysts Race To Raise Price Targets|Cautious Optimism: What Q2 Earnings Say About Corporate America’s Outlook
2025-07-24,INTC,low,1,Intel Boosted by Strong PC Sales
2025-07-24,LH,low,1,Labcorp Posts 9.5 Percent Gain in Q2
2025-07-24,LVS,medium,1,Sands Q2 Revenue Up 15 Percent
2025-07-24,NVR,low,1,Earnings Summary on NVR
2025-07-24,PKG,low,1,PKG EPS Up 13 Percent in Q2
2025-07-24,TSCO,low,1,Tractor Supply: Strong Despite Headwinds
2025-07-24,TSLA,high,3,"Tesla Stock Drops as Q2 Misses Reveal Deeper Fundamental Weakness|Tesla Just Hit a Fork in the Road—Could the Bulls Lose Control?|Tesla Stock Drops After-Hours, Analysts Lament Lack Of 'Clear Metrics,' Balance Sheet Pressure And Legal Risks: Elon Musk Gave 'Ton Of Ammunition' To Lawyers Suing Him"
2025-07-24,TXT,medium,2,Textron Q2 Revenue Jumps 5 Percent|Why Textron Stock Slumped Today
2025-07-24,URI,medium,1,United Rentals Beats Q2 Revenue Forecast
2025-07-24,WAB,medium,1,Wabtec Posts 16 Percent EPS Gain in Q2
2025-07-24,WST,low,1,West Pharma EPS Jumps 22 Percent in Q2
2025-07-25,BA,low,1,Is the S&P 500’s Post-Q2 Optimism Justified by Broadening Upward Revisions?
2025-07-25,CMG,low,1,A Smokin’ Hot Entry Point for Chipotle Stock Opens in Q3
2025-07-25,CNC,low,1,Centene's First Quarterly Loss In 13 Years Sends Shares Crashing
2025-07-25,CVX,low,1,S&P 500: Caution Builds Despite New Record Highs
2025-07-25,DHI,low,1,D.R. Horton Revenue Tops Q3 Estimates
2025-07-25,DOV,medium,1,Dover Posts 5% Gain in Q2 Revenue
2025-07-25,FCX,low,1,Why Freeport-McMoRan Stock May Hit a New High After Earnings Beat
2025-07-25,FIX,low,1,Comfort Systems Usa EPS Jumps 75 Percent
2025-07-25,GEV,low,1,GE Vernova's Q2 Electrifies Stock: What's Next For This Top Name?
2025-07-25,HAL,medium,1,Halliburton Reports Q2 Revenue Drop
2025-07-25,INTC,high,3,Intel Q2 Earnings: Is There a Silver Lining?|Intel's Turnaround Gains Credibility With Strong Q2 Report|Intel: Is it Game Over or a Reset? Latest Earnings Reveal Worrying Insights
2025-07-25,KO,low,1,Coca-Cola (KO) Raises 2025 Profit Forecast
2025-07-25,NDAQ,medium,1,Nasdaq Q2 Revenue Jumps 13 Percent
2025-07-25,SHW,medium,1,Sherwin-Williams Posts Q2 Revenue Beat
2025-07-25,UNP,low,1,Union Pacific's Turnaround Gains Momentum With Stellar Q2 Operations
2025-07-27,TSLA,low,1,Is Tesla Stock a Buy Now?
2025-07-28,BRO,medium,1,"Brown & Brown, Inc. announces second quarter 2025 results, including total revenues of $1.3 billion, an increase of 9.1%; Organic Revenue growth of 3.6%; diluted net income per share of $0.78; and Diluted Net Income Per Share - Adjusted of $1.03"
2025-07-28,CME,low,1,CME Group Revenue Jumps 10% in Q2
2025-07-28,DECK,low,1,"Down 48%, This Growth Stock Looks Like a No-Brainer Buy"
2025-07-28,FIX,low,1,Why Wall Street Is Bullish on This Industrial Stock
2025-07-28,GOOG,medium,2,Alphabet Posts 14% Revenue Gain in Q2|Alphabet's AI Push Is Accelerating -- Is the Stock a Buy Now?
2025-07-28,HIG,medium,1,Hartford Beats Q2 Earnings Estimates
2025-07-28,HLT,low,1,Hilton Beats Estimates in Fiscal Q2
2025-07-28,META,medium,1,Meta's Q2 Earnings: Key Areas Investors Must Pay Attention To
2025-07-28,MSFT,medium,1,Will Q2 Earnings Be Magnificent for These Tech Stocks?
2025-07-28,NVDA,low,1,3 Tech Stocks to Watch During Earnings Season
2025-07-28,RVTY,medium,2,Revvity Slashes Outlook As China Policy Deals Diagnostics Blow|Revvity Q2 Revenue Up 4 Percent
2025-07-28,TSLA,low,2,Tesla Shares Tumble. Is It Time to Buy the Dip or Run for the Hills?|A More Affordable EV Won't Save Tesla
2025-07-29,AAPL,low,1,$19.5 Trillion Earnings Blitz: Wall Street Faces Make-Or-Break 72 Hours
2025-07-29,AMT,medium,1,American Tower Posts Q2 Revenue Beat
2025-07-29,CAT,medium,1,TOROMONT ANNOUNCES RESULTS FOR THE SECOND QUARTER OF 2025 AND QUARTERLY DIVIDEND
2025-07-29,CBRE,medium,1,CBRE Group Posts 16% Revenue Gain in Q2
2025-07-29,CINF,low,1,Cincinnati EPS Jumps 53 Percent in Q2
2025-07-29,DECK,low,1,Deckers Stock Recovers on Strong Earnings—More Upside Ahead?
2025-07-29,ECL,medium,1,Ecolab Posts 13 Percent EPS Gain in Q2
2025-07-29,HUBB,medium,1,Hubbell Posts 11 Percent EPS Jump in Q2
2025-07-29,META,medium,1,Meta Q2 Earnings Preview: All Eyes on AI Spend Vs. Profitability Trade-Off
2025-07-29,MRK,medium,1,"Merck Q2: EPS Beats, but Sales Flat as Vaccine Demand Slips Globally"
2025-07-29,MSFT,low,1,Microsoft Nears $5T Valuation as Analysts Boost Targets Ahead of Earnings
2025-07-29,NSC,medium,1,Norfolk Southern Posts Q2 Revenue Gain
2025-07-29,PG,low,1,Procter & Gamble Eyes 1–5% Sales Growth—But Will FX and Mix Disrupt It?
2025-07-29,QCOM,medium,1,Can Qualcomm Shock Wall Street With Its Q3 Earnings?
2025-07-29,RCL,low,1,Royal Caribbean Sinks After Earnings—Is a Buying Opportunity Ahead?
2025-07-29,SBUX,low,1,Starbucks Still Needs More Time
2025-07-29,SWK,low,1,Why Stanley Black & Decker Stock Tumbled by 7% on Tuesday
2025-07-29,TMO,low,1,Thermo Fisher Posts 3% Q2 Rise
2025-07-29,UHS,medium,1,Universal Health Q2 Earnings Jump 24%
2025-07-29,UNH,medium,2,UnitedHealth Group Posts Q2 Revenue Gain|UnitedHealth Misses Q2 Mark But Vows A Healthier 2026
2025-07-29,UPS,low,1,Why UPS Stock Is Down Big Today
2025-07-29,V,low,1,Visa Sees No Sign of a Slowdown
2025-07-29,VLO,low,1,Valero Q2 Profit Reaches $714 Million
2025-07-29,WM,low,1,Why Waste Management Stock Is Surging Today
2025-07-30,BX,low,1,Blackstone Earnings Jump on Record AUM
2025-07-30,GNRC,medium,1,Generac Announces Second Quarter 2025 Earnings Release Date and Conference Call
2025-07-30,GRMN,high,3,"Why Garmin Stock Sank After Earnings Today|Garmin’s Q2: Double-Digit Growth Across All Segments Fuels Upbeat Outlook|Garmin Stock Climbs After Strong Q2 Beat, Fitness And Outdoor Sales Surge, MYLAPS Acquisition"
2025-07-30,META,low,1,Meta Earnings: Spending Big on AI
2025-07-30,MO,low,1,Can Altria’s Oral Tobacco Growth Offset Declines in Smokeables?
2025-07-31,ABBV,low,1,"AbbVie Lifts Outlook, Eyes Parkinson's Assets As Next Growth Frontier"
2025-07-31,AEP,low,1,Should You Buy AEP Stock After Its Strong Earnings and Dividend Track?
2025-07-31,ALB,medium,1,Albemarle (ALB) Q2 Revenue Jumps
2025-07-31,AMZN,low,1,Amazon: Capex Weighs on Profit Forecast
2025-07-31,AOS,low,1,A O Smith Raises 2025 Outlook
2025-07-31,AWK,low,1,American Water Works (AWK) Q2 Up 11%
2025-07-31,BG,medium,1,Bunge (BG) Q2 EPS Beats by 20%
2025-07-31,BIIB,low,1,Biogen Lifts Outlook As Rare Disease And Alzheimer's Drug Sales Accelerate
2025-07-31,CHRW,medium,1,C.H. Robinson (CHRW) Q2 EPS Jumps 12%
2025-07-31,CVNA,low,1,"Carvana Shifts Into High Gear After Q2 Beat, Analysts Boost Price Targets"
2025-07-31,ESS,medium,1,Essex (ESS) Q2 Revenue Rises 6%
2025-07-31,FICO,low,1,Why Fair Isaac Fell Today
2025-07-31,FTV,medium,1,Fortive (FTV) Q2 Revenue Tops Estimates
2025-07-31,GNRC,medium,1,Generac (GNRC) Q2 EPS Jumps 22%
2025-07-31,GOOG,low,2,"Alphabet's Recent Numbers Were Strong, but This Metric Could be a Red Flag|After Surging 15% in 1 Month, Does Alphabet Stock Have More Room to Run After Blowout Earnings?"
2025-07-31,HSY,medium,1,Hershey (HSY) Q2 Revenue Jumps 26%
2025-07-31,ITW,medium,1,Illinois Tool Works (ITW) Q2 EPS Up 2%
2025-07-31,LYB,low,1,Clariant delivers strong profitability on flat local currency sales in Q2 2025
2025-07-31,MA,low,1,Mastercard Keeps Charging Ahead
2025-07-31,META,low,1,Why Meta Platforms Stock Is Skyrocketing Today
2025-07-31,MGM,medium,1,MGM (MGM) Q2 Revenue Tops Estimates 2%
2025-07-31,MSFT,low,2,"Microsoft: AI and Cloud Capex Fuel 21% YTD Surge and $4T Valuation|Why Microsoft Stock Hit an All-Time High Today, Topping $4 Trillion for the First Time"
2025-07-31,PTC,medium,1,PTC (PTC) Q3 Revenue Jumps 24%
2025-07-31,TT,medium,1,Trane (TT) Q2 EPS Up 18 Revenue Up 8
2025-07-31,V,medium,1,"Visa Beats Q3 Earnings Expectations, So Why Did the Market Panic?"
2025-08-01,AAPL,high,3,"Why Shares of Apple Are Falling Today|Apple: AI-Focused Growth Strategy Positions Stock for Long-Term Outperformance|Apple Stock: Big Earnings, Small Move—Time to Buy?"
2025-08-01,ABBV,low,1,"AbbVie Soars On Skyrizi And Rinvoq Strength, Outpacing Humira Erosion"
2025-08-01,AMZN,high,3,Amazon Stock Drops After Earnings Beat. What Happened?|Amazon's Earnings: What Comes Next and How to Play It|Why Is Amazon’s Stock Crashing Despite Strong Earnings?
2025-08-01,COIN,medium,1,Why Coinbase Stock Fell Despite a 246% Q2 Earnings Surprise
2025-08-01,CVX,low,1,"Chevron Beats on EPS, Misses Revenue as Hess Acquisition Offset Headwinds"
2025-08-01,EQIX,medium,1,Equinix (EQIX) Q2 EPS Jumps 19%
2025-08-01,HST,medium,1,Host Hotels (HST) Q2 Revenue Jumps 8%
2025-08-01,KLAC,medium,1,KLA (KLAC) Q4 Revenue Jumps 24%
2025-08-01,META,low,1,Meta and Microsoft Just Shared Great News for Artificial Intelligence (AI) Stocks
2025-08-01,MRNA,low,1,Moderna's Key Patent Win Overshadowed By Gloomy Outlook
2025-08-01,PCG,medium,1,PG&E (PCG) Q2 Revenue Slips 1.5%
2025-08-01,PPL,medium,1,PPL (PPL) Q2 Revenue Jumps 7.7%
2025-08-01,PYPL,low,1,PayPal Shares Sink Despite Upbeat Outlook. Is Wall Street Missing the Turnaround?
2025-08-01,REGN,low,1,"Regeneron's Pipeline Hit By Catalent Delays, But Dupixent Shines"
2025-08-01,SPGI,medium,1,S&P Global (SPGI) Q2 EPS Jumps 10%
2025-08-04,ABBV,low,1,AbbVie Raises 2025 Outlook After Q2 Beat
2025-08-04,BA,medium,1,The Biggest Takeaways From Boeing's Q2 Earnings Report
2025-08-04,DIS,medium,1,Disney’s Blowout Quarters Set High Bar Ahead of Q3 Earnings Report
2025-08-04,HOOD,medium,1,Why Robinhood Just Added Upside Potential After a Q2 Earnings Dip
2025-08-04,IDXX,low,1,"IDEXX Surpasses Earnings Expectations, Justifying Premium Valuation"
2025-08-04,KO,low,1,The Biggest Takeaway From Coca-Cola's July 22 Earnings Report
2025-08-04,MLM,medium,1,"Martin Marietta and Quikrete to Exchange Certain Cement and Concrete Assets for Aggregates Assets; Company Also Completes Acquisition of Premier Magnesia, LLC; Previews Second Quarter 2025 Earnings and Raises Full-Year Guidance"
2025-08-04,MO,low,1,"Altria Has a Big Dividend Yield, but Is It Sustainable?"
2025-08-04,MSFT,low,1,Microsoft Stock Soars on the Back of AI. Can the Momentum Continue or Is It Too Late to Buy the Stock?
2025-08-04,ON,medium,1,ON (ON) Q2 Revenue Drops 15%
2025-08-04,PLTR,medium,2,Palantir Bulls and Bears Set for an August Showdown|Why Palantir Could Skyrocket Again After August 4
2025-08-04,TSN,medium,1,Tyson Foods (TSN) Q3 EPS Jumps 4.6%
2025-08-04,XOM,medium,2,ExxonMobil Q2 EPS Beat but Stock Fell|ExxonMobil Continues to Show That It's the Best Oil Stock
2025-08-05,AMD,medium,1,AMD Q2 Earnings Preview: Priced for Perfection or Due for a Pullback?
2025-08-05,AMZN,low,1,"I Can't Lie, I'm Excited About Amazon Stock After Its Recent Earnings Report. Here's Why."
2025-08-05,BEN,medium,1,Franklin Resources Q3 Revenue Beats
2025-08-05,CAT,medium,1,"Finning to report Q2 2025 results on August 5 and hold investor call on August 6, 2025"
2025-08-05,CVX,low,1,Chevron Is Becoming a Cash-Gushing Juggernaut
2025-08-05,EBAY,medium,1,eBay (EBAY) Q2 Revenue Rises 6%
2025-08-05,FANG,medium,1,Diamondback (FANG) Q2 Revenue Jumps 48%
2025-08-05,GOOG,low,1,Is Now the Time to Buy Alphabet?
2025-08-05,GWW,medium,1,Grainger Q2 Revenue Jumps 5.6%
2025-08-05,HSIC,medium,1,Henry Schein (HSIC) Q2 EPS Drops 11%
2025-08-05,J,medium,1,Jacobs (J) Q3 EPS Jumps 25% Beats Views
2025-08-05,META,low,1,"Meta Surges After Q2 Beat, but Analysts See Even More Upside Ahead"
2025-08-05,MSFT,low,1,Microsoft Cloud and AI Revenue Soar
2025-08-05,NVDA,low,1,Cathie Wood Goes Shopping: 3 Stocks She Just Bought
2025-08-05,PFE,medium,2,"Pfizer Q2: Strong Execution, FX Tailwinds, and Guidance Upgrade Impress|Why Shares of Pfizer Soared Today"
2025-08-05,PLTR,high,5,"Palantir Smashes $1B Revenue Mark, but Is It Still Worth the Price Tag?|Is Palantir Stock a Buy Right Now?|Why Palantir Technologies Stock Soared to a New All-Time High on Tuesday|The Biggest Takeaways From Palantir's Aug. 4 Earnings Report|Stock Market Today: Palantir Soars 7.85% After Blowing Past $1B Quarter"
2025-08-05,SO,low,1,Southern Company Boosts Capital Plan
2025-08-05,VRTX,low,1,Weakness In Vertex Stock Seen As Buying Opportunity
2025-08-05,WMB,medium,1,Williams (WMB) Q2 Revenue Jumps 19%
2025-08-06,AAPL,low,1,"With Apple Starting to See iPhone Sales Momentum, Is Now the Time to Buy the Stock?"
2025-08-06,AFL,low,1,Aflac (AFL) EPS Beats Sales Drop 19%
2025-08-06,AIZ,medium,1,Assurant (AIZ) Q2 EPS Jumps 25%
2025-08-06,AMD,low,1,Why AMD Stock Is Plummeting Today
2025-08-06,BR,medium,1,Broadridge (BR) Q4 Revenue Rises 6%
2025-08-06,CAT,low,1,Caterpillar Faces Q2 Margin Pressure but Capital Returns Remain Solid
2025-08-06,CNC,medium,1,"Centene Corporation (CNC) Shares Fall ~10% Pre-Market After Reporting Q2 2025 Diluted Loss Per Share, Class Action Lawsuit Over “Inflated Guidance” Pending – Hagens Berman"
2025-08-06,COR,low,1,"Cencora Says Famed GLP-1 Class Products Drive Growth, Boosts Profit Outlook"
2025-08-06,CRL,medium,2,"Charles River Sees Limited Impact From NIH Cuts, Tariffs, Drug Pricing|Charles River (CRL) Q2 EPS Jumps 11%"
2025-08-06,DASH,medium,1,DoorDash (DASH) Q2 Revenue Jumps 25%
2025-08-06,DIS,medium,1,Disney Q3 EPS Jumps 16%
2025-08-06,FIS,medium,1,Fidelity National (FIS) Q2 Revenue Up 5%
2025-08-06,FTNT,medium,1,Fortinet to Announce Second Quarter 2025 Financial Results
2025-08-06,HD,low,1,Back-to-School Spending Season in Full Swing With Key Events Ahead
2025-08-06,IFF,medium,1,IFF (IFF) Q2 Revenue Tops Estimates
2025-08-06,IRM,medium,1,Iron Mountain (IRM) Q2 Revenue Jumps 12%
2025-08-06,MCD,medium,2,"McDonald's (MCD) Q2 EPS Jumps 12%|McDonald’s Q2 Beats Revenue Estimates, EPS In Line as Global Sales Rise"
2025-08-06,NI,medium,1,NiSource (NI) Q2 EPS Jumps 5%
2025-08-06,TAP,medium,1,Molson Coors (TAP) Q2 EPS Jumps 12%
2025-08-06,TDG,low,1,TransDigm (TDG) Q3 Margin Hits 54%
2025-08-06,TECH,medium,1,Bio-Techne (TECH) Q4 EPS Rises 8.2%
2025-08-06,TRMB,medium,1,Trimble (TRMB) Fiscal Q2 EPS Jumps 14%
2025-08-06,UBER,medium,1,Uber (UBER) Q2 Revenue Jumps 18%
2025-08-06,ZBRA,low,1,Zebra Technologies: Riding the Automation Wave to Profits
2025-08-07,ALGN,low,1,Buy the Dip? These Earnings Misses Offer Long-Term Upside
2025-08-07,BDX,low,1,Becton Dickinson Q3 Beats Estimates On Medical Device Boom
2025-08-07,CEG,low,1,Constellation Energy: Premium Valuation Hinges on AI Execution and Policy Tailwind
2025-08-07,CF,medium,1,CF Industries (CF) Q2 Revenue Jumps 20%
2025-08-07,CTVA,medium,1,Corteva (CTVA) Q2 Revenue Jumps 6%
2025-08-07,DDOG,medium,2,Should You Buy Datadog Stock Before Aug. 7?|Datadog (DDOG) Q2 Revenue Jumps 28%
2025-08-07,FRT,medium,1,Federal Realty (FRT) Q2 Revenue Up 5%
2025-08-07,GDDY,medium,1,GoDaddy (GDDY) Q2 Revenue Jumps 8%
2025-08-07,LLY,medium,1,Eli Lily Q2 Earnings Preview: Future Depends on Mounjaro and Zepbound Performance
2025-08-07,LRCX,low,1,4 Semiconductor Stocks Earning Fresh Wall Street Upgrades
2025-08-07,META,low,1,Meta Platforms Just Shocked the World. Is the Stock a Buy?
2025-08-07,MO,low,1,"Trading Near Its 52-Week High, Is Altria Stock a Good Buy Right Now?"
2025-08-07,MSFT,medium,1,"Microsoft Delivers Blowout Earnings, but Is the AI Premium Fully Priced In?"
2025-08-07,PH,medium,1,Parker to Announce Fiscal 2025 Fourth Quarter and Full Year Earnings on August 7; Conference Call and Webcast Scheduled for 11 a.m. Eastern
2025-08-07,PLTR,low,1,"Is Palantir a Buy, Sell, or Hold After Its Most Recent Earnings Report?"
2025-08-07,PODD,low,1,Insulet Lifts Annual Forecast On Increased Adoption For Insulin Pump Omnipod 5
2025-08-07,RL,medium,1,Ralph Lauren (RL) Q1 Revenue Rises 14%
2025-08-07,SBAC,medium,1,Millicom (Tigo) Q2 2025 Earnings Release
2025-08-07,SOLV,medium,1,Solventum (SOLV) Fiscal Q2 EPS Jumps 8%
2025-08-07,VST,medium,1,Vistra (VST) Q2 Revenue Rises 10%
2025-08-07,ZBH,medium,1,Zimmer Biomet (ZBH) Q2 Revenue Jumps 7%
2025-08-08,AMD,low,1,Should You Buy AMD Stock on the Dip?
2025-08-08,AXON,low,1,Axon: The 124% Net Revenue Retention Justifies Premium Valuation
2025-08-08,ED,low,1,Con Edison (ED) Q2 Net Income Jumps 22%
2025-08-08,NKE,medium,1,"Women's European Soccer Championships Business Analysis Report 2025 / Exploring Media, Sponsorship, Kit Suppliers, Team Profiles, Revenue, and Social Media"
2025-08-08,TTD,low,1,Why The Trade Desk Stock Tumbled Today
2025-08-08,TTWO,low,1,Take-Two Q1 Net Bookings Up 17%
2025-08-11,APP,low,1,AppLovin Shares Jump as Revenue Continues to Surge. Is It Too Late to Buy the Stock?
2025-08-11,MU,low,1,Why Micron Stock Popped Again Today
2025-08-11,SYK,low,1,Perimeter Announces Preliminary Unaudited Revenues for the 2025 Second Quarter; Reduces Operating Costs by ~30% as Company Focuses on Commercial Sales Pipeline and Growth Opportunities
2025-08-11,TSLA,low,1,S&P 500 Earnings Growth Nearly Triples Forecasts Despite Valuation Fears
2025-08-11,UNH,low,1,What's Going On With UnitedHealth Stock Monday?
2025-08-12,AMZN,low,1,The Biggest Mistake Investors Make When Buying Amazon Stock
2025-08-12,CAH,low,1,"Cardinal Health Boosts Specialty Presence With Solaris Health Acquisition, Lifts Profit Outlook"
2025-08-12,DIS,low,1,Disney Stock Drops Following Revenue Miss. Time to Buy the Dip?
2025-08-12,NEM,medium,1,Discovery Announces Details of Second Quarter 2025 Conference Call and Webcast
2025-08-12,PFE,low,1,Pfizer Just Beat Its Earning Estimates. Is This the Beginning of a Turnaround for the Pharmaceutical Stock?
2025-08-12,VRT,low,1,Vertiv Earnings Beat Reinforces Its Role as a Pick-and-Shovel Play in the AI Era
2025-08-13,COHR,medium,1,Coherent Posts Record Q4 Revenue
2025-08-13,LITE,low,1,Lumentum Revenue Jumps 56 Percent in Q4
2025-08-14,COHR,low,1,Why Coherent Stock Tanked by Nearly 20% on Thursday
2025-08-14,MCD,low,1,These Earnings Reports Give a Snapshot of Consumer Sentiment
2025-08-14,PLTR,low,1,"Palantir Soars to All-Time High, but Valuation Tests Investor Conviction"
2025-08-14,TPR,low,1,Tapestry Revenue Jumps 8 Percent in Q4
2025-08-15,AMAT,low,2,Why KLA Stock Dropped Today|Applied Materials Posts 8% Gain
2025-08-15,DDOG,low,1,1 Magnificent Artificial Intelligence (AI) Stock to Buy Following Its Latest Dip
2025-08-15,LRCX,low,1,Why Lam Research Stock Got Clobbered Today
2025-08-15,MCHP,low,1,Microchip Technologies on Track for Macro Reversal and Rebound
2025-08-15,PFE,low,1,"After a Strong Quarterly Result, Is It Finally Safe to Buy Pfizer Stock Again?"
2025-08-15,TRGP,medium,1,Targa Resources Corp. Announces Quarterly Common Dividend and Timing of Second Quarter 2025 Earnings Webcast
2025-08-18,PANW,medium,1,"Palo Alto Q4 Earnings Preview: CyberArk Seen as Growth Catalyst, Guidance in Focus"
2025-08-19,DDOG,low,1,Datadog Stock Pullback Opens Question: Correction or Opportunity?
2025-08-19,HD,low,2,Home Depot Q2 Sales Rise to 45.3 Billion|Home Depot Sales Up 5 Percent
2025-08-19,KEYS,low,1,Keysight Revenue Jumps 11% in Fiscal Q3
2025-08-20,AMZN,medium,1,Did Q2 Earnings Exceed Expectations or Get Derailed by Tariffs?
2025-08-20,CEG,medium,1,Who Won and Who Lost in Nuclear Energy’s Q2 Earnings
2025-08-20,EL,low,1,Why Estée Lauder Dropped Today
2025-08-20,LOW,low,2,Lowe's Q2 Sales Rise FBM Deal Announced|Lowe’s Earnings Strength Balanced by Margin Pressure From Acquisitions
2025-08-20,NDSN,medium,1,Nordson Posts 12% Revenue Jump in Q3
2025-08-20,PYPL,low,1,Earnings Season Check-In: What to Watch Next With PayPal
2025-08-20,TJX,high,3,TJX Companies Lifts 2026 Outlook|Why TJX Stock Popped Today|TJX Posts 7% Revenue Gain in Fiscal Q2
2025-08-21,NVDA,low,1,Here's Why I'm Not Buying the Dip in Nvidia's Stock
2025-08-21,WDAY,medium,2,Workday Q2 Revenue Jumps on AI Growth|Workday Subscription Revenue Jumps 14%
2025-08-21,WMT,high,3,"Walmart Q2 Sales Rise 5 Percent|Stock Market Today: Dow, S&P 500 Futures Tumble As Jobless Claims Increase— Walmart, Intuit, Ross Stores Earnings In Focus (UPDATED)|Walmart Valuation Premium Looks Stretched Amid Slowing Profit Growth"
2025-08-22,HD,low,1,Is Home Depot Stock Ready to Break Out Soon?
2025-08-22,WDAY,medium,1,Workday: Why Is the Stock Declining Despite Decent Q2 Results
2025-08-22,WMT,low,1,Walmart Is Still a Top Consumer Staples Play Despite Earnings Miss
2025-08-25,PLTR,low,1,Wall Street Analysts Think This Popular AI Stock Looks Overvalued Right Now
2025-08-25,WFC,medium,1,Primior Holdings (OTC: GRLT) Reports Q2 2025 Results: Total Income Up 134% Year over Year; $0.69M Net Income; Gross Margin 88%
2025-08-25,WMT,low,1,Walmart Shares Sink Despite Solid Sales Outlook. Should Investors Buy the Dip?
2025-08-26,AMZN,medium,1,Sabio Reports 25% YoY Revenue Growth in Q2 2025 with Record Second Quarter and First-Half Revenues
2025-08-26,REGN,medium,1,Regeneron Announces Positive Results from Phase 3 Trial in Generalized Myasthenia Gravis
2025-08-26,WDAY,low,2,"Workday: Are the AI Disruption Fears Real, or Is It Time to Buy the Stock on the Dip?|Workday: Institutions Are Buying This Stock, Shouldn’t You?"
2025-08-27,COO,medium,1,Cooper Companies Posts 15% EPS Gain
2025-08-27,CRWD,medium,2,"CrowdStrike Q2 Earnings Preview: Demand Boosts Growth, Profit Outlook in Focus|CrowdStrike Posts 21% Gain in Fiscal Q2"
2025-08-27,HPQ,medium,1,HP Posts 3% Revenue Gain in Fiscal Q3
2025-08-27,NVDA,medium,2,NVIDIA Sets Conference Call for Second-Quarter Financial Results|Stock Market Today: S&P 500 Sets Record High Ahead of Nvidia Earnings
2025-08-27,SJM,low,1,Why J.M. Smucker Plunged Today
2025-08-27,TJX,low,1,"TJX Stock Valuation Stretched, but Off-Price Edge Supports Bullish Outlook"
2025-08-27,WMT,low,1,1 Green Flag for Walmart Stock Right Now
2025-08-27,WSM,medium,2,Williams-Sonoma Posts 20% EPS Jump in Q2|Williams-Sonoma Q2 Results Prove Its Buy-and-Hold Quality
2025-08-28,AVGO,low,1,Why Broadcom Stock Beat the Market Today
2025-08-28,BBY,low,2,Best Buy: Fiscal 2026 Outlook Anchored by Cautious Optimism and Cost Control|Why Best Buy Stock Tumbled on Thursday
2025-08-28,COO,low,1,Why Cooper Companies Stock Sank by 13% Today
2025-08-28,DDOG,low,1,Why Datadog Stock Surged Today
2025-08-28,DG,low,2,Dollar General Q2 Sales Up 5 Percent|Dollar General Lifts Outlook While CEO Warns Tariffs Already Pushing Prices Up
2025-08-28,DIS,low,1,NVIDIA Announces Upcoming Event for Financial Community
2025-08-28,HD,medium,1,Retail Roundup: Key Winners and Losers After Q2 Earnings
2025-08-28,NVDA,high,10,"No Rally for Nvidia After Blowout Earnings, but More AI Stocks Still Shine|Nvidia Q2 Earnings Review: Growth Slows After 2 Years of AI Boom|Should Investors Buy Nvidia's 3% Post-Earnings Pullback?|Nvidia Stock Slips After Earnings. 2 Crucial Things Investors May Be Ignoring.|Nvidia Stock Faces Reality Check as Growth Slows but Margins Stay Strong|Nvidia Earnings Show Shift From Hyper to High Growth|Nvidia CEO Jensen Huang Just Delivered Spectacular News for Palantir Stock Investors|Nvidia Stock Declines on China Market Uncertainty -- But Q2 Earnings Report and Q3 Guidance Were Fantastic|Nvidia Stock Could Pull Back in September, but Don’t Bet on It|Stock Market Today: Nvidia Slips Despite Strong Earnings and Guidance"
2025-08-28,ULTA,low,1,Ulta Beauty Posts 9% Sales Jump in Q2
2025-08-29,ADSK,low,1,Autodesk Revenue Jumps 17% in Fiscal Q2
2025-08-29,NVDA,low,2,Is Nvidia Stock a Buy?|Did Nvidia Meet Investors’ Expectations in Q2?
2025-09-01,DG,low,1,"I Can't Lie, I'm Excited About Dollar General Stock After the Recent Earnings Report. Here's Why"
2025-09-02,AAPL,low,1,"Warren Buffett Sells Apple Stock and Buys a Restaurant Stock Up 4,270% Since 2005"
2025-09-02,NVDA,low,1,Are AI Stocks in a Bubble and Should Investors be Concerned?
2025-09-02,TSLA,low,1,"Tesla Vs. BYD: How EV Price Wars and Demand Shifts Impact Revenue, Profits"
2025-09-03,ADSK,low,1,Autodesk Stock Rally: Why Momentum May Not Be Done Yet
2025-09-03,CRM,medium,1,Salesforce Q2 Earnings Preview: Investors Demand a Comeback After Tough Year
2025-09-03,CRWD,low,2,"CrowdStrike: With Growth Ready to Accelerate, Is It Time to Buy the Stock?|CrowdStrike: Stock Tests $412 Support as Options Traders Turn Bullish"
2025-09-03,NVDA,low,1,"Nvidia Just Posted 56% Sales Growth, but the Market Shrugged. Should You?"
2025-09-04,AVGO,high,3,Should You Buy Broadcom Stock Before Sept. 4? Here's What History Shows.|Broadcom Q3 Earnings Preview: Can Results Justify the 100% Rally Since April?|Broadcom Inc. Announces Third Quarter Fiscal Year 2025 Financial Results and Quarterly Dividend
2025-09-04,CIEN,medium,2,Ciena Revenue Jumps 29% in Fiscal Q3|Ciena Sets Q3 Order and Revenue Records
2025-09-04,CPRT,medium,1,Copart Posts 24% EPS Jump in Fiscal Q4
2025-09-04,CRM,medium,1,Salesforce Posts 10% Revenue Gain in Q2
2025-09-04,DPZ,low,1,Domino's Pizza China Operator Sizzles Amid Aggressive Store Openings
2025-09-05,CPRT,medium,1,Why Copart Stock Dropped on Earnings Today
2025-09-05,CRM,high,3,"Salesforce Stumbles, but Investors Eye a Major Comeback|These 3 Growth Stocks Are Crashing. Is This a Buying Opportunity?|Is It Time to Buy Salesforce Stock?"
2025-09-05,DLTR,low,1,Dollar Tree Earnings Beat Overshadowed by Flat Outlook — Opportunity in Disguise?
2025-09-05,NVDA,low,1,Can Nvidia's Results Continue to Bolster the Market?
2025-09-08,LLY,low,1,Eli Lilly's Jaypirca Surpasses Chemoimmunotherapy For Untreated Blood Cancer Patients
2025-09-08,LULU,low,1,"Lululemon's Stock Continues to Be a Lemon. Can the Stock Rebound, or Should Investors Stay Away?"
2025-09-08,PFE,low,1,"Pfizer, BioNTech Roll Out COVID-19 Update That Boosts Antibodies 4-Fold In High-Risk Adults"
2025-09-08,REGN,low,1,What's Happening With Regeneron Pharmaceuticals Stock On Monday?
2025-09-09,AAPL,low,1,Why Apple Is My Top Stock to Buy Right Now
2025-09-09,CASY,low,1,Casey’s General Stores Shows How Small Dividends Plus Buybacks Build Big Value
2025-09-09,LULU,low,1,Lululemon Stock: Too Cheap to Ignore?
2025-09-09,ORCL,low,1,Oracle Stock Soars Despite Missing Q1 Estimates: Here's Why
2025-09-09,ULTA,low,1,"Ulta Beauty Stock: Strong Growth, Short-Term Volatility Ahead"
2025-09-10,APP,low,1,Why AppLovin Continued to Rally in August
2025-09-10,AVGO,low,1,Broadcom Stock Rally Anchored by New $10B AI Customer Commitment
2025-09-10,NVDA,low,1,Why Nvidia Stock Jumped Today
2025-09-10,ORCL,high,5,Why AMD Stock Is Surging Today|Action Plan for Prudent Investors After Eye Popping Oracle AI Numbers and PPI Shocker|Why Constellation Energy Stock Popped Today|Oracle Stock Rockets On $455 Billion Revenue Pipeline: Here's What Wall Street Is Buzzing About|This Scorching Hot Artificial Intelligence (AI) Stock Just Exploded Higher and Could Be Headed to the $1 Trillion Club Much Earlier Than Expected
2025-09-11,ADBE,medium,2,Adobe Reports Record Q3 Revenue|Adobe Stock Climbs On Record Q3 Revenue And More
2025-09-11,KR,medium,2,"Kroger Posts 12% EPS Gain in Fiscal Q2|Stock Market Today: Dow, Nasdaq Futures Advance As August CPI Rises In Line With Consensus View— Kroger, RH, Adobe Earnings In Focus (UPDATED)"
2025-09-11,ORLY,low,1,1 Thing I Can't Stop Thinking About Following O'Reilly Automotive's Recent Earnings Report
2025-09-11,WMT,low,1,Walmart Is Starting to Feel the Effects of Tariffs. Is Its Stock in Trouble?
2025-09-12,ADBE,low,1,"Stock Market Today: S&P 500 Futures Slip, Nasdaq Rises Amid Mixed Trade— Adobe, Warner Bros, Super Micro In Focus (UPDATED)"
2025-09-12,MSFT,low,1,These Were the 3 Worst-Performing Stocks in the Dow Jones Industrial Average in August 2025
2025-09-12,STZ,low,1,Constellation Lowers Outlook: Time to Panic on Buffett’s Big Bet?
2025-09-14,DAL,low,1,Is Delta Air Lines Stock a Buy After a Strong Earnings Report?
2025-09-14,ORCL,low,1,Could Oracle Stock Give Back Its Gains?
2025-09-15,ADBE,low,1,Adobe Stock Positioned for 25% Rebound as Buybacks Drive Leverage
2025-09-15,SNPS,medium,1,"Synopsys, Inc. (SNPS) Shares Suffer Worst Day Ever Amid Q325 Results Revealing Problems With Major Foundry Customer -- Hagens Berman"
2025-09-15,VZ,low,1,"With a Dividend Yield of More Than 6%, Is Verizon Stock a Buy?"
2025-09-17,LLY,low,1,Could This Eli Lilly Oral Pill Be Key To Significant Weight Loss?
2025-09-18,GILD,low,1,Fangzhou Named ‘Outstanding Growth Story in Hong Kong Stocks’ at China Capital Market Development Forum 2025
2025-09-18,GIS,medium,1,General Mills Stock Rises After Q1 Earnings Top Wall Street Estimates
2025-09-19,FDX,low,2,FedEx Delivers Good News: The Bottom Is in for This Stock|FedEx Earnings Beat Highlights Domestic Strength Amid Global Trade Headwinds
2025-09-19,JNJ,low,1,Johnson & Johnson's Tecvayli-Darzalex Combo Shows 100% Response In Newly Diagnosed Myeloma Patients
2025-09-19,UPS,low,1,Why Is UPS Stock Trending Overnight?
2025-09-22,SNPS,medium,1,"Synopsys, Inc. (SNPS) Shares Suffer Worst Day Ever Amid Q325 Results Revealing Problems With Major Foundry Customer – Hagens Berman"
2025-09-23,AZO,medium,2,"AutoZone to Release Fourth Quarter Fiscal 2025 Earnings September 23, 2025|AutoZone: $4,000 Stock Price Tests Investor Appetite for High Entry Shares"
2025-09-23,BMY,low,1,Bristol Myers Squibb Franchise Gains Momentum With Phase 3 Results In Multiple Myeloma Patients
2025-09-23,ORCL,low,1,ELD Asset Management: Oracle’s AI Surge Boosts Stock
2025-09-23,SNPS,low,1,"SNPS Investor News: If You Have Suffered Losses in Synopsys, Inc. (NASDAQ: SNPS), You Are Encouraged to Contact The Rosen Law Firm About Your Rights"
2025-09-24,AFL,low,1,Communiqué de presse - Résultats semestriels 2025 de l’AFL : des résultats en forte croissance au service du développement
2025-09-24,MU,low,1,Micron Emerges as Rare Undervalued AI Stock With Earnings Momentum
2025-09-25,ACN,high,3,"Accenture Q4 Earnings Beat Highlights AI and Digital Transformation Tailwinds|S&P 500 Falls 1%; Accenture Posts Upbeat Earnings|Earnings Scheduled For September 25, 2025"
2025-09-25,SNPS,medium,1,"Synopsys, Inc. (SNPS) Shares Suffer Worst Day Ever Amid Q325 Results Revealing Problems With Major Foundry Customer -- Hagens Berman"
2025-09-26,ACN,low,1,Accenture: Undervalued GenAI Leader or Snake Eating its Own Tail?
2025-09-26,COST,low,1,"Costco Wholesale, Concentrix And 3 Stocks To Watch Heading Into Friday"
2025-09-29,AMZN,medium,1,S&P 500 Earnings: Tech EPS Expectations Point to Strong Q3 Results
2025-09-29,CCL,high,3,"Crude Oil Falls Sharply; Carnival Posts Upbeat Earnings|Stock Market Today: Nasdaq, Dow, S&P 500 Futures Rise As Government Shutdown Looms— Kellanova, Carnival Corp, Jefferies In Focus (UPDATED)|Why Carnival Cruise Lines Rallied, Then Plunged Today"
2025-09-29,COST,low,1,"After Posting Another Solid Earnings Beat, Is Costco's Stock Due for a Rally?"
2025-09-29,DDOG,low,1,Why Investors Were Barking for Datadog Stock Today
2025-09-29,JNJ,medium,2,"NANOBIOTIX annonce de nouveaux résultats de Phase 1 qui continuent de confirmer le potentiel de JNJ-1900 (NBTXR3), avec un anti-PD-1, en tant que potentielle nouvelle option thérapeutique de première ou deuxième ligne ou plus dans le CETEC R/M naïf ou résistant aux anti-PD-1|NANOBIOTIX Announces Updated Phase 1 Results Continuing to Support JNJ-1900 (NBTXR3) Plus Anti-PD-1 as a Potential New 1L or 2L+ Option in Anti-PD-1 Naïve or Resistant R/M-HNSCC"
2025-09-29,KDP,medium,1,"NEXE Innovations Reports Q4 and Fiscal 2025 Results; Expands Partnerships, Delivers Repeat Orders, and Maintains Strong Financial Position"
2025-09-29,TTD,low,1,"I Think Everyone's Wrong About The Trade Desk Stock, and Here's Why"
2025-09-30,COST,low,1,Why Costco Stock Dropped After Earnings
2025-09-30,PAYX,low,1,Why Paychex Stock Fell on Tuesday
2025-09-30,UNH,low,1,1 Reason This Healthcare Stock's Turnaround Is on the Horizon
2025-10-01,CAG,low,1,Why Conagra Brands Stock Crushed It Today
2025-10-01,COST,low,2,My Honest Take on Costco's Latest Earnings Report|3 Surprising Details From Costco's Earnings Release
2025-10-01,MU,low,1,What Is One of the Best AI Stocks to Own for the Next 5 Years?
2025-10-01,NKE,low,1,Why Nike Stock Was a Major Winner on Wednesday
2025-10-01,ULTA,low,1,"Up About 25% This Year, Can Ulta Stock Keep Climbing?"
2025-10-02,AMAT,low,1,Applied Materials Stock Is Sliding After Hours: Here's Why
2025-10-02,CCL,low,1,3 Reasons to Buy the Dip on Carnival Stock
2025-10-02,FTNT,low,1,1 Growth Stock Down 26% to Buy Right Now
2025-10-02,MU,low,1,"After Smashing Earnings Expectations, Is Micron Technology the Hottest Artificial Intelligence (AI) Stock to Buy Right Now?"
2025-10-02,NKE,low,1,"After Returning to Top-Line Growth, Is It Time to Buy Nike Stock?"
2025-10-03,NKE,low,1,"Nike’s Turnaround: If the Shoe Fits, Buy It!"
2025-10-03,STZ,low,1,Where Will Constellation Brands Stock Be in 5 Years?
2025-10-03,T,low,1,St. Louis Financial Sells $3.3 Million in AT&T Stock With Next Earnings on Deck
2025-10-03,TSLA,low,1,Tesla Rally Tests ‘Sell-the-News’ Risk After Record Q3 Deliveries
2025-10-06,AAPL,medium,1,Q3 Earnings Season Preview: Little Suspense
2025-10-06,CCL,low,1,Where Will Carnival Stock Be in 5 Years?
2025-10-06,NKE,low,2,"Nike's Turnaround Story Shows Momentum, But Can They Counter China?|Should You Buy Nike Stock After Sales Increase?"
2025-10-07,DELL,low,1,"Dell Lifts Forecasts, Commits To 10% Annual Dividend Hike & More"
2025-10-07,MKC,low,1,McCormick: Tariffs Trim Gross Margins Even as Revenue and EPS Beat Expectations
2025-10-08,DELL,low,1,Dell Technologies Stock Is On The Rise Today: What's Driving The Momentum?
2025-10-08,NVDA,medium,1,These Are the 3 Hottest Sectors for Q3 Earnings Growth
2025-10-08,TSLA,low,1,Does Tesla's Surprise Delivery Surge Mean Its Sales Slump Is Over?
2025-10-09,AMD,medium,1,"Stock Market Today: S&P 500, Nasdaq Futures Slip As Fed Minutes Signal Tariff-Related Uncertainty—PepsiCo, Delta, Levi Strauss In Focus (UPDATED)"
2025-10-09,DAL,medium,2,Delta Air Lines Q3 Strength Highlights Value Potential at Just 8× Earnings|Delta Air Lines Q3 Earnings Show Premium Strategy Paying Off for 2025 Growth
2025-10-09,PEP,low,1,PepsiCo Tops Estimates on Global Strength but Faces Margin Pressure at Home
2025-10-09,PLTR,low,1,Palantir Stock Investors Just Got Great News From Wall Street
2025-10-10,CCL,low,1,CCL Stock: Abandon Ship or Full Steam Ahead?
2025-10-10,KO,low,1,Coca-Cola Stock Dips—Is CELH the Growth Your Portfolio Needs?
2025-10-13,F,low,1,Should You Buy and Hold Ford Stock to Beat the Market? History Says That's Not a Brilliant Move.
2025-10-13,FAST,low,1,Fastenal Profit Underwhelms Despite Higher Customer Spending
2025-10-13,GS,medium,1,"Goldman Sachs, Morgan Stanley Q3: Investment Banking Revenues to Drive Results?"
2025-10-13,REGN,low,1,Regeneron's Gene Therapy Shows Significant Gains In Genetic Hearing Loss
2025-10-14,BLK,low,1,Strong Fee Growth And Citi Mandate Boost BlackRock's Outlook
2025-10-14,DAL,low,1,Delta Air Lines Stock Looks Ready to Fly to New Highs
2025-10-14,FAST,low,1,Fastenal Stock Pulls Back in October—Is It Time to Buy?
2025-10-14,GS,high,3,"Goldman Sachs Q3 Performance Prompts Modest Profit Forecast Hike: Analyst|Goldman Sachs Profit Soars As Investment Banking Fees Surge|Stock Market Today: Dow Jones, Nasdaq Futures Tumble Ahead Of Big Bank Earnings—Goldman Sachs, JPMorgan, Citigroup In Focus (UPDATED)"
2025-10-14,JNJ,low,1,"Johnson & Johnson To Separate Orthopedics Business, Boosts Annual Sales Outlook"
2025-10-14,PEP,low,1,Prediction: This High-Yield Dividend King Will Outperform the S&P 500 Through 2030
2025-10-14,PLTR,medium,1,Palantir Q2 Revenue Tops $1B as AI Platform Adoption Accelerates Across Sectors
2025-10-14,WFC,low,2,"Wells Fargo Earnings Show Momentum in Wealth and Investment Management|Wells Fargo Q3 Credit Performance Improves, CEO Calls US Economy Resilient"
2025-10-15,ABBV,medium,1,OSE Immunotherapeutics Reports First Half 2025 Financial Results
2025-10-15,BAC,medium,1,"Stock Market Today: S&P 500, Nasdaq Futures Rise— Bank Of America, Morgan Stanley, Abbott Earnings In Focus (UPDATED)"
2025-10-15,DPZ,low,2,Is This Warren Buffett Stock a Buy After Earnings?|Domino’s Delivers a Q3 Beat—And Recipe for a Rebound
2025-10-15,LLY,low,1,Eli Lilly's Oral Weight Loss Drug Shows Superiority Over Two Approved Drugs
2025-10-16,ABT,low,1,"Analyst See Noise In Q3 P&L, Affirms Abbott's Medtech Strength"
2025-10-16,BDX,low,1,"BD CFO Set To Exit Company This December, Stock Falls"
2025-10-16,CRM,low,2,"Salesforce Reinvents Enterprise Software Model With AI and $7B Buyback Plan|Stock Market Today: S&P 500, Nasdaq, Dow Jones Futures Rise—Salesforce, Hewlett-Packard Enterprise, Charles Schwab In Focus (UPDATED)"
2025-10-16,CSX,medium,1,CSX Corp. Announces Date for Third Quarter Earnings Release and Earnings Call
2025-10-16,INTC,low,1,TSMC Sees Continued AI Strength
2025-10-16,JNJ,medium,1,Johnson & Johnson Reports Strong Phase 3 Results For Multiple Myeloma Therapy
2025-10-16,NKE,low,1,Nike Stock Builds Momentum on Margin Expansion and Strategic Reset
2025-10-16,SCHW,low,1,"Charles Schwab Clocks 27% Revenue Growth, Record Client Assets"
2025-10-16,WFC,low,1,Why Wells Fargo Stock Was Winning This Week
2025-10-17,AMD,low,1,Great News for AMD Investors: Analysts See $300 Price Target
2025-10-17,AXP,medium,1,American Express Q3 Strength Defies Weak Consumer Mood With Record Revenue
2025-10-17,C,low,1,Analyst Believes In Citigroup's Turnaround Story After Q3 Beat
2025-10-17,CSX,low,1,"Stock Market Today: S&P 500, Nasdaq, Dow Jones Futures Dragged By Financial Stocks—American Express, CSX Corp, Standard Lithium In Focus (UPDATED)"
2025-10-17,STT,low,2,State Street Stock Gains as Strong Fee Income Offsets Lower Interest Margins|State Street Profit Rises As CEO Touts Record Management Fees
2025-10-17,WFC,low,1,Wells Fargo Earnings Beat Highlights New Growth Path After Fed Asset Cap Removal
2025-10-20,MU,low,1,"Stock Market Today: S&P 500, Nasdaq, Dow Jones Futures Rise— Micron, Bitmine, Coinbase In Focus"
2025-10-20,WFC,low,1,Wells Fargo Soared After Earnings -- Is It a Buy?
2025-10-21,AAPL,low,1,Apple at Record Highs Signals Tech Reawakening in Liquidity-Driven Market
2025-10-21,DHR,low,2,Here's Why Shares in Danaher Got Boosted Higher Today|Danaher: Broad-Based Q3 Gains Strengthen Full-Year Outlook
2025-10-21,ELV,medium,1,Elevance Health: Solid Q3 Results Support Confident Full-Year Guidance
2025-10-21,GE,low,1,GE Aerospace Strong Q3 Underscores Demand in Commercial and Defense Units
2025-10-21,GM,low,2,"GM Earnings Beat Expectations, but Rally Faces Valuation and EV Risks|General Motors Sees Brighter Road Ahead As CEO Eyes EV Profitability And Tariff Relief"
2025-10-21,KO,low,1,Why Coca-Cola Stock Popped Today
2025-10-21,MMM,low,1,Post-It Maker 3M Lifts Outlook As CEO Highlights Accelerating Growth
2025-10-21,NFLX,low,1,"Stock Market Today: S&P 500, Dow Jones, Nasdaq Futures Inch Lower— Netflix, Coca-Cola And RTX Corp In Focus"
2025-10-21,PHM,low,1,"Homebuilder Pulte CEO Cites Weak Demand, Margin Pressure In Q3"
2025-10-21,PM,low,1,Why Phillip Morris International Stock Fell Today
2025-10-21,SNA,low,1,Snap-on Incorporated: Snap It Up Quick as New Highs Will Come Soon
2025-10-22,BSX,low,1,"Boston Scientific Jumps On Strong Guidance, Heart Devices Fuel Topline Growth"
2025-10-22,CAT,low,1,Inside Dow Jones: Key Earnings Ahead for Some of the Index YTD Winners
2025-10-22,IBM,low,1,IBM RELEASES THIRD-QUARTER RESULTS
2025-10-22,ISRG,medium,2,"Intuitive Surgical Q3 Results Ease Bear Market Concerns, Analyst Views 'Headwinds As Largely Noise'|Why Intuitive Surgical Stock Is Skyrocketing Today"
2025-10-22,LVS,medium,1,Las Vegas Sands Reports Third Quarter 2025 Results
2025-10-22,MMM,low,2,"3M's Modest Results Win Analyst Praise, But PFAS Litigation Risk Looms|3M Stock Builds Momentum as Business Recovery Drives Renewed Growth Outlook"
2025-10-22,NEM,medium,1,Newmont Faces Pressure Ahead of Q3 Earnings After Gold’s 12-Year Plunge
2025-10-22,NFLX,high,3,"Netflix Slides as One-Off Brazil Charge Clouds Otherwise Strong Growth|Why Netflix Stock Was Slumping Today|Netflix Stock Drops on Q3 Miss, but Pullback Could Offer Buying Opportunity"
2025-10-22,TDY,low,1,"Teledyne Technologies' Aerospace And Defense Segment Soars 38%, Boosts Full-Year Outlook"
2025-10-22,TMO,low,1,"Thermo Fisher's Upbeat Earnings Suggest Worst Is Over For Scientific Tools Sector, Analyst Says"
2025-10-22,UAL,low,1,United Airlines Builds Momentum With Strong Q3 Margins and Cash Flow Growth
2025-10-22,VRT,low,1,Vertiv Boosts Outlook As CEO Targets Growth From EMEA Market Revival
2025-10-23,AVY,low,1,Why Avery Dennison Stock Was Rocking It This Week
2025-10-23,BSX,low,1,Boston Scientific Delivers Robust Q3 Despite Tariff Headwinds: Analyst
2025-10-23,BX,medium,1,Wall Street's Cold Shoulder: Q3 Earnings Winners Underperform S&P 500
2025-10-23,CRM,low,1,Is Salesforce Stock a Buy After Investment Company Hamilton Point Initiated a Position Worth $7.9 Million?
2025-10-23,DOW,low,1,"Dow Eyes $1 Billion In Cost Savings By 2026, CEO Says Near Term Backdrop Unchanged"
2025-10-23,FCX,medium,1,"Freeport-McMoRan Q3 FY25: Strong Earnings, Copper Production Supports Growth"
2025-10-23,HON,low,1,Honeywell Bets On Growth With New Segment Strategy And Spin-Off Plans
2025-10-23,KO,low,2,Is Coca-Cola Stock Still a Buy After Soaring Higher?|This Top Warren Buffett Dividend Stock Shows Why It's a Great Long-Term Investment
2025-10-23,LUV,low,1,"Southwest Airlines Surprises With Profit, Expects Momentum To Continue Into Q4"
2025-10-23,LVS,low,1,Why Las Vegas Sands Investors Hit the Jackpot Today
2025-10-23,MCO,low,1,"Moody's To Benefit From M&A Activity Recovery, Margins Expansion, Analysts Say"
2025-10-23,POOL,medium,1,Pool Corporation Reports Third Quarter Results
2025-10-23,TSLA,low,1,Why Is Tesla Stock Dropping Today?
2025-10-23,VLO,low,1,Valero Profit Surges Thanks To Strong Refining Performance
2025-10-23,WST,low,2,"West Pharma Soars After Q3 Beat, Lifts Outlook On GLP-1 Demand|Why West Pharmaceutical Services Stock Was Blasting Higher on Thursday"
2025-10-24,DECK,low,1,Why Deckers Outdoor Stock Crashed Today
2025-10-24,F,low,1,Ford Stock Breaks Resistance as Markets Reward Profitable Growth Strategy
2025-10-24,FCX,low,1,Freeport-McMoRan Shows Financial Resilience Despite Indonesia Shutdown
2025-10-24,HAL,low,1,Why Halliburton Stock Is Charging Higher This Week
2025-10-24,HCA,low,1,America's Leading  Hospital Operator HCA Healthcare Outperforms Citing Solid Patient Volumes
2025-10-24,IBM,low,1,Is IBM Stock a Buy?
2025-10-24,INTC,low,1,"Stock Market Today: S&P 500, Nasdaq, Dow Futures Rise As September CPI Comes In Cooler Than Expected —Intel, Ford, Procter & Gamble In Focus (UPDATED)"
2025-10-24,ITW,low,1,Illinois Tool Works Tightens Profit Outlook As US Tariffs Stir Supply Concerns
2025-10-24,MCO,low,1,"Bank of Åland Plc: Financial information and Annual General Meeting, 2026"
2025-10-24,MMM,low,1,Here's Why 3M Stock Soared Again This Week
2025-10-24,NFLX,medium,1,"Netflix Stock Drops 10% on Q3 Earnings Miss, Buy-the-Dip?"
2025-10-24,ORLY,low,1,O’Reilly Automotive Guidance Confirms Ongoing Uptrend Into 2026 and Beyond
2025-10-24,PEP,low,1,CARBIOS annonce la mise à disposition de son Rapport semestriel 2025
2025-10-24,USB,medium,1,3 Regional Bank Stocks That Crushed Q3 Earnings
2025-10-27,AXP,low,1,Prediction: This Dividend-Paying Dow Jones Growth Stock Will Beat the S&P 500 For the 6th Consecutive Year in 2026
2025-10-27,BRO,medium,1,"Brown & Brown, Inc. announces third quarter 2025 results, including total revenues of $1.6 billion, an increase of 35.4%; Organic Revenue growth of 3.5%; diluted net income per share of $0.68; and Diluted Net Income Per Share - Adjusted of $1.05"
2025-10-27,GE,low,1,"This Company Has Been Around Since 1892, and Its Stock is Up 80% This Year"
2025-10-27,INTC,low,1,Is Intel Back?
2025-10-27,ISRG,low,1,Masso Torrence Wealth Management Liquidates $2.7 Million Intuitive Surgical (NASDAQ: ISRG) Stake: Is the Stock a Sell?
2025-10-27,KDP,low,2,Why Keurig Dr Pepper Stock Jumped Today|Keurig Dr Pepper CEO Reveals What's Next After Raising Sales Outlook
2025-10-27,NFLX,low,2,KPop Netflix Hunters: Can It Bounce Back This Week?|Should Investors Buy the Netflix Dip?
2025-10-27,TSLA,medium,2,"With Near-Term Uncertainty Ahead, Should Investors Avoid Tesla Stock or Bet on Its Future?|Q3 EPS Growth Accelerates Despite Misses, but the Real Test Is This Week"
2025-10-28,AMT,low,1,Why American Tower Stock Is Sinking Today
2025-10-28,ECL,low,1,Ecolab Adjusts 2025 Outlook But Sticks To Bold 2026 Profit Ambitions
2025-10-28,MRK,low,1,Merck's New Cancer Therapy Combo Shows Significant Edge Over Rivals In Renal Cancer
2025-10-28,REGN,medium,1,Regeneron's Q3 Earnings Outperform Expectations With Dupixent Strength Balancing Eylea Weakness
2025-10-28,SHW,low,1,Sherwin-Williams Shines In Q3 Thanks To Strong Paint And Coatings Sales Despite Soft Demand
2025-10-28,UPS,low,1,"Stock Market Today: Dow Jones Futures Slip, Nasdaq Rises Amid Mixed Trade—United Parcel Service, UnitedHealth, 3D Systems In Focus"
2025-10-28,ZBRA,low,1,Why Zebra Technologies Stock Stumbled Today
2025-10-29,AAPL,low,1,"The Stock Market Faces Make-or-Break Tests: The Fed's Interest-Rate Decision and Earnings From Alphabet, Amazon, Apple, Meta, and Microsoft"
2025-10-29,AEP,low,1,American Electric Power Lifts Outlook As It Rolls Out Ambitious $72 Billion Investment Blueprint
2025-10-29,CAT,low,2,Why Caterpillar Stock Jumped to Record High Today|Why Is Caterpillar Stock Popping This Week?
2025-10-29,CNC,medium,1,"Centene Rebounds With Strong Q3 Results, Optimistic 2025 Forecast"
2025-10-29,CVS,low,1,"CVS Health Delivers Confident Outlook After Q3 Performance, Stock Hits 52-Week High"
2025-10-29,F,medium,1,"Ford Q3 Results Redefine Valuation Focus, Market Rewards Quality Over Outlook"
2025-10-29,FTV,low,1,Why Is Fortive Stock Trading Higher Today?
2025-10-29,GOOG,high,5,"Alphabet Stock Investors: Circle This Date in Your Calendar|Fed Cuts, Big Tech Reports|Stock Market Today: Dow Pare Gains, S&P 500 And Nasdaq Advance Ahead Of FOMC Decision—Alphabet, Microsoft, Meta In Focus (UPDATED)|Alphabet Q3 Earnings Preview: Can Chrome Integration Offset Early Atlas Buzz?|Allied Announces Third-Quarter Results"
2025-10-29,GRMN,low,1,Why Did Garmin Stock Tank Today?
2025-10-29,INTC,low,1,"Intel's Breakout Quarter: More Than a Beat, It's a Declaration"
2025-10-29,META,medium,1,META's Next Big Test: Previewing Its Fast-Approaching Q3 Earnings
2025-10-29,MSFT,low,1,Buckle Up: Why Wednesday Could Be the Craziest Trading Day of the Year
2025-10-29,NXPI,low,1,NXP Semiconductors Set to Break Out as AI and Analyst Support Surge
2025-10-29,ODFL,medium,1,ODFL Shares Jump As Q3 Earnings Top Forecasts Despite Freight Slowdown
2025-10-29,PM,low,1,"Can Philip Morris International Kick Its ""Sin Stock"" Discount?"
2025-10-29,PSX,medium,1,"Phillips 66 Q3 Earnings Beat, Record Refining Utilization At 99%"
2025-10-29,TER,low,1,Here's Why AI Demand Sent Teradyne Stock Up 20% Today
2025-10-29,UNH,low,1,UnitedHealth Group’s Recovery in Full Swing: Buy While It's Down
2025-10-29,VRSK,low,1,Why Verisk Analytics Stock Plummeted by Over 10% Today
2025-10-30,AAPL,medium,1,Should You Buy Apple Stock Before Oct. 30?
2025-10-30,ALGN,low,1,Why Align Technology Stock Popped Today
2025-10-30,CDNS,low,1,Cadence Stock Eyes Long-Term Growth With AI and China Rebound
2025-10-30,CHRW,low,1,Why C.H. Robinson Stock Exploded Higher Today
2025-10-30,CMG,low,2,Here's Why Chipotle Stock Just Crashed 21% in Less Than a Week|Chipotle Stock Nosedives 18% in 24 Hours After Earnings Announcement
2025-10-30,DIS,medium,1,NETWORK MEDIA GROUP ANNOUNCES 2025 THIRD QUARTER RESULTS
2025-10-30,EBAY,low,1,Why eBay Stock Sank Today
2025-10-30,GOOG,low,2,"Google's Q3 Sends Stock To New Highs, Analysts Say 'AI Momentum Is Nanobananas'|Stock Market Today: Dow Futures Decline, S&P 500, Nasdaq Swing Following Fed Rate Cuts, Trump-Xi Meet—Amazon, Apple Earnings In Focus (UPDATED)"
2025-10-30,HII,medium,1,HII to Host Third Quarter Earnings Conference Call and Webcast on Oct. 30
2025-10-30,INTC,low,1,"Up 111%, Should You Buy Intel Stock Right Now?"
2025-10-30,LLY,low,2,"Mounjaro And Zepbound Power Eli Lilly's 54% Revenue Jump In Q3, Hikes 2025 Forecast|Eli Lilly Outlook Brightens With FDA Wins and Global Expansion in Manufacturing"
2025-10-30,META,low,1,Meta Platforms Selloff Exposes AI Capex Risk Despite Non-Cash Tax Hit
2025-10-30,MRK,low,1,"Merck Ready For Larger Than $15 Billion Deals, Raises Annual Profit Outlook"
2025-10-30,MSFT,low,1,"Microsoft Stock Sinks on AI Spending — Yup, You Heard That Right"
2025-10-30,RSG,medium,1,"Republic Services, Inc. Reports Third Quarter 2025 Results"
2025-10-30,SO,medium,1,Southern Company Q3 Earnings Beat Forecasts On Strong Segment Performance
2025-10-30,UNH,low,1,"UnitedHealth's $4.3 Billion Profit Fueled By 'Generosity Of Uncle Sam,' Says Healthcare Activist: Government Drives 78% Of Health Plan Revenue"
2025-10-30,WTW,medium,1,"WTW to Announce Third Quarter Earnings on October 30, 2025"
2025-10-31,AAPL,low,2,S&P 500 Faces a Week of Price Gaps Amid Tech Earnings and Fed Cut|Apple Experts Bullish After Q4—'Eventual Winner' In AI
2025-10-31,ABBV,low,2,"AbbVie Raises 2025 Outlook Helped By Strong Immunology Growth, Boost Dividend|Nxera Pharma Operational Highlights and Consolidated Results for the Third Quarter and First Nine Months of 2025"
2025-10-31,AMZN,low,1,"Amazon, Google, Beyond Meat— Investors Couldn't Stop Talking About These And More Stocks This Week"
2025-10-31,DXCM,low,1,"20% Earnings Growth Potential For DexCom, Analyst Cites Buying Opportunity"
2025-10-31,FSLR,low,1,Why Are First Solar Shares Surging On Friday?
2025-10-31,GDDY,low,1,Why GoDaddy Stock Jumped Today
2025-10-31,GILD,low,1,"Gilead's HIV Drugs Power Earnings Beat, Company Eyes Multiple Launches By 2026"
2025-10-31,GOOG,low,1,Alphabet Defies the Trend After Q3 Beat as Other Magnificent 7 Falter
2025-10-31,LLY,low,1,"Eli Lilly Seen In 'Pole Position' For Growth, Analysts Say"
2025-10-31,MA,low,1,"Capital One Roll-Off Will Soften Mastercard's Volume Growth Into 2026, Analyst Warns"
2025-10-31,META,low,1,"Meta's Spending Looks Alarming, Until You See What's Behind It"
2025-10-31,MPWR,low,1,Why Monolithic Power Systems Stock Is Plummeting Today
2025-10-31,MSFT,medium,1,Why Microsoft's Post-Earnings Dip Is a Buy-the-Pause Moment
2025-10-31,SW,low,1,Why Smurfit Westrock Stock Was Sliding This Week
2025-10-31,WDC,low,1,Why Western Digital Stock Popped on Friday
2025-10-31,XOM,medium,2,ExxonMobil Q3 Results Highlight Capital Discipline and Record Shareholder Returns|ExxonMobil's Big Oil Output Helps Cushion The Blow Of Weak Prices
2025-11-02,ERIE,medium,1,Erie Indemnity (ERIE) Q3 2025 Earnings Transcript
2025-11-03,AMZN,low,1,S&P 500: Earnings Momentum Poised to Carry the Bull Run Into 2026
2025-11-03,BA,low,2,"Boeing Stock Drops After Q3 Miss, but Long-Term Recovery Still in Play|Boeing Closes In on Airbus With Best Delivery Quarter Since 2018"
2025-11-03,CVX,low,1,"Chevron's Big Projects Start Paying Off And There's More Ahead, Analyst Says"
2025-11-03,F,low,1,Ford and GM Stocks Jump—Is the Auto Rebound Real?
2025-11-03,IDXX,low,1,Why Idexx Laboratories Stock Surged by Almost 15% Today
2025-11-03,L,low,1,Insurance Arm Steers Loews To Higher Profit With Fewer Catastrophe Losses
2025-11-03,META,low,1,Should You Buy Meta Stock While It's Under $700?
2025-11-03,MU,low,1,"Stock Market Today: Dow Jones, Nasdaq Futures Rise After Stellar October Gains— Micron Technology, Palantir, Hims & Hers In Focus (UPDATED)"
2025-11-03,NVDA,low,1,Alphabet Just Announced Incredible News for Nvidia Stockholders
2025-11-03,PLTR,high,4,"Should You Buy Palantir Before Nov. 3?|S&P 500 Eyes Fresh Highs as AI Momentum and Trade Truce Fuel Risk Appetite|Palantir CEO Alex Karp Just Delivered Incredible News for Nvidia Stock Investors|Palantir Q3 Earnings: Revenue, EPS Blow Past Estimates As US Commercial Business Booms"
2025-11-03,T,medium,1,Telecom Giants Split Paths as Q3 Results Reveal a Growing Divide
2025-11-03,XOM,low,1,"Analysts Revised ExxonMobil EPS Estimates, Emphasizes Permian Growth Potential"
2025-11-04,AMD,high,4,"AMD Q3 Earnings Preview: AI Momentum Fuels Upbeat Setup|Stock Market Today: S&P 500, Nasdaq Futures Fall As Uber Drops Nearly 6% After Q3 Miss—AMD, Palantir, Denny's In Focus (UPDATED)|AMD Hit With Two Lawsuits From Adeia Alleging Massive Patent Violations Ahead Of Q3 Earnings|AMD Q3 Earnings: Revenue, EPS Top Estimates As AI Data Center Business Drives Growth"
2025-11-04,AXON,medium,1,"Axon Enterprise Misses Q3 Earnings Estimates, Announces Carbyne Acquisition, Shares Dive"
2025-11-04,CVNA,low,2,Carvana Stock Plunges After Earnings. Warning Sign or Buying Opportunity?|Is the Party Over for Carvana Stock?
2025-11-04,GOOG,low,1,Alphabet's $100 Billion Quarter Just Sent a Clear Message About Its AI Future
2025-11-04,HSIC,low,1,"Henry Schein Expands Strategic Partnership With KKR, Raises Annual Outlook"
2025-11-04,ISRG,low,1,How Intuitive Surgical Stock Gained 19.5% Last Month
2025-11-04,LDOS,medium,1,"Leidos Tops Q3 Estimates, Raises 2025 EPS Guidance"
2025-11-04,META,low,1,Meta Platforms Shares Fall Despite Strong Revenue Growth. Is It Time to Buy the Stock on the Dip?
2025-11-04,MLM,medium,1,"Martin Marietta Q3 Revenue Rises 12%, Building Materials Revenue Drives Growth"
2025-11-04,PFE,medium,1,Pfizer Q3 Results Signal Shift From Covid Windfall to Obesity-Driven Growth Path
2025-11-04,PLTR,low,1,Palantir Just Crushed Earnings Estimates—So Why Is The Stock Crashing?
2025-11-04,PYPL,low,1,PayPal's Earnings Made Me Even More Bullish
2025-11-04,SBUX,low,1,Is Starbucks Quietly Setting Up for a Major 2026 Comeback?
2025-11-05,AAPL,low,1,Apple: Next Quarter Could Be a ‘Prove-It’ Moment for the iPhone 17
2025-11-05,AMD,low,1,AMD Stock Slips Despite 30% Earnings Growth and Stronger-Than-Expected Guidance
2025-11-05,AMGN,low,1,Why Amgen Stock Was Crushing It on Wednesday
2025-11-05,AMZN,low,1,"Is Now the Time to Buy One of the Worst-Performing ""Magnificent Seven"" Stocks of 2025?"
2025-11-05,ANET,low,1,Why Arista Networks Stock Is Sinking Today
2025-11-05,APO,low,1,Why Apollo Global Is Soaring This Week
2025-11-05,AXON,low,2,"Axon Tariff Impact Deepens, Driving Margin Contraction Despite Higher Sales|Why Axon Enterprise Stock Is Plummeting Today"
2025-11-05,CRL,low,1,Charles River Beat Expectations But Why Is The Stock Falling?
2025-11-05,DVN,medium,1,Devon Energy Reports Third-Quarter 2025 Results and Declares Quarterly Dividend
2025-11-05,EMR,low,1,Why Is Emerson Stock Falling Wednesday?
2025-11-05,GOOG,low,1,"Alphabet's $100 Billion Quarter Shows AI Isn't Just for Chips, It's for Ads, Too"
2025-11-05,LLY,low,2,Eli Lilly Posts Stellar Q3: Long-Term Upside Is Well in Play|2 Reasons I'm Keeping My Eye on Eli Lilly Stock Right Now
2025-11-05,LYV,low,1,"Live Nation's Ticket Sales Rise, But Weaker Profit Hits Market Confidence"
2025-11-05,MCD,medium,1,McDonald’s Q3 Results Highlight Solid Revenue Growth but Profit Miss Weighs
2025-11-05,MSFT,low,1,Microsoft's $392 Billion Cloud Backlog Could Be a Hidden Goldmine
2025-11-05,PLTR,low,1,Wall Street Warns Investors About Palantir Stock
2025-11-05,SMCI,low,1,SMCI Stock Plunges Nearly 9% In Wednesday Pre-Market: What's Going On?
2025-11-06,ABNB,low,1,"Stock Market Today: S&P 500, Nasdaq Futures Pare Losses To Trade Higher—Coherent, Marvell Tech, Applovin, Apple In Focus (UPDATED)"
2025-11-06,AMD,low,1,AMD Earnings: The Good and the Bad
2025-11-06,APD,low,2,Why Did Air Products Stock Pop Today?|Why Is Air Products Stock Soaring Today?
2025-11-06,COP,medium,1,"ConocoPhillips Tops Q3 EPS Estimates, Lifts Dividend 8%, Production Climbs"
2025-11-06,DASH,low,1,Why DoorDash Stock Dropped Today
2025-11-06,FTNT,low,1,Why Fortinet Stock Fell Hard Today
2025-11-06,GOOG,medium,1,3 Early Q3 Earnings Winners Setting the Tone for the Season Ahead
2025-11-06,HOOD,low,1,Robinhood's Growth 'Shows No Signs Of Slowing Down'
2025-11-06,LITE,low,1,Why Lumentum Holdings Stock Skyrocketed by Nearly 24% on Wednesday
2025-11-06,NRG,medium,1,"NRG Energy Tops Q3 Earnings, $3B Share Repurchase Program Extends Through 2028"
2025-11-06,PH,medium,1,Parker to Announce Fiscal 2026 First Quarter Earnings on November 6; Conference Call and Webcast Scheduled for 11 a.m. Eastern
2025-11-06,ROK,low,1,How Did Rockwell Automation Stock Hit 52-Week High Today?
2025-11-06,SMCI,low,1,Super Micro Stock Tests Support as AI Expansion Outpaces Its Cash Engine
2025-11-06,WBD,low,1,Warner Bros Discovery Misses Revenue but Studios Strength Offset Weak TV Sales
2025-11-07,ABBV,low,1,ADARx Pharmaceuticals Announces Positive Interim Phase 1 Clinical Data for its Novel siRNA Targeting Complement Factor B (CFB)
2025-11-07,AIG,medium,1,Onex Reports Third Quarter 2025 Results
2025-11-07,AMGN,low,1,Amgen Stock Momentum Builds as Institutions Return to Buying Mode
2025-11-07,CEG,low,2,"Why Is Constellation Energy Stock Falling Friday?|Constellation Energy Narrows 2025 Guidance, Signaling Confidence in Execution"
2025-11-07,COHR,low,1,Why Coherent Stock Was Rocking It This Week
2025-11-07,DDOG,low,1,Datadog Results Show AI Spending Is Spreading Across the Cloud Ecosystem
2025-11-07,DUK,medium,2,"Duke Energy Makes Bigger Profit Thanks To Strong Retail Demand, Price Hikes|Duke Energy’s Q3 Results Highlight Execution Strength Despite Higher Expenses"
2025-11-07,GILD,low,1,Gilead's Trodelvy Misses Main Goal In Breast Cancer Study But Shows Early Survival Trend
2025-11-07,GOOG,low,1,Prediction: Alphabet Stock Will Soar 50% by 2026
2025-11-07,LLY,low,1,"Eli Lilly's Investigational Obesity Drug Shows Up To 20% Weight Loss In Phase 2 Study, Analyst Sees It As Emerging Cornerstone In Obesity Treatment"
2025-11-07,PLTR,low,1,Palantir Just Reported Its Best Quarter Ever. It Wasn't Good Enough.
2025-11-07,SOLV,medium,1,Solventum (SOLV) Q3 2025 Earnings Call Transcript
2025-11-07,TRV,medium,1,Getting Defensive: 3 Dividend Payers Reporting Strong Q3 Earnings
2025-11-07,TTWO,low,1,Grand Theft Auto Delay Sends This Stock Plummeting
2025-11-10,ABNB,low,1,Airbnb Earnings Beat Fears but Highlight Stalled Growth and Valuation Limits
2025-11-10,AMZN,low,1,Amazon Stock Just Hit an All-Time High: Is It Too Late to Buy the Stock?
2025-11-10,APP,low,1,AppLovin Earnings Extend Growth Streak as Self-Service Platform Gains Traction
2025-11-10,HOOD,low,1,"Robinhood Revenue Doubles, but Devils Hide in the Details"
2025-11-10,LRCX,low,1,"2 Reasons to Buy Into Lam’s 185% Rally, 1 Reason to Run Away"
2025-11-10,MCHP,low,1,Microchip Technology Aligns With AI Demand Despite Tepid Near-Term Guidance
2025-11-10,PSKY,low,1,Paramount Skydance Stock Climbs After Q3 Report: Here's Why
2025-11-10,UNH,low,1,"After Boosting Its Guidance and Beating Expectations in Q3, Is UnitedHealth Stock Due for a Rally?"
2025-11-11,CAT,medium,1,"Finning to report Q3 2025 results on November 11 and hold investor call on November 12, 2025"
2025-11-11,META,medium,2,Meta Platforms Stock: Should You Buy the Post-Earnings Dip?|Why Is Wall Street So Bearish on Meta? There's 1 Key Reason.
2025-11-11,NOW,medium,1,"ServiceNow Delivers Robust Q3 Results, but Market Reaction Remains Bearish"
2025-11-11,NVDA,low,1,"Stock Market Today: S&P 500, Nasdaq Futures Drop Despite Senate Passing Resolution To Reopen Government—Nvidia, Paramount Skydance In Focus (UPDATED)"
2025-11-11,OXY,low,1,Why Is Occidental Petroleum Stock Gaining Tuesday?
2025-11-11,PFE,low,1,Why a Strong Quarter Wasn't Enough to Send Shares of Pfizer Soaring
2025-11-11,PLTR,low,1,"If You'd Invested $100 in Palantir Stock 1 Year Ago, Here's How Much You'd Have Today"
2025-11-11,WMT,low,1,3 Retail Stocks to Watch as Consumer Sentiment Weakens
2025-11-12,AMD,low,1,"AMD Stock Surges On Explosive AI Growth Targets, Analysts See Further Upside"
2025-11-12,MPC,low,1,Marathon Petroleum Gets A Boost As JPMorgan Sees Stronger Margins Ahead
2025-11-12,OXY,low,1,JPMorgan Raises Forecast On This Warren Buffett Favorite Oil Stock
2025-11-12,TDG,low,1,"Transdigm Group Reports Strong OEM, Aftermarket And Defense Market Growth In Q4"
2025-11-12,UPS,low,1,Does UPS's 7% Dividend Yield Make the Stock a No-Brainer Buy?
2025-11-13,COP,medium,1,Freehold Royalties Announces Third Quarter 2025 Results
2025-11-13,CSCO,low,1,"Stock Market Today: Dow Jones, S&P 500, Nasdaq Futures Slip  As Walt Disney Misses Q4 Estimates— Applied Materials, Cisco, Dlocal In Focus (UPDATED)"
2025-11-13,DIS,medium,2,Disney Q4 Earnings Beat on EPS but Soft Revenue Highlights Growth Challenges|Walt Disney Q4 2025 Earnings Preview: Wall Street Sees a 2026 Comeback
2025-11-13,GILD,low,1,Gilead's One-Pill HIV Treatment Shows Promise In Late-Stage Trial
2025-11-13,PLTR,low,1,Palantir Quietly Delivered Massive Customer Growth in Q3. Here's Why It Matters.
2025-11-14,CRWD,low,1,CrowdStrike Consolidates at Records With Earnings Expectations Driving Sentiment
2025-11-17,ABBV,low,1,AbbVie Stock Falls 4% -- What Investors Need to Know
2025-11-17,C,low,1,Is Citigroup Stock a Buy Now?
2025-11-17,DIS,low,2,"LEXIBOOK S1 2025-26 REVENUE: €30.4 million vs €24.6 million (+€5.8 million, +23.6%). OPERATING PROFIT DOWN TO €2.3 million (-€130,000 vs H1 24-25) DUE TO A 0.8-POINT DECREASE IN GROSS MARGIN, AN INCREASE IN PERSONNEL EXPENSES (+€1.0 million|CHIFFRE D’AFFAIRES LEXIBOOK S1 2025-26: 30.4M€ VS 24.6M€ (+5.8M€, +23.6%). RESULTAT D’EXPLOITATIONEN BAISSE A 2.3M€ (-130K€ vs S1 24-25) EN RAISON D’UNE BAISSE DU TAUX DE MARGE BRUTE DE 0.8POINT, D’UNE HAUSSE DES DEPENSES DE PERSONNEL (+1"
2025-11-17,NVDA,high,3,"Top Stocks With Earnings This Week: Nvidia, PDD And More|SoftBank Just Unloaded Its Stake in Nvidia for $5.8 Billion Right Before the Chip King Is Scheduled to Report Earnings. Does Its Billionaire CEO Masayoshi Son Know Something the Rest of Wall Street Doesn't?|Is Palantir's Latest Earnings Report a Warning for Nvidia Investors?"
2025-11-17,PLTR,low,1,Should You Buy Palantir Before Its Next Earnings Report?
2025-11-17,TRGP,medium,1,Targa Resources Corp. Announces Quarterly Dividend and Timing of Third Quarter 2025 Earnings Webcast
2025-11-18,AXON,low,1,"Tales of Unexpected Losses: AXON, TREX, WRBY"
2025-11-18,DIS,low,1,Walt Disney Streaming Gains Offset Pressure in Linear Networks
2025-11-18,HD,low,1,Home Depot Confident Despite Weak Q3: Market Share Gains Claimed
2025-11-18,MRK,low,1,"Merck's Winrevair Success Extends Beyond Pulmonary Hypertension, Showing Promise In Complex Heart Condition"
2025-11-19,HD,low,2,Why Home Depot’s Pain Could Be a Long-Term Investor’s Gain|Why Home Depot Stock Withered on Wednesday
2025-11-19,JNJ,low,1,Why Johnson & Johnson's Share Price Is Popping This Month
2025-11-19,LITE,low,1,3 Data Center Stocks Are Soaring—Analysts Think 1 Could Go Higher
2025-11-19,LOW,low,1,Why Lowe's Companies Stock Just Popped
2025-11-19,NVDA,high,3,"NVIDIA Sets Conference Call for Third-Quarter Financial Results|Reporting After the Bell Today, Is Nvidia Stock a Buy?|Will Nvidia Soar After Nov. 19? History Offers a Strikingly Clear Answer."
2025-11-19,TGT,low,2,Target EPS Strength Contrasts With Soft Sales and Margin Pressure|Is It Time to Buy Target Stock?
2025-11-19,TJX,low,1,Why TJX Companies Stock Floated Higher Today
2025-11-20,AMAT,low,1,Applied Materials: Up 40% in 2025 With Room to Run Long-Term
2025-11-20,CSCO,low,1,This One Tech Stock Is Crushing the Entire Sector. Should You Invest?
2025-11-20,LOW,low,1,Lowe’s Mixed Quarter Still Points to a Stock Setting Up for a Range Rebound
2025-11-20,NVDA,high,8,"Tech Stocks Fall Despite Nvidia's Beat, Walmart Jumps 6%: What's Moving Markets Thursday?|Nvidia Identifies 3 Core Tech Transitions Expected to Power Its Next Growth Cycle|Nvidia Just Proved the AI Boom Is Bigger Than Anyone Thought|Why Did Nvidia Stock Soar Today?|Stock Market Today: S&P 500, Dow Jones Futures Rise As Walmart Posts Beat-And-Raise— Nvidia, Palo Alto, Super Micro Computer In Focus (UPDATED)|Nvidia Pops Post-Earnings as a $110 Bn Threat Goes Unnoticed|Nvidia Stock in an AI Bubble? The AI Giant's Fantastic Q3 Results and Guidance Should Put That Concern to Rest|NVIDIA Announces Upcoming Event for Financial Community"
2025-11-20,TGT,low,1,Target Earnings Beat Isn’t Enough to Ease Worries About 2026
2025-11-20,WMT,low,2,Walmart Outlook Lift Reflects a Business Model Less Tied to Classic Retail Cycles|Walmart eCommerce and Advertising Growth Drive a More Scalable Model
2025-11-21,NVDA,low,1,"Nvidia CEO Jensen Huang Downplays AI Bubble Concerns: This Is ""Very Different"""
2025-11-21,TTWO,low,1,Take-Two Delay Looks Minor Compared to Its Long-Term Growth Engine
2025-11-21,WMT,low,1,Why Walmart Stock Popped Today
2025-11-24,F,low,1,Could Buying Ford Stock Today Set You Up for Life?
2025-11-24,NVDA,high,4,"Nvidia Strong Results Clash With a Market Suddenly Focused on Positioning Risk|Nvidia Beat Earnings, but Investors Are Asking the Wrong Question. Here's the Right One.|If You'd Invested $100 in Nvidia 10 Years Ago, Here's How Much You'd Have Today|Nvidia: There Was a Red Flag in Its Earnings Report, but Is the Stock Still a Buy?"
2025-11-25,BBY,low,2,Best Buy Earnings Beat Suggests Consumer Tech Spending Is Stabilizing|Consumers Are Upgrading Tech And Best Buy Is Winning
2025-11-25,DELL,low,1,"Stock Market Today: S&P 500 Future Rise, Dow Slips Amid Mixed Trade— Dell Technologies, HP, Alphabet In Focus (UPDATED)"
2025-11-25,GS,medium,1,"OSB GROUP PLC announces results of its Tender Offer for its £150,000,000 Fixed Rate Resetting Perpetual Subordinated Contingent Convertible Securities"
2025-11-25,NVDA,low,2,"Is AI in a Bubble, or Is the Rest of the Economy About to Pop?|CEO Jensen Huang Just Delivered Fantastic News for Nvidia Investors"
2025-11-25,WMT,low,1,Walmart Moving Closer to Amazon as E-Commerce Growth Accelerates
2025-11-26,BBY,low,1,"Best Buy Sees Expanding Margin, Strong Vendor Support, Analysts Say"
2025-11-26,DE,low,1,Why Deere Stock Dropped Today
2025-11-26,DELL,low,1,Why Dell Technologies Stock Rallied Today
2025-11-26,JNJ,low,1,What's Going On With Johnson & Johnson Stock On Wednesday?
2025-11-26,NVDA,low,1,Nvidia Saved the Stock Market
2025-11-27,ALL,low,1,"This Insurer Is Quietly Up Double Digits in a Month. Should You Invest $1,000?"
2025-11-27,AMD,low,1,Why AMD's Impressive Growth Is Just Getting Started
2025-11-28,KEYS,low,1,Keysight Technologies' Surge: The Market Wakes Up to This AI Play
2025-11-28,NVDA,low,1,"Semiconductors and Housing and Retail, Oh My!"
2025-11-30,NVDA,low,1,"Jensen Huang Says This Artificial Intelligence Transition Will Be ""Revolutionary"""
2025-12-02,CRWD,low,1,CrowdStrike Faces a Tight Setup as Analyst Optimism Runs Ahead of Guidance
2025-12-03,CRWD,low,1,'AI Is Expanding The Attack Surface:' CrowdStrike CEO Warns China's 'State-Sponsored' Adversaries Are Using LLMs For Cyber Intrusions
2025-12-03,DLTR,low,2,Dollar Tree Extends Growth as Multi-Price Format Lifts Ticket and Profitability|Dollar Tree's Halloween Frenzy Shows Shoppers Still Want Cheap Finds
2025-12-03,UNH,low,1,"Up 37% Since August, Is It Safe to Buy UnitedHealth Group Stock Again?"
2025-12-04,CRM,low,1,Salesforce Faces Slower Top-Line Growth but Q3 Execution Points to a Possible Turn
2025-12-04,CRWD,medium,1,CrowdStrike Reports Strong Results. But Shares Are Overvalued.
2025-12-04,DG,high,3,"Dollar General Benefits From Low Tariff Exposure and Consistent Consumer Demand|Dollar General Smashes 52-Week High On Strong Sales, Fatter Margins, And Busy Stores|Why Dollar General Stock Popped Today"
2025-12-04,KR,low,1,Why Kroger Stock Dropped Today
2025-12-05,COO,low,1,Cooper Companies Launches Portfolio Review To 'Unlock Value'
2025-12-05,CRM,low,1,Salesforce Shows a Coiled Setup as Technical Signals Point to a Possible Rebound
2025-12-05,DELL,low,1,Dell Just Hit a Record in AI Orders—But the Real Test Starts Now
2025-12-05,NFLX,low,1,"S&P 500 Flirts With Records, Netflix Drops After Warner Bros Deal: What's Moving Markets Friday?"
2025-12-08,AVGO,medium,1,Broadcom’s Biggest Test Yet: Will Q4 Earnings Spark Another Rally?
2025-12-08,CVNA,low,1,"Stock Market Today: Dow Futures Pare Losses, S&P 500, Nasdaq Gain— Carvana, Confluent, Toll Brothers In Focus (UPDATED)"
2025-12-08,DLTR,low,1,Dollar Tree Breaks Out as Essentials Spending Tightens and Value Chains Lead
2025-12-08,SMCI,low,1,1 Reason Super Micro Computer Could Be a Multimillionaire-Maker Stock
2025-12-09,AZO,medium,1,"AutoZone to Release First Quarter Fiscal 2026 Earnings December 9, 2025"
2025-12-09,CVS,low,1,"CVS Health Outlines New Revenue Targets, AI Upgrades At Investor Day"
2025-12-10,ADBE,low,1,"Dow Futures Hold Steady Ahead Of Federal Reserve Meeting On Interest Rates: Investors Keep Eye On Oracle, Adobe Along With Jerome Powell's Speech"
2025-12-10,AZO,low,1,AutoZone Holds Its Uptrend as a December Pullback Sets Up a Cleaner Trend Buy
2025-12-10,PFE,low,1,Pfizer's Tukysa Combo Shows Strong PFS Benefit In Metastatic Breast Cancer
2025-12-11,AVGO,medium,1,Broadcom Q4 2025 Earnings Preview: AI Momentum Meets Valuation Risk
2025-12-11,CASY,low,1,3 Reasons Casey’s General Stores Will Continue Trending Higher
2025-12-11,ORCL,low,2,"Why Oracle Stock Is Plummeting Today|Stock Market Today: Nasdaq 100, Dow Jones, S&P 500 Futures Decline Day After Fed's Rate Cut—Oracle, Broadcom, Costco In Focus (UPDATED)"
2025-12-12,AVGO,low,2,Broadcom Pulls Back as Strong Earnings Fail to Match AI Growth Expectations|Broadcom’s AI Revenue Surge Meets Margin Reality as Shares Sink
2025-12-12,COST,low,2,"Costco Smashes Holiday Pie Sales, Black Friday Records|Stock Market Today: Dow Futures Advance, Nasdaq, S&P 500 Retreat Despite Trump's AI Order—Broadcom, Lululemon, Tilray In Focus (UPDATED)"
2025-12-12,LULU,low,2,"After Getting Crushed Earlier This Year, Lululemon Stock Is Soaring. Time to Buy?|Lululemon Shares Rally After Hours as CEO Plans Exit. Does the Market Expect a Strategy Shift?"
2025-12-12,NKE,medium,1,Nike: Navigating Revenue and Margin Headwinds Ahead of Critical Q2 Earnings
2025-12-12,NVDA,low,1,Broadcom CEO Hock Tan Just Delivered Incredible News for Nvidia Stock Investors
2025-12-12,ORCL,low,2,Why Shares of Oracle Are Sinking Today|Why Shiba Inu Is Sinking Today
2025-12-15,GILD,low,1,Gilead's Experimental Combo Tablet For HIV Treatment Hits Primary Goal
2025-12-15,LLY,low,1,Eli Lilly Just Delivered Fantastic News to Investors
2025-12-15,MU,low,1,"Top Stocks With Earnings This Week: Micron, FuelCell, Carnival and More"
2025-12-15,ORCL,low,1,Oracle Shares Have Plunged. Should Investors Buy the Dip Heading Into 2026?
2025-12-16,ADBE,medium,1,Adobe Gets Post-Earnings Lift: Long-Term Outlook Favors Upside
2025-12-16,COST,low,1,Costco's Momentum Continues. Is It Time to Buy the Stock?
2025-12-16,NVDA,low,1,Billionaire Investor Adds To Nvidia Position As AI Conviction Builds
2025-12-17,JBL,low,1,Why Jabil Stock Bumped Higher on a Gloomy Wednesday for the Market
2025-12-17,LEN,low,1,"Stock Market Today: S&P 500, Dow Futures Gain As Jobs Data Weighs On Outlook—Lennar, Micron Technology, Children's Place In Focus (UPDATED)"
2025-12-17,MU,medium,2,"Interested in Micron Technology (MU)? Mark Your Calendars for Dec. 17, 2025.|Why Micron Stock Is Soaring in After-Hours Trading"
2025-12-18,CTAS,low,1,Why Cintas Stock Is Rising Today
2025-12-18,LLY,low,1,"After Wegovy, Zepbound Shots, This Eli Lilly Oral Pill Can Help Maintain Weight Loss"
2025-12-18,MU,high,4,"Micron Sparks a Repricing as Q2 Guidance Signals a New Phase of Margin Expansion|Stock Market Today: S&P 500, Nasdaq Futures Gain, Dow Gain— Accenture, Micron Technologies, Nike And FedEx In Focus (UPDATED)|Micron Just Gave Amazing News to AI Stock Investors|Micron Steps Into the Spotlight as the AI Memory Cycle Accelerates"
2025-12-19,ACN,low,1,Accenture's AI Momentum Impresses Analysts Despite Early-Stage Rollouts
2025-12-19,MU,low,2,Micron Defies the AI Pullback as Earnings Strength Keeps the Stock Re-Rating|Could Micron Be 2026’s Breakout AI Stock?
2025-12-19,NKE,medium,2,"Why Nike Stock Tumbled Today|Nike Stock: Insiders Just Bought the Dip, Including Apple’s CEO"
2025-12-21,MU,low,2,"Could This AI Leader Be the Market's Best Performer Next Year?|Why Is Micron Stock Soaring, and is it Time to Take Profits?"
2025-12-22,AMD,low,1,This Nvidia Rival is More Expensive Than Nvidia. Is it Worth the Price?
2025-12-22,C,low,1,"These 3 Banks Are Rallying Into Year-End, but Will It Continue?"
2025-12-22,CCL,low,2,Carnival Quietly Puts Pricing Fears To Rest With Standout Quarter|Carnival Stock Ends 2025 on a High Seas Note
2025-12-22,ORCL,low,1,Markets Week Ahead: Investors Eye Year-End Gains to Close Out a Strong 2025
2025-12-23,AMZN,low,1,"Billionaire Investor Bets Bigger On Amazon As Cloud, AI Soar"
2025-12-23,CVNA,medium,1,Uxin (UXIN) Q4 2025 Earnings Call Transcript
2025-12-23,WM,low,1,Waste Management Digests Stericycle Deal as Margins Hold but Growth Pauses
2025-12-24,ACN,low,1,Accenture Expands Italian Financial Services Technology Platform
2025-12-24,SNDK,low,1,What's the Best-Performing S&P 500 Stock in 2025?
2025-12-26,NKE,low,1,These 3 Household Names Are Flashing Rare Oversold Signals
2025-12-28,GOOG,low,1,Are These 2 Quantum Computing Stocks the Key to Decades of Wealth?
2025-12-28,VST,low,1,Should You Buy Vistra While It's Below $170?
2025-12-29,QCOM,low,1,Qualcomm Stock Is Back Near Its 2021 Price—Should Investors Be Worried or Excited?
2025-12-29,TSLA,low,1,2 IPO Stocks to Watch in 2026
2025-12-30,TSLA,low,1,"Stock Market Today, Dec. 30: Tesla Falls After Offering Weak Delivery Outlook"
2025-12-31,KO,low,1,2 No-Brainer Dividend Stocks to Buy Right Now
2025-12-31,ORCL,low,1,Oracle Stock in 5 Years: Moonshot or Crash Landing?
2025-12-31,PLTR,low,1,Palantir: From Meme Stock To Market Leader In 2025
2026-01-01,AVGO,low,1,"This Super Semiconductor Stock Crushed Nvidia in 2025. Is It a Buy, Sell, or Hold in 2026?"
2026-01-01,CCL,medium,1,3 Reasons to Buy Carnival Stock Like There's No Tomorrow
2026-01-02,NVDA,low,1,4 Reasons Why Nvidia Can Beat the Market Again in 2026
2026-01-05,AMZN,low,1,2 Trillion-Dollar Stocks That Could Beat the Market in 2026
2026-01-05,DECK,low,1,1 Stock I'd Buy Before Yeti in 2026
2026-01-06,AVGO,low,1,"Why Broadcom Stock Spiked 49% Higher in 2025, and Why There's Likely More to Come in 2026"
2026-01-06,MCHP,low,2,"Why Microchip Technology Rallied Double-Digits Today|Microchip Raises Outlook Again, Stock Soars"
2026-01-06,TSLA,low,1,Tesla Just Delivered Very Bad News for Investors
2026-01-06,UPS,low,1,Could UPS Be a Turnaround Stock in 2026?
2026-01-07,GS,low,1,Analyst Says Goldman Sachs CEO David Solomon Faces Key Challenge In Managing Earnings Volatility
2026-01-07,NVDA,low,1,Nvidia vs. Palantir: Which Is the Better AI Stock for 2026?
2026-01-07,STZ,medium,1,Constellation Brands Stock Climbs After Q3 Earnings Beat Estimates
2026-01-08,DLR,low,1,"Digital Realty Leasing Gains May Be Limited By Growth Constraints, Analyst Warns"
2026-01-08,F,low,1,"Stock Market Today, Jan. 8: Ford Rises After Analyst Upgrade Boosts Confidence in Turnaround"
2026-01-08,INTC,low,1,Intel Stock Soars to Start the Year: Is It a Buy?
2026-01-08,MU,low,1,How Micron Technology Stock Soared 21% Last Month
2026-01-08,NKE,low,1,Is It Time to Buy the Dip on Nike and IonQ?
2026-01-08,STZ,low,1,Why Constellation Brands Stock Was Moving Higher Today
2026-01-09,A,low,1,Agilent Technologies: Why Execution Matters Most When the Cycle Turns
2026-01-09,GM,medium,1,"Stock Market Today: Dow, Nasdaq 100 And S&P 500 Futures Gain After December Jobs Data— General Motors, Tilray In Focus (UPDATED)"
2026-01-09,KMB,low,1,3 High Dividend Stocks for Long-Term Income
2026-01-09,MU,low,1,"From Chips to Data Centers, AI Investors See the Next Breakout in This Stock"
2026-01-11,LEN,low,1,Why Investors Froze out Lennar Stock in December
2026-01-12,EW,low,1,Court Ruling Ends Edwards Lifesciences $1.2 Billion Plan To Acquire JenaValve
2026-01-12,NFLX,low,1,Is Netflix a Buy Ahead of Earnings? It Looks Like It
2026-01-12,ORCL,low,1,"1 Artificial Intelligence (AI) Stock to Buy Before It Doubles and Joins Tesla and Meta Platforms in the $1 Trillion Club, According to Multiple Wall Street Analysts"
2026-01-12,STZ,low,1,Berkshire Bought the Dip—Now Constellation Brands Is Rebounding
2026-01-13,AMD,medium,1,"Stock Market Today, Jan. 13: Advanced Micro Devices Jumps After Analyst Upgrade Highlights AI Server Chip Demand"
2026-01-13,DAL,low,2,Earnings Season Focus: Delta Air Lines and Taiwan Semiconductor in the Spotlight|Delta Air Lines Earnings Beat Softens the Impact of a Government-Led Revenue Miss
2026-01-13,GOOG,medium,1,"Stock Market Today: Nasdaq 100, S&P 500, Dow Jones Futures Lag Ahead Of December CPI Print— JPMorgan, Alphabet, Five9 In Focus (UPDATED)"
2026-01-13,NFLX,medium,2,"Is Netflix Stock a Buy Under $100?|Stock Market Today, Jan. 13: Netflix Rises After HSBC Upgrade Sparks Optimism Ahead of Earnings"
2026-01-13,ULTA,low,1,"Up 40% In 2025, Warren Buffett Sold This Top Stock Before Its Hot Streak. Is It Too Late To Buy Now?"
2026-01-14,AMGN,low,1,Amgen Reports MariTide Weight Loss Holds Up With Fewer Doses
2026-01-14,BAC,medium,2,"Following Bank of America? Mark Your Calendars for Jan. 14.|Stock Market Today, Jan. 14: Bank of America Falls After Strong Earnings Meet Softer Net Interest Income Outlook"
2026-01-14,C,medium,1,Citigroup Q4 Shows Earnings Strength While Top-Line Growth Lags
2026-01-14,ISRG,low,1,Why Intuitive Surgical Stock Dropped Today
2026-01-14,LLY,low,2,Eli Lilly's Most Promising Weight Loss Drug May Come With a Surprising Benefit: Pain Relief|Why Eli Lilly Stock Gained 39.2% In 2025
2026-01-14,LULU,low,1,Is This 1 More Reason to Buy Lululemon Stock?
2026-01-14,UNH,low,1,Should You Buy Shares of UnitedHealth In January?
2026-01-14,WDAY,low,1,"Billionaire Investor Dumps Workday Stake, And It's Not The First Time"
2026-01-15,AMD,medium,1,Why Advanced Micro Devices Stock Popped Today
2026-01-15,BLK,low,1,"BlackRock Total Assets Climb To Record $14 Trillion, Raises Dividend"
2026-01-15,BSX,low,1,Boston Scientific Acquires Penumbra In $14.5 Billion Bet To Dominate Thrombectomy
2026-01-15,GS,medium,2,"Goldman Sachs Q4 Trading Revenue Hits Record, Takes Loss On Apple Card Exit|Wall Street's Major Banks Deliver Blowout Trading Results — So Why Are Stocks Struggling?"
2026-01-15,MS,low,1,"Morgan Stanley Sees 2026 IPO Wave, CFO Flags Bigger Pipeline, Broader Dealmaking"
2026-01-15,NVDA,medium,1,Nvidia Is Surging Today -- Is the Stock a Buy in 2026?
2026-01-16,BLK,low,1,Building 'The Machine': How BlackRock Plans To Raise $400B And Democratize Private Market Investing
2026-01-16,GS,low,1,Goldman Sachs Investment Banking To Grow 15% In 2026: Analyst
2026-01-16,MSFT,medium,1,"Microsoft, Alphabet, Amazon Poised For 'Very Strong' Q4 Earnings, Says Dan Ives: 'This Is A Mid-1996 Moment'"
2026-01-16,NUE,medium,1,JP Morgan Predicts Mixed Q4 Steel Earnings Despite Steel Rally
2026-01-16,PLTR,low,1,Palantir Stock Falls Hard to Start 2026. Here's What Investors Need to Know
2026-01-16,PNC,low,1,PNC Eyes Double-Digit Growth In 2026 After Closing Strong Year
2026-01-20,BAC,medium,1,Bank of America’s Rock-Bottom P/E and 25% Upside Potential
2026-01-20,CCL,low,1,Can Carnival Stock Reach $40 in 2026?
2026-01-20,MMM,low,1,Post-It Maker 3M Focuses On Expanding Margins In 2026
2026-01-20,MU,medium,1,How Micron Technology Stock Soared 45% Last Month
2026-01-20,NFLX,medium,2,Should You Buy Netflix Stock Before Jan. 20?|Netflix Stock Has A January Superpower — And The Numbers Prove It
2026-01-20,NVDA,medium,1,Could January Spark the Next Big Rally in AI Stocks?
2026-01-20,RTX,medium,1,RTX: Sell-Side Support Points to 20% Upside in 2026
2026-01-20,SMCI,low,1,Super Micro: Is It Ready to Fly as Short Squeeze Season Heats Up?
2026-01-20,SNDK,medium,1,These 10 Stocks Just Had Their Best Or Worst Month Ever — And You Might Not Know Why
2026-01-21,GS,low,1,3 Things Investors Need to Know About Goldman Sachs Stock in 2026
2026-01-21,HAL,low,1,Why Halliburton Rallied Today
2026-01-21,JNJ,high,5,"Johnson & Johnson Beats Revenue While EPS Miss Keeps the Stock in Check|Johnson & Johnson Clears the Patent Cliff as 2026 Guidance Resets the Narrative|Stock Market Today: Dow Jones, S&P 500 Futures Pull Back As Street Eyes Trump's Davos Address— Johnson & Johnson, Intel, GameStop In Focus (UPDATED)|Johnson & Johnson Expects 2026 Sales To Hit Almost $100 Billion|JNJ Earnings Preview: Solid Q4 Expected With Revenue Growth Above 5% in Sight"
2026-01-21,MMM,low,1,"3M Growth Prospects Improving Into 2026, Says Analyst"
2026-01-21,MRNA,low,1,"Moderna Pops 17%—Is There Life in MRNA, Down 90% from COVID High?"
2026-01-21,NFLX,low,2,The Netflix Sell-Off Just Accelerated. Here's Why I Think It's Overdone.|Why Netflix Stock Dipped Lower Today
2026-01-21,PLD,low,1,"Prologis Signs Record Leases In 2025, Expands Power For Data Centers"
2026-01-21,PLTR,low,1,My Top 5 Predictions for Palantir in 2026
2026-01-21,SCHW,low,1,"Charles Schwab Hits $11.9 Trillion In Assets, Trading Volumes Jump 31%"
2026-01-21,TRV,low,1,"Travelers Mints Money From Fewer Claims, Ramps Up Stock Buybacks"
2026-01-22,ABT,low,1,Abbott Labs Stock Hits 52-Week Low As Outlook Disappoints
2026-01-22,CCL,low,1,5 Reasons to Buy Carnival Stock Like There's No Tomorrow
2026-01-22,COF,medium,1,"Capital One Stock Slides On Q4 Earnings Miss, Purchase Of  Brex"
2026-01-22,CSX,medium,2,CSX Stock Climbs Despite Missing Q4 Earnings Estimates|CSX Corp. Announces Fourth Quarter and Full Year 2025 Results
2026-01-22,FCX,low,1,"Freeport-McMoRan Rides Copper, Gold Rally, Targets Grasberg Comeback"
2026-01-22,GE,low,1,What's Going On With GE Aerospace Stock On Thursday?
2026-01-22,NFLX,medium,1,"Stock Market Today, Jan. 22: Netflix Drops as Guidance Tempers Strong Q4 Results"
2026-01-22,TSLA,medium,1,Tesla: What to Watch in Q4 Earnings After Robotaxi Launch
2026-01-23,ABT,low,1,2 Healthcare Names That Could Get a Big Boost From Earnings
2026-01-23,COF,low,1,"Trump's 10% Interest Rate Cap On Credit Cards Will 'Likely Bring On A Recession,' Says Capital One CEO: $6 Trillion Consumer Spending At Stake"
2026-01-23,HAL,low,2,Halliburton Beat Expectations Again—Now the Rebound Trade Gets Real|Halliburton: A Geopolitical Playbook for the Next 6 Months
2026-01-23,INTC,high,3,"Intel Stock Plunges: Time To Buy the Dip?|Why Advanced Micro Devices Stock Popped Friday|Stock Market Today: S&P 500, Dow Jones, Nasdaq 100 Futures Decline After 2 Consecutive Days Of Gains—Intel, CSX In Focus (UPDATED)"
2026-01-23,ISRG,low,1,This Often-Overlooked Growth Stock Just Reported An Amazing Quarter. Time to Buy Shares?
2026-01-23,META,low,1,Meta Stock Seems to Be Bouncing Back. Is the Growth Stock Now Too Cheap to Ignore?
2026-01-23,NFLX,low,2,Netflix Stock Drops 35%+ After Q4 as WBD Deal Risk Rises|Netflix Just Topped 325 Million Subscribers. Its Stock Price Sank Anyway.
2026-01-23,NVDA,low,1,Should Investors Buy Nvidia Stock Before Feb. 25?
2026-01-26,AAPL,low,2,"Tariff Fears Reignite On Canada|Apple Has 27% Upside, JPMorgan Says, Even As Memory Costs Surge And App Store Growth Slows"
2026-01-26,APP,low,1,This Controversial AI Stock Could Shock Investors in 2026
2026-01-26,BKR,medium,1,"Stock Market Today: Dow Futures Gain, S&P 500 Slips As Investors Brace For Mega-Cap Earnings— Brand Engagement, Nucor In Focus (UPDATED)"
2026-01-26,BRO,medium,1,"Brown & Brown, Inc. announces fourth quarter 2025 results, including total revenues of $1.6 billion, an increase of 35.7%; Organic Revenue decrease of 2.8%; diluted net income per share of $0.59; and Diluted Net Income Per Share - Adjusted of $0.93"
2026-01-26,GEV,low,1,This GE Spinoff is Winning the AI Power Race
2026-01-26,MU,low,1,I Predicted Micron Would Soar Last September. What Happened Was Even Better
2026-01-26,UBER,medium,1,"Riding Into Uber, Lyft Q4 Earnings With 'Caution'"
2026-01-27,AAPL,low,2,"Should You Buy Apple Stock Before Jan. 29?|A Cold January, but the Stock Barometer Remains Positive"
2026-01-27,GM,medium,1,GM Gets Off to a Strong Start in 2026 After +50% Return in 2025
2026-01-27,PCAR,low,1,Why Paccar Stock Dropped Today
2026-01-27,PLTR,medium,1,1 Thing to Watch When Palantir Reports Earnings on Feb. 2
2026-01-27,ROP,medium,1,Roper Technologies schedules fourth quarter 2025 financial results conference call
2026-01-27,STLD,low,1,Steel Dynamics Reinforces Outlook: Higher Highs Coming
2026-01-27,TSLA,low,1,"Tesla Earnings Preview: Margins, Demand, and the Musk Factor"
2026-01-27,UNH,high,3,"UnitedHealth at an Inflection Point: Margin Recovery or Prolonged Challenges?|UnitedHealth's Revenue Outlook, Medicare Shock Spook Investors|UnitedHealth Heads Into Q4 Earnings As Elevated Medical Costs Loom — Is Stability In Sight?"
2026-01-27,UPS,low,1,Why UPS Stock Crept Higher on Tuesday
2026-01-28,CRM,low,1,Why Salesforce Stock Dived by Nearly 21% in 2025
2026-01-28,DHR,low,1,Danaher Expects Gradual Improvement In End-Market Conditions
2026-01-28,FFIV,low,1,Why F5 Stock Popped Today
2026-01-28,GLW,low,1,Corning Cashes In On AI Boom With 24% Optical Revenue Surge
2026-01-28,GM,low,1,"General Motors Outlook Looks Conservative, Says Analyst"
2026-01-28,IBM,low,1,IBM RELEASES FOURTH-QUARTER RESULTS
2026-01-28,INTC,medium,1,"Stock Market Today, Jan. 28: Intel Surges After Reports of Nvidia and Apple Foundry Partnerships"
2026-01-28,KHC,low,1,"As Berkshire Exits Its Kraft Heinz Position, Is the Stock a Sell?"
2026-01-28,LRCX,medium,1,"Lam Research Beats Q2 Estimates, Strong Q3 Guidance"
2026-01-28,LVS,low,1,Why Las Vegas Sands Stock Is Falling After Q4 Double Beat
2026-01-28,META,medium,1,"Stock Market Today, Jan. 28: Fed Holds Rates Steady As Megacap Earnings Begin"
2026-01-28,MSFT,high,3,Why Jan. 28 Could Be a Very Big Day for Microsoft Investors|Microsoft Slumps Heading Into Earnings—Here’s What Matters Most|Microsoft Earnings: High Capex Signals Confidence — Now the Numbers Must Deliver
2026-01-28,NVDA,low,1,1 Prediction for Nvidia in 2026
2026-01-28,SBUX,low,1,Starbucks Investors Just Got Good News About the Company's Turnaround Efforts
2026-01-28,T,medium,1,"Stock Market Today, Jan. 28: AT&T Rises After Earnings Beat and New Buyback Plan"
2026-01-28,TSLA,high,3,"Tesla Deliveries Slide 16% In Q4, Energy Storage Hits Records|SpaceX IPO Tops Question List For Tesla's Q4 Conference Call: Will Shareholders Get First Access?|Tesla Stock Climbs After Q4 Earnings Report: Here's Why"
2026-01-28,TXT,low,1,Textron Warns Of Near-Term Pressure With Conservative Outlook
2026-01-28,UPS,low,1,"UPS Cost-Cutting Measures, Fleet Leasing Strategy Are Positives: Analyst"
2026-01-29,AAPL,medium,1,"Apple Earnings Preview: AI Bets, iPhone Demand, and China Services Under Watch"
2026-01-29,BX,low,1,Blackstone Assets Under Management Hit $1.27 Trillion As Inflows Explode
2026-01-29,CAT,low,2,Caterpillar Says Higher Tariffs Impacted Profit Margins|Caterpillar Delivers Record Sales While Investors Weigh Margin Trade-Offs
2026-01-29,DECK,medium,1,Deckers Stock Climbs After Q3 Earnings: Here's Why
2026-01-29,DOW,low,1,"Chemical Giant Dow Battles Volume, Price Decline, Rolls Out Cost Savings Plan"
2026-01-29,HON,low,1,Honeywell Ends 2025 With Record $37 Billion Backlog
2026-01-29,IP,low,1,"International Paper Posts Q4 Loss, Spin Off EMEA Packaging Business"
2026-01-29,KLAC,medium,1,KLA Shares Slide After Q2 Earnings: What To Know
2026-01-29,MSFT,medium,1,Why Wall Street Punished Microsoft But Rewarded Meta's $135 Billion AI Bet
2026-01-29,NEE,low,1,This High-Powered Energy Stock Delivered High-End Growth in 2025 with More to Come in 2026 and Beyond
2026-01-29,NVDA,low,1,What Wall Street Thinks Nvidia Will Be Worth 1 Year From Now. 1 Reason They Might Be Wrong.
2026-01-29,ORCL,low,1,Why Oracle Stock Slumped on Thursday
2026-01-29,PH,medium,1,Parker to Announce Fiscal 2026 Second Quarter Earnings on January 29; Conference Call and Webcast Scheduled for 11 a.m. Eastern
2026-01-29,RTX,low,1,Why RTX Stock Is Surging in 2026—and Why It Might Not Be Done Yet
2026-01-29,SYK,medium,1,Stryker to announce financial results for its fourth quarter and full year 2025
2026-01-29,TMO,low,1,Thermo Fisher Scientific Discloses How Much Clario Deal Could Add To Its EPS
2026-01-29,TSLA,medium,2,Tesla Stock Falls After Q4 Results: New Brand Value Ranking Shows The Worst May Not Be Over|Tesla Finds Its Footing as Q4 Earnings Ease Fears Around the Growth Story
2026-01-29,TXT,low,1,Why Textron Stock Wilted by Nearly 8% on Wednesday
2026-01-29,V,medium,2,"Visa, Mastercard Head Into Earnings With Spending Holding Firm|Visa Stock Slips Despite Q1 Earnings Beat"
2026-01-29,WDC,low,1,Why Western Digital Stock Soared Today
2026-01-30,AVGO,low,1,I Correctly Called Broadcom's Rise Into the $1 Trillion Club in 2025. Here's What I Predict for 2026.
2026-01-30,BX,low,1,"Blackstone Says Deal Cycle Has Hit 'Escape Velocity' As IPO, M&A Activity 'Feels Like 2013' Again"
2026-01-30,CMG,low,1,The Fast-Casual Comeback Tour
2026-01-30,COF,low,1,"Capital One Stock Weak After Earnings, Brex Deal in Focus"
2026-01-30,CVX,low,1,"Chevron Raises Production To Offset Oil Price Decline, Hikes Dividend"
2026-01-30,GM,medium,1,2 Portfolio Worthy Value Stocks to Consider After Q4 Results
2026-01-30,MSFT,low,1,Is It Time to Buy Microsoft Stock as Its Backlog Soars?
2026-01-30,NEE,low,1,"NextEra Energy: Priced for Perfection, or Justified Premium?"
2026-01-30,REGN,low,1,"Regeneron Posts Lower Eylea Sales Amid Rising Competition, Plans $2 Billion New Factory"
2026-01-30,RMD,low,1,Analysts Maintain Bull Case On ResMed Despite Competition Concerns
2026-01-30,SNDK,low,1,SanDisk Breaks Out as AI Storage Demand Drives Margin Expansion
2026-01-30,SPGI,low,1,These 2 Financial Stocks Just Declared Dividend Raises
2026-01-30,VZ,medium,1,"Verizon to report earnings January 30, 2026"
2026-01-30,XOM,low,1,Exxon's Production Boom Blunts Impact Of Falling Oil Prices
2026-02-01,IBM,low,1,IBM Shares Pop on Strong AI Growth. Is It Too Late to Buy the Stock?
2026-02-01,PLTR,low,1,Palantir Stock is Showing a Disturbing Trend That Investors Shouldn't Ignore
2026-02-02,CVX,low,1,Chevron Earnings Hint at New Highs—Is CVX Ready to Run?
2026-02-02,DECK,low,1,Deckers’ Surprise Blowout Has Wall Street Repricing the Story
2026-02-02,DIS,high,3,"Stock Market Today: S&P 500, Dow, Nasdaq Futures Decline Amid Kevin Warsh's Fed Chair Nomination—Walt Disney, Strategy, GameStop In Focus (UPDATED)|Palantir, AMD, Amazon and More Stocks with Earnings This Week|Why Disney Stock Dropped Today"
2026-02-02,IDXX,low,1,Why Is IDEXX Labs Stock Falling Today?
2026-02-02,META,medium,2,10 Large-Cap Stocks Lining Up for Potential Earnings Surprises|1 Big Surprise From Meta Platforms' Earnings
2026-02-02,MSFT,low,1,"Mag 7 Outlook: What Apple, Microsoft, Meta, and Tesla Just Told Us"
2026-02-02,NOC,medium,1,Defense Behemoths: Winners and Loser During Q4 Earnings Cycle
2026-02-02,NRG,low,1,NRG Energy Boosts FY26 Guidance After LS Power Deal
2026-02-02,PLTR,medium,2,Will Palantir Stock Rise After Feb. 2? History Offers an Answer That's Strikingly Clear.|CEO Alex Karp Just Delivered Fantastic News for Palantir Stock Investors
2026-02-02,TSN,medium,1,Tyson Foods Announces First Quarter Earnings Conference Call and Webcast
2026-02-03,ABT,medium,1,"OTC/DTC Infectious Disease Diagnostics Research Report 2026: Market Strategies, Trends, and Forecasts 2025-2029 - Privacy, Digital Access, and Rapid Results Accelerate Adoption"
2026-02-03,DIS,medium,2,"Is This Disney's Biggest Quarterly Report in Years?|Disney’s Q1 2026 Missed Hype, But the Turnaround Builds"
2026-02-03,DVA,low,2,"DaVita Stock Rallies On Profit Beat, Confident 2026 View|What Sent DaVita Stock Soaring On Tuesday?"
2026-02-03,MA,low,1,Here's Why Mastercard Stock Is Still a Buy Despite Cap and Competition Headwinds
2026-02-03,META,low,1,Meta Platforms Posted Its Fastest Growth Guide in Years—Now What?
2026-02-03,MRK,low,1,"Merck's Annual Outlook Falls Short But Keytruda, Animal Health Segments Grow"
2026-02-03,MSFT,low,1,"Here's Why Microsoft Fell After Earnings, Despite Beating Expectations"
2026-02-03,MU,low,1,Semiconductor Rally Continues— 3 Stocks In The Spotlight Ahead Of Earnings
2026-02-03,PFE,medium,2,"Why Pfizer Stock Dropped Today|Pfizer's Newly Acquired Drug Shows Weight Loss Of Just Around 13%, Stock Drops"
2026-02-03,PLTR,high,4,Palantir Just Delivered Another Blowout Earnings Report. Should You Still Worry About Valuation?|Palantir Changes the AI Debate as Margins and Growth Break Old Models|Think Palantir's Blistering Growth Is Over? Think Again|Palantir Gains Fast as Investors Digest a Much Bigger 2026 Revenue Path
2026-02-03,PNR,low,1,Pentair's Soft 2026 Outlook Wipes Out A Solid Earnings Beat
2026-02-03,PYPL,medium,1,"Stock Market Today, Feb. 3: PayPal Plunges After Earnings Miss and Weak 2026 Profit Outlook"
2026-02-03,SLB,low,1,SLB Signs $1.5B Contract For Mutriba Field In Kuwait
2026-02-03,SMCI,medium,1,Super Micro Stock Climbs After Q2 Earnings: Here's Why
2026-02-03,SNDK,high,3,Sandisk Remains a Hot Buy. Can the Stock's Momentum Continue?|Why Sandisk Stock Skyrocketed 143% in January|Why Sandisk Stock Surged Today
2026-02-04,ABBV,low,1,"AbbVie's Inflammation Drug Humira Slows, But Skyrizi, Rinvoq Drive Revenue Growth"
2026-02-04,AMD,medium,2,"AMD Stock Collapses: High Expectations, China Boost To Blame|AMD Stock Down Today: Is Earnings Beat Not Enough?"
2026-02-04,AXP,low,1,3 Things Every American Express Investor Needs to Know
2026-02-04,BDX,low,1,3 Best Dividend Kings for 2026
2026-02-04,BMY,low,1,What's Going On With Bristol-Myers Squibb Stock Today?
2026-02-04,BSX,low,2,"Boston Scientific Stock Hits 52-Week Low On Soft 2026 Outlook|Stock Market Today, Feb. 4: Boston Scientific Plunges After Cautious 2026 Guidance Disappoints Investors"
2026-02-04,CLX,low,1,Clorox Faces Profit Squeeze From Inventory Reset In 2026
2026-02-04,COHR,medium,1,"Coherent Stock Jumps On Q2 Earnings, Revenue Beats"
2026-02-04,COR,medium,1,Cencora Lifts 2026 Sales Outlook Despite Q1 Revenue Miss
2026-02-04,FTV,low,1,Fortive Q4 Tops Estimates On Strong Growth In Two Segments
2026-02-04,GEHC,low,1,"GE HealthCare Beats Earnings But Margin Pressure, Tariff Costs Could Weigh On Profitability"
2026-02-04,GEV,low,1,This Energy Stock Could Have Momentum in 2026 Beyond the AI Power Trade
2026-02-04,GOOG,low,2,Google Plans to Double Capex Spending as Cloud Growth Soars 48%|Is Alphabet Stock a Buy as Google Cloud Revenue Soars?
2026-02-04,LLY,medium,2,"In Weight Loss Drug Battle For 2026, Eli Lilly Pulls Ahead Of Novo Nordisk|Q4 Earnings Summary: Eli Lilly and AbbVie Beat, Uber Mixed"
2026-02-04,NXPI,medium,1,Why NXP Semiconductors’ Post-Earnings Dip Could Be a Buying Window
2026-02-04,ODFL,low,1,Old Dominion Proves Pricing Power In A Tough Trucking Market
2026-02-04,PLTR,low,1,Palantir Price Forecast: Is the Stock Cheap After Q4 Spike?
2026-02-04,PSX,low,1,Why Is Phillips 66 Stock Trading Higher Today?
2026-02-04,QCOM,medium,1,Qualcomm Is Back at 2020 Levels—Warning or Opportunity?
2026-02-04,SMCI,low,1,Why Super Micro Computer Stock Jumped Today
2026-02-04,SNDK,low,1,"Up 1,500%, Should You Buy Sandisk Right Now?"
2026-02-04,TSLA,low,1,Tesla's Daring Move
2026-02-04,UPS,low,1,This High-Yield Dividend Stock Just Crushed Earnings. Here's Why 2026 Could Be Even Better.
2026-02-05,ALGN,low,1,Align Tech Invisalign Volumes Hit Records
2026-02-05,AMD,low,2,Cathie Wood Goes Bargain Hunting: 3 Stocks She Just Bought|Why This Could Be a Buying Opportunity for AMD Stock
2026-02-05,AMGN,low,1,Amgen Hits 52-Week Highs: Buy Signal?
2026-02-05,BMY,low,1,Bristol Myers Flags Data-Rich 2026 After Solid Quarter
2026-02-05,CAH,low,1,Cardinal Health Smashes 52-Week High After Strong Quarter
2026-02-05,CI,low,1,"FTC Settlement With Cigna's Pharmacy Benefit Manager Promises Cheaper Insulin, Boosts Dividend On Strong Quarterly Earnings"
2026-02-05,COP,low,1,Why Is ConocoPhillips Stock Falling Today?
2026-02-05,DIS,low,1,Disney's Stock Plunged After Beating Earnings-Here's Why
2026-02-05,FTNT,medium,1,Fortinet to Announce Fourth Quarter and Full Year 2025 Financial Results
2026-02-05,GEN,medium,1,Gen Reports Strong Q3 FY26 Results and Raises FY26 Guidance
2026-02-05,GEV,low,1,Forget AI Stocks: This Energy Giant Could Be the Real Winner of 2026
2026-02-05,GOOG,medium,2,"Stock Market Today: Dow, S&P 500, Nasdaq Futures Fall After Tech Selloff—Alphabet, Broadcom, Amazon In Focus (UPDATED)|Nasdaq 100: Downside Risk Builds as Tech Struggles to Reclaim Lost Ground"
2026-02-05,KKR,low,2,KKR Bets On Sports Investments With $1.4 Billion Arctos Buyout|Cummins Revenue Holds Up as Charges Weigh on Near-Term Earnings Clarity
2026-02-05,LLY,low,2,Eli Lilly's 2026 Outlook Push Back Demand Fears: Analyst|Eli Lilly: Why Investors Are Rewarding It as Novo Slips
2026-02-05,PEP,low,1,Pepsi Pops as Investors Take Notice of Key Strategic Initiatives
2026-02-05,ROK,low,1,What's Going On With Rockwell Automation Stock Thursday?
2026-02-05,SBUX,low,1,"Starbucks Is Back, but Is It a Buy?"
2026-02-05,SNDK,low,1,Sandisk’s Swings Are Getting Bigger—Here’s How to Play Them
2026-02-06,AMZN,low,1,Amazon: Stock to Avoid or Once-in-a-Decade Buying Opportunity?
2026-02-06,BIIB,low,1,"Biogen Hits 52-Week High, Alzheimer's Drug Sales Jump"
2026-02-06,CBOE,low,1,Cboe Strength Highlights Where Market Activity Still Finds Pricing Power
2026-02-06,CNC,low,1,Centene Takes A Hit As Medicaid Membership Shrinks
2026-02-06,COST,low,1,"Up 15% This Year, Is Costco Stock a Buy?"
2026-02-06,GD,low,1,Is General Dynamics Stock a 2026 Buy After Its 2025 Earnings Beat?
2026-02-06,GM,low,1,What General Motors Really Wants Investors to Know About Q4
2026-02-06,PLTR,low,2,Is Palantir a Good Stock to Buy?|Should You Buy the Dip on This Artificial Intelligence (AI) Stock?
2026-02-06,PM,low,1,Philip Morris Beats Estimates as Smoke-Free Products Drive Earnings Momentum
2026-02-09,APO,medium,1,Apollo Reports Fourth Quarter and Full Year 2025 Results
2026-02-09,APP,low,1,"AI Stocks in Focus: AppLovin, Palantir, and the Earnings That Matter Most"
2026-02-09,BDX,low,1,Becton Dickinson Slashes Profit Outlook Post-Spinoff
2026-02-09,HOOD,low,1,"Robinhood, AppLovin, Rivian and More Stocks With Earnings This Week"
2026-02-09,JNJ,low,1,Johnson & Johnson Reports 90% AFib Freedom In Early Heart Device Study
2026-02-09,L,low,1,Loews Smashes 52-Week High After Strong Quarter
2026-02-09,MSFT,low,1,"S&P 500 Earnings Halfway Mark: Sector Winners, Losers, and What Comes Next"
2026-02-09,ON,medium,1,On Semi Stock Drops After Mixed Q4 Results: Details
2026-02-09,SMCI,low,1,Prediction: This Metric Is a Warning Sign Not to Buy Super Micro Computer Stock
2026-02-09,UBER,low,1,"Uber, Adyen Push Into New Markets With Expanded Partnership"
2026-02-09,WAT,low,1,Why Is Waters Stock Sinking Monday?
2026-02-09,ZTS,low,1,Should You Buy Zoetis Before Feb. 12?
2026-02-10,BDX,low,1,What's Going On With Becton Dickinson Stock Tuesday?
2026-02-10,CVS,low,1,CVS Health Reaffirms Profit Outlook After Q4 Beat
2026-02-10,ECL,medium,1,"Ecolab Shares Rise As Q4 Earnings, Revenue Edge Past Estimates"
2026-02-10,F,medium,1,"Stock Market Today, Feb. 10: Ford Holds Steady as Investors Await Q4 Earnings and 2026 Profitability Outlook"
2026-02-10,FISV,low,1,Why Fiserv Stock Is Racing Higher Today
2026-02-10,HOOD,medium,1,"Robinhood Markets, Inc. to Announce Fourth Quarter and Full Year 2025 Results on February 10, 2026"
2026-02-10,KO,medium,2,"Earnings Recap: Coca-Cola Misses on Revenue, Duke Beats, Fiserv Tops EPS|Why Coca-Cola Was Falling Today"
2026-02-10,NVDA,low,1,Taiwan Semiconductor Just Delivered Encouraging News for Nvidia Shareholders
2026-02-10,PLTR,low,1,Palantir Shares Pop as Strong Growth Continues. Is It Too Late to Buy the Stock?
2026-02-10,ROK,low,1,Rockwell Automation Stock Dips After Earnings Beat: Why Bulls See a Fast Rebound
2026-02-10,TRV,low,1,3 Insurance Stocks Hitting 52-Week Highs With More Room to Run
2026-02-11,AAPL,low,1,"Apple CEO Tim Cook Says Company Doesn't Usually Look Back, But Will Celebrate 50th Anniversary: 'I Promise'"
2026-02-11,CAT,low,1,Caterpillar On Track For Multi-Year EPS Recovery: Analyst
2026-02-11,CVS,low,1,Analysts See Multiple Growth Levers For CVS Health In 2026
2026-02-11,DIS,low,1,Disney Has Its Next CEO
2026-02-11,F,low,1,Ford's Earnings Missed Wall Street Estimates -- but Its Stock Didn't Crash. Here's Why.
2026-02-11,HUM,low,1,Humana Hits 52-Week Low After Weak Profit Outlook
2026-02-11,KO,low,1,No Rally? Coca-Cola’s Results Still Look Like a Sweet Deal
2026-02-11,MCD,medium,1,McDonald's Serves Up Q4 Earnings Beat With A Side Of Stock Gains
2026-02-11,MLM,low,1,Martin Marietta Flags Slower Growth for 2026
2026-02-11,MU,low,1,Micron Trades on a Commodity Multiple Despite Structural AI Growth
2026-02-11,NOC,low,1,Is Northrop Grumman Stock a 2026 Buy After Its 2025 Earnings Beat?
2026-02-11,NOW,low,2,"Cloudera Mengumumkan Tahun Fiskal yang Mantap, Memperkukuh Kedudukan sebagai Peneraju Platform Data dan AI Anywhere|Cloudera, 강력한 회계연도 실적 발표하며 데이터가 존재하는 어디서든 AI를 구현하는 플랫폼 선두주자로서 입지 굳히다"
2026-02-11,NVDA,low,1,Taiwan Semiconductor Manufacturing (TSM) CEO C.C. Wei Just Delivered Fantastic News for Nvidia Investors
2026-02-11,PEP,low,1,I Predicted That PepsiCo's Dividend Yield Peaked at 4.4% Because the Dividend King Stock Was Too Cheap to Ignore. Here's Why Pepsi Is Already Up 19% in 2026 and Could Still Be a Buy Now.
2026-02-11,TMUS,low,1,T-Mobile Shows Strong Cash Flow Momentum as Customer Growth Stays Firm
2026-02-11,VRT,high,3,Why Vertiv Stock Is Skyrocketing Today|Vertiv Stock Hits 52-Week High On Strong AI Demand|Why This AI Infrastructure Play Just Became Unmissable
2026-02-12,ABNB,medium,1,"Airbnb Reports Mixed Q4 Results: EPS Miss, Revenues Beat"
2026-02-12,AEP,low,1,"AEP Q4: Bets Big on Transmission Growth, Utility Sees Massive Data Center Demand"
2026-02-12,AMAT,medium,2,Applied Materials: How Should Investors Read Its Earnings Signals?|Applied Materials AMAT Q1 2026 Earnings Transcript
2026-02-12,AMZN,low,1,"Amazon, Microsoft, and Alphabet Stocks Plummet on AI Investments. These 3 Stocks Are Set to Win."
2026-02-12,ANET,medium,1,Arista Networks Stock Climbs After Strong Q4 Results: Details
2026-02-12,BAX,low,2,Why Baxter International Stock Was Tumbling Today|Baxter Shares Tank As 2026 Profit Guidance Falls Below Expectations
2026-02-12,CAT,low,1,The Market Is Flat for the Year but These Industrial Stocks Are Soaring
2026-02-12,CSCO,medium,1,Why Cisco Stock Dropped After Earnings Today
2026-02-12,DOV,low,1,Dover Declares Regular Quarterly Cash Dividend
2026-02-12,IRM,low,1,Iron Mountain Projects Double-Digit Growth in 2026
2026-02-12,JNJ,low,1,3 Earnings Winners Holding Strong in a Range-Bound Market
2026-02-12,MU,medium,1,"Stock Market Today: Dow Jones, S&P 500 Futures Gain After Strong Jobs Report—Micron, Novocure, Fastly In Focus (UPDATED)"
2026-02-12,NVDA,low,1,Is Nvidia Headed for a $10 Trillion Market Cap by Decade’s End?
2026-02-12,PLTR,low,1,Prediction: This Will Be Palantir Technologies' Stock Price in 2030
2026-02-12,ZTS,low,1,Analysts Question Zoetis' Pathway To Growth As Key Segments Slide
2026-02-13,ALB,low,1,Is Albemarle Setting Up for a Lithium-Fueled Rebound?
2026-02-13,COP,low,1,"ConocoPhillips Greenlights Subsea Gas Development, Approves $1.8 Billion Project"
2026-02-13,EXPE,low,1,"Expedia CFO Flags 'Dynamic' Economy, Dials Down Expectations On Margins"
2026-02-13,KHC,low,1,Format Innovation Reshapes a $438B Functional Market
2026-02-13,KO,low,1,"From a Dividend King to FinTech, These 3 Large Caps Just Reported"
2026-02-13,TRGP,medium,1,Targa Resources Corp. Announces Quarterly Dividend and Timing of Fourth Quarter 2025 Earnings Webcast
2026-02-16,LYV,low,1,Should You Buy Live Nation Entertainment Stock Before Feb. 19?
2026-02-16,NVDA,low,1,Prediction: Nvidia Will Have a Difficult Time Living Up to Investors' Lofty Expectations on Feb. 25
2026-02-17,CSCO,low,1,Cisco Navigating AI Expansion and Cost Pressures
2026-02-17,DVN,medium,2,Devon Energy Stock Slips Despite Q4 Earnings Beat|Devon Energy Reports Fourth-Quarter and Full-Year 2025 Results and Declares Quarterly Fixed Dividend
2026-02-17,ED,low,1,Should You Buy Consolidated Edison Stock Before Feb. 19?
2026-02-17,LDOS,low,1,"Leidos Stock Slides As Government Shutdown, Weak Outlook Overshadow Record Profits"
2026-02-17,MDT,low,1,Medtronic Reaffirms 2026 Outlook As Heart and Diabetes Units Drive Growth
2026-02-17,PANW,low,1,"Palo Alto, Opendoor, Carvana And More Stocks With Earnings This Week"
2026-02-18,DASH,low,1,DoorDash Stock Drops After Q4 Delivers Misses: Details
2026-02-18,FISV,low,1,What I'm Watching With Fiserv to See if It Beats the Market
2026-02-18,GPN,low,1,"Global Payments Issues Strong Profit Outlook, Unveils $2.5 Billion Stock Buyback"
2026-02-18,HRL,low,1,Hormel Sells Whole-Bird Turkey Unit To Chase Steadier Growth
2026-02-18,KVUE,low,1,"Stock Market Today, Feb. 18: Kenvue Rises After Earnings Beat Expectations"
2026-02-18,MCD,low,1,McDonald’s Navigates 2026 Between Stability and Selective Growth
2026-02-18,MRNA,low,1,"FDA Makes U-Turn Again On Moderna New Flu Vaccine Review, Stock Soars"
2026-02-18,TAP,medium,1,Molson Coors Stock Tapped Out After Q4 Earnings: What To Know
2026-02-18,VRT,low,1,This Artificial Intelligence (AI) Stock Could Be the Steal of 2026
2026-02-19,ADI,low,1,Can Analog Devices Really Hit $400 This Year?
2026-02-19,AWK,medium,1,American Water Works (AWK) Earnings Transcript
2026-02-19,BKNG,low,1,Booking Holdings Stock Hits 52-Week Low - Here's Why
2026-02-19,CPRT,medium,1,Copart Stock Drops After Q2 Earnings: Here's Why
2026-02-19,DASH,low,2,"Stock Market Today: Dow Jones, S&P 500, Nasdaq 100 Futures Fall Amid Escalating US-Iran Tensions— Walmart Drops On Disappointing Q1 Outlook (UPDATED)|DoorDash Stock Gives Q4 Whiplash, Analysts Defend Bull Case"
2026-02-19,EBAY,low,1,eBay Builds a Stronger Case With Depop and Margin Stability
2026-02-19,EPAM,low,1,Why EPAM Systems Stock Just Crashed
2026-02-19,OXY,low,2,"What's Going On With Occidental Petroleum Shares On Thursday?|Stocks Fall, Oil Hits 7-Month High As Trump Weighs Iran Strike: What's Moving Markets Thursday?"
2026-02-19,SO,low,1,Utility Heavyweight Southern Stock Climbs On Strong Q4 Demand
2026-02-19,TRGP,low,1,Targa Resources Corp. Announces Form 10-K Available
2026-02-19,WMT,medium,2,"Walmart CEO Says US Spending Resilient, But Lower Income Household Wallets Stretched|Walmart’s Q4 Earnings Coming Up: Is the Retail Giant Still a Smart Buy?"
2026-02-20,AAPL,medium,1,S&P 500 Earnings: Tech Sector Revisions Still Robustly Positive
2026-02-20,CME,low,1,2 Best Stocks to Buy Right Now for February
2026-02-20,CPRT,medium,1,"Stock Market Today: Dow Jones, S&P 500 Futures  Slip After Weaker-Than-Expected GDP Report—Grail, Candel Therapeutics, Copart In Focus (UPDATED)"
2026-02-20,DE,low,1,Wall Street Goes Wild For Deere: The Real Reason Analysts Are Hiking Price Forecasts
2026-02-20,EPAM,low,1,Why EPAM Systems Sank This Week
2026-02-20,GRMN,low,1,"Garmin Jumps on Guidance, Then Doubles Down on Buybacks and a Bigger Dividend"
2026-02-20,JNJ,low,1,J&J Eyes Mega Sale Of DePuy Synthes In Orthopedics Breakup Push
2026-02-20,NEM,low,1,What's Going On With Newmont Shares On Friday?
2026-02-20,NVDA,medium,1,Nvidia Shares Rise To Start The Week: What's Going On With The AI Chip Stock?
2026-02-20,OXY,medium,1,How This Buzzword Helped Occidental Petroleum Overcome Lower Oil Prices to Deliver Strong Fourth-Quarter Results
2026-02-20,RSG,low,1,Republic Services Weighs Acquisitions Against Free Cash Flow Headwinds
2026-02-20,STX,medium,1,"Nvidia Took 3 Years To Gain 1,330% — This Memory Stock Needed 11 Months"
2026-02-20,WMT,medium,1,"Retail and Tech Earnings Recap: Walmart, Wayfair and EPAM Post Strong Q4 Results"
2026-02-23,BKNG,low,1,AI Hits Online Travel Stocks — But Wall Street Still Sees 50% Upside
2026-02-23,CRM,medium,1,Why Salesforce Stock Was Sliding Today
2026-02-23,D,low,1,Dominion Energy Expands Spending Plan To Fuel Explosive Data Center Growth
2026-02-23,DASH,low,1,DoorDash Rebound Signal: Analysts See Double-Digit Upside From Here
2026-02-23,EBAY,low,1,Why eBay’s Depop Acquisition Matters More Than the Earnings Beat
2026-02-23,FANG,medium,1,Diamondback Energy Reports Mixed Q4 Results: Details
2026-02-23,FISV,low,1,Here's How Fiserv Stock Beats the Market From Here
2026-02-23,HAL,low,1,Halliburton Lands Major Indonesia Deal To Revive Aging Oil Fields
2026-02-23,HD,low,1,Home Depot Earnings Is Just a Day Away -- And Nearly 86% of Prediction Markets Expect Good News
2026-02-23,NVDA,low,2,"Prediction Markets Are 95% Sure Nvidia Will Beat Earnings -- Here's What That Means for Investors|Stocks Week Ahead: Treasury Supply Surge, Nvidia Results to Test Market Resilience"
2026-02-23,PYPL,low,2,"Don’t Try to Catch These 3 Falling Knives|Why PayPal Rallied Today, Even as Most Financial Stocks Plunged"
2026-02-23,RCL,low,1,Royal Caribbean Is Cruising Toward a New All-Time High
2026-02-23,WMT,low,1,Walmart To Reward Corporate Staff With 121% Bonus Payout
2026-02-24,CEG,low,1,"Constellation Energy Gains On Robust Nuclear, Renewable Performance"
2026-02-24,CMG,low,1,Billionaire Investor Bets On Chipotle While Stock Trades Near 52-Week Low
2026-02-24,DPZ,low,1,Why Domino's Pizza Stock Popped Today
2026-02-24,HPQ,medium,1,"HP Inc. to Announce First Quarter Fiscal 2026 Earnings on Feb 24, 2026"
2026-02-24,KEYS,low,1,"Stock Market Today: S&P 500 Futures Slip As Dow, Nasdaq 100 Gain Following Trump's Tariff Threat — Whirlpool, Uber, HP In Focus (UPDATED)"
2026-02-24,MU,low,1,3 Breakout Growth Stocks You Can Buy and Hold for the Next Decade
2026-02-24,NVDA,low,1,Prediction Markets Are 95% Sure Nvidia Will Beat Earnings -- Here's What That Means for Investors
2026-02-25,AXON,low,1,Why Axon Enterprise Stock Was Soaring Today
2026-02-25,AXP,low,1,American Express Stock Has Fallen 12% in 2026. Time to Buy?
2026-02-25,CRL,low,1,"Charles River Labs Breaks The Mold, Announces Bold Divestiture Plans"
2026-02-25,CVNA,low,1,Carvana Shares are Down Another 10% Just Since Sharing Its 4th-Quarter Results. Can the Used Car Dealer Bounce Back in 2026?
2026-02-25,DAL,low,1,Airlines Set Revenue Records as Global Travel Returns to Pre-Pandemic Growth
2026-02-25,DPZ,low,1,Berkshire’s $1.4B Bet: Domino’s Pizza Looks Poised to Expand Market Share
2026-02-25,F,low,1,The Dirty Little Secrets That Sank Ford's Q4
2026-02-25,HPQ,low,1,HP Hits 52-Week Low After CFO's Warning Wipes Out Earnings Win
2026-02-25,LOW,low,1,What's Going On With Lowe's Stock Wednesday?
2026-02-25,NVDA,high,8,NVIDIA Sets Conference Call for Fourth-Quarter Financial Results|Nvidia Stock Investors Got Great News From Palantir and Teradyne|Grand Finale for Nvidia as Earnings Season Winds Down|S&P 500 Earnings Rise 12.1% as Operating Margins Expand|Nvidia Earnings Preview: A Make-or-Break Moment for the AI Trade|Nvidia Earnings Preview: Can It Revive the AI Trade?|Why Nvidia Stock Is Soaring in After-Hours Trading|CEO Jensen Huang Just Handed Down Incredible News for Nvidia Stock Investors
2026-02-25,TTD,low,1,The Trade Desk Stock Crumbles After Q4
2026-02-25,WBD,medium,1,"Warner Bros. Discovery Q4 Preview: Do Results Matter As Netflix, Paramount Fight For The Future of Hollywood?"
2026-02-25,WDAY,medium,1,"Stock Market Today: S&P 500, Dow, Nasdaq Futures Rise After Trump's State Of The Union Address— Nvidia, HSBC, Workday In Focus  (UPDATED)"
2026-02-26,ANET,low,1,"1 Underrated Artificial Intelligence (AI) Stock to Buy Before It Jumps 33%, According to Wall Street"
2026-02-26,CRM,medium,1,Salesforce Delivered a 25% Earnings Beat and Still Slid — A Hidden Buy Signal?
2026-02-26,DELL,medium,1,Dell Stock Surges On Q4 Earnings Beat: What To Know
2026-02-26,HRL,low,1,"Hormel Mixed Q1: Retail Weakness Weigh On Strong Foodservice, International Sales"
2026-02-26,IBM,low,1,IBM’s Steep Drop on AI Fears May Be an Overreaction
2026-02-26,MDT,medium,1,Anteris Reports 2025 Financial Results and Provides Corporate Update
2026-02-26,MSFT,low,1,Is Microsoft Stock Vulnerable to Rising Capex Pressure From AI Spending?
2026-02-26,NDAQ,low,1,Nasdaq Executives to Present at Upcoming Investor Conferences
2026-02-26,NVDA,high,8,"Nvidia Slides as Investors Question How Long AI Spending Can Stay This Hot|Why The Dow Is Beating The NASDAQ And S&P 500 Today|Nvidia Just Delivered Spectacular News to Shareholders. Here's What You Need to Know.|Is It Time to Buy These 7 Beaten-Down Tech Stocks After Nvidia’s Earnings Beat?|Nasdaq 100 Bias Turns Bullish After Nvidia, but Follow-Through Remains Key Today|Stock Market Today: Dow, S&P 500 Futures Gain As Jobless Claims Edge Up To 212K; Nasdaq Drops — Nvidia, Salesforce, Trade Desk In Focus (UPDATED)|Nvidia's AI-Powered Earnings Beat and Revenue Guidance Crushed Wall Street's Estimates|Nvidia Hit by Profit Taking but $300 Target Still in Sight"
2026-02-26,OXY,low,1,Occidental Petroleum Stock Rocketed More Than 10% in January (but the Big Move Came in February)
2026-02-26,TTD,low,1,The Trade Desk Sinks as Weak Q1 Outlook Undercuts Q4 Beat
2026-02-27,CRM,low,1,Salesforce’s AI Bet Is Paying Off—the Buyback Proves It
2026-02-27,NFLX,medium,1,"Stock Market Today: Dow Jones, S&P 500 Future Drop Ahead Of January Wholesale Inflation Print— Netflix, Block, Rocket Lab In Focus (CORRECTED)"
2026-02-27,NVDA,low,2,"Nvidia Beat, Market Bleed: When the Mood Ring Changes Colour|This Under-the-Radar Business Could Become an Enormous Growth Driver for Nvidia"
2026-03-01,PYPL,medium,1,Why PayPal Stock Crashed Today
2026-03-02,PLTR,medium,2,"Palantir Stock Investors Just Got Good News From Wall Street Analysts|Stock Market Today, March 2: Palantir Technologies Jumps After Strong Q4 Results Last Month and AI Defense Demand"
2026-03-02,T,low,1,AT&T’s Earnings Glow-Up Can’t Hide These Red Flags
2026-03-02,WBD,medium,1,Paramount Sweetens Warner Bros Bid by Introducing a Ticking Fee
2026-03-03,AXP,low,1,This Dividend Stock Just Raised Its Payout By 16%. Time to Buy Shares?
2026-03-03,AZO,medium,1,"AutoZone to Release Second Quarter Fiscal 2026 Earnings March 3, 2026"
2026-03-03,CRWD,low,1,CrowdStrike Earnings Preview: AI to Upend Software? Subscription Revenue at Risk
2026-03-03,FDX,low,1,Why Did FedEx Stock Surge 20% in February?
2026-03-03,META,low,1,Meta and Rocket Lab Insiders Sell Shares—So Why Is Wall Street Buying?
2026-03-04,AMZN,low,1,Billionaire Investor Cuts Amazon And Starts Fresh With Alibaba
2026-03-04,AVGO,medium,2,"Broadcom Q1 Earnings Preview: AI Upside Expected, but Nvidia Slump Raises Alarm|Broadcom Inc. Announces First Quarter Fiscal Year 2026 Financial Results and Quarterly Dividend"
2026-03-04,DELL,low,1,Dell Just Shocked Wall Street—Is This AI Rally Just Starting?
2026-03-04,ROST,low,1,Why Ross Stores Stock Jumped Today
2026-03-04,TGT,low,2,Target Analyst Bullish On AI-Driven Growth Strategy|Target Unveils Big Growth Push To Power Retail Comeback
2026-03-05,AMD,low,1,AMD Stock Setup Improves as Meta Deal and AI Demand Drive New Growth Math
2026-03-05,AVGO,medium,2,"Why Broadcom Stock Rallied on Thursday|Stock Market Today: S&P 500, Dow, Nasdaq Futures Decline As Iran War Escalates— Trade Desk, Webull, Broadcom In Focus (UPDATED)"
2026-03-05,CEG,low,1,Why Constellation Energy Stock Surged 17.5% in February
2026-03-05,COST,low,1,Should You Buy Costco Stock Before March 5?
2026-03-05,CRWD,low,1,CrowdStrike Lands EU-Sovereign Cloud Deal
2026-03-05,KR,medium,1,Why Kroger Stock Popped Today
2026-03-05,NVDA,low,1,Better Artificial Intelligence Stock: Nvidia vs. AMD
2026-03-05,ORLY,low,1,Can O'Reilly Automotive Stock Beat the Market?
2026-03-05,PANW,medium,1,TASE Reports the Results of the Financial Statements for the Fourth Quarter and Full Year 2025
2026-03-05,SMCI,low,1,Why Super Micro Computer Surged Double-Digits in February
2026-03-05,TTD,medium,1,Trade Desk Pops on Possible OpenAI Deal—Game Changer or Headfake?
2026-03-06,AMD,low,1,Why Advanced Micro Devices Stock Plummeted 15.4% Last Month and Has Inched Lower in March
2026-03-06,COST,low,1,Costco's Strong Growth Continues. But Is the Stock Too Expensive?
2026-03-06,CRWD,low,1,Why I'm Still Not Buying CrowdStrike Stock
2026-03-06,NDAQ,low,1,Galaxy Corporation Hosts Nasdaq Vice Chairman in Seoul as Company Highlights Growth and U.S. Listing Ambitions
2026-03-06,TTD,low,1,"Jeff Green Loads Up on The Trade Desk's Beaten-Down Stock. Should You Buy, Too?"
2026-03-09,ABBV,low,1,AbbVie's Early Obesity Drug Data Shows Up To 10% Weight Loss
2026-03-09,GOOG,low,1,You Don't Need Polymarket to Make a Winning Bet. Just Buy This AI Stock.
2026-03-09,HPE,medium,1,Hewlett Packard Stock Climbs After Q1 Earnings: Here's Why
2026-03-09,LYV,low,1,"Billionaire Investor Adds Spotify, Doubles Down On Live Nation—Is He Seeing A Different Entertainment Cycle?"
2026-03-09,UPS,low,1,Is Today's Drop in UPS Stock a Buying Opportunity?
2026-03-10,CASY,low,1,The Quiet Retail Compounder Investors Keep Buying on Every Dip
2026-03-10,HCA,low,1,HCA Healthcare Could Be a Long-Term Winner as America Ages
2026-03-10,ORCL,high,3,Oracle Launches AI Tool To Predict Construction Safety Risks|What's Going On With Oracle Shares On Tuesday?|Why Oracle Stock Is Ripping Higher in After-Hours Trading
2026-03-10,SNPS,low,1,What's Going On With Synopsys Stock Tuesday?
2026-03-11,AAPL,low,1,Apple Free Cash Flow Surge Supports $293 Price Target Debate
2026-03-11,AVGO,low,1,2 Artificial Intelligence (AI) Stocks to Buy Hand Over Fist Before the Next Earnings Season
2026-03-11,CIEN,low,1,The Artificial Intelligence (AI) Stock That's Quietly Outperforming Nvidia in 2026
2026-03-11,ORCL,low,1,Oracle Stock Jumps on Earnings Beat and Strong Cloud Growth
2026-03-11,XYZ,low,1,2 Tech Stocks That Just Got a Massive Boost from AI
2026-03-12,AXON,low,1,1 Millionaire-Maker Artificial Intelligence (AI) Stock To Buy
2026-03-12,ISRG,low,1,"Intuitive Surgical Stock: Buy, Sell, or Hold?"
2026-03-12,NVDA,low,1,Intezer Processes 25 Million Security Alerts as Enterprises Shift to AI SOC Operations
2026-03-12,ORCL,low,1,Oracle Helps Miami Automate Permit Reviews
2026-03-12,ULTA,medium,1,Ulta Stock Drops Despite Q4 Earnings Beat: What To Know
2026-03-13,ADBE,low,1,"Adobe Chief Shantanu Narayen To Exit After Long Reign, Stock Sinks"
2026-03-13,DG,low,1,Dollar General Stock Dips: Time to Buy?
2026-03-16,ADBE,low,1,Adobe Hit With $150 Million Settlement For Trapping Users In Subscription Hell
2026-03-16,AVGO,medium,1,"March Madness in Markets: Crude Oil, Chip Stocks, and Critical Data in Focus"
2026-03-16,DLTR,low,1,Dollar Tree Annual Forecast Points To Steady Growth
2026-03-16,HUBB,medium,1,Hubbell Incorporated Reports Regular Quarterly Dividend
2026-03-16,PLTR,low,1,Palantir vs. Amazon: Which AI Stock Is a Better Buy Now?
2026-03-17,AVGO,low,1,Broadcom Earnings and Cash Flow Suggest Valuation Gap at $324
2026-03-17,BBY,low,1,Should You Buy Best Buy Stock in 2026?
2026-03-17,DLTR,low,1,Dollar Tree Planted the Seeds for Triple-Digit Gains in Q4
2026-03-17,NVDA,low,1,"Billionaire Investor Rotates Chip Stakes: Slashes TSM, Loads Up On Nvidia"
2026-03-17,ORCL,low,1,This $50 Billion AI Bet Is Either Oracle's Masterstroke or Its Biggest Mistake
2026-03-18,KO,low,1,How Coca-Cola and McDonald’s Are Crushing the S&P 500
2026-03-18,LULU,low,1,"Stock Market Today: Dow, S&P 500 Futures Fall As Wholesale Prices Tick Up In Feb And Fed Decision Looms— Lululemon, CF Industries In Focus (UPDATED)"
2026-03-18,MU,medium,1,Should You Buy Micron Before Earnings? Here's the 1 Thing That Matters.
2026-03-18,NEE,low,1,2 Monster Stocks to Hold for the Next 10 Years
2026-03-18,NVDA,high,3,2 AI Infrastructure Stocks Worth Your Attention This Week|Geely Auto Reports Record 2025 Revenue of CNY 345.2 Billion and 3.02 Million Vehicle Deliveries|Xage Security Hits Record Growth by Architecting the Future of Zero Trust for AI and Critical Infrastructure
2026-03-18,ORCL,low,1,Oracle's Backlog: Potential Windfall or Ticking Time Bomb?
2026-03-18,PLTR,low,1,Something Big Is Happening Inside Palantir's Business
2026-03-19,CEG,low,1,Constellation Energy To Sell PJM Portfolio Of Generation Assets In $5 Billion Deal
2026-03-19,DG,low,1,How the Risk/Reward Calculation Is Changing for Discount Retail
2026-03-19,GEV,medium,1,Maxim Power Corp. Announces 2025 Fourth Quarter Financial and Operating Results
2026-03-19,KEYS,low,1,Keysight: The Quiet Winner in the AI and Defense Spending Boom
2026-03-19,LULU,low,1,Should Investors Buy Lululemon Stock?
2026-03-19,MSFT,low,1,Microsoft Stock Has Been Absolutely Slammed This Year. Is It Finally Time to Buy?
2026-03-19,MU,low,1,"Micron's 'Stunning' Q2: Record Margins, Tight Supply And 5‑Year AI Deals"
2026-03-19,PLTR,low,1,Where Could Palantir Be in 3 Years? The Base Case.
2026-03-19,SNDK,medium,1,What's Behind The Drop In Sandisk Stock Today?
2026-03-20,FDX,medium,1,"Stock Market Today: Futures Drop Ahead Of 'Triple Witching' Session As Iran Threatens 'Zero Restraint'— FedEx, Super Micro In Focus (UPDATED)"
2026-03-20,LEN,low,1,Lennar Corp Saw Profits Fall in Its Latest Quarter. Is It Time To Buy the Dip on This Leading Homebuilder?
2026-03-20,MSFT,medium,1,"Microsoft Stock's Worst Day Since March 2020, Bitcoin Plunges 5%: What's Moving Markets Thursday?"
2026-03-20,MU,low,1,Micron Has Soared in 2026 as Its Profit Skyrockets: Is It Too Late to Buy?
2026-03-20,NVDA,low,1,AI Trade Deepens as Earnings and Demand Align
2026-03-20,PLTR,low,1,"Palantir Stock Is 2,500% More Expensive Than the S&P 500 Average. History Is Clear About What Happens Next."
2026-03-23,BMY,low,1,Should You Buy Bristol Myers Squibb Stock for Its 4.4%-Yielding Dividend?
2026-03-23,CEG,low,1,"Billionaire Investor Reshuffles Utility Bets, Buys Constellation Energy And Trims PG&E"
2026-03-23,VRT,low,1,Here's Why Vertiv Holdings Is Still the Safest AI Infrastructure Stock You Can Own in 2026
2026-03-24,EL,low,1,Estée Lauder (EL) Stock Is Trending Overnight: What You Should Know
2026-03-24,KO,low,1,2 Top Dividend Stocks to Buy for Uncertain Times
2026-03-24,MU,low,1,Micron Just Beat Earnings by a Mile. Here's Why the Stock Fell Anyway.
2026-03-24,WMT,low,1,EXCLUSIVE: Can Walmart And Dollar Tree Ride The 'Trade Down' Wave As War-Driven Price Shock Hits Americans?
2026-03-25,AMD,medium,1,"Stock Market Today, March 25: Advanced Micro Devices Rises After Reports of CPU Price Increases"
2026-03-25,CTAS,low,1,"Cintas Delivers Record Margins, Raises Outlook"
2026-03-25,HPE,low,1,What's Going On With Hewlett Packard Enterprise Stock Today?
2026-03-25,MCO,low,1,2 Oversold Dividend Growth Stocks to Buy Now
2026-03-25,NVDA,medium,1,What Q1 Earnings Could Mean for the S&P 500 Uptrend
2026-03-26,RCL,low,1,Is Royal Caribbean a Millionaire-Maker Stock?
2026-03-27,CRWD,low,1,CrowdStrike Stock Outlook as Cybersecurity Spending Holds
2026-03-27,MU,low,1,Micron Just Started Mass-Producing HBM4 for Nvidia's Vera Rubin. Here's Why This Stock Could Soar in 2026.
2026-03-29,CCL,medium,1,"Carnival Earnings Anxiety: The Good, Bad, and Ugly"
2026-03-29,MU,low,1,Wall Street Expected Micron to Stumble. Here's Why the Bears Could Be Dead Wrong.
2026-03-30,BSX,medium,1,"Stock Market Today, March 30: Boston Scientific Falls After Delivering Underwhelming Trial Results"
2026-03-30,NKE,medium,1,"Nike, Virgin Galactic, Bitfarms and More Stocks With Earnings This Week"
2026-03-30,PLTR,low,1,"Stock Market Today: S&P 500, Dow Futures Gain As Trump Calls Iran's New Leaders 'Very Reasonable'—Palantir, Rezolve AI, Entera Bio In Focus"
2026-03-31,BALL,low,1,Ball Corporation Cash Flow Strength Supports Defensive Valuation Case
2026-03-31,GOOG,medium,1,Is This the Bottom for Alphabet Stock's Dip in 2026?
2026-03-31,MA,low,1,3 Dividend Stocks With High Returns on Invested Capital
2026-03-31,MKC,low,2,McCormick Stock Sinks To 52-Week Low - Here's Why|McCormick & Company Falls to Value Levels Income Investors Love
2026-03-31,ORCL,low,1,"If This Wall Street Analyst Is Correct, This Artificial Intelligence (AI) Data Center Stock Will Join Nvidia, Apple, and Meta in the $1 Trillion Club"
2026-03-31,TSLA,medium,1,"Stock Market Today, March 31: Tesla Rises Ahead of Delivery Report as Rally Eases Demand Concerns"
2026-04-01,JBL,low,1,This Underrated Artificial Intelligence (AI) Infrastructure Stock Has Surged 80% in a Year. It Can Still Surge 53%.
2026-04-01,NKE,high,3,"Stock Market Today: S&P 500, Nasdaq Futures Rise As Trump Says Iran War May End 'Within Two Weeks'— Nike, RH, nCino, Beyond Meat In Focus (UPDATED)|Did Nike's Turnaround Just Hit a Wall? Here's What Investors Need To Know|Why Nike Stock Got Crushed Today"
2026-04-01,SCHW,low,1,What I'm Watching With Charles Schwab (SCHW) To See If They Beat The Market
2026-04-01,UPS,low,1,2 Magnificent S&P 500 Dividend Stocks Down as Much as 55% to Buy and Hold Forever
2026-04-02,GM,low,1,General Motors Pumps $150 Million Into US Plant To Power Next-Gen V8 Trucks
2026-04-02,TSLA,medium,1,"Dow, S&P 500, Nasdaq: From Morning Meltdown to Midday ""Meh"""
2026-04-02,VLO,low,1,Valero’s Rally: Why This Refiner Is Built to Last
2026-04-03,NCLH,low,1,Why Norwegian Cruise Line Stock Fell 24% in March
2026-04-06,CPB,low,1,Be Wary of This S&P 500 Stock After Lamb Weston's Surprise Index Drop
2026-04-06,CRWD,low,1,CrowdStrike Unveils $500 Million Buyback Boost
2026-04-06,TSCO,low,1,3 Discounted Stocks With Strong Rebound Potential
2026-04-07,AAPL,medium,1,"Stock Market Today, April 7: Apple Falls After Reports of Foldable iPhone Engineering Challenges"
2026-04-07,TSLA,low,1,Analysts Caution Against Elon Musk-Led SpaceX's Mega IPO Amid Valuation Concerns: 'The Juice Has Been Squeezed'
2026-04-07,XOM,low,1,"Oil, Geopolitics, and ExxonMobil: Here's Where the Stock Could Be in 12 Months"
2026-04-08,CEG,low,1,Why Constellation Energy Stock Slumped in March
2026-04-08,STZ,medium,1,Constellation Brands Stock Fizzles After Q4 Earnings: Here's Why
2026-04-09,BLK,low,1,3 Stocks BlackRock Is Betting On for Long-Term Gains
2026-04-09,DAL,low,1,Delta Air Lines Gains Altitude: Higher Highs Are Coming
2026-04-09,DE,low,1,The Green Machine Finds a Second Gear as AI Data Centers Drive 50% Order Growth
2026-04-09,DOW,medium,1,Dow announces results from 2026 Annual Stockholder Meeting
2026-04-10,AMZN,low,1,New to Investing? Here's Why Amazon Stock Is a Great First Buy.
2026-04-10,TSLA,low,1,Tesla's China Retail Sales Decline 16% In Q1 Despite Wholesale Increase
2026-04-13,CAG,low,1,Conagra Stock Hits 52-Week Low - Here's Why
2026-04-13,GS,high,5,"What I'm Watching With Goldman Sachs to See if It Beats the Market|Goldman CEO Warns Prolonged Conflict Could Stoke Inflation|Goldman Sachs Kicks Off Earnings Season With a Blowout Quarter, Yet Investors Are Selling the Stock Anyway. Here are 2 Reasons Why|ASML, JPMorgan And More Stocks With Earnings This Week|Why Goldman Sachs Pulled Back Today"
2026-04-14,AVGO,low,1,What's Going On With Broadcom Shares On Tuesday?
2026-04-14,BLK,low,1,"BlackRock Assets Hit Record $13.9 Trillion, CEO Calls It 'One Of The Strongest Starts Ever'"
2026-04-14,GS,medium,2,Q1 Earnings Season Begins This Week. Here's What to Expect.|Q1 2026 Earnings Preview: Double-Digit Growth and the Visibility Gap
2026-04-14,JNJ,medium,1,"Johnson & Johnson Q1 Performance: Cancer Drug Revenue Grows, Free Cash Flow Falls, Hikes Dividend"
2026-04-14,NKE,low,1,1 Glimmer of Hope for Hard-Hit Nike Stock: Teens Love Nike
2026-04-14,NVDA,low,1,"Got $3,000? 2 AI Infrastructure Stocks to Buy Before Earnings Season Kicks Into High Gear."
2026-04-14,PGR,low,1,This Insurance Stock Has Quietly Crushed the S&P 500 Over 10 Years
2026-04-14,WFC,low,1,"Wells Fargo CEO Says Economy Remains Resilient, But Flags Oil Price Impact"
2026-04-15,HOOD,low,1,Why Robinhood Markets Stock Is Rocketing Higher Today
2026-04-15,JNJ,medium,1,Johnson & Johnson: A 20% Gain Looks Easy After Q1 Earnings Results
2026-04-15,MS,low,2,Wall Street Giant Morgan Stanley Turns Volatility Into Strong Gains|Why Morgan Stanley Stock Rocked the Market Today
2026-04-15,MU,medium,1,Why Micron Stock Is Falling Today
2026-04-15,NKE,low,1,"After the Sell-Off, Is Buying Nike a Smart Move or a Missed Boat?"
2026-04-15,NVDA,medium,1,This Industry Group Is the Most Positive About Q1 Earnings
2026-04-15,TSLA,low,1,"Dow Jones Falls 0.5% as S&P 500, Nasdaq 100 Post Modest Mid-Day Gains"
2026-04-16,ABT,low,1,"Abbott Labs Annual Guidance Cut Overshadows Earnings Beat, Stock Cracks"
2026-04-16,AMD,low,1,AMD Rips Higher As TSMC's Blowout Guide Lights Up The Stock
2026-04-16,ITW,low,1,"Illinois Tool Works in 5 Years: Boom, Bust, or Quietly Crushing It?"
2026-04-16,MS,low,1,Hormuz Who? Iran War Volatility Hands Morgan Stanley A $5.15 Billion Trading Quarter
2026-04-16,NFLX,high,6,"Why Are Netflix Shares Sliding Monday?|Netflix Q1 2026 Preview: The 3 Metrics That Could Move the Stock|What's Going On With Netflix Stock Thursday?|Netflix Earnings Preview: Pricing Hikes, Growth in Focus After Warner Bros. Exit|Netflix Investors Just Got Fantastic News From Co-CEOs Greg Peters and Ted Sarandos|Netflix Reports Strong Earnings and Co-Founder Reed Hastings' Departure. But Here's the Real Reason the Stock is Getting Crushed in After-Hours Trading"
2026-04-16,NVDA,low,1,"’Claude, How Can I Get 8.3% Dividends From AI?’ A $30-Billion Question"
2026-04-16,PEP,low,1,PepsiCo Stock Reversal Points Toward New All-Time Highs
2026-04-16,PLD,low,1,Warehouse Giant Prologis Lifts 2026 Outlook
2026-04-16,SBUX,low,1,1 Obvious Way This Consumer-Facing Stock Can Beat the S&P 500 Over the Next 3 Years
2026-04-16,SCHW,low,2,"Charles Schwab Adds 1.3 Million Accounts, Reports Record Client Assets|Stock Market Today, April 16: Markets Nudge Upwards, Setting New Records"
2026-04-16,TRV,low,1,Personal Insurance Weakness Overshadows Travelers Profit Growth
2026-04-17,NFLX,low,1,Why Netflix Stock Fell 11.8% Friday Morning
2026-04-17,PEP,medium,1,Carbios announces fiscal-year 2025 financial results
2026-04-17,STT,low,1,"SPDR Issuer State Street Clocks Record Fee Revenue, Stock Soars"
2026-04-20,GS,medium,1,Q1 Earnings Kick Off: Strong Results and Record CEO Confidence Anchor the Market
2026-04-20,INTC,medium,1,Intel Stock's Best Month Since 1987: Is It Still A Buy After A 47% Rally?
2026-04-20,MMM,low,1,"Market Check: Industrials, Aerospace, and Infrastructure Earnings in Focus"
2026-04-20,MU,medium,1,Micron Earnings Preview: AI-Driven Memory Cycle Acceleration Faces Key Test
2026-04-20,NVDA,medium,2,"Why April Could Be the Most Important Earnings Season for AI Stocks Since the Boom Began|May 21 Could Be a Terrible Day for AI Titan Nvidia, Based on What History Tells Us"
2026-04-20,PEP,low,1,2 Consumer-Staples Dividend Stocks to Buy for High-Yield Dividend Growth
2026-04-20,SNDK,medium,1,SanDisk Stock and the $600 Billion Buy Signal
2026-04-20,STT,low,1,"State Street Had A 'Blockbuster' Q1, Analyst Says"
2026-04-20,VTRS,medium,1,Opus Genetics Announces Data Presentations at the 2026 American Society of Cataract and Refractive Surgery Annual Meeting
2026-04-20,WMT,low,1,Walmart Targets Amazon's Biggest Edge With Aggressive Delivery Overhaul
2026-04-21,COF,low,1,Capital One Misses Q1 Estimates — Stock Drops
2026-04-21,CRWD,low,1,CrowdStrike Advances on AI Cybersecurity Push For SMBs
2026-04-21,DHI,low,1,America's Largest Homebuilder D.R. Horton Says Affordability Is Hitting Housing Demand
2026-04-21,EXE,medium,1,9 High-Dividend Energy Stocks That Could Soar on the Back of Their Q1 Results
2026-04-21,HAL,low,1,"Halliburton Says North America Is Recovering, Middle East Risk Manageable"
2026-04-21,IBKR,low,1,Interactive Brokers Stock Slips After Q1 Report: Here's Why
2026-04-21,ORCL,low,1,Oracle Bottoms: A Multi-Cloud Future Is Ahead—and Undervalued
2026-04-21,TSCO,medium,1,"Tractor Supply’s 10% Culling: A Bruise, Not a Break"
2026-04-21,TSLA,medium,1,Tesla Expands EV and Energy Reach in Q1
2026-04-21,UNH,high,3,UnitedHealth Stock Jumps After Q1 Beat — Here's What Execs Say Drove It|UnitedHealth: A Healthy Rebound Could Lie Ahead for Shareholders|UnitedHealth Raises Profit Outlook As Medical Costs Ease
2026-04-22,BA,medium,1,What's Going On With Boeing Stock Tuesday?
2026-04-22,BX,low,1,Sandwich Chain Jersey Mike's Just Quietly Filed for an IPO. Here's What Investors Need to Know.
2026-04-22,CCI,medium,1,Crown Castle Announces First Quarter 2026 Earnings Conference Call Details
2026-04-22,CSX,medium,1,CSX Stock Rallies After Q1 Earnings Report: What To Know
2026-04-22,ELV,low,1,Elevance Health Earnings And Guidance Hike Offset Cost Concerns
2026-04-22,GEV,medium,2,What's Going On With GE Vernova On Tuesday?|GE Vernova Stock Hits 52-Week High - Here's Why
2026-04-22,GS,low,1,"Big Bank Earnings Gave Financials a Lift, But Wall Street Is Still Cautious"
2026-04-22,IBM,high,3,What's Going On With IBM Stock Wednesday?|IBM Shares Drop Despite Q1 Earnings Beat: Details|IBM RELEASES FIRST-QUARTER RESULTS
2026-04-22,ISRG,low,1,What's Going On With Intuitive Surgical Stock Wednesday?
2026-04-22,LRCX,medium,1,"Lam Research Stock Jumps On Q3 Record Revenue, Earnings"
2026-04-22,NFLX,low,1,Netflix Eyes TikTok-Style Feed To Capture 'Snackable' Viewing
2026-04-22,NOC,low,1,Northrop Grumman Says Defense Spending Could Reach Cold War Era Levels
2026-04-22,NVDA,low,1,VAST Data Valued at $30 Billion as AI Drives a New Infrastructure Stack
2026-04-22,PLTR,low,1,Prediction: Palantir Stock Could Fall 80% Further
2026-04-22,T,medium,1,"Stock Market Today, April 22: AT&T Edges Upwards on Mixed Earnings"
2026-04-22,TSLA,high,6,"Why Tesla Stock Fell After Q1 Deliveries|2 Reasons to Buy Tesla Before April 22|Is Tesla Stock a Buy Ahead of Earnings This Week?|Tesla Gets Earnings-Day Reality Check: 'Haven't Seen A New Tesla In A Long Time,' Market Expert Says|Tesla Earnings Preview: From EV Leader to AI‑Infra Contender?|Stocks Shake Off March Slump as Q1 Earnings and April Data Take the Spotlight"
2026-04-22,UNH,low,1,What's Going On With UnitedHealth Stock On Wednesday?
2026-04-22,VRT,low,2,Why Vertiv Stock Is Sinking Today|AI Demand Drives 30% Vertiv Revenue Growth
2026-04-23,BKR,medium,1,Baker Hughes Announces Dates for First-quarter Earnings Release and Webcast
2026-04-23,BX,low,1,Private Equity Giant Blackstone's AUM Hits Record $1.3 Trillion
2026-04-23,DLR,low,1,Digital Realty Bets $5.5 Billion On Singapore To Dominate Asia's AI Infrastructure Race
2026-04-23,DOW,low,1,Dow Shares Fall On Middle East Supply Chain Impact
2026-04-23,FCX,low,1,"Freeport-McMoRan Slashes Outlook On Grasberg Delay, Stock Sinks"
2026-04-23,GE,low,1,These 3 Defense Giants Beat Q1 Estimates—So Why Did Their Stocks Still Fall?
2026-04-23,GOOG,low,1,Should You Buy Alphabet Stock Before the Huge Investor Update?
2026-04-23,HAS,low,1,Why Hasbro Shares Are Surging On Thursday?
2026-04-23,HON,low,2,Why Is Honeywell Stock Falling Thursday?|Why Honeywell Stock Tumbled on Thursday
2026-04-23,IBM,medium,2,"Solid Earnings From IBM and ServiceNow Fail to Quell Artificial Intelligence Concerns, Sending Software Stocks Lower. Here's What Investors Need to Know|Will S&P 500 Open Up Or Down On April 23? Here's How Traders Lean After Record Session"
2026-04-23,INTC,high,4,"Why Intel Stock Is Gaining Today|Trump Administration's Intel Stake Is Now Up 290% In Less Than A Year|AMD, Arm Stocks Ride Intel's Coattails After Blowout Q1 Report|Intel Stock Soars After Blockbuster Q1 Earnings: Here Are Details"
2026-04-23,LULU,low,1,"Lululemon Athletica New CEO Pick Triggers Transition Jitters, Stock Slides"
2026-04-23,NOW,high,5,"Why ServiceNow Stock Is Plummeting Today|ServiceNow Crushes Earnings—Then Tanks 14% On Dire Middle East Warning|ServiceNow Reveals a New Challenge From the Iran War: Deal Delays|With the Iran War In a Stalemate, Software Takes Center Stage|Stock Market Today, April 23: Markets Dip As Strait of Hormuz Conflict Intensifies"
2026-04-23,PHM,low,1,Housing Slump Hits PulteGroup Hard
2026-04-23,ROP,medium,1,Roper Technologies schedules first quarter 2026 financial results conference call
2026-04-23,TMO,low,1,Thermo Fisher Flags 'Modest Inflation' Risk Amid Middle East Tensions
2026-04-23,TSLA,low,1,"Stock Market Today: Dow Jones, S&P 500 Futures Slide As Iran Peace Efforts Stall— Tesla, ServiceNow, Boeing In Focus (UPDATED)"
2026-04-23,TXN,low,1,Why Texas Instruments Rocketed Higher Today
2026-04-23,UNH,low,1,UnitedHealth Just Proved Warren Buffett Right -- Again
2026-04-23,URI,low,1,Why United Rentals Stock Jumped More Than 20% Today
2026-04-23,WST,low,1,West Pharmaceutical Lifts Annual Guidance After Strong GLP-1 Driven Growth In Q1
2026-04-24,CCL,low,1,Why Buying the Dip On This Growth Stock Right Now Could Be the Best Financial Decision of 2026
2026-04-24,CHTR,medium,1,What's Going On With Charter Communications Stock On Friday?
2026-04-24,ERIE,medium,1,Erie Indemnity (ERIE) Q1 2026 Earnings Transcript
2026-04-24,EW,low,1,Edwards Lifesciences Stock Surges On Heart Valve Devices Growth
2026-04-24,FIX,low,1,Comfort Systems Stock Hits 52-Week High - Here's Why
2026-04-24,GE,low,1,How the Iran Conflict Is Squeezing GE Aerospace's Outlook
2026-04-24,HCA,low,1,Hospital Operator HCA Healthcare Flags Soft Respiratory Season As Volumes Lag
2026-04-24,INTC,high,6,"Intel Earnings Blowout Raises Questions Around a 117x Forward P/E|Two Markets In One—Chips And Oil Are Fighting|Nasdaq 100 Marks Fresh Records, Intel Jumps 23% On AI Chip Mania: Stock Market Today|Stock Market Today: Nasdaq, S&P 500 Futures Gain While Dow Slips Amid Israel-Lebanon Ceasefire Extension—Intel, SAP, Lunai Bioworks In Focus (UPDATED)|Why Intel Stock Is Skyrocketing Friday|Will S&P 500 Open Up Or Down On April 24?"
2026-04-24,KMI,low,1,The War With Iran is Fueling Substantially Higher Earnings for This High-Yielding Energy Stock
2026-04-24,LMT,low,1,What's Going On With Lockheed Martin Stock Frday?
2026-04-24,MSFT,low,1,Earnings Superweek: What to Expect From Mega-Cap Tech Titans
2026-04-24,MU,low,1,Why Micron Stock Popped Today
2026-04-24,NEE,low,1,This Top Energy Stock's High-Powered Growth Engine Continues to Hum Along
2026-04-24,NEM,low,1,"Newmont Rides Soaring Gold Prices To Blowout Earnings, Unleashes $6 Billion Buyback"
2026-04-24,STLD,low,1,"Tariffs Rose: 1 Steelmaker Thrived, 1 Still Struggles"
2026-04-24,TSLA,low,1,Elon Musk's SpaceX Refinances Debt With $20 Billion Bridge Loan Ahead Of Record-Breaking Summer IPO: Report
2026-04-24,TXN,low,1,This Old-School Tech Name Is Emerging As An Unexpected AI Winner
2026-04-27,AMZN,low,1,Where Will Amazon Stock Be in 5 Years?
2026-04-27,BA,low,1,What's Going On With Boeing Stock Monday?
2026-04-27,BKNG,low,1,Booking Holdings: The Glorious Travel Stock You'll Wish You'd Bought Before the Next Boom
2026-04-27,BRO,medium,1,"Brown & Brown, Inc. announces 2026 first-quarter earnings release and conference call dates"
2026-04-27,CHTR,low,1,What's Going On With Charter Communications Stock Monday?
2026-04-27,DPZ,high,3,"Why Domino's Pizza Stock Dove Today|Domino's Hit By Budget-Conscious Diners, Shares Tumble|""Consumer Sentiment Hit COVID-Level Lows"" in March, This Company Just Told Investors. Should Investors Be Worried?"
2026-04-27,GS,medium,1,Q1 Earnings Kick Off: Strong Results and Record CEO Confidence Anchor the Market
2026-04-27,QCOM,medium,1,"Stock Market Today, April 27: Qualcomm Rises on Reported OpenAI Smartphone Chip Collaboration"
2026-04-27,TSLA,medium,2,Tesla Margins and Cash Flow Offset Revenue Miss in Q1 Results|Why the Biggest Takeaway from Tesla's Earnings Isn't Its Financial Growth
2026-04-27,VZ,high,3,"Verizon to report earnings April 27, 2026|S&P 500 Goes Nowhere as Investors Brace for Big Tech Week|Verizon CEO Claims Turnaround Is Officially Underway"
2026-04-28,AXP,low,1,Why American Express' CEO Believes the Company May Do Well Even If Oil Prices Remain High
2026-04-28,GOOG,low,1,Why This Week Could Be Huge For AI Stocks
2026-04-28,KO,medium,2,Why Coca-Cola Stock Jumped 6% Today|Coca-Cola Stock Is Surging: Here's Why the Company's Q1 Results Were a Shocker
2026-04-28,MU,low,1,Why Micron Stock Just Dropped
2026-04-28,NVDA,low,1,"Nvidia, AMD, and Other AI Chip Stocks Are Swooning. Blame OpenAI."
2026-04-28,SBUX,medium,1,This Is the 1 Most Important Thing to Watch When Starbucks Reports Earnings on April 28
2026-04-28,VZ,medium,2,Verizon Q1 Earnings Dip—A Buying Opportunity for VZ Stock?|*AVISO A MEDIOS* Cómo ganar boletos gratis para la Final de la Copa Mundial de la FIFA 2026™ con Verizon
2026-04-29,AMZN,medium,2,Meta Goes All-In On Amazon's Beast Chips|Prediction: Amazon Stock Will Soar After April 29
2026-04-29,GNRC,medium,1,Generac Announces First Quarter 2026 Earnings Release Date and Conference Call
2026-04-29,GOOG,medium,1,Should You Buy Alphabet Stock Before April 29?
2026-04-29,META,high,3,"Should You Buy Meta Before April 29?|Are These 5 Stocks the Smartest Buys Before Earnings Season Heats Up?|Meta, Google, Amazon, Microsoft, and SoFi All Report on April 29. Should You Buy Before Earnings?"
2026-04-30,CVX,medium,1,Subsea 7 S.A. - First quarter 2026 earnings call notification
2026-04-30,GILD,medium,1,"Kymera Therapeutics to Report First Quarter 2026 Financial Results on April 30, 2026"
2026-04-30,HUBB,medium,1,"Hubbell to Announce First Quarter 2026 Results on April 30, 2026"
2026-04-30,ITW,medium,1,ITW Schedules First Quarter 2026 Earnings Webcast
2026-04-30,KDP,medium,1,Keurig Dr Pepper Announces Results of Post-Closing Acceptance Period for Offer for JDE Peet’s - 97.75% of all Shares tendered
2026-04-30,SYK,medium,1,Stryker to announce financial results for its first quarter of fiscal year 2026
2026-05-01,CVX,medium,1,What's Going On With Chevron Stock Monday?
2026-05-04,PLTR,medium,1,"Palantir Stock Is Down 20% This Year, but That Could All Change on May 4. Are You Ready?"
2026-05-05,FISV,medium,1,Fiserv to Present at Upcoming Investor Conferences
2026-05-05,PLTR,medium,1,Prediction: Palantir Stock Is Going to Plunge on May 5
2026-05-06,COHR,medium,1,Coherent Corp. Announces Timing of FY2026 Third Quarter Earnings Release
2026-05-07,TRGP,medium,1,Targa Resources Corp. Declares Increase to Quarterly Common Dividend and Announces Timing of First Quarter 2026 Earnings Webcast
2026-05-11,EXPE,medium,1,Expedia Names Ex-Snap Exec As Finance Chief
2026-05-20,NVDA,medium,2,Nvidia Reports Earnings Next Month. Here's Why I'm Not Buying the Stock Before the Report.|Prediction: Nvidia Stock Will Skyrocket After May 20
2026-05-26,AZO,medium,1,"AutoZone to Release Third Quarter Fiscal 2026 Earnings May 26, 2026"
