signal_date,rank,instrument,score,pct_rank,side,ret_1d,ret_3d,ret_5d
2025-10-27,1,SNDK,0.4408277974025299,0.0009980039920159,long,0.1642454862594604,0.1355893611907959,0.1084715127944946
2025-10-27,2,AMD,0.420600986543946,0.0029940119760479,long,0.0244951248168945,-0.0073253512382507,-0.0308515429496765
2025-10-27,3,MU,0.4139146438882468,0.0049900199600798,long,0.0212699174880981,0.0083817243576049,-0.0174846053123474
2025-10-27,4,APP,0.3923722415234451,0.0069860279441117,long,0.0069876909255981,0.016767144203186,-0.0289397239685058
2025-10-27,5,CNC,0.3757918592930949,0.0089820359281437,long,0.125037670135498,0.0656824111938476,0.0879783630371093
2025-10-27,6,CIEN,0.3597474738602738,0.0109780439121756,long,0.0340362787246704,0.0375874042510986,-0.0009287595748901
2025-10-27,7,STX,0.3346196916513139,0.0129740518962075,long,0.1911211013793945,0.1474440097808838,0.1227803230285644
2025-10-27,8,NEM,0.3127432899005657,0.0149700598802395,long,0.0041593313217163,0.0205445289611816,-0.0055456757545471
2025-10-27,9,LITE,0.3076141124186383,0.0169660678642714,long,0.0800948143005371,0.0159785747528076,-0.0505569577217102
2025-10-27,10,ALB,0.2793745242563505,0.0189620758483033,long,0.0115846395492553,0.016032338142395,-0.0851262211799621
2025-10-27,11,PSKY,0.2723036483099457,0.0209580838323353,long,-0.0203577280044555,-0.0505859851837158,-0.0845156908035278
2025-10-27,12,SMCI,0.2709731917161868,0.0229540918163672,long,0.0063024759292602,-0.007639467716217,-0.0947287678718566
2025-10-27,13,HOOD,0.2494647107885258,0.0249500998003992,long,-0.0099145174026489,0.0036239624023437,-0.0646153688430786
2025-10-27,14,WDC,0.2407568187204117,0.0269461077844311,long,0.1317644119262695,0.2024496793746948,0.2182196378707885
2025-10-27,15,COHR,0.2368689539622147,0.028942115768463,long,0.0284564495086669,-0.0169845223426818,-0.0412694215774536
2025-10-27,16,WBD,0.2188154662204139,0.030938123752495,long,0.0166746377944946,0.0695569515228271,0.0767031908035278
2025-10-27,17,TTD,0.2004649009848153,0.0329341317365269,long,-0.0330946445465087,-0.0269014835357666,-0.085736334323883
2025-10-27,18,INTC,0.1835833818955055,0.0349301397205588,long,-0.0045749545097351,-0.0370815396308898,-0.1083554029464721
2025-10-27,19,VRT,0.1723516151104209,0.0369261477045908,long,0.0456525087356567,0.0120165348052978,-0.051162302494049
2025-10-27,20,FIX,0.1195213233812761,0.0389221556886227,long,0.0302456617355346,-0.0156884789466857,-0.0254951119422912
2025-10-27,21,DECK,0.1045148944125279,0.0409181636726546,long,-0.0430316925048828,-0.069740891456604,-0.0921127796173095
2025-10-27,22,COIN,0.0792009439975404,0.0429141716566866,long,-0.0186082124710083,-0.0322054028511047,-0.1348459720611572
2025-10-27,23,KVUE,0.075189314381911,0.0449101796407185,long,-0.013783574104309,-0.0096485614776611,0.1006202697753906
2025-10-27,24,DLTR,0.0602761642460436,0.0469061876247504,long,-0.0133397579193115,-0.034858763217926,-0.0061343312263488
2025-10-27,25,TSLA,0.0537320376577093,0.0489021956087824,long,0.0020844936370849,-0.008663535118103,-0.0353707075119018
2025-10-27,26,F,0.0512608225438181,0.0508982035928143,long,0.0083777904510498,0.0,-0.0258948802947998
2025-10-27,27,DOW,0.0442089676625671,0.0528942115768463,long,-0.0204885005950927,-0.0602836608886718,-0.1099290251731872
2025-10-27,28,FFIV,0.0339249565277792,0.0548902195608782,long,-0.0329620242118835,-0.0543014407157897,-0.0979145765304565
2025-10-27,29,KDP,0.0249822837616461,0.0568862275449101,long,-0.0589255094528198,-0.0585788488388061,-0.0828423500061035
2025-10-27,30,LRCX,0.0174019762259596,0.0588822355289421,long,0.0324509143829345,0.0118237733840942,0.0010281801223754
2025-10-27,472,TT,-0.5031178607467044,0.941117764471058,short,0.002626895904541,0.0522798299789428,0.0155502557754516
2025-10-27,473,TSN,-0.5031178607467044,0.94311377245509,short,-0.0272343158721923,-0.0140007734298706,-0.0019178986549377
2025-10-27,474,TSCO,-0.5031178607467044,0.9451097804391216,short,-0.0225265622138977,-0.0248693823814392,-0.0439719557762146
2025-10-27,475,TRV,-0.5031178607467044,0.9471057884231536,short,-0.000820517539978,0.0018274784088134,0.0341252088546752
2025-10-27,476,TROW,-0.5031178607467044,0.9491017964071856,short,-0.0138147473335266,-0.023151695728302,-0.03515625
2025-10-27,477,USB,-0.5031178607467044,0.9510978043912176,short,-0.0133277177810668,-0.0124815106391906,-0.017770230770111
2025-10-27,478,UPS,-0.5031178607467044,0.9530938123752496,short,0.010792851448059,0.0006226301193237,-0.0322747826576232
2025-10-27,479,EXPD,-0.5031178607467044,0.9550898203592816,short,-0.0153266191482543,0.0209380388259887,0.1367671489715576
2025-10-27,480,EXE,-0.5031178607467044,0.9570858283433132,short,-0.0058415532112121,0.0228712558746337,0.0896040201187133
2025-10-27,481,EXC,-0.5031178607467044,0.9590818363273452,short,-0.0104821920394897,-0.0331237316131591,-0.0276729464530944
2025-10-27,482,EVRG,-0.5031178607467044,0.9610778443113772,short,-0.009526252746582,-0.0111998319625854,-0.0082389116287231
2025-10-27,483,ETN,-0.5031178607467044,0.9630738522954092,short,0.0312225818634033,0.0147602558135986,0.0045477151870727
2025-10-27,484,ESS,-0.5031178607467044,0.9650698602794412,short,-0.0350185632705688,-0.0170993208885192,0.0016006231307983
2025-10-27,485,ES,-0.5031178607467044,0.9670658682634732,short,-0.0142894983291625,-0.0142894983291625,-0.0141559243202209
2025-10-27,486,ERIE,-0.5031178607467044,0.969061876247505,short,-0.0576574802398681,-0.0864705443382263,-0.0965223908424377
2025-10-27,487,EQR,-0.5031178607467044,0.9710578842315368,short,-0.0414903759956359,-0.032866895198822,-0.0338431000709533
2025-10-27,488,TPL,-0.5031178607467044,0.9730538922155688,short,0.0102622509002685,0.0310052633285522,-0.0006337761878967
2025-10-27,489,TKO,-0.5031178607467044,0.9750499001996008,short,-0.0045344829559326,0.0050679445266723,-0.0005334019660949
2025-10-27,490,TJX,-0.5031178607467044,0.9770459081836328,short,-0.0162466168403625,-0.0270082354545593,-0.0137470960617065
2025-10-27,491,TFC,-0.5031178607467044,0.9790419161676648,short,-0.0094744563102722,0.0067673921585083,-0.0135349035263061
2025-10-27,492,ADSK,-0.5031178607467044,0.9810379241516968,short,-0.0450044870376586,-0.0313102602958679,-0.0328533053398132
2025-10-27,493,ZBH,-0.5031178607467044,0.9830339321357284,short,-0.0141388177871704,-0.0057346224784851,0.0201700925827026
2025-10-27,494,YUM,-0.5031178607467044,0.9850299401197604,short,-0.0134665369987487,-0.0204124450683593,0.0599617958068847
2025-10-27,495,VTR,-0.5031178607467044,0.9870259481037924,short,-0.0038544535636901,0.0533903837203979,0.0695216655731201
2025-10-27,496,VRTX,-0.5031178607467044,0.9890219560878244,short,-0.0122635960578918,0.00752854347229,-0.0017045736312866
2025-10-27,497,ABBV,-0.5031178607467044,0.9910179640718564,short,-0.0105475783348083,-0.0417509078979492,-0.051199734210968
2025-10-27,498,AFL,-0.5031178607467044,0.9930139720558884,short,-0.0091863870620727,0.0047806501388549,0.0199662446975708
2025-10-27,499,ZTS,-0.5031178607467044,0.99500998003992,short,-0.0101093649864196,-0.0090778470039367,-0.1440753936767578
2025-10-27,500,AEP,-0.5031178607467044,0.997005988023952,short,0.0608114004135131,0.0447398424148559,0.0450873374938964
2025-10-27,501,AEE,-0.5031178607467044,0.999001996007984,short,-0.0100658535957336,-0.0125823020935058,-0.0136469006538391
2025-10-28,1,SNDK,0.4408277974025299,0.0009980039920159,long,-0.0417889952659606,0.0129672288894653,0.059404969215393
2025-10-28,2,APP,0.412599052382029,0.0029940119760479,long,-0.0167617797851562,0.0014892816543579,-0.022417664527893
2025-10-28,3,CIEN,0.4068037668734948,0.0049900199600798,long,-0.0016378760337829,0.0015321969985961,0.0345537662506103
2025-10-28,4,AMD,0.3978425583931216,0.0069860279441117,long,-0.0359020829200744,-0.0177051424980163,-0.0302652120590209
2025-10-28,5,VRT,0.3615995546418556,0.0089820359281437,long,-0.0276509523391723,-0.0394942164421081,-0.0429567694664001
2025-10-28,6,STX,0.3554096049934108,0.0109780439121756,long,0.0102213621139526,-0.0002635717391967,0.0382124185562133
2025-10-28,7,LITE,0.3304062686686883,0.0129740518962075,long,-0.0660350918769836,-0.0686017870903015,0.0861955881118774
2025-10-28,8,NEM,0.3167929963509088,0.0149700598802395,long,0.0331367254257202,0.0244760513305664,0.0246014595031738
2025-10-28,9,SMCI,0.3014317025006879,0.0169660678642714,long,-0.0440311431884765,-0.0368191003799438,-0.2023154497146606
2025-10-28,10,COHR,0.2676229120215682,0.0189620758483033,long,-0.0387511849403381,-0.0438939332962036,-0.0248442292213439
2025-10-28,11,KVUE,0.246812398768724,0.0209580838323353,long,-0.0048917531967163,0.1278824806213379,0.1341718435287475
2025-10-28,12,INTC,0.2203877354636518,0.0229540918163672,long,-0.0285437703132629,-0.044508934020996,-0.0716013312339782
2025-10-28,13,PSKY,0.2041093985881565,0.0249500998003992,long,-0.026448369026184,-0.028967261314392,-0.0497481226921081
2025-10-28,14,CNC,0.2018694105279376,0.0269461077844311,long,-0.0621317625045776,-0.0760578513145446,-0.0133904814720153
2025-10-28,15,TTD,0.1955467420800716,0.028942115768463,long,-0.0198158025741577,-0.0168134570121765,-0.0452361702919006
2025-10-28,16,MU,0.1945278412347447,0.030938123752495,long,-0.0115607380867004,0.0356086492538452,0.0479636192321777
2025-10-28,17,WDC,0.1886562488677473,0.0329341317365269,long,-0.0229876637458801,0.11769700050354,0.1324090957641601
2025-10-28,18,WBD,0.1871460830839311,0.0349301397205588,long,0.0131208896636962,0.0445173978805542,0.0665416717529296
2025-10-28,19,DECK,0.1527768916132012,0.0369261477045908,long,-0.0351860523223876,-0.0324426889419555,-0.0242127776145935
2025-10-28,20,DLTR,0.0989499861408163,0.0389221556886227,long,-0.0249679088592529,-0.0047370195388793,0.035428762435913
2025-10-28,21,TSLA,0.0747048146675109,0.0409181636726546,long,-0.0463911890983581,0.0148642063140869,0.0012134313583374
2025-10-28,22,APA,0.0609488377680221,0.0429141716566866,long,-0.0062112212181091,-0.0022183060646057,-0.0390417575836181
2025-10-28,23,BRO,0.0489203563908919,0.0449101796407185,long,0.0018678903579711,-0.0308842062950134,-0.0306351780891418
2025-10-28,24,ARE,0.04058377958232,0.0469061876247504,long,-0.0406739115715026,-0.0522464513778686,-0.0730087757110595
2025-10-28,25,GLW,0.031148788286857,0.0489021956087824,long,-0.0001108050346374,-0.0309004187583923,-0.0353306531906127
2025-10-28,26,FIX,0.0307580966984942,0.0508982035928143,long,-0.0468416213989257,-0.0326229333877563,-0.0226193070411682
2025-10-28,27,LRCX,0.0296761457824811,0.0528942115768463,long,0.0021160840988159,0.0035476684570312,0.0272608995437622
2025-10-28,28,SNPS,0.028962086977774,0.0548902195608782,long,-0.0272543430328369,-0.0211270451545715,-0.101528525352478
2025-10-28,29,COIN,0.025374936705229,0.0568862275449101,long,-0.0576574802398681,-0.0521785616874694,-0.0840767621994018
2025-10-28,30,CVNA,0.0061301751406459,0.0588822355289421,long,-0.1380985975265503,-0.061082124710083,-0.1250742077827453
2025-10-28,472,TSCO,-0.5031178607467044,0.941117764471058,short,-0.0022124648094177,-0.0322639942169189,-0.0058997869491577
2025-10-28,473,TRV,-0.5031178607467044,0.94311377245509,short,0.0115710496902465,-0.0009331703186035,0.0326228141784668
2025-10-28,474,TROW,-0.5031178607467044,0.9451097804391216,short,-0.0133320689201354,-0.0173896551132202,-0.0109168887138366
2025-10-28,475,TRMB,-0.5031178607467044,0.9471057884231536,short,-0.0065498948097229,0.0022672414779663,0.01486337184906
2025-10-28,476,TPR,-0.5031178607467044,0.9491017964071856,short,-0.0137264728546142,-0.0583598613739013,-0.0319695472717285
2025-10-28,477,TPL,-0.5031178607467044,0.9510978043912176,short,0.0044354200363159,0.0002813339233398,-0.0057874321937561
2025-10-28,478,FITB,-0.5031178607467044,0.9530938123752496,short,0.0043092966079711,-0.0057457685470581,0.0177160501480102
2025-10-28,479,FE,-0.5031178607467044,0.9550898203592816,short,0.0091702938079833,0.0052402019500732,-0.0024017691612243
2025-10-28,480,EXR,-0.5031178607467044,0.9570858283433132,short,-0.0490970015525817,-0.0744920969009399,-0.0617240667343139
2025-10-28,481,EXPD,-0.5031178607467044,0.9590818363273452,short,0.0222846269607543,0.0415922403335571,0.1730883121490478
2025-10-28,482,YUM,-0.5031178607467044,0.9610778443113772,short,-0.0009340047836303,0.0013650655746459,0.0732810497283935
2025-10-28,483,XOM,-0.5031178607467044,0.9630738522954092,short,-0.0151137113571167,-0.0231000185012817,-0.0237870216369628
2025-10-28,484,XEL,-0.5031178607467044,0.9650698602794412,short,0.0238423347473144,0.0197013616561889,0.0188229084014892
2025-10-28,485,WY,-0.5031178607467044,0.9670658682634732,short,0.0133620500564575,-0.0297414064407348,-0.0310345292091369
2025-10-28,486,WTW,-0.5031178607467044,0.969061876247505,short,-0.0017005801200866,-0.0111482143402099,0.0173835754394531
2025-10-28,487,WMT,-0.5031178607467044,0.9710578842315368,short,-0.0022447109222412,-0.0084911584854125,-0.0096622705459594
2025-10-28,488,WFC,-0.5031178607467044,0.9730538922155688,short,-0.0001162886619567,0.0151163339614868,0.0110465288162231
2025-10-28,489,AIZ,-0.5031178607467044,0.9750499001996008,short,0.0207582712173461,0.0192205905914306,0.049012541770935
2025-10-28,490,AIG,-0.5031178607467044,0.9770459081836328,short,0.0026929378509521,0.0125672817230224,-0.0212875604629516
2025-10-28,491,AFL,-0.5031178607467044,0.9790419161676648,short,0.0107852220535278,0.0120152235031127,0.0524125099182128
2025-10-28,492,AEP,-0.5031178607467044,0.9810379241516968,short,-0.0018016695976257,-0.0179346799850463,-0.019244909286499
2025-10-28,493,AEE,-0.5031178607467044,0.9830339321357284,short,0.0043997764587402,-0.0072349905967712,-0.0097770690917968
2025-10-28,494,ADSK,-0.5031178607467044,0.9850299401197604,short,0.0124208927154541,0.0220817327499389,0.013060450553894
2025-10-28,495,ADM,-0.5031178607467044,0.9870259481037924,short,0.002808928489685,-0.0071051120758056,-0.069894254207611
2025-10-28,496,ADI,-0.5031178607467044,0.9890219560878244,short,-0.00910484790802,-0.0060840249061584,0.0040844678878784
2025-10-28,497,ADBE,-0.5031178607467044,0.9910179640718564,short,0.0040845870971679,-0.0011543035507202,-0.0068963170051574
2025-10-28,498,ACN,-0.5031178607467044,0.9930139720558884,short,0.0060545206069946,0.0027850866317749,0.0002825260162353
2025-10-28,499,ABT,-0.5031178607467044,0.99500998003992,short,0.0019288063049316,-0.0047416687011718,0.0008840560913085
2025-10-28,500,ABNB,-0.5031178607467044,0.997005988023952,short,-0.0011069774627685,0.0025300979614257,-0.0314674377441406
2025-10-28,501,ABBV,-0.5031178607467044,0.999001996007984,short,0.0135915279388427,-0.0585412979125976,-0.0371768474578857
2025-10-29,1,AMD,0.4184933712549407,0.0009980039920159,long,0.0050227642059326,-0.0187960863113403,-0.0672578811645507
2025-10-29,2,SNDK,0.4184933712549407,0.0029940119760479,long,0.0179245471954345,-0.0063834190368652,0.0606168508529663
2025-10-29,3,CIEN,0.3869908120707971,0.0049900199600798,long,0.0050803422927856,-0.0322291254997253,0.0661516189575195
2025-10-29,4,WDC,0.3847449254993271,0.0069860279441117,long,0.0874538421630859,0.1017156839370727,0.1843914985656738
2025-10-29,5,LITE,0.3266015351653185,0.0089820359281437,long,0.0071452856063842,-0.0588117837905883,0.197621464729309
2025-10-29,6,WBD,0.324645500694233,0.0109780439121756,long,0.0383903980255126,0.0453283786773681,0.037002682685852
2025-10-29,7,VRT,0.3126696679010564,0.0129740518962075,long,-0.0046448707580566,-0.066783607006073,-0.0554293394088745
2025-10-29,8,HOOD,0.300584291488475,0.0149700598802395,long,0.0630838871002197,-0.009198248386383,-0.0795973539352417
2025-10-29,9,SMCI,0.2906641154506528,0.0169660678642714,long,0.0315663814544677,-0.0589635968208313,-0.1992257237434387
2025-10-29,10,COHR,0.2906641154506528,0.0189620758483033,long,-0.0056514143943786,-0.0302163362503051,0.2003616094589233
2025-10-29,11,MU,0.2898126206844947,0.0209580838323353,long,-0.0010713338851928,-0.0266951918601989,0.0639257431030273
2025-10-29,12,LRCX,0.2866549471007079,0.0229540918163672,long,-0.0220482349395751,-0.0324824452400207,0.0073287487030029
2025-10-29,13,STX,0.2775951231728588,0.0249500998003992,long,-0.0464158058166503,-0.0669125914573669,0.0377700328826904
2025-10-29,14,NEM,0.2661513897370399,0.0269461077844311,long,-0.0162798762321472,-0.0414286851882934,0.002672791481018
2025-10-29,15,CNC,0.2382529266295801,0.028942115768463,long,0.0099942684173583,0.0311250686645507,0.0593945980072021
2025-10-29,16,PSKY,0.237867877826731,0.030938123752495,long,-0.0045278072357177,-0.0401034951210022,-0.0426908135414123
2025-10-29,17,APP,0.2371117677587673,0.0329341317365269,long,0.026924729347229,-0.0192388296127319,0.0011923313140869
2025-10-29,18,TER,0.2311490794925461,0.0349301397205588,long,0.0275893211364746,-0.0069539546966552,0.0460199117660522
2025-10-29,19,KLAC,0.187988802484073,0.0369261477045908,long,-0.0046689510345458,-0.0172265172004699,-0.0065957903861999
2025-10-29,20,FIX,0.1806228775278696,0.0389221556886227,long,0.0023669004440307,-0.0076196193695068,-0.0057302713394165
2025-10-29,21,KVUE,0.1726689028054465,0.0409181636726546,long,0.0091291666030883,0.1214888095855712,0.1558988094329834
2025-10-29,22,FICO,0.1690611180841167,0.0429141716566866,long,0.0467844009399414,0.0130821466445922,0.0564162731170654
2025-10-29,23,TTD,0.1581865240384724,0.0449101796407185,long,0.0267510414123535,-0.0353277325630188,-0.0626914501190185
2025-10-29,24,INTC,0.1539435466765728,0.0469061876247504,long,-0.0042330026626586,-0.0779382586479187,-0.0727091431617736
2025-10-29,25,DECK,0.1517367776416406,0.0489021956087824,long,0.0075410604476928,-0.0166893005371093,-0.0133515000343322
2025-10-29,26,ORCL,0.1425439119933882,0.0508982035928143,long,0.0222662687301635,-0.033944547176361,-0.0509557127952575
2025-10-29,27,CSGP,0.117311697425088,0.0528942115768463,long,-0.0119184851646423,0.002153992652893,-0.0327397584915161
2025-10-29,28,ALB,0.1171993384253291,0.0548902195608782,long,0.0034732818603515,-0.0964347720146179,-0.0677290558815002
2025-10-29,29,CRL,0.0926351273781552,0.0568862275449101,long,0.0053598880767822,-0.0070347785949707,-0.0459493994712829
2025-10-29,30,MPWR,0.0885672806660567,0.0588822355289421,long,-0.07591313123703,-0.119248628616333,-0.1190647482872009
2025-10-29,472,TJX,-0.4875281624001495,0.941117764471058,short,-0.0151099562644958,-0.0016866326332092,0.0104013681411743
2025-10-29,473,BLK,-0.4875281624001495,0.94311377245509,short,-0.013879120349884,-0.034734308719635,-0.0260553956031799
2025-10-29,474,BEN,-0.4875281624001495,0.9451097804391216,short,-0.0070267915725708,-0.0079051256179809,0.0210803747177124
2025-10-29,475,BK,-0.4875281624001495,0.9471057884231536,short,9.262561798095704e-05,0.0007413625717163,0.0046330690383911
2025-10-29,476,BAC,-0.4875281624001495,0.9491017964071856,short,0.0079200267791748,0.0096172094345092,0.004902958869934
2025-10-29,477,BDX,-0.4875281624001495,0.9510978043912176,short,-0.003735065460205,-0.0018954873085021,-0.01109379529953
2025-10-29,478,SYK,-0.4875281624001495,0.9530938123752496,short,-0.0345276594161987,-0.0172638893127441,-0.0411133766174316
2025-10-29,479,TFC,-0.4875281624001495,0.9550898203592816,short,0.0065404176712036,-0.0137573480606079,-0.0074425339698791
2025-10-29,480,SRE,-0.4875281624001495,0.9570858283433132,short,-0.0054089426994323,0.0004327297210693,0.0036779642105102
2025-10-29,481,SOLV,-0.4875281624001495,0.9590818363273452,short,-0.0034641623497009,-0.0099596381187438,-0.0433025360107421
2025-10-29,482,FE,-0.4875281624001495,0.9610778443113772,short,-0.0084378719329833,-0.0015144944190979,-0.0075725317001342
2025-10-29,483,EXPD,-0.4875281624001495,0.9630738522954092,short,0.0142275094985961,0.1292952299118042,0.1193941831588745
2025-10-29,484,GWW,-0.4875281624001495,0.9650698602794412,short,0.023801565170288,-0.0003869533538818,-0.003743827342987
2025-10-29,485,TRV,-0.4875281624001495,0.9670658682634732,short,-0.0088189244270324,0.0231356620788574,0.0193719863891601
2025-10-29,486,GE,-0.4875281624001495,0.969061876247505,short,-0.0057923793792724,-0.0210779905319213,-0.0176348090171813
2025-10-29,487,GD,-0.4875281624001495,0.9710578842315368,short,0.0006963014602661,-0.0034526586532592,-0.012650191783905
2025-10-29,488,FOXA,-0.4875281624001495,0.9730538922155688,short,-0.0131278038024902,-0.0149595737457275,0.0030529499053955
2025-10-29,489,FOX,-0.4875281624001495,0.9750499001996008,short,-0.0071392655372619,-0.011558711528778,0.0086690187454223
2025-10-29,490,XYL,-0.4875281624001495,0.9770459081836328,short,-0.0044875144958496,-0.0121427774429321,-0.0078532695770263
2025-10-29,491,YUM,-0.4875281624001495,0.9790419161676648,short,-0.0061123967170715,0.0754351615905761,0.0614842176437377
2025-10-29,492,XOM,-0.4875281624001495,0.9810379241516968,short,-0.0028773546218872,-0.0047955513000488,-0.0016566514968872
2025-10-29,493,XEL,-0.4875281624001495,0.9830339321357284,short,-0.0051476955413818,0.0,-0.0128691792488098
2025-10-29,494,TROW,-0.4875281624001495,0.9850299401197604,short,0.0039166212081909,-0.0084206461906433,0.0001958608627319
2025-10-29,495,WTW,-0.4875281624001495,0.9870259481037924,short,-0.012302815914154,0.0183280706405639,0.0164037942886352
2025-10-29,496,TTWO,-0.4875281624001495,0.9890219560878244,short,0.0142021179199218,-0.0013846158981323,-0.0015032887458801
2025-10-29,497,TSN,-0.4875281624001495,0.9910179640718564,short,0.0,0.0122544765472412,0.005446434020996
2025-10-29,498,ATO,-0.4875281624001495,0.9930139720558884,short,-0.0094029903411865,0.0034611225128173,0.0122872591018676
2025-10-29,499,UNP,-0.4875281624001495,0.99500998003992,short,0.0070374011993408,0.0095051527023315,-0.0038385987281799
2025-10-29,500,ABBV,-0.4875281624001495,0.997005988023952,short,-0.0445223450660705,-0.0539438724517822,-0.0401402711868286
2025-10-29,501,ZBH,-0.4875281624001495,0.999001996007984,short,0.0100442171096801,0.0363600254058837,-0.1109883189201355
2025-10-30,1,AMD,0.5963688647466016,0.0009980039920159,long,0.0137826204299926,0.0008199214935302,-0.088161826133728
2025-10-30,2,SNDK,0.588316288981927,0.0029940119760479,long,0.0385290384292602,0.0861386060714721,0.2014247179031372
2025-10-30,3,CIEN,0.5593685610602863,0.0049900199600798,long,-0.0018955469131469,0.031013011932373,0.0491786003112793
2025-10-30,4,MU,0.5307522335399593,0.0069860279441117,long,0.0488448143005371,0.0613576173782348,0.0632345676422119
2025-10-30,5,VRT,0.504521442419524,0.0089820359281437,long,-0.0075702667236328,-0.0111479759216308,-0.0677174925804138
2025-10-30,6,LITE,0.493400598937383,0.0109780439121756,long,-0.0098233819007873,0.1547430753707885,0.1912581920623779
2025-10-30,7,WDC,0.4383633981145381,0.0129740518962075,long,0.0519938468933105,0.0658411979675293,0.0848478078842163
2025-10-30,8,PSKY,0.4190921959205653,0.0149700598802395,long,0.0019493103027343,-0.0194931626319885,-0.0188434123992919
2025-10-30,9,STX,0.4086339396300316,0.0169660678642714,long,0.0377911329269409,0.0777317285537719,0.0917227268218994
2025-10-30,10,LRCX,0.3654347600473683,0.0189620758483033,long,0.0240061283111572,0.048202633857727,0.0120030641555786
2025-10-30,11,TER,0.3527687818653681,0.0209580838323353,long,0.0072073936462402,0.03207528591156,0.0028609037399291
2025-10-30,12,APP,0.3287306977610687,0.0229540918163672,long,-0.0081433653831481,-0.0318202972412109,-0.0273014307022094
2025-10-30,13,FIX,0.3269783764249162,0.0249500998003992,long,0.0125209093093872,0.0229914188385009,-0.0106878876686096
2025-10-30,14,COHR,0.3201920112537282,0.0269461077844311,long,0.000303030014038,0.0202333927154541,0.1708849668502807
2025-10-30,15,HOOD,0.3131430192168023,0.028942115768463,long,0.0020438432693481,-0.0292955636978149,-0.1118680834770202
2025-10-30,16,NEM,0.2964116353062622,0.030938123752495,long,0.0080276727676391,0.0081511735916137,0.0298875570297241
2025-10-30,17,SMCI,0.2886825238064254,0.0329341317365269,long,-0.0232871174812316,-0.1911085247993469,-0.2347959876060485
2025-10-30,18,CNC,0.2732172446866953,0.0349301397205588,long,-0.0245971083641052,0.0415606498718261,0.0619169473648071
2025-10-30,19,FICO,0.2692647524158212,0.0369261477045908,long,-0.005435287952423,-0.0182763338088989,0.0484895706176757
2025-10-30,20,INTC,0.2516362007622599,0.0389221556886227,long,-0.0122531056404113,-0.0402600765228271,-0.0465116500854492
2025-10-30,21,ORCL,0.2397410179901475,0.0409181636726546,long,-0.0181256532669067,-0.0468374490737915,-0.0889151096343994
2025-10-30,22,KLAC,0.2264907772197194,0.0429141716566866,long,0.0086040496826171,0.0151894092559814,-0.0127156972885131
2025-10-30,23,CAT,0.1972288240856484,0.0449101796407185,long,-0.0115545392036437,-0.0140491127967834,-0.024529755115509
2025-10-30,24,DECK,0.181478053162246,0.0469061876247504,long,-0.0046625137329101,0.0038036108016967,0.0033128261566162
2025-10-30,25,WBD,0.1631847201043174,0.0489021956087824,long,-0.0071269273757934,0.0138084888458251,0.0097994804382324
2025-10-30,26,CSGP,0.1310465268169971,0.0508982035928143,long,0.0082837343215942,0.0236884355545043,-0.0187472701072692
2025-10-30,27,TTD,0.1280752083107656,0.0528942115768463,long,-0.0230708122253417,-0.0513126254081726,-0.1447891592979431
2025-10-30,28,ALB,0.0978738484445275,0.0548902195608782,long,-0.0173063874244689,-0.0638298392295837,-0.0106892585754394
2025-10-30,29,AMAT,0.0890821229437319,0.0568862275449101,long,0.0197769403457641,0.033419132232666,-0.0129987001419067
2025-10-30,30,DLTR,0.0781842436581582,0.0588822355289421,long,0.0174535512924194,0.0585148334503173,0.0667877197265625
2025-10-30,472,LNT,-0.6403174079078189,0.941117764471058,short,-0.0052379369735717,0.0004489421844482,0.0077821016311645
2025-10-30,473,GIS,-0.6403174079078189,0.94311377245509,short,-0.0038618445396423,-0.0047200322151184,0.0057927370071411
2025-10-30,474,EXC,-0.6403174079078189,0.9451097804391216,short,0.0017346143722534,0.0006505250930786,0.0019514560699462
2025-10-30,475,XOM,-0.6403174079078189,0.9471057884231536,short,-0.0052465796470642,-0.0059461593627929,0.0250087976455688
2025-10-30,476,EVRG,-0.6403174079078189,0.9491017964071856,short,0.0059888362884521,-0.0005207657814025,-0.0158833861351013
2025-10-30,477,ES,-0.6422201893903272,0.9510978043912176,short,0.0074516534805297,-0.0121933817863464,-0.0104321241378784
2025-10-30,478,ABBV,-0.6422201893903272,0.9530938123752496,short,-0.0278847217559814,-0.0058245658874511,0.0051367282867431
2025-10-30,479,ABT,-0.6422201893903272,0.9550898203592816,short,0.001779556274414,0.0074421167373657,0.0221647024154663
2025-10-30,480,MDT,-0.6422201893903272,0.9570858283433132,short,-0.0055126547813415,-0.0033075809478759,0.0165380239486694
2025-10-30,481,MS,-0.6422201893903272,0.9590818363273452,short,-0.0021342039108276,0.0071951150894165,-0.0099999904632568
2025-10-30,482,XYL,-0.6422201893903272,0.9610778443113772,short,-0.0116673111915588,-0.0011270642280578,0.0030493736267089
2025-10-30,483,KO,-0.6422201893903272,0.9630738522954092,short,-0.0134978294372558,-0.0056603550910949,0.0239477157592773
2025-10-30,484,L,-0.6422201893903272,0.9650698602794412,short,-0.001406192779541,0.0130574703216552,0.0304338932037353
2025-10-30,485,HIG,-0.6422201893903272,0.9670658682634732,short,0.0007246732711791,0.0326138734817504,0.0421162843704223
2025-10-30,486,ORLY,-0.6422201893903272,0.969061876247505,short,-0.0290132164955139,0.0052943229675292,0.0280600786209106
2025-10-30,487,STT,-0.6422201893903272,0.9710578842315368,short,0.0089054107666015,0.0107210874557495,0.0229119062423706
2025-10-30,488,CNP,-0.6422201893903272,0.9730538922155688,short,0.0047069787979125,0.0162134170532226,0.0305961370468139
2025-10-30,489,CVX,-0.6422201893903272,0.9750499001996008,short,-0.0233325362205505,-0.0320821404457092,-0.0171189308166503
2025-10-30,490,RJF,-0.6422201893903272,0.9770459081836328,short,0.0013235807418823,0.0055460929870605,0.0279825925827026
2025-10-30,491,CME,-0.6422201893903272,0.9790419161676648,short,-0.0050095319747924,0.0094542503356933,0.0414705276489257
2025-10-30,492,COST,-0.6422201893903272,0.9810379241516968,short,0.0182017087936401,0.0258709192276,0.0123867988586425
2025-10-30,493,PG,-0.6422201893903272,0.9830339321357284,short,-0.0156280398368835,-0.0304582118988037,-0.0225443840026855
2025-10-30,494,D,-0.6422201893903272,0.9850299401197604,short,-0.0034076571464538,0.0170387029647827,0.0492417812347412
2025-10-30,495,SCHW,-0.6422201893903272,0.9870259481037924,short,-0.014494240283966,-0.0088869929313659,0.0076174736022949
2025-10-30,496,CASY,-0.6422201893903272,0.9890219560878244,short,0.0008964538574218,0.0242600440979003,0.0397124290466308
2025-10-30,497,TROW,-0.6422201893903272,0.9910179640718564,short,-0.0079976320266723,-0.0014629960060119,0.0012679100036621
2025-10-30,498,BAC,-0.6422201893903272,0.9930139720558884,short,0.0020580291748046,-0.0187090635299682,-0.0046772956848144
2025-10-30,499,CB,-0.6422201893903272,0.99500998003992,short,0.004730224609375,0.0228208303451538,0.03831148147583
2025-10-30,500,UNP,-0.6422201893903272,0.997005988023952,short,-0.0070335865020751,-0.0135680437088012,0.0050369501113891
2025-10-30,501,BEN,-0.6422201893903272,0.999001996007984,short,0.0101724863052368,0.00663423538208,-0.0168067812919616
2025-10-31,1,SNDK,0.4649971364288884,0.0009980039920159,long,-0.0600936412811279,0.0032849311828613,0.2943819761276245
2025-10-31,2,MU,0.4539456907652396,0.0029940119760479,long,-0.071026861667633,0.015466570854187,0.0792500972747802
2025-10-31,3,CIEN,0.4474351457177939,0.0049900199600798,long,-0.0352922677993774,0.062777042388916,0.1011817455291748
2025-10-31,4,VRT,0.4433652161293389,0.0069860279441117,long,-0.0552768111228942,-0.0437825918197631,-0.0185998082160949
2025-10-31,5,LITE,0.438915391851319,0.0089820359281437,long,-0.0562180876731872,0.200921893119812,0.3021847009658813
2025-10-31,6,AMD,0.4323126866792137,0.0109780439121756,long,-0.0369728207588195,-0.0845368504524231,-0.060350477695465
2025-10-31,7,STX,0.4166427234767701,0.0129740518962075,long,-0.0571266412734985,0.0486538410186767,0.1070984601974487
2025-10-31,8,LRCX,0.4031257134809328,0.0149700598802395,long,-0.0338625907897949,0.0058917999267578,0.0318158864974975
2025-10-31,9,WDC,0.4016054624913898,0.0169660678642714,long,-0.0369574427604675,0.0353119373321533,0.1025186777114868
2025-10-31,10,ORCL,0.3199674695360396,0.0189620758483033,long,-0.0375412106513977,-0.0544890761375427,-0.066007375717163
2025-10-31,11,TER,0.3113569909632319,0.0209580838323353,long,-0.040531039237976,0.0106515884399414,0.0055170059204101
2025-10-31,12,COHR,0.3033963059193047,0.0229540918163672,long,-0.0250000357627868,0.2068182229995727,0.2630302906036377
2025-10-31,13,WBD,0.2822834700816054,0.0249500998003992,long,0.0139075517654418,0.0058321952819824,0.0309555530548095
2025-10-31,14,SMCI,0.2798710660799237,0.0269461077844311,long,-0.0660098195075988,-0.2052217125892639,-0.2080788612365722
2025-10-31,15,MPWR,0.2699698716456871,0.028942115768463,long,-0.0458796620368957,-0.0456804633140563,-0.0275118947029113
2025-10-31,16,FIX,0.2632627787122593,0.030938123752495,long,-0.0222058296203613,-0.0203442573547363,-0.003610610961914
2025-10-31,17,HOOD,0.2550625661585631,0.0329341317365269,long,-0.0698938965797424,-0.1359804272651672,-0.0761489868164062
2025-10-31,18,FICO,0.2411287172910398,0.0349301397205588,long,-0.0269068479537963,0.0147167444229125,0.0641195774078369
2025-10-31,19,NEM,0.209204952940986,0.0369261477045908,long,-0.0333251953125,0.0111491680145263,0.0813525915145874
2025-10-31,20,APP,0.1951827053266047,0.0389221556886227,long,-0.0371120572090148,-0.0170532464981079,0.0303413867950439
2025-10-31,21,GOOGL,0.1680018101454921,0.0409181636726546,long,-0.0217820405960083,0.0036302804946899,0.022486925125122
2025-10-31,22,CSGP,0.1664374365369258,0.0429141716566866,long,0.0059095621109008,-0.0291149616241455,-0.0309886932373046
2025-10-31,23,KLAC,0.1571742777550159,0.0449101796407185,long,-0.0210394263267517,-0.010450005531311,-0.0009761452674865
2025-10-31,24,GOOG,0.1471582828753467,0.0469061876247504,long,-0.0213289856910705,0.0042939186096191,0.0227720737457275
2025-10-31,25,DXCM,0.1395529730711139,0.0489021956087824,long,0.0124109983444213,-0.0398808717727661,-0.0925037264823913
2025-10-31,26,INTC,0.1234116091518752,0.0508982035928143,long,-0.0625316500663757,-0.0572151541709899,-0.0265822410583496
2025-10-31,27,CNC,0.1208149179688157,0.0528942115768463,long,0.0466667413711547,0.0753623247146606,-0.0072463750839233
2025-10-31,28,CAT,0.1087338847552629,0.0548902195608782,long,-0.040326714515686,-0.0014196038246154,0.000455617904663
2025-10-31,29,AMAT,0.0936124341283925,0.0568862275449101,long,-0.0316352248191833,-0.0175845026969909,-0.0110639333724975
2025-10-31,30,ARE,0.0778598936028201,0.0588822355289421,long,-0.0305261015892028,-0.0452504754066467,-0.0256778597831726
2025-10-31,472,TTWO,-0.5271389075193839,0.941117764471058,short,-0.0125953555107116,-0.0127127170562744,-0.0844513773918151
2025-10-31,473,UHS,-0.5271389075193839,0.94311377245509,short,0.0158133506774902,0.0257816314697265,0.0087902545928955
2025-10-31,474,TFC,-0.5271389075193839,0.9451097804391216,short,-0.0110809803009033,-0.004749059677124,0.0203527212142944
2025-10-31,475,TDG,-0.5271389075193839,0.9471057884231536,short,-0.0061769485473632,-0.0218461751937866,-0.0085307359695434
2025-10-31,476,BAC,-0.5271389075193839,0.9491017964071856,short,-0.0003734230995178,-0.0050410628318786,-0.0026139616966247
2025-10-31,477,ETR,-0.5271389075193839,0.9510978043912176,short,-0.0066067576408386,-0.0120781064033508,0.0024775266647338
2025-10-31,478,HIG,-0.5271389075193839,0.9530938123752496,short,0.0295325517654418,0.0295325517654418,0.0530297756195068
2025-10-31,479,ES,-0.5271389075193839,0.9550898203592816,short,-0.0072619915008544,-0.0379236340522766,-0.0248789191246032
2025-10-31,480,V,-0.5271389075193839,0.9570858283433132,short,0.01009202003479,0.0001780986785888,-0.0060848593711853
2025-10-31,481,HD,-0.5271389075193839,0.9590818363273452,short,0.0125015974044799,-0.0245275497436523,-0.0209330320358276
2025-10-31,482,USB,-0.5271389075193839,0.9610778443113772,short,-0.0040754675865173,0.004933476448059,0.0205920934677124
2025-10-31,483,FE,-0.5271389075193839,0.9630738522954092,short,0.0023891925811767,-0.0036925077438354,0.0019547939300537
2025-10-31,484,FTV,-0.5271389075193839,0.9650698602794412,short,0.0047904253005981,0.0195609331130981,0.0245509147644042
2025-10-31,485,GD,-0.5271389075193839,0.9670658682634732,short,0.0046801567077636,-0.0045924186706542,0.0222891569137573
2025-10-31,486,TSN,-0.5271389075193839,0.969061876247505,short,0.0079411268234252,0.001162052154541,0.0439666509628295
2025-10-31,487,FANG,-0.5271389075193839,0.9710578842315368,short,-0.0130955576896667,-0.0035393238067626,0.0244920253753662
2025-10-31,488,TRMB,-0.5271389075193839,0.9730538922155688,short,-0.0121905207633972,-0.0094256401062011,0.0016337633132934
2025-10-31,489,TRV,-0.5271389075193839,0.9750499001996008,short,0.0359411239624023,0.0321303606033325,0.0550324916839599
2025-10-31,490,WELL,-0.5271389075193839,0.9770459081836328,short,0.0111342668533325,0.0298376083374023,0.0479376316070556
2025-10-31,491,WEC,-0.5271389075193839,0.9790419161676648,short,0.0113914012908935,0.0015369653701782,0.0163637399673461
2025-10-31,492,WAB,-0.5271389075193839,0.9810379241516968,short,-0.0022447109222412,-0.0056118965148925,0.0247901678085327
2025-10-31,493,AIG,-0.5271389075193839,0.9830339321357284,short,0.0221631526947021,-0.0339412689208984,-0.0258358716964721
2025-10-31,494,VTRS,-0.5271389075193839,0.9850299401197604,short,-0.0037986636161804,-0.0398860573768615,-0.0341880321502685
2025-10-31,495,WTW,-0.5271389075193839,0.9870259481037924,short,0.0280573368072509,0.0261147022247314,0.0242356061935424
2025-10-31,496,ACGL,-0.5271389075193839,0.9890219560878244,short,0.0170930624008178,0.0204651355743408,0.044069766998291
2025-10-31,497,ACN,-0.5271389075193839,0.9910179640718564,short,-0.0222991704940795,-0.0285783410072326,-0.0156577229499816
2025-10-31,498,WMT,-0.5271389075193839,0.9930139720558884,short,0.0066936016082763,0.0008859634399414,0.0081701278686523
2025-10-31,499,ABT,-0.5271389075193839,0.99500998003992,short,0.015826940536499,0.0089632272720336,0.0165536403656005
2025-10-31,500,ZTS,-0.5271389075193839,0.997005988023952,short,-0.1377901434898376,-0.171735405921936,-0.1701420545578003
2025-10-31,501,AIZ,-0.5271389075193839,0.999001996007984,short,0.0117392539978027,0.0221582651138305,0.0660034418106079
2025-11-03,1,SNDK,0.6084940488067923,0.0009960159362549,long,0.1127099990844726,0.2308166027069091,0.3957957029342651
2025-11-03,2,STX,0.5377851657490542,0.0029880478087649,long,0.1014057397842407,0.1157041788101196,0.1502516269683838
2025-11-03,3,LITE,0.5350345299716349,0.0049800796812749,long,0.2356657981872558,0.2747398614883423,0.3403588533401489
2025-11-03,4,CIEN,0.5328266121462323,0.0069721115537848,long,0.0707606077194213,0.0896265506744384,0.1343030929565429
2025-11-03,5,WDC,0.5103207126194355,0.0089641434262948,long,0.0520436763763427,0.0708043575286865,0.1170325279235839
2025-11-03,6,VRT,0.4855789743485877,0.0109561752988047,long,0.0546952486038208,-0.0056409835815429,-0.0097887516021728
2025-11-03,7,COHR,0.4178248765373347,0.0129482071713147,long,0.0460761785507202,0.2005438804626464,0.2277388572692871
2025-11-03,8,AMD,0.4006834208315335,0.0149402390438247,long,0.025114893913269,-0.0660268068313598,-0.0501099824905395
2025-11-03,9,HOOD,0.3545600594588852,0.0169322709163346,long,0.041520357131958,-0.0470760464668273,-0.0355994701385498
2025-11-03,10,MU,0.3314181478353522,0.0189243027888446,long,0.0892996788024902,0.0912259817123413,0.1058570146560669
2025-11-03,11,MPWR,0.2941655821078899,0.0209163346613545,long,0.0441396236419677,0.0004072189331054,-0.0032989382743835
2025-11-03,12,WBD,0.2877520068146474,0.0229083665338645,long,0.0070796012878417,0.0030972957611083,0.0199114084243774
2025-11-03,13,CNC,0.2746234349232209,0.0249003984063745,long,0.0202159881591796,0.0401550531387329,-0.0207698941230773
2025-11-03,14,SMCI,0.2668031096124401,0.0268924302788844,long,-0.1132912039756774,-0.1611815094947815,-0.1810126900672912
2025-11-03,15,ORCL,0.2470777182048546,0.0288844621513944,long,0.0086231231689453,-0.0359027981758117,-0.048434555530548
2025-11-03,16,INTC,0.2439108193820335,0.0308764940239043,long,0.0364569425582885,0.0297057628631591,0.0229544639587402
2025-11-03,17,APP,0.2308256111113297,0.0328685258964143,long,0.0137510299682617,0.0184825658798217,-0.0226227641105651
2025-11-03,18,PSKY,0.179096104283601,0.0348605577689243,long,0.0168464183807373,0.0175201892852783,0.1280323266983032
2025-11-03,19,KVUE,0.1789794389572094,0.0368525896414342,long,0.0162805318832397,0.0569818019866943,0.0469629764556884
2025-11-03,20,DXCM,0.1507064571572481,0.0388446215139442,long,-0.0310559272766113,-0.1010134220123291,-0.0498529076576232
2025-11-03,21,TER,0.1355199083875903,0.0408366533864541,long,0.0679761171340942,0.0377455949783325,0.0089951753616333
2025-11-03,22,FSLR,0.131136468597593,0.0428286852589641,long,0.0559192895889282,0.0188046693801879,0.0055195093154907
2025-11-03,23,LRCX,0.1290132081355814,0.0448207171314741,long,0.0595070123672485,0.0229170322418212,0.0218256711959838
2025-11-03,24,CSGP,0.1182979892042179,0.046812749003984,long,0.0093137025833129,-0.0325261950492858,-0.0197735428810119
2025-11-03,25,ARE,0.1181108947227256,0.048804780876494,long,0.0088905096054077,0.0300055742263793,0.0159288644790649
2025-11-03,26,DECK,0.1035988163256934,0.0507968127490039,long,0.0285390615463256,0.0280361175537109,0.0398541688919067
2025-11-03,27,SATS,0.0665216675185439,0.0527888446215139,long,-0.0157866477966308,0.0,-0.0299401879310607
2025-11-03,28,RCL,0.0524853100167461,0.0547808764940239,long,-0.0029139518737792,-0.0053228735923767,0.0239722728729248
2025-11-03,29,DLTR,0.0488891131618355,0.0567729083665338,long,0.0279220342636108,0.0359556674957275,0.0383070707321167
2025-11-03,30,COIN,0.0379638490916458,0.0587649402390438,long,0.0389821529388427,0.0059221982955932,-0.0107704997062683
2025-11-03,473,NEE,-0.6465995117685496,0.9412350597609562,short,0.005508542060852,0.0274207592010498,0.049822449684143
2025-11-03,474,DTE,-0.6465995117685496,0.9432270916334662,short,0.0041966438293457,0.0248051881790161,0.0475119352340698
2025-11-03,475,NTAP,-0.6465995117685496,0.945219123505976,short,0.0207340717315673,-0.0032644867897033,-0.0257631540298461
2025-11-03,476,MS,-0.6465995117685496,0.947211155378486,short,0.0071337223052978,-0.0100603103637695,0.0151820182800292
2025-11-03,477,MLM,-0.6465995117685496,0.949203187250996,short,-0.0234302878379821,-0.0233822464942932,-0.0077727437019348
2025-11-03,478,FDX,-0.6465995117685496,0.951195219123506,short,0.0167540311813354,0.0405350923538208,0.0628870725631713
2025-11-03,479,MTB,-0.6465995117685496,0.953187250996016,short,0.0135434865951538,0.0274184942245483,0.0323935747146606
2025-11-03,480,PTC,-0.6465995117685496,0.955179282868526,short,-0.0107274651527404,-0.0829036831855773,-0.073061466217041
2025-11-03,481,RF,-0.6465995117685496,0.957171314741036,short,0.0095237493515014,0.0289855003356933,0.0376811027526855
2025-11-03,482,PNC,-0.6465995117685496,0.959163346613546,short,0.006559133529663,0.006832480430603,0.0102214813232421
2025-11-03,483,PG,-0.6465995117685496,0.9611553784860558,short,-0.0093769431114196,-0.0012910366058349,0.0093089342117309
2025-11-03,484,CMS,-0.6465995117685496,0.9631474103585658,short,-0.0050727128982543,0.0039758682250976,0.0260487794876098
2025-11-03,485,COF,-0.6465995117685496,0.9651394422310756,short,0.0032626390457153,-0.0129598975181579,0.0003172159194946
2025-11-03,486,RJF,-0.6465995117685496,0.9671314741035856,short,0.0087885856628417,0.0312974452972412,0.033826470375061
2025-11-03,487,CINF,-0.6465995117685496,0.9691235059760956,short,0.0168371200561523,0.0460638999938964,0.0555309057235717
2025-11-03,488,STT,-0.6465995117685496,0.9711155378486056,short,0.0064572095870971,0.0185966491699218,0.028239369392395
2025-11-03,489,SJM,-0.6465995117685496,0.9731075697211156,short,0.015631079673767,0.0329988002777099,0.047182559967041
2025-11-03,490,SNA,-0.6465995117685496,0.9750996015936256,short,0.011867880821228,0.0147019624710083,0.0128124952316284
2025-11-03,491,SHW,-0.6465995117685496,0.9770916334661356,short,-0.0210217237472534,-0.0082221031188964,0.0061227083206176
2025-11-03,492,SYF,-0.6465995117685496,0.9790836653386454,short,0.0145975351333618,-0.00150066614151,0.0152796506881713
2025-11-03,493,TRV,-0.6465995117685496,0.9810756972111554,short,-0.0022720694541931,0.0091243982315063,0.0315204858779907
2025-11-03,494,TFC,-0.6465995117685496,0.9830677290836654,short,0.0075463056564331,0.0230963230133056,0.0361307859420776
2025-11-03,495,BK,-0.6465995117685496,0.9850597609561752,short,0.0063889026641845,0.0151852369308471,0.0300925970077514
2025-11-03,496,BEN,-0.6465995117685496,0.9870517928286852,short,0.0075254440307617,-0.015936255455017,0.0101814270019531
2025-11-03,497,AOS,-0.6465995117685496,0.9890438247011952,short,0.0135072469711303,0.0170376300811767,0.0098234415054321
2025-11-03,498,V,-0.6465995117685496,0.9910358565737052,short,-0.0007639527320861,-0.0125771164894104,-0.0040551424026489
2025-11-03,499,TXT,-0.6465995117685496,0.9930278884462151,short,0.0063941478729248,0.0284603834152221,0.0337260961532592
2025-11-03,500,UNP,-0.6465995117685496,0.9950199203187252,short,-0.0159793496131896,0.0025801658630371,0.0176090002059936
2025-11-03,501,USB,-0.6465995117685496,0.9970119521912352,short,0.0066767930984497,0.0191686153411865,0.0256299972534179
2025-11-03,502,ALLE,-0.6465995117685496,0.999003984063745,short,0.0015704631805419,0.0108728408813476,0.0120809078216552
2025-11-04,1,SNDK,0.6136937022785789,0.0009960159362549,long,-0.0406928062438964,0.2376444339752197,0.3076212406158447
2025-11-04,2,LITE,0.6003672216856066,0.0029880478087649,long,0.0297744274139404,0.1166058778762817,0.0904833078384399
2025-11-04,3,WDC,0.5411232873139764,0.0049800796812749,long,0.0218613147735595,0.0881948471069336,0.037539005279541
2025-11-04,4,STX,0.5317558666691247,0.0069721115537848,long,0.0097907781600952,0.0660696029663086,0.0271604061126709
2025-11-04,5,AMD,0.5295449154379435,0.0089641434262948,long,-0.0726796984672546,-0.0481800436973571,0.0099872350692749
2025-11-04,6,CIEN,0.5204356320056435,0.0109561752988047,long,0.028854489326477,0.0660334825515747,0.070016860961914
2025-11-04,7,INTC,0.4971059143227595,0.0129482071713147,long,-0.0297029614448547,0.0018239021301269,-0.0127671360969543
2025-11-04,8,MU,0.4922752231931663,0.0149402390438247,long,0.0034947395324707,0.0665262937545776,0.0311578512191772
2025-11-04,9,COHR,0.453503334254233,0.0169322709163346,long,0.183242917060852,0.2383569478988647,0.1637078523635864
2025-11-04,10,SMCI,0.4500756485494799,0.0189243027888446,long,-0.0403283238410949,-0.0437782406806945,-0.0980252027511596
2025-11-04,11,ORCL,0.4133604867903113,0.0209163346613545,long,-0.0260077118873596,-0.0378730297088623,-0.0931644439697265
2025-11-04,12,VRT,0.3941524505478023,0.0229083665338645,long,-0.0403230190277099,-0.0150490999221801,-0.0909234285354614
2025-11-04,13,TER,0.3887648850984562,0.0249003984063745,long,-0.0137000679969787,-0.018710970878601,-0.0443519949913024
2025-11-04,14,FIX,0.3668027365446194,0.0268924302788844,long,-0.0303711295127868,-0.013808786869049,-0.0147806406021118
2025-11-04,15,HOOD,0.3315970782232151,0.0288844621513944,long,-0.1080853343009948,-0.046322226524353,-0.0666760206222534
2025-11-04,16,WBD,0.3158294554774493,0.0308764940239043,long,-0.014938473701477,0.009666085243225,-0.0250439047813415
2025-11-04,17,LRCX,0.3029294684331006,0.0328685258964143,long,-0.0173280835151672,0.0079975128173828,-0.021993339061737
2025-11-04,18,CAT,0.3004107619132777,0.0348605577689243,long,0.0011069774627685,0.0029867887496948,0.006799578666687
2025-11-04,19,APP,0.2976654538228552,0.0368525896414342,long,0.0069848299026489,0.055538535118103,-0.0521675944328308
2025-11-04,20,FSLR,0.2266378448434384,0.0388446215139442,long,-0.0195032358169555,-0.0171238780021667,-0.0355817675590515
2025-11-04,21,PSKY,0.1912344839352957,0.0408366533864541,long,-0.0192180275917053,0.0106030702590942,0.0318090915679931
2025-11-04,22,RCL,0.1865324759665344,0.0428286852589641,long,-0.0119237899780273,0.0325371026992797,0.0264972448348999
2025-11-04,23,ALB,0.1828897250592941,0.0448207171314741,long,-0.0076119899749755,0.1263593435287475,0.1996520757675171
2025-11-04,24,KVUE,0.1825151061984179,0.046812749003984,long,0.0141712427139282,0.0332717895507812,0.0271103382110595
2025-11-04,25,COIN,0.1793987236120534,0.048804780876494,long,-0.0754149556159973,-0.0042906403541564,-0.0479173064231872
2025-11-04,26,DXCM,0.1761603887049736,0.0507968127490039,long,-0.0212550163269042,-0.0748987793922424,0.0055668354034423
2025-11-04,27,KLAC,0.1661564655138199,0.0527888446215139,long,-0.0168690085411071,-0.0074566006660461,-0.0229239463806152
2025-11-04,28,GNRC,0.1382562806075156,0.0547808764940239,long,-0.0338610410690307,-0.0159567594528198,0.0203543901443481
2025-11-04,29,CAH,0.1345935837030904,0.0567729083665338,long,0.0060979127883911,0.0439046621322631,0.0382641553878784
2025-11-04,30,BAX,0.108710177108583,0.0587649402390438,long,0.0016711950302124,-0.011142075061798,0.0417827367782592
2025-11-04,473,SJM,-0.6465995117685495,0.9412350597609562,short,-0.0032301545143127,0.01852548122406,0.0434162616729736
2025-11-04,474,BSX,-0.6465995117685495,0.9432270916334662,short,0.0015166997909545,0.020323634147644,0.0528815984725952
2025-11-04,475,ROST,-0.6465995117685495,0.945219123505976,short,-0.0123281478881835,-0.0019108653068542,0.003821849822998
2025-11-04,476,KMI,-0.6465995117685495,0.947211155378486,short,0.0077160596847534,0.0439814329147338,0.0420525074005126
2025-11-04,477,RF,-0.6465995117685495,0.949203187250996,short,-0.0028712153434753,0.027071475982666,0.0414273738861084
2025-11-04,478,RJF,-0.6465995117685495,0.951195219123506,short,0.0080225467681884,0.0149168968200683,0.0398621559143066
2025-11-04,479,KO,-0.6465995117685495,0.953187250996016,short,0.0080279111862182,0.0293387174606323,0.043789267539978
2025-11-04,480,REG,-0.6465995117685495,0.955179282868526,short,-0.0100834965705871,0.0096514225006103,0.0083550214767456
2025-11-04,481,JNJ,-0.6465995117685495,0.957171314741036,short,0.005215048789978,0.0129569768905639,0.0451074838638305
2025-11-04,482,CMI,-0.6465995117685495,0.959163346613546,short,0.0537819862365722,0.1028280258178711,0.0917847156524658
2025-11-04,483,CMS,-0.6465995117685495,0.9611553784860558,short,-0.0030315518379211,0.0205318927764892,0.0329337120056152
2025-11-04,484,PEP,-0.6465995117685495,0.9631474103585658,short,-0.0089598298072814,-0.0016800165176391,0.0107097625732421
2025-11-04,485,PNW,-0.6465995117685495,0.9651394422310756,short,-0.0092697143554687,-0.0084784030914306,0.0058784484863281
2025-11-04,486,PH,-0.6465995117685495,0.9671314741035856,short,0.0775043964385986,0.0858747959136962,0.1035586595535278
2025-11-04,487,COP,-0.6465995117685495,0.9691235059760956,short,-0.0232610702514648,0.0060434341430664,0.0156214237213134
2025-11-04,488,GIS,-0.6465995117685495,0.9711155378486056,short,-0.0088381171226501,-0.0036645531654357,0.0023711919784545
2025-11-04,489,HON,-0.6465995117685495,0.9731075697211156,short,-0.0057853460311889,-0.0049733519554138,0.0230398178100585
2025-11-04,490,IRM,-0.6465995117685495,0.9750996015936256,short,0.0038816928863525,0.0185129642486572,-0.0236887335777282
2025-11-04,491,STT,-0.6465995117685495,0.9770916334661356,short,0.0031650066375732,0.0238665342330932,0.0360137224197387
2025-11-04,492,ITW,-0.6465995117685495,0.9790836653386454,short,-0.0031012296676635,-0.0032236576080322,0.0015097856521606
2025-11-04,493,TFC,-0.6465995117685495,0.9810756972111554,short,-0.0011348724365234,0.0240581035614013,0.0358601808547973
2025-11-04,494,BLK,-0.6465995117685495,0.9830677290836654,short,-0.0038470029830932,0.0084391832351684,0.0189648866653442
2025-11-04,495,HAS,-0.6465995117685495,0.9850597609561752,short,-0.003382384777069,0.0166515111923217,0.0294002294540405
2025-11-04,496,XYL,-0.6465995117685495,0.9870517928286852,short,-0.0022563934326171,0.0024555921554565,-0.0053756237030029
2025-11-04,497,TSN,-0.6465995117685495,0.9890438247011952,short,-0.0141140818595886,0.0280374288558959,0.0310890674591064
2025-11-04,498,IEX,-0.6465995117685495,0.9910358565737052,short,-0.0086171030998229,0.0031497478485107,0.007725715637207
2025-11-04,499,TXT,-0.6465995117685495,0.9930278884462151,short,0.0019932985305786,0.0222997665405273,0.0275322198867797
2025-11-04,500,GE,-0.6465995117685495,0.9950199203187252,short,0.0005244016647338,0.0223854780197143,0.0128151178359985
2025-11-04,501,HLT,-0.6465995117685495,0.9970119521912352,short,0.0030628442764282,0.0381155014038085,0.0390985012054443
2025-11-04,502,GD,-0.6465995117685495,0.999003984063745,short,-0.0076113939285278,0.019188642501831,0.0190720558166503
2025-11-05,1,MU,0.551530822575971,0.0009960159362549,long,-0.0017203092575073,0.0116645097732543,-0.0057902932167053
2025-11-05,2,STX,0.5487654783232349,0.0029880478087649,long,0.0031601190567016,0.0342227220535278,-0.0571336150169372
2025-11-05,3,WDC,0.5321302726246276,0.0049800796812749,long,-0.0039425492286682,0.0390586853027343,-0.0393643379211425
2025-11-05,4,SNDK,0.5123149711442657,0.0069721115537848,long,0.1530646085739135,0.3076218366622925,0.1727575063705444
2025-11-05,5,CIEN,0.4982009504895563,0.0089641434262948,long,-0.0109203457832336,0.0296336412429809,-0.0359873175621032
2025-11-05,6,AMD,0.4727097715209933,0.0109561752988047,long,-0.0175010561943054,-0.0007572174072265,0.0431636571884155
2025-11-05,7,LITE,0.4527502748056168,0.0129482071713147,long,0.0017940998077392,0.0533628463745117,-0.0534879565238952
2025-11-05,8,VRT,0.4351415376048995,0.0149402390438247,long,-0.0175937414169311,-0.021691620349884,-0.1058900952339172
2025-11-05,9,WBD,0.4104953902757898,0.0169322709163346,long,0.0111507177352905,0.0280998945236206,-0.0124889016151428
2025-11-05,10,COHR,0.4071128311141809,0.0189243027888446,long,-0.0300691127777099,-0.0080980062484741,-0.1213433742523193
2025-11-05,11,TER,0.3983325877540807,0.0209163346613545,long,-0.014809250831604,-0.0421035885810852,-0.0833964347839355
2025-11-05,12,LRCX,0.3600115534384875,0.0229083665338645,long,-0.0175102949142456,-0.0185585618019104,-0.0546889305114746
2025-11-05,13,HOOD,0.3466343023798742,0.0249003984063745,long,0.0258104801177978,0.0381648540496826,-0.0436732769012451
2025-11-05,14,FIX,0.3292474474749845,0.0268924302788844,long,-0.00263112783432,-0.0033932924270629,-0.0629163384437561
2025-11-05,15,SMCI,0.3237396031347016,0.0288844621513944,long,-0.0142556428909301,-0.0375604033470153,-0.1300359368324279
2025-11-05,16,MPWR,0.3179409692524124,0.0308764940239043,long,0.0001983642578125,-0.0035070180892944,-0.035258412361145
2025-11-05,17,CRL,0.3106363998663472,0.0328685258964143,long,-0.0165613293647766,0.0153323411941528,-0.0097729563713073
2025-11-05,18,CAT,0.3105336990060491,0.0348605577689243,long,-0.0117239356040954,-0.0032469034194946,-0.0284847617149353
2025-11-05,19,COIN,0.260404269395811,0.0368525896414342,long,0.0471513271331787,0.0297744274139404,-0.0409185886383056
2025-11-05,20,KVUE,0.216349671669891,0.0388446215139442,long,0.025516390800476,0.0157958269119262,0.0188336372375488
2025-11-05,21,FSLR,0.2162036945364063,0.0408366533864541,long,-0.0159570574760437,-0.0287889242172241,-0.0565850734710693
2025-11-05,22,INTC,0.2105059531784496,0.0428286852589641,long,0.023898959159851,0.0171858072280883,-0.0357143282890319
2025-11-05,23,PSKY,0.2024859560354261,0.0448207171314741,long,0.0202702283859252,0.1310811042785644,0.0385135412216186
2025-11-05,24,BLDR,0.1916163698948426,0.046812749003984,long,0.0034849643707275,-0.0195341110229492,-0.0472303628921508
2025-11-05,25,GNRC,0.1891972918163648,0.048804780876494,long,0.0097535848617553,0.0268548727035522,0.0054620504379272
2025-11-05,26,DXCM,0.1882161726752538,0.0507968127490039,long,-0.0520510077476501,0.0018959045410156,0.0293002128601074
2025-11-05,27,BAX,0.172290324529163,0.0527888446215139,long,0.0011123418807983,0.0150166749954223,0.0400445461273193
2025-11-05,28,ORCL,0.1455684359139905,0.0547808764940239,long,-0.0186218619346618,-0.0313782095909118,-0.1075881719589233
2025-11-05,29,FFIV,0.1249283425862271,0.0567729083665338,long,-0.0094723105430603,-0.0386150479316711,-0.0371639132499694
2025-11-05,30,DECK,0.1225259714795316,0.0587649402390438,long,0.0245583057403564,0.0363363027572631,0.0412229299545288
2025-11-05,473,NEE,-0.6465995117685495,0.9412350597609562,short,0.0235365629196167,0.0458537340164184,0.0242682695388793
2025-11-05,474,LHX,-0.6465995117685495,0.9432270916334662,short,0.0197881460189819,0.0584520101547241,0.0117535591125488
2025-11-05,475,L,-0.6465995117685495,0.945219123505976,short,0.0094460248947143,0.0207616090774536,0.0271573066711425
2025-11-05,476,CVS,-0.6465995117685495,0.947211155378486,short,0.004195213317871,0.0153826475143432,0.0073734521865844
2025-11-05,477,CVX,-0.6465995117685495,0.949203187250996,short,0.0136001110076904,0.0215771198272705,0.0172616243362426
2025-11-05,478,DLR,-0.6465995117685495,0.951195219123506,short,0.0091475248336792,0.0013067722320556,-0.0608257055282592
2025-11-05,479,MET,-0.6465995117685495,0.953187250996016,short,0.0023694038391113,0.0239567756652832,0.0460708141326904
2025-11-05,480,MDT,-0.6465995117685495,0.955179282868526,short,0.0237619876861572,0.0592938661575317,0.0675106048583984
2025-11-05,481,MAA,-0.6465995117685495,0.957171314741036,short,0.0205446481704711,0.0356581211090087,0.0276291370391845
2025-11-05,482,MSFT,-0.6465995117685495,0.959163346613546,short,-0.0005632638931274,0.0232950448989868,0.0124522447586059
2025-11-05,483,IEX,-0.6465995117685495,0.9611553784860558,short,0.0068336725234985,0.0161250829696655,0.0014386177062988
2025-11-05,484,DGX,-0.6465995117685495,0.9631474103585658,short,0.016939640045166,0.0699111223220825,0.062716007232666
2025-11-05,485,PEP,-0.6465995117685495,0.9651394422310756,short,0.009676456451416,0.0247210264205932,0.0242972373962402
2025-11-05,486,O,-0.6465995117685495,0.9671314741035856,short,0.0095863342285156,0.0147345066070556,0.0046156644821166
2025-11-05,487,SOLV,-0.6465995117685495,0.9691235059760956,short,0.0790585279464721,0.1146650314331054,0.1348823308944702
2025-11-05,488,SNA,-0.6465995117685495,0.9711155378486056,short,0.0069136619567871,0.0050388574600219,-0.0151457786560058
2025-11-05,489,PRU,-0.6465995117685495,0.9731075697211156,short,0.0103613138198852,0.0146387815475463,0.0251901149749755
2025-11-05,490,REG,-0.6465995117685495,0.9750996015936256,short,0.0152792930603027,0.036961555480957,0.0160069465637207
2025-11-05,491,RJF,-0.6465995117685495,0.9770916334661356,short,0.0141764879226684,0.0166635513305664,0.0021140575408935
2025-11-05,492,PFE,-0.6465995117685495,0.9790836653386454,short,-0.0169014334678649,0.0265593528747558,0.0378270149230957
2025-11-05,493,PNC,-0.6465995117685495,0.9810756972111554,short,0.0069975852966308,0.0103870630264282,0.0058495998382568
2025-11-05,494,PNW,-0.6465995117685495,0.9830677290836654,short,0.0037654638290405,0.0128936767578125,0.0134642124176025
2025-11-05,495,PFG,-0.6465995117685495,0.9850597609561752,short,0.0050946474075317,0.0235321521759033,0.0264434814453125
2025-11-05,496,BSX,-0.6465995117685495,0.9870517928286852,short,0.0097929239273071,0.0348308086395263,0.0598688125610351
2025-11-05,497,BRK.B,-0.6465995117685495,0.9890438247011952,short,0.0119842290878295,0.007948875427246,0.040474534034729
2025-11-05,498,SYY,-0.6465995117685495,0.9910358565737052,short,0.0311342477798461,0.0353859663009643,0.0296255350112915
2025-11-05,499,TROW,-0.6465995117685495,0.9930278884462151,short,0.0049927234649658,0.0148800611495971,0.0153695344924926
2025-11-05,500,GIS,-0.6465995117685495,0.9950199203187252,short,0.0195738077163696,0.0145715475082397,0.0293606519699096
2025-11-05,501,XYL,-0.6465995117685495,0.9970119521912352,short,0.0064520835876464,-0.0037248730659484,-0.0204203128814697
2025-11-05,502,GD,-0.6465995117685495,0.999003984063745,short,0.0177490711212158,0.0356156826019287,0.0110491514205932
2025-11-06,1,TER,0.4948210877202582,0.0009960159362549,long,0.009874939918518,-0.0165130496025085,-0.0675334334373474
2025-11-06,2,SNDK,0.4895029173874359,0.0029880478087649,long,0.1188826560974121,0.1821446418762207,0.0612995624542236
2025-11-06,3,MU,0.4827420872037686,0.0049800796812749,long,0.0646436214447021,0.0293375253677368,0.0374495983123779
2025-11-06,4,LITE,0.4794401912510387,0.0069721115537848,long,0.0823789834976196,0.0570571422576904,-0.0331515073776245
2025-11-06,5,STX,0.4701142048155322,0.0089641434262948,long,0.0524072647094726,0.0139968395233154,-0.0756757259368896
2025-11-06,6,ORCL,0.4682644172178468,0.0109561752988047,long,0.0065618753433227,-0.051283061504364,-0.0685864090919494
2025-11-06,7,AMD,0.459086874419346,0.0129482071713147,long,0.0447032451629638,0.1085468530654907,0.0568211078643798
2025-11-06,8,WDC,0.4568717266346715,0.0149402390438247,long,0.069129467010498,0.019361138343811,-0.0314503908157348
2025-11-06,9,CIEN,0.4088908903932476,0.0169322709163346,long,0.0475760698318481,0.0514905452728271,-0.0378901362419128
2025-11-06,10,WBD,0.401192655503313,0.0189243027888446,long,0.0136743783950805,-0.021173357963562,0.0158799886703491
2025-11-06,11,VRT,0.3871654132702576,0.0209163346613545,long,0.0447163581848144,-0.0357620120048522,-0.0491101145744323
2025-11-06,12,HOOD,0.3747208503949293,0.0229083665338645,long,0.042344331741333,0.0200982093811035,-0.0602945685386657
2025-11-06,13,SMCI,0.3704156391922136,0.0249003984063745,long,0.0108149051666259,-0.0465291142463684,-0.0840040445327758
2025-11-06,14,DXCM,0.365928820981189,0.0268924302788844,long,-0.0029090642929077,0.0838181972503662,0.0556364059448242
2025-11-06,15,INTC,0.3243048158829896,0.0288844621513944,long,0.008392333984375,-0.006294310092926,-0.0684500336647033
2025-11-06,16,COHR,0.3087022664397621,0.0308764940239043,long,0.0790240764617919,0.0139796733856201,-0.0982460379600524
2025-11-06,17,LRCX,0.2970800846869367,0.0328685258964143,long,0.0440539121627807,0.0129902362823486,-0.0695952773094177
2025-11-06,18,MPWR,0.2612723304208479,0.0348605577689243,long,0.0188362598419189,9.393692016601562e-05,-0.0397282838821411
2025-11-06,19,CEG,0.2394361770343712,0.0368525896414342,long,0.007087230682373,-0.0121935009956359,-0.0554424524307251
2025-11-06,20,CRL,0.2366035676446194,0.0388446215139442,long,0.00547456741333,0.0205296277999877,-0.0014281868934631
2025-11-06,21,CAT,0.2334108155428981,0.0408366533864541,long,0.0137630701065063,0.017616868019104,-0.0161071419715881
2025-11-06,22,CVNA,0.2324158432536727,0.0428286852589641,long,0.0601664781570434,0.0796079635620117,0.0471068620681762
2025-11-06,23,PSKY,0.1972284510279756,0.0448207171314741,long,0.0099337100982666,0.031125783920288,0.0384105443954467
2025-11-06,24,FSLR,0.1879489059860866,0.046812749003984,long,0.0186817646026611,-0.00044846534729,-0.0544014573097229
2025-11-06,25,COIN,0.1807438495636071,0.048804780876494,long,0.0284336805343627,-0.0166268348693847,-0.081322431564331
2025-11-06,26,BLDR,0.1722274739697961,0.0507968127490039,long,-0.0215682983398437,-0.0274173021316528,-0.0546517372131347
2025-11-06,27,FDS,0.1706745703003503,0.0527888446215139,long,0.0094820261001586,0.0353388786315918,0.0430692434310913
2025-11-06,28,KVUE,0.1681014860715024,0.0547808764940239,long,-0.0065165162086486,-0.0124406814575195,-0.0130331516265869
2025-11-06,29,FIX,0.1512541107084647,0.0567729083665338,long,0.0197643041610717,0.0187592506408691,-0.0477985143661499
2025-11-06,30,POOL,0.1467666920573095,0.0587649402390438,long,-0.012499451637268,-0.005833089351654,-0.0384507775306701
2025-11-06,473,CB,-0.5563434496317544,0.9412350597609562,short,0.0024343729019165,0.0256651639938354,0.027612566947937
2025-11-06,474,CBOE,-0.5563434496317544,0.9432270916334662,short,0.0098199844360351,0.016600489616394,0.0067415237426757
2025-11-06,475,TJX,-0.5563434496317544,0.945219123505976,short,0.0145909786224365,0.0208837985992431,0.0101653337478637
2025-11-06,476,CBRE,-0.5563434496317544,0.947211155378486,short,-0.0053716897964477,0.0180150270462036,0.006616473197937
2025-11-06,477,TROW,-0.5563434496317544,0.949203187250996,short,0.0033118724822998,0.0205532312393188,-0.0091564655303955
2025-11-06,478,TRV,-0.5563434496317544,0.951195219123506,short,0.0092206001281738,0.0225868225097656,0.0267324447631835
2025-11-06,479,SYY,-0.5563434496317544,0.953187250996016,short,-0.0079808235168457,0.0031923055648803,-0.0062516927719116
2025-11-06,480,BSX,-0.5563434496317544,0.955179282868526,short,0.0088982582092285,0.0410917997360229,0.0266947746276855
2025-11-06,481,CHD,-0.5563434496317544,0.957171314741036,short,-0.0255584120750427,-0.0170389413833618,-0.0317752957344055
2025-11-06,482,V,-0.5563434496317544,0.959163346613546,short,-0.0034818649291992,0.0085114240646362,-0.0178560614585876
2025-11-06,483,VICI,-0.5563434496317544,0.9611553784860558,short,0.0029664039611816,0.0079103708267211,0.0006592273712158
2025-11-06,484,BAC,-0.5563434496317544,0.9631474103585658,short,0.004135251045227,0.017105221748352,-0.0110902190208435
2025-11-06,485,USB,-0.5563434496317544,0.9651394422310756,short,0.0054945945739746,0.0120456218719482,-0.0046492218971252
2025-11-06,486,ULTA,-0.5563434496317544,0.9671314741035856,short,-0.0023754239082336,0.0340100526809692,0.0223064422607421
2025-11-06,487,AVB,-0.5563434496317544,0.9691235059760956,short,-0.0035517215728759,0.0037771463394165,0.0018039941787719
2025-11-06,488,BMY,-0.5563434496317544,0.9711155378486056,short,0.0122082233428955,0.0511887073516845,-0.0008566379547119
2025-11-06,489,BK,-0.5563434496317544,0.9731075697211156,short,0.0120394229888916,0.0273622274398803,0.0076614618301391
2025-11-06,490,UNP,-0.5563434496317544,0.9750996015936256,short,0.0108362436294555,0.0093462467193603,0.0069532394409179
2025-11-06,491,AMP,-0.5563434496317544,0.9770916334661356,short,-0.0046160817146301,0.0197429656982421,-0.0074334144592285
2025-11-06,492,AME,-0.5563434496317544,0.9790836653386454,short,0.0087625980377197,0.002547264099121,-0.0149268507957458
2025-11-06,493,AON,-0.5563434496317544,0.9810756972111554,short,-0.0041869282722473,0.0109435319900512,0.0110013484954833
2025-11-06,494,ALLE,-0.5563434496317544,0.9830677290836654,short,-0.0028085112571716,0.0061547756195068,-0.0364505648612976
2025-11-06,495,AOS,-0.5563434496317544,0.9850597609561752,short,-0.0013583302497863,0.0016601085662841,-0.0229399800300598
2025-11-06,496,VMC,-0.5563434496317544,0.9870517928286852,short,0.0192830562591552,0.0271145105361938,-0.0233901739120483
2025-11-06,497,VZ,-0.5563434496317544,0.9890438247011952,short,-0.0044966340065002,0.019235610961914,0.0257307291030883
2025-11-06,498,VTR,-0.5563434496317544,0.9910358565737052,short,-0.0013145804405212,0.0109109878540039,0.0253713130950927
2025-11-06,499,WAB,-0.5563434496317544,0.9930278884462151,short,0.017885684967041,0.0161892175674438,-0.0115845203399658
2025-11-06,500,WEC,-0.5563434496317544,0.9950199203187252,short,-0.0039869546890258,-0.0067334175109863,-0.0168335437774658
2025-11-06,501,ABBV,-0.5563434496317544,0.9970119521912352,short,-0.0020532608032226,0.064199686050415,0.0602298974990844
2025-11-06,502,AAPL,-0.5563434496317544,0.999003984063745,short,0.0035758018493652,0.0186240673065185,0.0146757364273071
2025-11-07,1,WDC,0.6043644193599007,0.0009960159362549,long,-0.0242795944213867,-0.097922146320343,-0.0675582885742187
2025-11-07,2,LITE,0.5885636149783905,0.0029880478087649,long,-0.0285505652427673,-0.1270923018455505,-0.0685675144195556
2025-11-07,3,MU,0.5847136386067077,0.0049800796812749,long,-0.0481247901916503,-0.0645480155944824,-0.0448085665702819
2025-11-07,4,SMCI,0.5793941828320838,0.0069721115537848,long,-0.0340880751609802,-0.1268972158432006,-0.1515302658081054
2025-11-07,5,STX,0.5692666770473833,0.0089641434262948,long,-0.0203748345375061,-0.10690838098526,-0.11092209815979
2025-11-07,6,SNDK,0.5610974799778121,0.0109561752988047,long,0.0135471820831298,-0.0909871459007263,-0.0077253580093383
2025-11-07,7,TER,0.5558823362441216,0.0129482071713147,long,-0.0372121334075927,-0.0787158012390136,-0.090395450592041
2025-11-07,8,AMD,0.5109739708718931,0.0149402390438247,long,-0.026477575302124,0.016312837600708,-0.0141814351081848
2025-11-07,9,ORCL,0.5021284888549358,0.0169322709163346,long,-0.0194328427314758,-0.0965826511383056,-0.0870738625526428
2025-11-07,10,CIEN,0.4932529001840687,0.0189243027888446,long,-0.0062758326530456,-0.0696080923080444,-0.0812494158744812
2025-11-07,11,COHR,0.4577421488407252,0.0209163346613545,long,-0.0522432923316955,-0.160448670387268,-0.1658468842506408
2025-11-07,12,VRT,0.4529485130862995,0.0229083665338645,long,-0.0467951297760009,-0.1288330554962158,-0.1128087639808654
2025-11-07,13,WBD,0.4423623046859851,0.0249003984063745,long,0.0030461549758911,-0.0365535616874694,-0.0104438662528991
2025-11-07,14,DXCM,0.4060570316536913,0.0268924302788844,long,0.0599926710128784,0.0889861583709716,0.0665572881698608
2025-11-07,15,HOOD,0.401481702131703,0.0288844621513944,long,-0.0290698409080505,-0.1056079268455505,-0.1465263962745666
2025-11-07,16,LRCX,0.3212589165736578,0.0308764940239043,long,-0.0432169437408447,-0.0784395337104797,-0.1136622428894043
2025-11-07,17,MPWR,0.3130927589290349,0.0328685258964143,long,-0.0221241116523742,-0.0532822608947753,-0.0812242031097412
2025-11-07,18,GNRC,0.2800132756516864,0.0348605577689243,long,0.0081715583801269,-0.0128319263458251,-0.1029750108718872
2025-11-07,19,CVNA,0.2777928421815965,0.0368525896414342,long,0.0142732858657836,-0.0116047859191894,0.0026063919067382
2025-11-07,20,FSLR,0.2758916905294095,0.0388446215139442,long,-0.0311400294303894,-0.0588688850402832,-0.0700558423995971
2025-11-07,21,CEG,0.2654252269293751,0.0408366533864541,long,-0.0256558656692504,-0.0697919130325317,-0.0616739392280578
2025-11-07,22,FDS,0.2334317697975068,0.0428286852589641,long,0.0244067907333374,0.0484740734100341,0.0322909355163574
2025-11-07,23,DDOG,0.2104812413292487,0.0448207171314741,long,-0.0093130469322204,-0.0688464045524597,-0.0974364280700683
2025-11-07,24,INTC,0.2092277499161382,0.046812749003984,long,-0.0148244500160217,-0.0660598278045654,-0.0972692370414733
2025-11-07,25,COIN,0.2062916572202784,0.048804780876494,long,-0.0437831878662109,-0.1094265580177307,-0.169785737991333
2025-11-07,26,TTD,0.2001401817965076,0.0507968127490039,long,0.0217291116714477,-0.0090152621269226,-0.0705038905143737
2025-11-07,27,BLDR,0.1976692305895084,0.0527888446215139,long,-0.0014010071754455,-0.0296095609664917,-0.0713618397712707
2025-11-07,28,CRL,0.1921917564336027,0.0547808764940239,long,0.0268094539642334,0.0014203786849975,-0.0368704199790954
2025-11-07,29,FIX,0.1855467282275968,0.0567729083665338,long,-0.0201305747032165,-0.0786539912223815,-0.0557619929313659
2025-11-07,30,ARE,0.1852714311861844,0.0587649402390438,long,0.0108735561370849,-0.0372281074523925,-0.0630298256874084
2025-11-07,473,MLM,-0.6599830283358255,0.9412350597609562,short,0.0058854818344116,-0.0237365961074829,-0.0434522628784179
2025-11-07,474,O,-0.6599830283358255,0.9432270916334662,short,0.0138347148895263,0.0037246942520141,0.0109968185424804
2025-11-07,475,XYL,-0.6599830283358255,0.945219123505976,short,-0.0084078311920166,-0.0250248312950134,-0.0666004419326782
2025-11-07,476,NDAQ,-0.6599830283358255,0.947211155378486,short,0.0001138448715209,-0.0044409036636352,-0.0241402983665466
2025-11-07,477,HIG,-0.6599830283358255,0.949203187250996,short,0.0023689270019531,0.0215497016906738,0.0091700553894042
2025-11-07,478,HAS,-0.6599830283358255,0.951195219123506,short,0.0035828351974487,0.0095969438552856,-0.0142034888267517
2025-11-07,479,MA,-0.6599830283358255,0.953187250996016,short,0.0097475051879882,0.0047199726104736,-0.0291342139244079
2025-11-07,480,PRU,-0.6599830283358255,0.955179282868526,short,-0.0024299025535583,0.0079438686370849,-0.0326167941093444
2025-11-07,481,PFG,-0.6599830283358255,0.957171314741036,short,0.0095716714859008,0.0124431848526,-0.030748963356018
2025-11-07,482,PLD,-0.6599830283358255,0.959163346613546,short,0.0108886957168579,-0.0072057843208312,-0.0110488533973693
2025-11-07,483,INVH,-0.6599830283358255,0.9611553784860558,short,0.0213979482650756,0.0078458786010742,0.0
2025-11-07,484,HON,-0.6599830283358255,0.9631474103585658,short,0.0221349000930786,0.0193808078765869,5.1021575927734375e-05
2025-11-07,485,SBAC,-0.6599830283358255,0.9651394422310756,short,0.0171496868133544,-0.0274295806884765,-0.0182529091835021
2025-11-07,486,ITW,-0.6599830283358255,0.9671314741035856,short,0.0044622421264648,0.0041756629943847,-0.011708378791809
2025-11-07,487,ESS,-0.6599830283358255,0.9691235059760956,short,0.0059965848922729,-0.0251393318176269,-0.0302133560180664
2025-11-07,488,EQR,-0.6599830283358255,0.9711155378486056,short,0.0164679288864135,-0.0038648843765258,-0.0077297687530517
2025-11-07,489,GWW,-0.6599830283358255,0.9731075697211156,short,-0.0045791864395141,-0.0158112049102783,-0.0278854370117187
2025-11-07,490,CVX,-0.6599830283358255,0.9750996015936256,short,0.0037906169891357,-0.0004496574401855,-0.0053324103355407
2025-11-07,491,SYK,-0.6599830283358255,0.9770916334661356,short,0.024449348449707,0.0518281459808349,0.0143935680389404
2025-11-07,492,DHR,-0.6599830283358255,0.9790836653386454,short,0.0218781232833862,0.047497272491455,0.0438983440399169
2025-11-07,493,DOC,-0.6599830283358255,0.9810756972111554,short,0.0112993717193603,-0.0107344985008239,-0.0231638550758361
2025-11-07,494,CRH,-0.6599830283358255,0.9830677290836654,short,-0.0116687417030334,-0.0247411727905273,-0.0415862798690795
2025-11-07,495,CHD,-0.6599830283358255,0.9850597609561752,short,0.0102788209915161,0.0035444498062133,-0.0191399455070495
2025-11-07,496,BAC,-0.6599830283358255,0.9870517928286852,short,0.0039311647415161,-0.0102957487106323,-0.0363159775733947
2025-11-07,497,BRK.B,-0.6599830283358255,0.9890438247011952,short,0.0001810789108276,0.0324560403823852,0.0126363039016723
2025-11-07,498,BSX,-0.6599830283358255,0.9910358565737052,short,0.015756607055664,0.0403329133987426,0.0084233283996582
2025-11-07,499,CB,-0.6599830283358255,0.9930278884462151,short,0.014466643333435,0.0276496410369873,0.0254292488098144
2025-11-07,500,VICI,-0.6599830283358255,0.9950199203187252,short,0.0065723657608032,0.000657320022583,-0.0098587274551391
2025-11-07,501,VLTO,-0.6599830283358255,0.9970119521912352,short,-0.0037655234336853,0.003053069114685,-0.0019336938858032
2025-11-07,502,AOS,-0.6599830283358255,0.999003984063745,short,-0.0057427287101745,-0.001209020614624,-0.0432219505310058
2025-11-10,1,SMCI,0.610976967270155,0.0009960159362549,long,-0.0234414935111999,-0.0618238449096679,-0.1009788513183593
2025-11-10,2,ORCL,0.600997119021583,0.0029880478087649,long,-0.0387888550758361,-0.0563200712203979,-0.0663137435913086
2025-11-10,3,TER,0.5875425248551763,0.0049800796812749,long,0.0115104913711547,-0.0409637093544006,-0.0762286186218261
2025-11-10,4,WDC,0.562076562663975,0.0069721115537848,long,-0.0228248834609985,-0.0715336203575134,-0.1007706522941589
2025-11-10,5,CIEN,0.5479293772277809,0.0089641434262948,long,0.0100756883621215,-0.0757845640182495,-0.0984910130500793
2025-11-10,6,STX,0.5294140848738214,0.0109561752988047,long,-0.0164582729339599,-0.1034375429153442,-0.1185416579246521
2025-11-10,7,LITE,0.5272284259525698,0.0129482071713147,long,0.0053075551986694,-0.0804848670959472,-0.0199627876281738
2025-11-10,8,MU,0.5146330033521836,0.0149402390438247,long,0.015718936920166,0.0237236022949218,-0.0522997975349426
2025-11-10,9,SNDK,0.5071530814774509,0.0169322709163346,long,0.0424184799194335,-0.0641431212425232,-0.0981294512748718
2025-11-10,10,AMD,0.5036662775596695,0.0189243027888446,long,0.0899714231491088,0.0391124486923217,-0.0304396152496337
2025-11-10,11,COHR,0.4674034700571687,0.0209163346613545,long,-0.008480429649353,-0.1182203292846679,-0.1256882548332214
2025-11-10,12,DXCM,0.3643035051831991,0.0229083665338645,long,0.0254601240158081,-0.0012041926383972,0.0350936651229858
2025-11-10,13,DDOG,0.3153617679932059,0.0249003984063745,long,-0.0352269411087036,-0.0649449229240417,-0.1081572771072387
2025-11-10,14,FSLR,0.3073839284298759,0.0268924302788844,long,0.0127578973770141,-0.0419079661369323,-0.0452772974967956
2025-11-10,15,VRT,0.2936985998207088,0.0288844621513944,long,-0.0317230224609375,-0.0451270937919616,-0.0792516469955444
2025-11-10,16,COIN,0.2657543446442156,0.0308764940239043,long,-3.2901763916015625e-05,-0.0658202171325683,-0.1388770341873169
2025-11-10,17,WBD,0.2651835890850221,0.0328685258964143,long,-0.0373101234436035,-0.0008676052093505,0.0277657508850097
2025-11-10,18,CVNA,0.2644075263090569,0.0348605577689243,long,0.0040075778961181,-0.0262175798416137,-0.0295521616935729
2025-11-10,19,HOOD,0.2566527523050693,0.0368525896414342,long,0.0079587697982788,-0.0714772343635559,-0.1336314082145691
2025-11-10,20,DECK,0.2557441162149239,0.0388446215139442,long,0.020311951637268,0.0013298988342285,0.0128158330917358
2025-11-10,21,MPWR,0.2457718099419948,0.0408366533864541,long,0.0038126707077026,-0.0361576080322265,-0.1023871302604675
2025-11-10,22,SNPS,0.2312427549629912,0.0428286852589641,long,0.008114218711853,-0.0145854949951171,-0.0297775268554687
2025-11-10,23,FDS,0.2309372461481403,0.0448207171314741,long,0.0011783838272094,0.0086537599563598,0.0020252466201782
2025-11-10,24,NEM,0.2306246049572067,0.046812749003984,long,0.0346859693527221,-0.0239021182060241,-0.0372428894042968
2025-11-10,25,GNRC,0.2253732340655857,0.048804780876494,long,0.02849543094635,-0.0424898266792297,-0.0978975892066955
2025-11-10,26,AXON,0.2221372055970451,0.0507968127490039,long,-0.0046663284301757,-0.0311265587806701,-0.0671291947364807
2025-11-10,27,TTD,0.2176865495633081,0.0527888446215139,long,-0.0092760324478149,-0.0513574481010437,-0.0843891501426696
2025-11-10,28,RCL,0.2074851493222567,0.0547808764940239,long,-0.0004553198814392,-0.0405235886573791,-0.0460253953933715
2025-11-10,29,INTC,0.2054686039524567,0.0567729083665338,long,0.0002639293670654,-0.0623019933700561,-0.0937169790267944
2025-11-10,30,FFIV,0.2028993356345169,0.0587649402390438,long,0.0069599151611328,-0.0189090371131896,-0.0480482578277587
2025-11-10,473,SCHW,-0.6543920110849795,0.9412350597609562,short,0.016541838645935,-0.0179983973503112,-0.0399500727653503
2025-11-10,474,CRH,-0.6543920110849795,0.9432270916334662,short,0.0066578388214111,-0.0273413658142089,-0.033555269241333
2025-11-10,475,DOC,-0.6543920110849795,0.945219123505976,short,-0.0145251750946044,-0.0307261943817138,-0.0117318034172058
2025-11-10,476,SPGI,-0.6543920110849795,0.947211155378486,short,-0.0037972927093505,-0.0076949596405029,-0.0149679780006408
2025-11-10,477,PNW,-0.6543920110849795,0.949203187250996,short,0.0023657083511352,-0.004280686378479,0.0068717002868652
2025-11-10,478,PRU,-0.6543920110849795,0.951195219123506,short,0.0098370313644409,0.0039348602294921,-0.0384110808372497
2025-11-10,479,PNC,-0.6543920110849795,0.953187250996016,short,0.0113083124160766,-0.004490852355957,-0.0256466269493103
2025-11-10,480,PFG,-0.6543920110849795,0.955179282868526,short,0.01042902469635,0.0010666847229003,-0.0259539484977722
2025-11-10,481,PKG,-0.6543920110849795,0.957171314741036,short,-0.0127081274986267,-0.0285686254501342,-0.0314747095108032
2025-11-10,482,PLD,-0.6543920110849795,0.959163346613546,short,-0.0112466812133789,-0.0271661877632141,-0.0194836258888244
2025-11-10,483,REG,-0.6543920110849795,0.9611553784860558,short,-0.0176817774772644,-0.0234354138374328,-0.0248386859893798
2025-11-10,484,DOV,-0.6543920110849795,0.9631474103585658,short,-0.0019025206565856,-0.0046203732490539,-0.0227754712104797
2025-11-10,485,SYK,-0.6543920110849795,0.9651394422310756,short,0.0100082159042358,-0.0040693283081054,-0.0114930272102355
2025-11-10,486,CPT,-0.6543920110849795,0.9671314741035856,short,-0.0095486044883728,-0.0098379254341125,-0.0159143805503845
2025-11-10,487,BAC,-0.6543920110849795,0.9691235059760956,short,0.0089502334594726,-0.0190191864967346,-0.0371061563491821
2025-11-10,488,CB,-0.6543920110849795,0.9711155378486056,short,0.0085834264755249,0.0104985237121582,0.0141918659210205
2025-11-10,489,COST,-0.6543920110849795,0.9731075697211156,short,0.0001531839370727,0.0099796056747436,-0.0205501317977905
2025-11-10,490,TFC,-0.6543920110849795,0.9750996015936256,short,0.0072830915451049,-0.0099316239356994,-0.0214080810546875
2025-11-10,491,UDR,-0.6543920110849795,0.9770916334661356,short,-0.0059897899627685,-0.0108385682106018,-0.0168282985687255
2025-11-10,492,UNP,-0.6543920110849795,0.9790836653386454,short,-0.0055605173110961,-0.0079181194305419,-0.0177046060562133
2025-11-10,493,VICI,-0.6543920110849795,0.9810756972111554,short,-0.0016323328018188,-0.0088148117065429,-0.0346065759658813
2025-11-10,494,ATO,-0.6543920110849795,0.9830677290836654,short,-0.0046457052230834,-0.0198141932487487,-0.019254446029663
2025-11-10,495,AVB,-0.6543920110849795,0.9850597609561752,short,-0.0044173002243041,-0.0063744187355041,-0.0079959034919738
2025-11-10,496,V,-0.6543920110849795,0.9870517928286852,short,-0.0001180768013,-0.026259958744049,-0.0523427724838256
2025-11-10,497,ALLE,-0.6543920110849795,0.9890438247011952,short,0.0049537420272827,-0.0376007556915283,-0.0386750102043151
2025-11-10,498,AMP,-0.6543920110849795,0.9910358565737052,short,0.0120445489883422,-0.0149266719818115,-0.0475975275039672
2025-11-10,499,VLTO,-0.6543920110849795,0.9930278884462151,short,-0.0016344189643859,0.0090918540954589,-0.0009193420410156
2025-11-10,500,AON,-0.6543920110849795,0.9950199203187252,short,0.0005143880844116,0.0005716085433959,-0.0039721727371215
2025-11-10,501,VZ,-0.6543920110849795,0.9970119521912352,short,0.0024570226669311,0.0088452100753784,0.0191645622253417
2025-11-10,502,ABBV,-0.6543920110849795,0.999003984063745,short,0.0357952117919921,0.0319314002990722,0.0386375188827514
2025-11-11,1,STX,0.6206845335684024,0.0009960159362549,long,-0.0730777978897094,-0.0772435069084167,-0.0851690769195556
2025-11-11,2,COHR,0.6152052354880395,0.0029880478087649,long,-0.1065934300422668,-0.1123380064964294,-0.0876364111900329
2025-11-11,3,MU,0.6136149921121077,0.0049800796812749,long,-0.0324622392654418,-0.0120457410812377,-0.0775009989738464
2025-11-11,4,LITE,0.6096570501910958,0.0069721115537848,long,-0.106181800365448,-0.0462550520896911,0.0595327615737915
2025-11-11,5,SNDK,0.5922730131147438,0.0089641434262948,long,-0.1396326422691345,-0.0608265399932861,-0.1311903595924377
2025-11-11,6,DXCM,0.5741265390768122,0.0109561752988047,long,0.001845359802246,-0.0187887549400329,0.002013087272644
2025-11-11,7,ORCL,0.564481206040843,0.0129482071713147,long,-0.0414996147155761,-0.0314111113548278,-0.0064320564270019
2025-11-11,8,AMD,0.5584759676179023,0.0149402390438247,long,-0.0422187447547912,-0.0709568262100219,-0.136505901813507
2025-11-11,9,CIEN,0.5532952056998222,0.0169322709163346,long,-0.0730717778205871,-0.0846697688102722,-0.0989881753921508
2025-11-11,10,SMCI,0.5423312599737158,0.0189243027888446,long,-0.074386715888977,-0.1005012392997741,-0.1102611422538757
2025-11-11,11,WDC,0.5266009572911381,0.0209163346613545,long,-0.0538799166679382,-0.0220336318016052,-0.0730841159820556
2025-11-11,12,TER,0.4426732845393442,0.0229083665338645,long,-0.0539968013763427,-0.0659898519515991,-0.0615831613540649
2025-11-11,13,VRT,0.4143481674189627,0.0249003984063745,long,-0.0561227202415466,-0.038761019706726,-0.0156890153884887
2025-11-11,14,PSKY,0.3024156497261102,0.0268924302788844,long,-0.0128452181816101,0.0102761983871459,-0.0064225792884826
2025-11-11,15,APP,0.2962965630848965,0.0288844621513944,long,-0.0490885972976684,-0.0779502391815185,-0.0937147140502929
2025-11-11,16,FSLR,0.2737190169898402,0.0308764940239043,long,-0.0408567190170288,-0.0522577762603759,-0.0585002899169921
2025-11-11,17,MOS,0.2703578648352604,0.0328685258964143,long,0.0035349130630493,-0.0369206070899963,-0.0377061963081359
2025-11-11,18,LRCX,0.2700690281968616,0.0348605577689243,long,-0.0501796007156372,-0.0864824056625366,-0.0781810879707336
2025-11-11,19,DECK,0.2649946385709349,0.0368525896414342,long,-0.0152862071990966,-0.0434885621070861,-0.0163525938987731
2025-11-11,20,GNRC,0.2530364690200493,0.0388446215139442,long,-0.0479620099067688,-0.134897232055664,-0.0933383107185363
2025-11-11,21,COIN,0.2504391249374548,0.0408366533864541,long,-0.068618357181549,-0.1317433714866638,-0.1536512970924377
2025-11-11,22,CVNA,0.2229711275337026,0.0428286852589641,long,-0.0294036865234375,-0.0154483914375305,0.0047533512115478
2025-11-11,23,TTD,0.2030976535315374,0.0448207171314741,long,-0.0210093855857849,-0.0817538499832153,-0.0822106003761291
2025-11-11,24,NEM,0.1984953329657113,0.046812749003984,long,-0.0359944105148315,-0.0642527341842651,-0.0597399473190307
2025-11-11,25,HOOD,0.1909814232771966,0.048804780876494,long,-0.0861031413078308,-0.1279139518737793,-0.1114452481269836
2025-11-11,26,AXON,0.1819986524990673,0.0507968127490039,long,-0.0214570760726928,-0.046144962310791,-0.0674614906311035
2025-11-11,27,BAX,0.1771613597114474,0.0527888446215139,long,0.0,-0.0497326254844665,-0.0540106892585754
2025-11-11,28,FIX,0.1735965060778333,0.0547808764940239,long,-0.0777450799942016,-0.0548305511474609,-0.0438562035560607
2025-11-11,29,HUM,0.1729155496962262,0.0567729083665338,long,-0.0155521631240844,-0.0264886617660522,-0.0481536984443664
2025-11-11,30,DELL,0.1584449056371246,0.0587649402390438,long,-0.0481131672859191,-0.1295572519302368,-0.1515884399414062
2025-11-11,473,STLD,-0.6543920110849795,0.9412350597609562,short,-0.0206525921821594,-0.0176116228103637,-0.015140950679779
2025-11-11,474,STT,-0.6543920110849795,0.9432270916334662,short,-0.0233672261238098,-0.068285048007965,-0.0587069392204284
2025-11-11,475,EIX,-0.6543920110849795,0.945219123505976,short,0.0054459571838378,-0.0170183777809143,-0.0214431285858154
2025-11-11,476,SPG,-0.6543920110849795,0.947211155378486,short,-0.0010880827903747,-0.0153418779373168,-0.0200206637382507
2025-11-11,477,RJF,-0.6543920110849795,0.949203187250996,short,-0.028569757938385,-0.0637092590332031,-0.049364149570465
2025-11-11,478,SHW,-0.6543920110849795,0.951195219123506,short,-0.0170573592185974,-0.051955223083496,-0.0433395504951477
2025-11-11,479,ETR,-0.6543920110849795,0.953187250996016,short,-0.0219598412513732,-0.0103583931922912,-0.0259996056556701
2025-11-11,480,ROL,-0.6543920110849795,0.955179282868526,short,-0.0148768424987792,-0.0088919401168823,0.0148768424987792
2025-11-11,481,EQIX,-0.6543920110849795,0.957171314741036,short,-0.0328316688537597,-0.0447100400924682,-0.0592198967933654
2025-11-11,482,FITB,-0.6543920110849795,0.959163346613546,short,-0.0178199410438537,-0.0483684539794921,-0.0400370359420776
2025-11-11,483,PNC,-0.6543920110849795,0.9611553784860558,short,-0.0156224966049194,-0.0421058535575866,-0.021079659461975
2025-11-11,484,PNW,-0.6543920110849795,0.9631474103585658,short,-0.0017982125282287,0.0020229816436767,-0.0029220581054687
2025-11-11,485,HIG,-0.6543920110849795,0.9651394422310756,short,0.0076128244400024,-0.0045979022979736,-0.003693401813507
2025-11-11,486,PRU,-0.6543920110849795,0.9671314741035856,short,0.0005565881729125,-0.0397068262100219,-0.0392429828643798
2025-11-11,487,TRV,-0.6543920110849795,0.9691235059760956,short,0.0045084953308105,-0.0056617259979248,-0.0023066401481628
2025-11-11,488,TROW,-0.6543920110849795,0.9711155378486056,short,-0.0100219249725341,-0.0701536536216735,-0.0702490806579589
2025-11-11,489,CHD,-0.6543920110849795,0.9731075697211156,short,-0.0051533579826354,-0.0276411175727844,-0.0334973335266113
2025-11-11,490,CMS,-0.6543920110849795,0.9750996015936256,short,-0.0137406587600708,-0.0066702365875244,-0.0268143415451049
2025-11-11,491,UNP,-0.6543920110849795,0.9770916334661356,short,-0.0092597007751464,-0.0114068388938903,-0.0106464028358459
2025-11-11,492,CB,-0.6543920110849795,0.9790836653386454,short,0.0043739080429077,0.0022039413452148,-0.0032889246940612
2025-11-11,493,USB,-0.6543920110849795,0.9810756972111554,short,-0.0121110677719116,-0.0505324602127075,-0.0227605104446411
2025-11-11,494,VLTO,-0.6543920110849795,0.9830677290836654,short,0.0084927082061767,0.0034788846969604,0.0054230690002441
2025-11-11,495,BLK,-0.6543920110849795,0.9850597609561752,short,-0.0221952199935913,-0.0641083717346191,-0.072445273399353
2025-11-11,496,V,-0.6543920110849795,0.9870517928286852,short,-0.0082625746726989,-0.0387452840805053,-0.0435552597045898
2025-11-11,497,VICI,-0.6543920110849795,0.9890438247011952,short,-0.0042511224746704,-0.014715552330017,-0.0467625856399536
2025-11-11,498,AVB,-0.6543920110849795,0.9910358565737052,short,-0.0060095787048339,-0.0030329227447509,-0.0060657262802124
2025-11-11,499,AMP,-0.6543920110849795,0.9930278884462151,short,-0.0236324071884155,-0.0632040500640869,-0.0440770387649536
2025-11-11,500,AXP,-0.6543920110849795,0.9950199203187252,short,-0.0215681791305542,-0.0845561623573303,-0.0754620432853698
2025-11-11,501,AOS,-0.6543920110849795,0.9970119521912352,short,-0.0042188763618469,-0.0461052060127258,-0.041585087776184
2025-11-11,502,ABT,-0.6543920110849795,0.999003984063745,short,0.0034154653549194,0.0093928575515747,-0.0207266211509704
2025-11-12,1,STX,0.5304036774310025,0.0009960159362549,long,-0.0165676474571228,-0.0331352949142456,-0.0840188860893249
2025-11-12,2,WDC,0.5263536263420261,0.0029880478087649,long,0.004263162612915,-0.0273606777191162,-0.1077246665954589
2025-11-12,3,COHR,0.5206109911643219,0.0049800796812749,long,-0.0045723915100097,-0.0130028128623962,-0.0311495065689086
2025-11-12,4,SNDK,0.5148580530590899,0.0069721115537848,long,0.04347825050354,0.0055835247039794,-0.1954674124717712
2025-11-12,5,LITE,0.5104475371199451,0.0089641434262948,long,0.0233182907104492,0.0906726121902465,0.028123140335083
2025-11-12,6,MU,0.4989982861348357,0.0109561752988047,long,0.041696548461914,-0.0356615185737609,-0.1501582860946655
2025-11-12,7,DXCM,0.4847644442254892,0.0129482071713147,long,-0.0277963876724243,0.0075350999832153,-0.0217683315277099
2025-11-12,8,AMD,0.4803063401645112,0.0149402390438247,long,-0.0046378970146179,-0.0712615251541137,-0.1691401600837707
2025-11-12,9,SMCI,0.3739580061219695,0.0169322709163346,long,0.0379024744033813,-0.005414605140686,-0.1005984544754028
2025-11-12,10,DDOG,0.3285141943530739,0.0189243027888446,long,-0.0051621794700622,-0.0511372685432434,-0.1419583559036255
2025-11-12,11,VRT,0.3226623812414265,0.0209163346613545,long,0.0447934865951538,0.0074553489685058,-0.0246272087097167
2025-11-12,12,ORCL,0.3198181965254713,0.0229083665338645,long,0.0242680311203002,0.0134209394454956,-0.0316220521926879
2025-11-12,13,WBD,0.3119177150626003,0.0249003984063745,long,0.040198802947998,0.0700091123580932,0.0334236621856689
2025-11-12,14,HOOD,0.3095010351088106,0.0268924302788844,long,0.007981538772583,-0.0594914555549621,-0.1260594129562378
2025-11-12,15,APP,0.3031467271368513,0.0288844621513944,long,0.0027869939804077,-0.0541940331459045,-0.0635260343551635
2025-11-12,16,RCL,0.287762598590415,0.0308764940239043,long,-0.0112996697425842,-0.0169690251350402,-0.0118861198425292
2025-11-12,17,CIEN,0.286078763710492,0.0328685258964143,long,-0.0128726363182067,-0.0371248126029968,-0.0914474725723266
2025-11-12,18,TTD,0.246259417631154,0.0348605577689243,long,-0.0219267010688781,-0.0559831261634826,-0.1054350733757019
2025-11-12,19,COIN,0.2442736663683898,0.0368525896414342,long,0.0030373334884643,-0.075404405593872,-0.1588613986968994
2025-11-12,20,CMG,0.2299908263955541,0.0388446215139442,long,0.0060548782348632,-0.0197577476501464,-0.0328234434127807
2025-11-12,21,PSKY,0.2265330687377938,0.0408366533864541,long,0.0201691389083862,0.046844482421875,0.0201691389083862
2025-11-12,22,FSLR,0.2140326707829106,0.0428286852589641,long,-0.0136793851852417,-0.017147958278656,-0.0418956279754638
2025-11-12,23,ALB,0.2091583879845696,0.0448207171314741,long,0.0049750804901123,0.0595269203186035,0.0161473751068115
2025-11-12,24,TER,0.206297252675004,0.046812749003984,long,0.002240777015686,-0.0346128344535827,-0.0807241201400756
2025-11-12,25,CVNA,0.199457333840665,0.048804780876494,long,-0.000722050666809,-0.0041439533233642,-0.0166070461273193
2025-11-12,26,BLDR,0.189569597410081,0.0507968127490039,long,-0.0043314695358276,-0.050919234752655,-0.0870150923728942
2025-11-12,27,NCLH,0.1777800461915905,0.0527888446215139,long,-0.0145473480224609,-0.0387930870056152,-0.0571120381355285
2025-11-12,28,SNPS,0.175805424869924,0.0547808764940239,long,-0.0104079842567443,-0.0256644487380981,-0.0211458802223205
2025-11-12,29,LLY,0.175163440674855,0.0567729083665338,long,0.0023561716079711,0.0070195198059082,0.0199635028839111
2025-11-12,30,DECK,0.1730665147915797,0.0587649402390438,long,-0.003369390964508,0.0080626010894775,-0.0194945335388183
2025-11-12,473,BXP,-0.583073717339753,0.9412350597609562,short,-0.0022599101066589,-0.0235876441001892,-0.0302259922027587
2025-11-12,474,CASY,-0.583073717339753,0.9432270916334662,short,0.0028510093688964,0.0217270851135253,0.0271680355072021
2025-11-12,475,BRK.B,-0.583073717339753,0.945219123505976,short,-0.0081268548965454,-0.0170333385467529,-0.0233672857284545
2025-11-12,476,CHD,-0.583073717339753,0.947211155378486,short,-0.0098893642425537,-0.0241346955299377,-0.0188369154930114
2025-11-12,477,TROW,-0.583073717339753,0.949203187250996,short,-0.0192826986312866,-0.0601619482040405,-0.0618010163307189
2025-11-12,478,TRV,-0.583073717339753,0.951195219123506,short,-0.0004523396492004,-0.0019831657409667,0.0014960765838623
2025-11-12,479,UNP,-0.583073717339753,0.953187250996016,short,0.0069532394409179,-0.0029798746109008,-0.0012190341949462
2025-11-12,480,USB,-0.583073717339753,0.955179282868526,short,-0.0044388771057128,-0.0293807387351989,-0.0173324942588806
2025-11-12,481,VLTO,-0.583073717339753,0.957171314741036,short,0.0022321939468383,-0.0077109932899475,-0.0128855109214782
2025-11-12,482,VICI,-0.583073717339753,0.959163346613546,short,-0.002955675125122,-0.0288998484611511,-0.0541872382164001
2025-11-12,483,BLK,-0.583073717339753,0.9611553784860558,short,-0.0109475851058959,-0.0472210645675659,-0.0721076726913452
2025-11-12,484,TXT,-0.583073717339753,0.9631474103585658,short,-0.0089625120162963,-0.0196439623832702,-0.0235727429389953
2025-11-12,485,UDR,-0.583073717339753,0.9651394422310756,short,0.0046349763870239,-0.0014483928680419,0.0046349763870239
2025-11-12,486,BBY,-0.583073717339753,0.9671314741035856,short,-0.0060383081436157,-0.0233656764030456,-0.0315043330192565
2025-11-12,487,AXP,-0.583073717339753,0.9691235059760956,short,-0.0207002758979797,-0.0659940242767334,-0.057384967803955
2025-11-12,488,AVB,-0.583073717339753,0.9711155378486056,short,0.0040682554244995,0.002429723739624,0.0003390312194824
2025-11-12,489,ATO,-0.583073717339753,0.9731075697211156,short,-0.0160139799118042,-0.0154520273208618,-0.0179805159568786
2025-11-12,490,APTV,-0.583073717339753,0.9750996015936256,short,-0.0264034271240234,-0.0651450753211975,-0.1328809857368469
2025-11-12,491,AME,-0.583073717339753,0.9770916334661356,short,-0.0040689706802368,-0.0218902826309204,-0.0212721824645996
2025-11-12,492,AON,-0.583073717339753,0.9790836653386454,short,-0.0023080706596374,-0.0068387389183044,-0.0143898725509643
2025-11-12,493,AMCR,-0.583073717339753,0.9810756972111554,short,-0.0116550326347351,-0.013986051082611,-0.0256410837173461
2025-11-12,494,ALLE,-0.583073717339753,0.9830677290836654,short,-0.0198760032653808,-0.0209700465202331,-0.0308169722557067
2025-11-12,495,VMC,-0.583073717339753,0.9850597609561752,short,-0.0123552680015563,-0.0078144073486328,0.0066176652908325
2025-11-12,496,AOS,-0.583073717339753,0.9870517928286852,short,-0.0204266905784606,-0.0410045981407165,-0.0429716706275939
2025-11-12,497,WAB,-0.583073717339753,0.9890438247011952,short,-0.0017134547233581,-0.032603919506073,-0.0398002862930297
2025-11-12,498,WDAY,-0.583073717339753,0.9910358565737052,short,0.0327979326248168,0.0096200704574584,-0.0298895239830017
2025-11-12,499,WEC,-0.583073717339753,0.9930278884462151,short,-0.0068909525871276,-0.0012528896331787,-0.0097547769546508
2025-11-12,500,WELL,-0.583073717339753,0.9950199203187252,short,0.014392614364624,0.0377870798110961,0.0340712070465087
2025-11-12,501,ABNB,-0.583073717339753,0.9970119521912352,short,0.0068486928939819,-0.0476112365722656,-0.0796270370483398
2025-11-12,502,AAPL,-0.583073717339753,0.999003984063745,short,-0.0019783973693847,-0.0201869010925292,-0.0245466828346252
2025-11-13,1,STX,0.7130265571833515,0.0009960159362549,long,0.0122768878936767,0.00358247756958,-0.0802447199821472
2025-11-13,2,WDC,0.7031264265164933,0.0029880478087649,long,0.0292719602584838,-0.0244566798210144,-0.1181017756462097
2025-11-13,3,COHR,0.6954382302288836,0.0049800796812749,long,-0.0018660426139831,0.0259096622467041,0.0012918710708618
2025-11-13,4,LITE,0.6947266906857037,0.0069721115537848,long,0.0427310466766357,0.1583890914916992,0.1009691953659057
2025-11-13,5,CIEN,0.6856241934445261,0.0089641434262948,long,0.000365138053894,-0.0152835249900817,-0.0701581239700317
2025-11-13,6,SNDK,0.663114513867753,0.0109561752988047,long,0.0461126565933227,-0.0322631001472473,-0.2120317816734314
2025-11-13,7,MU,0.6621688531840259,0.0129482071713147,long,-0.0197707414627075,-0.0847141742706298,-0.1598671674728393
2025-11-13,8,TER,0.6313926717127646,0.0149402390438247,long,-0.0148849487304687,-0.0102371573448181,-0.0650702714920044
2025-11-13,9,AMD,0.5969597123816989,0.0169322709163346,long,-0.0254851579666137,-0.094242513179779,-0.1743446588516235
2025-11-13,10,VRT,0.4766423858408402,0.0189243027888446,long,-0.0252676606178283,-0.0018717050552368,-0.0651576519012451
2025-11-13,11,HOOD,0.454975550287362,0.0209163346613545,long,-0.0533061027526855,-0.0354285240173339,-0.1240816116333007
2025-11-13,12,SMCI,0.4411333312472315,0.0229083665338645,long,-0.0637012720108032,-0.0738604664802551,-0.1161449551582336
2025-11-13,13,ORCL,0.4195435402012612,0.0249003984063745,long,-0.0134171247482299,0.0120259523391723,-0.1080996394157409
2025-11-13,14,RCL,0.3784081810051835,0.0268924302788844,long,-0.0243602991104125,0.0123779773712158,0.0443706512451171
2025-11-13,15,DXCM,0.3499690929110988,0.0288844621513944,long,0.0074061155319213,0.0287632942199707,0.0373750925064086
2025-11-13,16,APP,0.329969961257075,0.0308764940239043,long,-0.0330464243888855,-0.0495786666870117,-0.0671328902244567
2025-11-13,17,DELL,0.3259194972596061,0.0328685258964143,long,-0.0843300819396972,-0.107505977153778,-0.0841057896614074
2025-11-13,18,FIX,0.3135745603891132,0.0348605577689243,long,0.0112357139587402,0.0229771137237548,-0.0170624256134033
2025-11-13,19,LRCX,0.299249873040432,0.0368525896414342,long,-0.0053958296775817,0.0036423206329345,-0.0378389358520507
2025-11-13,20,WBD,0.2787891030679477,0.0388446215139442,long,-0.0125923156738281,0.0026053190231323,0.0060789585113525
2025-11-13,21,CVNA,0.2713574592296492,0.0408366533864541,long,0.0151110887527465,0.0359398126602172,-0.0264835953712463
2025-11-13,22,BLDR,0.2712172731414383,0.0428286852589641,long,-0.0388631224632263,-0.0743426084518432,-0.0175947546958923
2025-11-13,23,ALB,0.2703639906738646,0.0448207171314741,long,0.0222337245941162,0.0915406942367553,0.0145909786224365
2025-11-13,24,PLTR,0.2518470825018862,0.046812749003984,long,-0.0158611536026,-0.0493649840354919,-0.1101085543632507
2025-11-13,25,COIN,0.2393640855158595,0.048804780876494,long,-0.0705985426902771,-0.0940492749214172,-0.153485894203186
2025-11-13,26,SNPS,0.2222198760141335,0.0507968127490039,long,0.0010517835617065,-0.0090551972389221,-0.003770887851715
2025-11-13,27,CEG,0.2156083731691841,0.0527888446215139,long,0.0004432201385498,0.0560085773468017,-0.0012111663818359
2025-11-13,28,NCLH,0.2116358102376719,0.0547808764940239,long,-0.0415527820587158,-0.0278841257095336,-0.0049207210540771
2025-11-13,29,INTC,0.2077443870437036,0.0567729083665338,long,-0.0228040814399719,-0.011542797088623,-0.0287162065505981
2025-11-13,30,MPWR,0.2060235237476786,0.0587649402390438,long,-0.0251904129981994,-0.0386224389076232,-0.0519893169403076
2025-11-13,473,PSX,-0.7209228977512034,0.9412350597609562,short,-0.0398398637771606,-0.0550168752670288,-0.0604272484779357
2025-11-13,474,CDNS,-0.7213854081992047,0.9432270916334662,short,-0.0115580558776855,-0.0259422063827514,-0.0455657243728637
2025-11-13,475,D,-0.7220240934395618,0.945219123505976,short,0.015521764755249,-0.0061097145080566,0.0150264501571655
2025-11-13,476,AME,-0.7222007164939241,0.947211155378486,short,-0.0112226009368896,-0.0092573165893554,0.0085850954055786
2025-11-13,477,CINF,-0.7222459388244971,0.949203187250996,short,-0.0150091052055358,-0.0137279033660888,0.0129348039627075
2025-11-13,478,CTSH,-0.7232897943356389,0.951195219123506,short,-0.0199670195579528,-0.004544198513031,0.0462682247161865
2025-11-13,479,MTB,-0.7234045904858565,0.953187250996016,short,-0.0315576195716857,-0.0231600403785705,0.0087718963623046
2025-11-13,480,ES,-0.7240614860719976,0.955179282868526,short,0.0099589824676513,-0.109686255455017,-0.1193724274635315
2025-11-13,481,CASY,-0.7241204568646168,0.957171314741036,short,-0.0034373998641967,0.0344116687774658,0.0410821437835693
2025-11-13,482,DOV,-0.7243997585964677,0.959163346613546,short,-0.0167649388313293,-0.0190039277076721,0.0025120973587036
2025-11-13,483,CVX,-0.7245817230678263,0.9611553784860558,short,-0.0177641510963439,-0.0375586748123168,-0.0484710335731506
2025-11-13,484,KMI,-0.7253357605346546,0.9631474103585658,short,-0.0102115273475646,-0.021881878376007,-0.0160467028617858
2025-11-13,485,AAPL,-0.7256790797533129,0.9651394422310756,short,-0.0181711912155151,-0.0141331553459167,-0.0033773183822631
2025-11-13,486,DTE,-0.7257567294953989,0.9671314741035856,short,0.003646969795227,-0.0149526000022888,-0.0097009539604187
2025-11-13,487,EQR,-0.7268774736940267,0.9691235059760956,short,-0.0062268376350402,-0.0080780982971191,0.019017219543457
2025-11-13,488,MSCI,-0.7271882103612942,0.9711155378486056,short,-0.0127754211425781,-0.0098381042480468,-0.0055915117263793
2025-11-13,489,ADSK,-0.7277941221278348,0.9731075697211156,short,-0.0248172283172607,-0.0273890495300292,-0.0286917686462402
2025-11-13,490,MCO,-0.7277941221278348,0.9750996015936256,short,-0.0153499841690063,-0.0138067007064819,0.000354528427124
2025-11-13,491,SPG,-0.7288244829920764,0.9770916334661356,short,-0.0095221996307373,-0.0142285823822021,0.0019154548645019
2025-11-13,492,UDR,-0.7288244829920764,0.9790836653386454,short,-0.0057670474052429,-0.003748595714569,0.0262398719787597
2025-11-13,493,TROW,-0.7294222766344667,0.9810756972111554,short,-0.042272925376892,-0.0423712134361267,-0.01386159658432
2025-11-13,494,PLD,-0.7296634816837985,0.9830677290836654,short,0.0056174993515014,-0.003500759601593,0.0240983963012695
2025-11-13,495,CPT,-0.7308618756245122,0.9850597609561752,short,-0.0049678683280944,-0.0048704743385314,0.0250340700149536
2025-11-13,496,WMT,-0.7308618756245122,0.9870517928286852,short,0.0045862197875976,-0.0182474851608276,0.0277127027511596
2025-11-13,497,AEP,-0.7308618756245122,0.9890438247011952,short,0.01995050907135,0.0033800601959228,-0.0037922859191894
2025-11-13,498,MAA,-0.7308618756245122,0.9910358565737052,short,-0.0051168203353881,-0.0084771513938903,0.0203909873962402
2025-11-13,499,CHD,-0.7308618756245122,0.9930278884462151,short,-0.0128418803215026,-0.0187872052192688,-0.0009512901306152
2025-11-13,500,ITW,-0.7308618756245122,0.9950199203187252,short,-0.0104930996894836,-0.0118866562843322,0.0155756473541259
2025-11-13,501,AVB,-0.7308618756245122,0.9970119521912352,short,-0.0010692477226257,-0.0041080117225646,0.0167697668075561
2025-11-13,502,XEL,-0.7308618756245122,0.999003984063745,short,0.0090593099594116,-0.0112931728363037,-0.0112931728363037
2025-11-14,1,COHR,0.5384178882993129,0.0009960159362549,long,-0.0066154599189758,-0.0248795747756958,0.0916085243225097
2025-11-14,2,STX,0.5352263050945397,0.0029880478087649,long,-0.0287703871726989,-0.0798836946487426,-0.0306068062782287
2025-11-14,3,CIEN,0.5218305941643594,0.0049800796812749,long,-0.0249243974685668,-0.0799353718757629,0.0152257680892944
2025-11-14,4,SNDK,0.5151939865112289,0.0069721115537848,long,-0.0787950158119201,-0.2629757523536682,-0.1463817954063415
2025-11-14,5,TER,0.499291785602366,0.0089641434262948,long,-0.0222169160842895,-0.0689202547073364,-0.0087792873382568
2025-11-14,6,LITE,0.4859963071380504,0.0109561752988047,long,0.0221422910690307,-0.0364770293235778,0.2366670370101928
2025-11-14,7,SMCI,0.4757812584680783,0.0129482071713147,long,0.0234605073928833,-0.0744867920875549,-0.0228738784790039
2025-11-14,8,WDC,0.4683299132182417,0.0149402390438247,long,-0.0590335130691528,-0.136780560016632,-0.0709141492843627
2025-11-14,9,MU,0.4315097744308743,0.0169322709163346,long,-0.0555899739265441,-0.1677206158638,-0.0744782090187072
2025-11-14,10,HOOD,0.3850680259828055,0.0189243027888446,long,-0.0144002437591552,-0.0841597318649292,-0.0086229443550109
2025-11-14,11,VRT,0.36430982898462,0.0209163346613545,long,-0.0107410550117492,-0.0422441959381103,0.0135613679885864
2025-11-14,12,RCL,0.3567939178929407,0.0229083665338645,long,0.019091248512268,0.0243605375289917,0.0359126329421997
2025-11-14,13,LRCX,0.3422663797758932,0.0249003984063745,long,-0.0286179184913635,-0.0533704757690429,0.0198019742965698
2025-11-14,14,DELL,0.3416618515269362,0.0268924302788844,long,0.0017145872116088,-0.0414761900901794,0.0387002229690551
2025-11-14,15,FIX,0.3397201166476965,0.0288844621513944,long,0.0012719631195068,-0.0474331974983215,0.0274510383605957
2025-11-14,16,DDOG,0.3395902701312092,0.0308764940239043,long,-0.0210806131362915,-0.1147785782814025,-0.1210473179817199
2025-11-14,17,SNPS,0.3348468885212422,0.0328685258964143,long,-0.016451358795166,-0.0118900537490844,0.036874771118164
2025-11-14,18,ALB,0.326275082639178,0.0348605577689243,long,0.0313509702682495,-0.0108751058578491,-0.0154630541801452
2025-11-14,19,INTC,0.2822808512391523,0.0368525896414342,long,-0.0109477639198303,-0.0314030647277832,0.0311150550842285
2025-11-14,20,COIN,0.2799899038971648,0.0388446215139442,long,-0.0081833600997924,-0.0977079272270202,-0.0302330255508422
2025-11-14,21,MPWR,0.2758409837208466,0.0408366533864541,long,-0.0446482896804809,-0.044391930103302,-0.0045039057731628
2025-11-14,22,FSLR,0.2691373586454838,0.0428286852589641,long,-0.0053245425224304,-0.0303699374198913,0.0248876810073852
2025-11-14,23,APP,0.2503194285213848,0.0448207171314741,long,-0.0245888233184814,-0.0342129468917846,0.0380699634552001
2025-11-14,24,ORCL,0.2501977754707614,0.046812749003984,long,0.0028654336929321,-0.0417083501815795,-0.0890566706657409
2025-11-14,25,LVS,0.248792732796099,0.048804780876494,long,-0.001541256904602,-0.0215782523155212,0.0121763944625854
2025-11-14,26,PSKY,0.248326649867178,0.0507968127490039,long,0.0228862762451171,-0.003178596496582,-0.0425937175750732
2025-11-14,27,DXCM,0.2401891566910049,0.0527888446215139,long,0.0287227630615234,-0.0011968612670898,0.0636005401611328
2025-11-14,28,AMD,0.2366580293562685,0.0547808764940239,long,-0.0425328612327575,-0.14343923330307,-0.1058955788612365
2025-11-14,29,WBD,0.2311210186003421,0.0567729083665338,long,0.0417766571044921,0.00615656375885,0.0052770376205444
2025-11-14,30,DASH,0.2158729646007247,0.0587649402390438,long,0.0067884922027587,-0.1088060736656189,-0.1071445345878601
2025-11-14,473,CNP,-0.5912190765247586,0.9412350597609562,short,-0.0047286748886108,-0.0146839022636413,-0.0114484429359436
2025-11-14,474,COST,-0.5912190765247586,0.9432270916334662,short,-0.0191871523857116,-0.021148681640625,-0.0290054082870483
2025-11-14,475,CMS,-0.5912190765247586,0.945219123505976,short,-0.0025517344474792,-0.0128928422927856,-0.0021487474441528
2025-11-14,476,SO,-0.5912190765247586,0.947211155378486,short,0.0012143850326538,-0.0221903324127197,-0.0158975720405578
2025-11-14,477,SPG,-0.5912190765247586,0.949203187250996,short,0.0051935911178588,-0.00508314371109,0.0092270374298095
2025-11-14,478,SRE,-0.5912190765247586,0.951195219123506,short,-0.0065075755119323,-0.0161604881286621,0.0185467004776
2025-11-14,479,CVX,-0.5912190765247586,0.953187250996016,short,-0.0077509880065917,-0.0291306376457214,-0.032747745513916
2025-11-14,480,D,-0.5912190765247586,0.955179282868526,short,-0.0008130073547363,-0.0108942985534667,0.0016260147094726
2025-11-14,481,RTX,-0.5912190765247586,0.957171314741036,short,-0.0051813721656799,-0.0165120363235473,-0.0137789845466613
2025-11-14,482,TSCO,-0.5912190765247586,0.959163346613546,short,-0.0027943849563598,-0.0193740725517272,-0.0121088027954101
2025-11-14,483,SYY,-0.5912190765247586,0.9611553784860558,short,0.0102490186691284,0.0046586990356445,-0.0057234168052673
2025-11-14,484,CHD,-0.5912190765247586,0.9631474103585658,short,-0.0015658736228942,0.0038545131683349,-0.0033726692199707
2025-11-14,485,BSX,-0.5912190765247586,0.9651394422310756,short,-0.0249606966972351,-0.0507075786590576,-0.036556601524353
2025-11-14,486,BXP,-0.5912190765247586,0.9671314741035856,short,0.0002893209457397,-0.0065113306045532,0.0224280357360839
2025-11-14,487,TXT,-0.5912190765247586,0.9691235059760956,short,-0.0026230216026306,-0.0066200494766235,0.0291031599044799
2025-11-14,488,CBRE,-0.5912190765247586,0.9711155378486056,short,0.0044842958450317,0.0145237445831298,0.0578274726867675
2025-11-14,489,TMO,-0.5912190765247586,0.9731075697211156,short,0.0156394243240356,0.009838581085205,0.033341646194458
2025-11-14,490,VICI,-0.5912190765247586,0.9750996015936256,short,-0.0185860991477966,-0.0441420674324035,-0.0467972159385681
2025-11-14,491,UDR,-0.5912190765247586,0.9770916334661356,short,-0.0002899765968322,0.0058004856109619,0.0333527326583862
2025-11-14,492,BRK.B,-0.5912190765247586,0.9790836653386454,short,0.0022056102752685,-0.0042523145675659,0.0090410709381103
2025-11-14,493,BLK,-0.5912190765247586,0.9810756972111554,short,-0.0045516490936279,-0.0305528044700622,-0.004209816455841
2025-11-14,494,UNP,-0.5912190765247586,0.9830677290836654,short,-0.0008144378662109,0.0009502172470092,0.0158370733261108
2025-11-14,495,AVB,-0.5912190765247586,0.9850597609561752,short,-0.0005633234977722,-0.0026477575302124,0.0163371562957763
2025-11-14,496,V,-0.5912190765247586,0.9870517928286852,short,-0.0140292048454284,-0.00607830286026,0.0108978748321533
2025-11-14,497,BAC,-0.5912190765247586,0.9890438247011952,short,0.0031080245971679,-0.0093240141868591,0.0087412595748901
2025-11-14,498,ALLE,-0.5912190765247586,0.9910358565737052,short,0.0068763494491577,-0.0032506585121154,0.0145026445388793
2025-11-14,499,AME,-0.5912190765247586,0.9930278884462151,short,-0.0067472457885742,-0.0061195492744445,0.0210784673690795
2025-11-14,500,VTR,-0.5912190765247586,0.9950199203187252,short,0.0108860731124877,0.0098733901977539,-0.0025315880775451
2025-11-14,501,WEC,-0.5912190765247586,0.9970119521912352,short,-0.002591848373413,-0.0110822916030883,-0.0077755451202392
2025-11-14,502,WAB,-0.5912190765247586,0.999003984063745,short,-0.009870707988739,-0.0172362327575683,0.0021544694900512
2025-11-17,1,STX,0.3998359785033906,0.0009960159362549,long,0.0207792520523071,-0.0644843578338623,0.0316317081451416
2025-11-17,2,TER,0.3998359785033906,0.0029880478087649,long,0.027547001838684,-0.0293794274330139,0.0241265296936035
2025-11-17,3,LITE,0.3998359785033906,0.0049800796812749,long,0.0868529081344604,0.0329790115356445,0.1771813631057739
2025-11-17,4,COHR,0.3998359785033906,0.0069721115537848,long,0.0346724987030029,0.009844422340393,0.0774521827697753
2025-11-17,5,HOOD,0.3998359785033906,0.0089641434262948,long,0.0337707996368408,-0.0612423419952392,0.0111111402511596
2025-11-17,6,CIEN,0.3911473265380486,0.0109561752988047,long,0.0095187425613403,-0.0467379689216613,0.0494117736816406
2025-11-17,7,MU,0.3822059332445944,0.0129482071713147,long,-0.0112910270690917,-0.0924726724624633,-0.0173741579055786
2025-11-17,8,SNDK,0.3765688416023786,0.0149402390438247,long,0.0042053461074829,-0.1823377609252929,-0.0997427701950073
2025-11-17,9,WDC,0.3647274678050408,0.0169322709163346,long,0.0072615146636962,-0.0894282460212707,0.0166819095611572
2025-11-17,10,DXCM,0.3473374070288991,0.0189243027888446,long,-0.0073125958442687,0.0009971857070922,0.0252617597579956
2025-11-17,11,APP,0.3443239977216513,0.0209163346613545,long,0.0076804161071777,-0.010931372642517,0.0570712089538574
2025-11-17,12,DDOG,0.3240275499181405,0.0229083665338645,long,-0.0008500814437866,-0.10716313123703,-0.0990025997161865
2025-11-17,13,DELL,0.3228270089791172,0.0249003984063745,long,-0.0269786119461059,-0.0014671087265014,0.0263265371322631
2025-11-17,14,SMCI,0.3126377350025131,0.0268924302788844,long,-0.0335243940353393,-0.0776504874229431,-0.0693410038948059
2025-11-17,15,ORCL,0.3019811500975772,0.0288844621513944,long,0.0228581428527832,-0.0985532402992248,-0.1063994169235229
2025-11-17,16,LRCX,0.2804660980319352,0.0308764940239043,long,0.0388159751892089,-0.0041190385818481,0.0606672763824462
2025-11-17,17,VRT,0.2655273106732648,0.0328685258964143,long,0.0351207256317138,-0.0305107235908508,0.0285696983337402
2025-11-17,18,INTC,0.2650919204820455,0.0348605577689243,long,0.0227205753326416,0.0049518346786499,0.0436935424804687
2025-11-17,19,FSLR,0.2605267418715902,0.0368525896414342,long,-0.0012689232826232,-0.0090407729148864,0.0323961973190307
2025-11-17,20,FIX,0.2590341149515412,0.0388446215139442,long,0.0103259086608886,-0.0292185544967651,0.0391426086425781
2025-11-17,21,ZBRA,0.2547300487425724,0.0408366533864541,long,0.0001299381256103,0.0435253381729126,0.0797314643859863
2025-11-17,22,ALB,0.253367781114465,0.0428286852589641,long,0.035340666770935,-0.0376472473144531,0.0318807363510131
2025-11-17,23,AMD,0.2461945247211848,0.0448207171314741,long,-0.0292674303054809,-0.1151157021522522,-0.1049111485481262
2025-11-17,24,MPWR,0.2412935480205181,0.046812749003984,long,0.0323119163513183,0.0179587602615356,0.060271143913269
2025-11-17,25,COIN,0.2401687126248753,0.048804780876494,long,-0.0171893239021301,-0.0816685557365417,-0.0292983651161193
2025-11-17,26,GNRC,0.2308054849151992,0.0507968127490039,long,0.0336935520172119,0.0251297950744628,0.0428190231323242
2025-11-17,27,LLY,0.2275117051971295,0.0527888446215139,long,0.0189795494079589,0.0287848711013793,0.0775592327117919
2025-11-17,28,BLDR,0.2091380947903146,0.0547808764940239,long,-0.0289046764373779,0.0306288003921508,0.1051723957061767
2025-11-17,29,CHTR,0.2044414455462995,0.0567729083665338,long,-0.0322387814521789,0.0115102529525756,0.0003488063812255
2025-11-17,30,CEG,0.2007874302770982,0.0587649402390438,long,0.0534256696701049,-0.0036541223526,0.036083698272705
2025-11-17,473,WELL,-0.4705366086655757,0.9412350597609562,short,-0.0070099234580993,0.0082707405090332,0.0317716598510742
2025-11-17,474,WM,-0.4705366086655757,0.9432270916334662,short,0.0206341743469238,0.0251774787902832,0.0233317613601684
2025-11-17,475,WRB,-0.4705366086655757,0.945219123505976,short,-0.0104515552520751,0.0077419281005859,0.005419373512268
2025-11-17,476,WMT,-0.4705366086655757,0.947211155378486,short,-0.0076930522918701,0.0387612581253051,0.0553308725357055
2025-11-17,477,SPG,-0.4705366086655757,0.949203187250996,short,-0.0098938345909118,0.0063211917877197,0.0175892114639282
2025-11-17,478,TGT,-0.4705366086655757,0.951195219123506,short,-0.0276741981506347,-0.0102789402008056,-0.0220264196395874
2025-11-17,479,BF.B,-0.4705366086655757,0.953187250996016,short,-0.0158902406692504,0.0274467468261718,0.0400866270065307
2025-11-17,480,CB,-0.4705366086655757,0.955179282868526,short,-0.0088006854057312,0.005799651145935,0.0040462017059326
2025-11-17,481,ATO,-0.4705366086655757,0.957171314741036,short,-0.0074192881584167,-0.0003424286842346,-0.0107293725013732
2025-11-17,482,TT,-0.4705366086655757,0.959163346613546,short,-0.0005159974098205,0.0075176954269409,0.0289406776428222
2025-11-17,483,AVB,-0.4705366086655757,0.9611553784860558,short,-0.002480149269104,0.0184317827224731,0.0238430500030517
2025-11-17,484,SYK,-0.4705366086655757,0.9631474103585658,short,0.0131008625030517,0.0243380069732666,0.0432798862457275
2025-11-17,485,TDG,-0.4705366086655757,0.9651394422310756,short,-0.0073054432868957,-0.0028423070907592,0.0010954141616821
2025-11-17,486,SYY,-0.4705366086655757,0.9671314741035856,short,-0.0022397637367248,0.009617805480957,0.0001317262649536
2025-11-17,487,UDR,-0.4705366086655757,0.9691235059760956,short,0.0023207664489746,0.0324920415878295,0.046707272529602
2025-11-17,488,UNP,-0.4705366086655757,0.9711155378486056,short,0.0015850067138671,0.0244542360305786,0.0376324653625488
2025-11-17,489,TRV,-0.4705366086655757,0.9731075697211156,short,-0.0048108696937561,0.0112253427505493,0.023880124092102
2025-11-17,490,TSN,-0.4705366086655757,0.9750996015936256,short,-0.0113678574562072,0.0001863241195678,0.0648527145385742
2025-11-17,491,HLT,-0.4705366086655757,0.9770916334661356,short,-0.0034708976745605,0.0244084596633911,0.0626633167266845
2025-11-17,492,AZO,-0.4705366086655757,0.9790836653386454,short,-0.0050523281097412,0.0182842016220092,0.0313959121704101
2025-11-17,493,UBER,-0.4705366086655757,0.9810756972111554,short,-0.0146379470825195,-0.0769315361976623,-0.078912615776062
2025-11-17,494,TXT,-0.4705366086655757,0.9830677290836654,short,-0.0008766651153564,0.018534779548645,0.0384471416473388
2025-11-17,495,HCA,-0.4705366086655757,0.9850597609561752,short,0.0061069726943969,0.0268958806991577,0.07886803150177
2025-11-17,496,HIG,-0.4705366086655757,0.9870517928286852,short,-0.0070613026618957,0.0250149965286254,0.0334285497665405
2025-11-17,497,GWW,-0.4705366086655757,0.9890438247011952,short,0.004770278930664,0.0369970798492431,0.0256704092025756
2025-11-17,498,HAS,-0.4705366086655757,0.9910358565737052,short,0.0056549310684204,0.0415570735931396,0.0727248191833496
2025-11-17,499,GPC,-0.4705366086655757,0.9930278884462151,short,-0.0064178705215454,0.0186197757720947,0.021075963973999
2025-11-17,500,TKO,-0.4705366086655757,0.9950199203187252,short,0.0097019672393798,-0.0449721217155456,0.0046098232269287
2025-11-17,501,TJX,-0.4705366086655757,0.9970119521912352,short,0.0015798807144165,0.0401840209960937,0.0467784404754638
2025-11-17,502,ADM,-0.4705366086655757,0.999003984063745,short,-0.045879065990448,-0.0393248796463012,-0.0217925310134887
2025-11-18,1,LITE,0.2666343231139401,0.0009960159362549,long,-0.1326788663864135,0.113193392753601,0.1463631391525268
2025-11-18,2,MU,0.2666343231139401,0.0029880478087649,long,-0.1086667776107788,-0.008808434009552,0.0192103385925292
2025-11-18,3,HOOD,0.2666343231139401,0.0049800796812749,long,-0.1011340618133544,-0.0269973278045654,0.0849695205688476
2025-11-18,4,STX,0.2666343231139401,0.0069721115537848,long,-0.0719123482704162,-0.0222085118293762,0.0507264137268066
2025-11-18,5,SNDK,0.2666343231139401,0.0089641434262948,long,-0.2032850980758667,-0.0772483348846435,-0.1257115602493286
2025-11-18,6,CIEN,0.2666343231139401,0.0109561752988047,long,-0.0653141140937805,0.0313591957092285,0.0609704256057739
2025-11-18,7,WDC,0.2666343231139401,0.0129482071713147,long,-0.0892382264137268,-0.0197441577911376,0.0244853496551513
2025-11-18,8,DXCM,0.2666343231139401,0.0149402390438247,long,-0.0219320654869079,0.0415201187133789,0.0468776226043701
2025-11-18,9,COHR,0.2666343231139401,0.0169322709163346,long,-0.0512802600860595,0.0620539188385009,0.077375054359436
2025-11-18,10,APP,0.2602784093768814,0.0189243027888446,long,-0.0174134373664855,0.0561268329620361,0.1062541007995605
2025-11-18,11,DELL,0.2528924865428192,0.0209163346613545,long,-0.0165856480598449,0.0656726360321044,0.1162673234939575
2025-11-18,12,ORCL,0.2474990817390666,0.0229083665338645,long,-0.0658005475997924,-0.1119585037231445,-0.0912073254585266
2025-11-18,13,AMD,0.2473666932700021,0.0249003984063745,long,-0.0784164667129516,-0.0380228161811828,-0.041646122932434
2025-11-18,14,SMCI,0.2470242055665542,0.0268924302788844,long,-0.0643344521522522,-0.0121553540229797,-0.026682436466217
2025-11-18,15,FSLR,0.2385514008784918,0.0288844621513944,long,-0.0239409208297729,0.0316830873489379,0.0807559490203857
2025-11-18,16,DDOG,0.2343798727925784,0.0308764940239043,long,-0.0949463248252868,-0.1013555526733398,-0.1015824675559997
2025-11-18,17,COIN,0.2321811361051197,0.0328685258964143,long,-0.0743519067764282,-0.0051304101943969,0.0298495292663574
2025-11-18,18,MPWR,0.2192993142980724,0.0348605577689243,long,-0.0310405492782592,0.0094047784805297,0.0455547571182251
2025-11-18,19,FIX,0.2190735253614693,0.0368525896414342,long,-0.0583664774894714,0.0156582593917846,0.0434712171554565
2025-11-18,20,INTC,0.2030506120821107,0.0388446215139442,long,-0.0424380898475647,0.0193676948547363,0.0484192371368408
2025-11-18,21,ALB,0.1999199649023743,0.0408366533864541,long,-0.0736792087554931,-0.0779758095741272,0.00978684425354
2025-11-18,22,VRT,0.1995661544363605,0.0428286852589641,long,-0.064693808555603,-0.0101962685585021,0.0080281496047973
2025-11-18,23,NCLH,0.1967897056391325,0.0448207171314741,long,-0.0157480835914611,-0.0016873478889465,0.0309336185455322
2025-11-18,24,GNRC,0.1831770530927728,0.046812749003984,long,-0.0478065609931945,-0.0171805024147033,0.0105936527252197
2025-11-18,25,TTD,0.1787454642190253,0.048804780876494,long,-0.0457825660705566,-0.0281164050102233,-0.0268723368644714
2025-11-18,26,HUM,0.1707033340777393,0.0507968127490039,long,-0.0245085358619689,0.0013105869293212,0.0746614933013916
2025-11-18,27,CEG,0.1658465897969453,0.0527888446215139,long,-0.032729148864746,-0.0094410777091979,0.0045037269592285
2025-11-18,28,KVUE,0.1540894702033238,0.0547808764940239,long,0.0056040287017822,0.0435866117477417,0.0722291469573974
2025-11-18,29,LRCX,0.1538593144403927,0.0567729083665338,long,-0.0618951916694641,0.0106183290481567,0.0426075458526611
2025-11-18,30,XYZ,0.1517663549688584,0.0587649402390438,long,-0.000806450843811,-0.0022580623626708,0.0488709211349487
2025-11-18,473,BAC,-0.3302942882731556,0.9412350597609562,short,-0.0196078419685363,-0.0017300844192504,0.0186467170715332
2025-11-18,474,TT,-0.3302942882731556,0.9432270916334662,short,-0.0166408419609069,0.0076445341110229,0.0314874649047851
2025-11-18,475,TRV,-0.3302942882731556,0.945219123505976,short,0.0083371400833129,0.0188111066818237,0.0317020416259765
2025-11-18,476,TSN,-0.3302942882731556,0.947211155378486,short,-0.0064090490341186,0.0776625871658325,0.0916117429733276
2025-11-18,477,TRMB,-0.3302942882731556,0.949203187250996,short,-0.0124076604843139,0.0434925556182861,0.0727295875549316
2025-11-18,478,TXT,-0.3302942882731556,0.951195219123506,short,-0.0031335949897766,0.0327149629592895,0.0408624410629272
2025-11-18,479,V,-0.3302942882731556,0.953187250996016,short,-0.0010798573493957,0.0159816741943359,0.0298346281051635
2025-11-18,480,VICI,-0.3302942882731556,0.955179282868526,short,-0.0120068788528442,-0.0147513151168823,-0.0109776854515075
2025-11-18,481,VLTO,-0.3302942882731556,0.957171314741036,short,-0.0098717808723449,-0.0012212991714477,0.0306329727172851
2025-11-18,482,ATO,-0.3302942882731556,0.959163346613546,short,0.0048873424530029,0.003679871559143,0.0104646682739257
2025-11-18,483,AVB,-0.3302942882731556,0.9611553784860558,short,0.0003955364227294,0.0194383859634399,0.0276882648468017
2025-11-18,484,UDR,-0.3302942882731556,0.9631474103585658,short,0.0037627220153808,0.0312590599060058,0.0445730686187744
2025-11-18,485,UNP,-0.3302942882731556,0.9651394422310756,short,0.0001808404922485,0.0150562524795532,0.0429081916809082
2025-11-18,486,BR,-0.3302942882731556,0.9671314741035856,short,0.0034904479980468,-0.0004418492317199,0.0055670738220214
2025-11-18,487,ALGN,-0.3302942882731556,0.9691235059760956,short,-0.0065080523490905,0.0744315385818481,0.1013615131378173
2025-11-18,488,AZO,-0.3302942882731556,0.9711155378486056,short,0.0108335018157958,0.0112824440002441,0.0418531894683837
2025-11-18,489,AVY,-0.3302942882731556,0.9731075697211156,short,-0.0144265294075012,-0.0050463676452636,0.0224412679672241
2025-11-18,490,ALLE,-0.3302942882731556,0.9750996015936256,short,-0.0076549649238586,0.0100198984146118,0.0310555696487426
2025-11-18,491,AMT,-0.3302942882731556,0.9770916334661356,short,-0.0076454281806945,-0.0051522850990295,0.0040997266769409
2025-11-18,492,AME,-0.3302942882731556,0.9790836653386454,short,-0.0080910325050354,0.0190531015396118,0.0245863199234008
2025-11-18,493,AMCR,-0.3302942882731556,0.9810756972111554,short,-0.0071258544921875,0.0059382915496826,0.0237529277801513
2025-11-18,494,VMC,-0.3302942882731556,0.9830677290836654,short,0.0061217546463012,0.0104141235351562,0.0381731986999511
2025-11-18,495,VRTX,-0.3302942882731556,0.9850597609561752,short,0.0030639171600341,0.0070540904998779,0.0264589786529541
2025-11-18,496,VZ,-0.3302942882731556,0.9870517928286852,short,-0.0104394555091857,-0.0237921476364135,-0.0075260400772094
2025-11-18,497,WAB,-0.3302942882731556,0.9890438247011952,short,-0.0089935064315795,0.0105597972869873,0.0496665239334106
2025-11-18,498,WDAY,-0.3302942882731556,0.9910358565737052,short,-0.0314928889274597,0.012418508529663,-0.0380595326423645
2025-11-18,499,WEC,-0.3302942882731556,0.9930278884462151,short,0.0044480562210083,0.0078067779541015,0.0188815593719482
2025-11-18,500,WELL,-0.3302942882731556,0.9950199203187252,short,0.0034536123275756,0.0274251699447631,0.0474860668182373
2025-11-18,501,ABBV,-0.3302942882731556,0.9970119521912352,short,-0.0148555636405944,-0.0145979523658752,-0.0225408673286438
2025-11-18,502,AAPL,-0.3302942882731556,0.999003984063745,short,-0.008601427078247,0.0274055004119873,0.0334748029708862
2025-11-19,1,LITE,0.3998359785033906,0.0009960159362549,long,0.0958240032196044,0.248799443244934,0.3941004276275635
2025-11-19,2,COHR,0.3972188922245839,0.0029880478087649,long,0.0287588834762573,0.0976330041885376,0.2112675905227661
2025-11-19,3,TER,0.3972188922245839,0.0049800796812749,long,0.019307255744934,0.0754971504211425,0.1667094230651855
2025-11-19,4,WDC,0.3954850708443516,0.0069721115537848,long,-0.0074163675308227,0.1082507371902465,0.1647294759750366
2025-11-19,5,CIEN,0.3922625184516921,0.0089641434262948,long,0.0102578401565551,0.1121565103530883,0.1573250293731689
2025-11-19,6,SNDK,0.3911473265380486,0.0109561752988047,long,0.0219942331314086,0.1252295970916748,0.139416217803955
2025-11-19,7,AMD,0.3837309943041564,0.0129482071713147,long,-0.0108727812767028,0.0005339384078979,0.05586838722229
2025-11-19,8,STX,0.3797404267850303,0.0149402390438247,long,-0.0125155448913574,0.0889397859573364,0.1504781246185302
2025-11-19,9,HOOD,0.3727882131879257,0.0169322709163346,long,0.0102627277374267,0.0881272554397583,0.2097731828689575
2025-11-19,10,MU,0.3533260583765445,0.0189243027888446,long,0.0297958850860595,0.1150121688842773,0.1743556261062622
2025-11-19,11,APP,0.3492582526718889,0.0209163346613545,long,-0.0010752081871032,0.0676050186157226,0.1510310173034668
2025-11-19,12,ORCL,0.3383906502655538,0.0229083665338645,long,-0.0566235184669494,-0.0648345947265625,-0.0414827466011047
2025-11-19,13,INTC,0.2961540250759815,0.0249003984063745,long,0.0261749029159545,0.0657347440719604,0.2064248323440551
2025-11-19,14,VRT,0.2635708087000633,0.0268924302788844,long,0.0013784170150756,0.0624021291732788,0.1260572671890258
2025-11-19,15,COIN,0.2565421627534789,0.0288844621513944,long,0.0094474554061889,0.0670137405395507,0.1455323696136474
2025-11-19,16,MPWR,0.2541190737765194,0.0308764940239043,long,0.0176856517791748,0.0599867105484008,0.0828053951263427
2025-11-19,17,ALB,0.25049280628615,0.0328685258964143,long,0.0034358501434326,0.0759320259094238,0.1165608167648315
2025-11-19,18,LRCX,0.2453827208390576,0.0348605577689243,long,0.0219212770462036,0.0884016752243042,0.1175585985183715
2025-11-19,19,XYZ,0.2413705627489104,0.0368525896414342,long,0.0,0.0280871391296386,0.0782890319824218
2025-11-19,20,GNRC,0.238265375002354,0.0388446215139442,long,0.0415061712265014,0.0594779253005981,0.0813721418380737
2025-11-19,21,DELL,0.2342792566856383,0.0408366533864541,long,0.0435264110565185,0.0725723505020141,0.1358603239059448
2025-11-19,22,SMCI,0.2310411631278461,0.0428286852589641,long,0.0199619531631469,0.0291508436203002,0.0725601911544799
2025-11-19,23,FSLR,0.2299887686954186,0.0448207171314741,long,0.0165555477142334,0.0590627193450927,0.1101529598236084
2025-11-19,24,TTD,0.2245828702381657,0.046812749003984,long,0.0338983535766601,0.0192960500717163,0.0315515995025634
2025-11-19,25,BLDR,0.2082888515959295,0.048804780876494,long,0.0713758468627929,0.1488666534423828,0.1832367181777954
2025-11-19,26,FIX,0.2066610498897728,0.0507968127490039,long,0.0204179286956787,0.0922744274139404,0.1149864196777343
2025-11-19,27,CHTR,0.1896935438925059,0.0527888446215139,long,0.0425760746002197,0.0310717821121215,0.0277848243713378
2025-11-19,28,Q,0.1845358200411291,0.0547808764940239,long,0.0120160579681396,0.0415220260620117,0.0826435089111328
2025-11-19,29,IP,0.1770054957777009,0.0567729083665338,long,0.0581461191177368,0.0991573333740234,0.1089887619018554
2025-11-19,30,LLY,0.1743611944839065,0.0587649402390438,long,0.0157289505004882,0.0638843774795532,0.0308446884155273
2025-11-19,473,BAC,-0.4705366086655757,0.9412350597609562,short,0.0109803676605224,0.0290195941925048,0.0519608259201049
2025-11-19,474,BALL,-0.4705366086655757,0.9432270916334662,short,0.040910005569458,0.0306825637817382,0.0338133573532104
2025-11-19,475,TKO,-0.4705366086655757,0.945219123505976,short,0.0095188617706298,0.0619298219680786,0.0985890626907348
2025-11-19,476,TRMB,-0.4705366086655757,0.947211155378486,short,0.029537558555603,0.080593466758728,0.0882116556167602
2025-11-19,477,TRV,-0.4705366086655757,0.949203187250996,short,0.0077123641967773,0.0203231573104858,0.0174047946929931
2025-11-19,478,TSN,-0.4705366086655757,0.951195219123506,short,0.0182127952575683,0.0840448141098022,0.101309061050415
2025-11-19,479,CBRE,-0.4705366086655757,0.953187250996016,short,0.0343712568283081,0.0701279640197753,0.067621111869812
2025-11-19,480,CL,-0.4705366086655757,0.955179282868526,short,0.0262490510940551,0.0121734142303466,0.0194014310836792
2025-11-19,481,BRK.B,-0.4705366086655757,0.957171314741036,short,0.0058269500732421,0.0148667097091674,0.0253232717514038
2025-11-19,482,TFC,-0.4705366086655757,0.959163346613546,short,0.0243242979049682,0.0432431697845459,0.0472972393035888
2025-11-19,483,UDR,-0.4705366086655757,0.9611553784860558,short,0.0262398719787597,0.0403691530227661,0.0501729249954223
2025-11-19,484,TXT,-0.4705366086655757,0.9631474103585658,short,0.0226329565048217,0.0426254272460937,0.0456432104110717
2025-11-19,485,AZO,-0.4705366086655757,0.9651394422310756,short,0.0124863386154174,0.02552330493927,0.0271494388580322
2025-11-19,486,ATO,-0.4705366086655757,0.9671314741035856,short,0.002231478691101,-0.0081822276115417,0.0091547966003417
2025-11-19,487,ALLE,-0.4705366086655757,0.9691235059760956,short,0.0214487314224243,0.0416431427001953,0.041266918182373
2025-11-19,488,VLTO,-0.4705366086655757,0.9711155378486056,short,0.0173708200454711,0.068557858467102,0.0403946638107299
2025-11-19,489,USB,-0.4705366086655757,0.9731075697211156,short,0.0277478694915771,0.0520541667938232,0.0550655126571655
2025-11-19,490,V,-0.4705366086655757,0.9750996015936256,short,0.0130031108856201,0.0332335233688354,0.032955527305603
2025-11-19,491,UNP,-0.4705366086655757,0.9770916334661356,short,0.0226480960845947,0.0358030796051025,0.0480086803436279
2025-11-19,492,AVB,-0.4705366086655757,0.9790836653386454,short,0.0205602645874023,0.0259828567504882,0.0276774168014526
2025-11-19,493,AMT,-0.4705366086655757,0.9810756972111554,short,0.0024564266204833,0.0035730600357055,0.0120031833648681
2025-11-19,494,AME,-0.4705366086655757,0.9830677290836654,short,0.0263130664825439,0.0378906726837158,0.0414166450500488
2025-11-19,495,VMC,-0.4705366086655757,0.9850597609561752,short,0.0065041780471801,0.0236039161682128,0.0394096374511718
2025-11-19,496,AMCR,-0.4705366086655757,0.9870517928286852,short,0.0167464017868042,0.0179425477981567,0.0191386938095092
2025-11-19,497,WAB,-0.4705366086655757,0.9890438247011952,short,0.0208014249801635,0.0506781339645385,0.063271164894104
2025-11-19,498,VZ,-0.4705366086655757,0.9910358565737052,short,0.0115309953689575,-0.0041707158088684,0.0085868835449218
2025-11-19,499,WDAY,-0.4705366086655757,0.9930278884462151,short,0.0384207963943481,0.0778561830520629,-0.0054886937141418
2025-11-19,500,WEC,-0.4705366086655757,0.9950199203187252,short,0.0044283866882324,0.0051513910293579,0.0128332376480102
2025-11-19,501,WELL,-0.4705366086655757,0.9970119521912352,short,0.01189386844635,0.0354793071746826,0.0538516044616699
2025-11-19,502,A,-0.4705366086655757,0.999003984063745,short,0.0426720380783081,0.0836894512176513,0.0581828355789184
2025-11-20,1,LITE,0.560502581081412,0.0009960159362549,long,0.1712508201599121,0.2061505317687988,0.2439062595367431
2025-11-20,2,COHR,0.5526152405688386,0.0029880478087649,long,0.0881657600402832,0.1038635969161987,0.1719590425491333
2025-11-20,3,WDC,0.5512517194194342,0.0049800796812749,long,0.0843451023101806,0.1332710981369018,0.1749407052993774
2025-11-20,4,STX,0.5470670314045195,0.0069721115537848,long,0.0669081211090087,0.1464903354644775,0.1373111009597778
2025-11-20,5,SNDK,0.5235272147472095,0.0089641434262948,long,0.1332701444625854,0.0737503767013549,0.0494332313537597
2025-11-20,6,TER,0.5069210761266719,0.0109561752988047,long,0.0444276332855224,0.1288150548934936,0.1303882598876953
2025-11-20,7,MU,0.502736469499302,0.0129482071713147,long,0.0798572301864624,0.1103824377059936,0.1595698595046997
2025-11-20,8,AMD,0.4978323850007954,0.0149402390438247,long,0.0553047657012939,0.0513298511505126,0.0784178972244262
2025-11-20,9,DXCM,0.4726701081628384,0.0169322709163346,long,0.0328739881515502,0.0381869077682495,0.0546239614486694
2025-11-20,10,CIEN,0.4716827592438875,0.0189243027888446,long,0.0922248363494873,0.1235835552215576,0.1271177530288696
2025-11-20,11,VRT,0.4466436334899283,0.0209163346613545,long,0.0568103790283203,0.0762685537338256,0.1213164329528808
2025-11-20,12,GNRC,0.3831116879808523,0.0229083665338645,long,-0.0089701414108276,0.0190359354019165,0.0217748880386352
2025-11-20,13,DDOG,0.36884471214287,0.0249003984063745,long,0.0056489706039428,0.0053950548171997,0.0022214651107788
2025-11-20,14,ALB,0.3542235634645251,0.0268924302788844,long,-0.0080465674400329,0.0863722562789917,0.0985276699066162
2025-11-20,15,ZBRA,0.3337223116992719,0.0288844621513944,long,0.0062253475189208,0.0396348237991333,0.0429134368896484
2025-11-20,16,HOOD,0.3201069764087239,0.0308764940239043,long,0.0714818239212036,0.194780945777893,0.1485553979873657
2025-11-20,17,APP,0.3096738153762266,0.0328685258964143,long,0.0760004520416259,0.1270710229873657,0.1986122131347656
2025-11-20,18,LRCX,0.3022081033810681,0.0348605577689243,long,0.0541886091232299,0.0875569581985473,0.0851033926010131
2025-11-20,19,INTC,0.2903822115664046,0.0368525896414342,long,0.0373913049697876,0.0669565200805664,0.1597100496292114
2025-11-20,20,FSLR,0.2887460921464456,0.0388446215139442,long,0.0397742986679077,0.0892320871353149,0.054539680480957
2025-11-20,21,MPWR,0.288450647165144,0.0408366533864541,long,0.0236372947692871,0.060296893119812,0.0641944408416748
2025-11-20,22,DELL,0.2817709100091972,0.0428286852589641,long,0.0384458303451538,0.0877479314804077,0.0781975984573364
2025-11-20,23,RCL,0.2486666983643159,0.0448207171314741,long,-0.0322616696357727,0.0061342716217041,0.0095043182373046
2025-11-20,24,Q,0.23850623953025,0.046812749003984,long,-0.0298153162002563,0.045250654220581,0.0237466096878051
2025-11-20,25,NCLH,0.2240161534747919,0.048804780876494,long,-0.024725317955017,0.0071427822113037,0.0203295946121215
2025-11-20,26,TTD,0.2240161534747919,0.0507968127490039,long,-0.0148801803588867,-0.0136191844940185,-0.0017654299736022
2025-11-20,27,PLTR,0.2182515921243462,0.0527888446215139,long,0.0477881431579589,0.0705198049545288,0.0816273689270019
2025-11-20,28,ORCL,0.216271972876808,0.0547808764940239,long,0.0076473951339721,0.0311934947967529,0.0109680891036987
2025-11-20,29,TSLA,0.2144255243588601,0.0567729083665338,long,0.0682451725006103,0.0907464027404785,0.0998492240905761
2025-11-20,30,COIN,0.211031840345626,0.0587649402390438,long,0.0647227764129638,0.102158784866333,0.0808202028274536
2025-11-20,473,CBOE,-0.6050577055295966,0.9412350597609562,short,0.0075217485427856,0.0218527317047119,0.0106096267700195
2025-11-20,474,SHW,-0.6050577055295966,0.9432270916334662,short,0.0027887821197509,0.0187801122665405,0.0131430625915527
2025-11-20,475,CAG,-0.6050577055295966,0.945219123505976,short,-0.0140686631202697,0.002813696861267,-0.0056275129318237
2025-11-20,476,BRK.B,-0.6050577055295966,0.947211155378486,short,0.0074795484542846,0.014264702796936,0.0089476108551025
2025-11-20,477,CB,-0.6050577055295966,0.949203187250996,short,-0.0083140730857849,-0.0013074874877929,-0.0147842764854431
2025-11-20,478,REG,-0.6050577055295966,0.951195219123506,short,0.0042330026626586,0.0055030584335327,-0.0004233717918395
2025-11-20,479,CINF,-0.6050577055295966,0.953187250996016,short,0.0041561126708984,0.014817476272583,6.020069122314453e-05
2025-11-20,480,PPL,-0.6050577055295966,0.955179282868526,short,0.0099668502807617,0.0163344144821167,-0.0088593363761901
2025-11-20,481,CME,-0.6050577055295966,0.957171314741036,short,0.009484052658081,0.0284887552261352,0.0216045379638671
2025-11-20,482,PNW,-0.6050577055295966,0.959163346613546,short,0.0032529830932617,0.0161525011062622,0.0019068717956542
2025-11-20,483,ROL,-0.6050577055295966,0.9611553784860558,short,-0.0031504034996032,0.0197314023971557,0.0144253969192504
2025-11-20,484,CL,-0.6050577055295966,0.9631474103585658,short,-0.0216236114501953,-0.0109971761703491,-0.0122327804565429
2025-11-20,485,FOXA,-0.6050577055295966,0.9651394422310756,short,-0.0211600065231323,-0.0097427368164062,0.0106561183929443
2025-11-20,486,FRT,-0.6050577055295966,0.9671314741035856,short,-0.0084720253944396,0.0061242580413818,0.0035724639892578
2025-11-20,487,ATO,-0.6050577055295966,0.9691235059760956,short,-0.0034254789352416,0.003311276435852,-0.0196391940116882
2025-11-20,488,TRV,-0.6050577055295966,0.9711155378486056,short,0.0026545524597167,0.01534104347229,0.0014823675155639
2025-11-20,489,TJX,-0.6050577055295966,0.9731075697211156,short,-0.016971468925476,0.0112264156341552,-0.0019810199737548
2025-11-20,490,SYY,-0.6050577055295966,0.9750996015936256,short,-0.0251859426498413,-0.009526252746582,-0.0093957185745239
2025-11-20,491,FOX,-0.6050577055295966,0.9770916334661356,short,-0.0241799354553222,-0.017247200012207,0.0033818483352661
2025-11-20,492,AWK,-0.6050577055295966,0.9790836653386454,short,-0.0092663168907165,-0.0217719078063964,-0.0131083726882934
2025-11-20,493,WTW,-0.6050577055295966,0.9810756972111554,short,0.0078400373458862,0.0196160078048706,0.0182193517684936
2025-11-20,494,AVB,-0.6050577055295966,0.9830677290836654,short,-0.001494288444519,0.0065861940383911,-0.0057007074356079
2025-11-20,495,HIG,-0.6050577055295966,0.9850597609561752,short,0.0013924837112426,0.00688898563385,-0.006962239742279
2025-11-20,496,GWW,-0.6050577055295966,0.9870517928286852,short,-0.0233051776885986,-0.0074043273925781,-0.0076459050178527
2025-11-20,497,YUM,-0.6050577055295966,0.9890438247011952,short,-0.0124198794364929,0.0053602457046508,-0.0152961015701293
2025-11-20,498,XOM,-0.6050577055295966,0.9910358565737052,short,-0.0094807147979736,-0.0197301506996154,-0.0038435459136962
2025-11-20,499,UNP,-0.6050577055295966,0.9930278884462151,short,-0.0076032280921936,0.0196269750595092,0.0227212905883789
2025-11-20,500,V,-0.6050577055295966,0.9950199203187252,short,0.0040245056152343,0.017714500427246,0.0073480606079101
2025-11-20,501,ACGL,-0.6050577055295966,0.9970119521912352,short,-0.0056239962577819,0.020982027053833,0.0075708627700805
2025-11-20,502,AMCR,-0.6050577055295966,0.999003984063745,short,-0.0035294294357299,0.0141175985336303,0.0047059059143066
2025-11-21,1,LITE,0.5297415051452619,0.0009960159362549,long,-0.0270243287086486,0.0861839056015014,0.0115246772766113
2025-11-21,2,HOOD,0.5281243301633932,0.0029880478087649,long,0.0052187442779541,0.1175959110260009,0.0955030918121337
2025-11-21,3,COHR,0.5278824179532242,0.0049800796812749,long,-0.0194979906082153,0.0820103883743286,0.0861603021621704
2025-11-21,4,SNDK,0.5264811776901125,0.0069721115537848,long,-0.0284631848335266,-0.016214370727539,-0.0952150225639343
2025-11-21,5,WDC,0.5264811776901125,0.0089641434262948,long,0.0296827554702758,0.0821573734283447,0.0600279569625854
2025-11-21,6,AMD,0.5247485902748056,0.0109561752988047,long,-0.04147869348526,0.011532187461853,0.0008835792541503
2025-11-21,7,DDOG,0.5223051042466237,0.0129482071713147,long,0.0034713745117187,0.0099090337753295,-0.0123706459999084
2025-11-21,8,ZBRA,0.504972822832119,0.0149402390438247,long,0.0282944440841674,0.0424829721450805,0.0450402498245239
2025-11-21,9,VRT,0.4778006566856514,0.0169322709163346,long,0.0039074420928955,0.06405770778656,0.0710437297821044
2025-11-21,10,MU,0.476455265381475,0.0189243027888446,long,0.0026794672012329,0.0560443401336669,0.0694860219955444
2025-11-21,11,TER,0.476455265381475,0.0209163346613545,long,0.0102428197860717,0.0959209203720092,0.1444237232208252
2025-11-21,12,STX,0.4729568787801868,0.0229083665338645,long,0.0335859060287475,0.0919961929321289,0.0532401800155639
2025-11-21,13,CIEN,0.4227968615395877,0.0249003984063745,long,0.0079096555709838,0.0488444566726684,0.0400615930557251
2025-11-21,14,RCL,0.4222287302346085,0.0268924302788844,long,0.0424150228500366,0.0417889356613159,0.0372108221054077
2025-11-21,15,DELL,0.4168505209254109,0.0288844621513944,long,-0.0102185606956481,0.0481842756271362,0.068621277809143
2025-11-21,16,INTC,0.4116349396061186,0.0308764940239043,long,0.0011177062988281,0.133277416229248,0.2145850658416748
2025-11-21,17,ALB,0.4100359868792144,0.0328685258964143,long,0.0809458494186401,0.1217639446258544,0.1057990789413452
2025-11-21,18,APP,0.3987934486733383,0.0348605577689243,long,-0.0067344903945922,0.0708824396133422,0.1664880514144897
2025-11-21,19,NCLH,0.3723992945801531,0.0368525896414342,long,0.0338028669357299,0.0399999618530273,0.0383099317550659
2025-11-21,20,BLDR,0.3704163536066594,0.0388446215139442,long,0.0839550495147705,0.1163831949234008,0.115090012550354
2025-11-21,21,LRCX,0.350043275414882,0.0408366533864541,long,0.0103071928024292,0.0373719930648803,0.051935076713562
2025-11-21,22,SMCI,0.3335168462069182,0.0428286852589641,long,-0.0252100825309753,0.0159063339233398,-0.0120048522949218
2025-11-21,23,ORCL,0.3298342059168341,0.0448207171314741,long,-0.0162273049354553,0.0083383321762084,0.0040943622589111
2025-11-21,24,GNRC,0.3258949161455934,0.046812749003984,long,0.0264630317687988,0.0476750135421752,0.0731016397476196
2025-11-21,25,DXCM,0.3223805592477071,0.048804780876494,long,-0.0083587765693664,0.0202540159225463,0.0360070466995239
2025-11-21,26,COIN,0.3080973831799745,0.0507968127490039,long,-0.0072274208068847,0.0658280849456787,0.0284799337387084
2025-11-21,27,SW,0.2978866945845383,0.0527888446215139,long,0.0370810031890869,0.0587363243103027,0.0219520330429077
2025-11-21,28,TTD,0.2738846534981933,0.0547808764940239,long,0.0007680654525756,0.0128008127212524,0.0227854251861572
2025-11-21,29,Q,0.2722065755617596,0.0567729083665338,long,0.0607832670211792,0.1026651859283447,0.0844438076019287
2025-11-21,30,SNPS,0.2713820538260971,0.0587649402390438,long,-0.0074636340141296,0.0330672264099121,0.1105207204818725
2025-11-21,473,KDP,-0.5840117646210096,0.9412350597609562,short,-0.0113304853439331,0.0197367668151855,0.0281431674957275
2025-11-21,474,SYY,-0.5840117646210096,0.9432270916334662,short,0.0161981582641601,0.0200803279876709,-0.0034804940223693
2025-11-21,475,JCI,-0.5840117646210096,0.945219123505976,short,0.0040283203125,0.0185655355453491,0.0095454454421997
2025-11-21,476,HON,-0.5840117646210096,0.947211155378486,short,0.0125092267990112,0.0187108516693115,0.0237994194030761
2025-11-21,477,CNP,-0.5840117646210096,0.949203187250996,short,-0.0078046917915344,0.0065457820892333,-0.03449147939682
2025-11-21,478,COP,-0.5840117646210096,0.951195219123506,short,-0.0107354521751403,0.012905478477478,0.019757866859436
2025-11-21,479,TRV,-0.5840117646210096,0.953187250996016,short,0.0098336935043334,0.0069453716278076,-0.0079769492149353
2025-11-21,480,GILD,-0.5840117646210096,0.955179282868526,short,0.0147681236267089,0.0045502185821533,-0.0108565092086792
2025-11-21,481,TSN,-0.5840117646210096,0.957171314741036,short,-0.0005246996879577,0.0153926610946655,0.0029736757278442
2025-11-21,482,CPT,-0.5840117646210096,0.959163346613546,short,0.0147171020507812,0.0162461996078491,0.0129969120025634
2025-11-21,483,CSX,-0.5840117646210096,0.9611553784860558,short,0.0148299932479858,0.0282058715820312,0.0168653726577758
2025-11-21,484,GD,-0.5840117646210096,0.9631474103585658,short,0.0086948871612548,0.0103510618209838,-0.0068908929824829
2025-11-21,485,COST,-0.5840117646210096,0.9651394422310756,short,0.0092651844024658,0.0310003757476806,0.0405250787734985
2025-11-21,486,HIG,-0.5840117646210096,0.9671314741035856,short,0.0068062543869018,0.0028542280197143,-0.0112704634666442
2025-11-21,487,FOXA,-0.5840117646210096,0.9691235059760956,short,0.0066874027252197,0.0186624526977539,0.03032648563385
2025-11-21,488,CVX,-0.5840117646210096,0.9711155378486056,short,-0.0081469416618347,0.0092153549194335,0.0033389329910278
2025-11-21,489,CSCO,-0.5840117646210096,0.9731075697211156,short,0.0010493993759155,0.0091816186904907,0.0082634687423706
2025-11-21,490,FRT,-0.5840117646210096,0.9750996015936256,short,0.0127650499343872,0.0163681507110595,0.0047354698181152
2025-11-21,491,FE,-0.5840117646210096,0.9770916334661356,short,-0.0088720321655273,0.0080270767211914,-0.035487949848175
2025-11-21,492,ETR,-0.5840117646210096,0.9790836653386454,short,-0.0021994709968566,0.0213656425476074,-0.0262882709503173
2025-11-21,493,EVRG,-0.5840117646210096,0.9810756972111554,short,-0.0058426260948181,0.0081797838211059,-0.032329261302948
2025-11-21,494,EXC,-0.5840117646210096,0.9830677290836654,short,-0.0097339749336242,0.0192515850067138,-0.0266060829162597
2025-11-21,495,DUK,-0.5840117646210096,0.9850597609561752,short,-0.0013104677200317,0.0151528120040893,-0.019657552242279
2025-11-21,496,DTE,-0.5840117646210096,0.9870517928286852,short,0.0,0.0070551633834838,-0.0332182049751281
2025-11-21,497,WTW,-0.5840117646210096,0.9890438247011952,short,0.0097632408142089,0.0109599828720092,-0.0057633519172668
2025-11-21,498,WRB,-0.5840117646210096,0.9910358565737052,short,0.0050302743911743,0.0020637512207031,-0.0610085725784301
2025-11-21,499,XEL,-0.5840117646210096,0.9930278884462151,short,0.0016196966171264,0.0230500698089599,-0.0152006149291992
2025-11-21,500,XOM,-0.5840117646210096,0.9950199203187252,short,-0.0125894546508789,-0.0004311800003051,-0.0050875544548034
2025-11-21,501,V,-0.5840117646210096,0.9970119521912352,short,0.0158822536468505,0.0156089067459106,0.0009717941284179
2025-11-21,502,AMT,-0.5840117646210096,0.999003984063745,short,0.0010579824447631,0.0094670057296752,-0.0209389925003051
2025-11-24,1,AMD,0.5289204217368467,0.0009960159362549,long,0.0393440723419189,0.0661232471466064,0.0556445121765136
2025-11-24,2,SNDK,0.5227218603219473,0.0029880478087649,long,-0.0247619152069091,-0.0468480587005615,-0.1184580326080322
2025-11-24,3,LITE,0.5200607151817456,0.0049800796812749,long,0.0583994388580322,0.0915302038192749,0.0402033329010009
2025-11-24,4,TER,0.5034993897205589,0.0069721115537848,long,0.069839596748352,0.0713306665420532,0.1634758710861206
2025-11-24,5,WDC,0.4931888486014203,0.0089641434262948,long,0.0149925947189331,0.052313208580017,0.0011582374572753
2025-11-24,6,COHR,0.4931888486014203,0.0109561752988047,long,0.0345985889434814,0.0984212160110473,0.1485388278961181
2025-11-24,7,STX,0.4585984326197829,0.0129482071713147,long,0.0396730899810791,0.0313490629196167,-0.0122952461242675
2025-11-24,8,MU,0.458168878187408,0.0149402390438247,long,0.0255199670791625,0.0709482431411743,0.0428895950317382
2025-11-24,9,VRT,0.4399760005051999,0.0169322709163346,long,0.0144482851028442,0.0569086074829101,0.054903507232666
2025-11-24,10,INTC,0.4278502270980903,0.0189243027888446,long,0.0273513793945312,0.1166619062423706,0.2213227748870849
2025-11-24,11,HOOD,0.4247502943202758,0.0209163346613545,long,0.1092844009399414,0.0663666725158691,0.1563555002212524
2025-11-24,12,COIN,0.4161236128649976,0.0229083665338645,long,0.0426963567733764,0.0225090980529785,0.0897214412689209
2025-11-24,13,CIEN,0.3838559672060428,0.0249003984063745,long,0.0206379890441894,0.0238482952117919,-0.0147268772125244
2025-11-24,14,BLDR,0.383374571994118,0.0268924302788844,long,0.025511622428894,0.0386344194412231,0.0501973628997802
2025-11-24,15,LRCX,0.3721775664124751,0.0288844621513944,long,0.0211281776428222,0.0188244581222534,0.0514711141586303
2025-11-24,16,ALB,0.3670750474469183,0.0308764940239043,long,0.0131726264953613,0.0245090723037719,0.0098195075988769
2025-11-24,17,DELL,0.3573843527857034,0.0328685258964143,long,0.058290958404541,0.0489993095397949,0.0612293481826782
2025-11-24,18,RCL,0.354559446668246,0.0348605577689243,long,-0.0026275515556335,0.0007132291793823,-0.0024023652076721
2025-11-24,19,APP,0.3446907232449788,0.0368525896414342,long,0.0545653104782104,0.1215041875839233,0.1909608840942382
2025-11-24,20,GNRC,0.3370627800864606,0.0388446215139442,long,0.0017502307891845,0.0044426918029785,0.0714190006256103
2025-11-24,21,DDOG,0.3252377221363963,0.0408366533864541,long,-0.0037109851837158,-0.0068558454513549,-0.0198754668235778
2025-11-24,22,SNPS,0.324371126282354,0.0428286852589641,long,0.0200941562652587,0.0913324356079101,0.1614253520965576
2025-11-24,23,TTD,0.3194539116074394,0.0448207171314741,long,0.0005116462707519,0.0125352144241333,-0.0122793316841125
2025-11-24,24,DXCM,0.3151183000032186,0.046812749003984,long,0.0136164426803588,0.0296645164489746,0.051223874092102
2025-11-24,25,ORCL,0.2998173122849672,0.048804780876494,long,0.0402476787567138,0.0198447704315185,0.0543063879013061
2025-11-24,26,NCLH,0.2827585149815058,0.0507968127490039,long,-0.0010899305343627,0.0119891166687011,0.0261579751968383
2025-11-24,27,SMCI,0.2797248599114566,0.0527888446215139,long,0.0107759237289428,0.0286329984664917,0.0369458198547363
2025-11-24,28,Q,0.274824484467126,0.0547808764940239,long,0.0156390666961669,-0.0052557587623596,0.0290987491607666
2025-11-24,29,PLTR,0.234005059674213,0.0567729083665338,long,0.0135738849639892,0.0240905284881591,0.0766125917434692
2025-11-24,30,TSLA,0.2294864361672205,0.0587649402390438,long,0.0171196460723876,0.0256080627441406,0.0651884078979492
2025-11-24,473,FTNT,-0.603971575019024,0.9412350597609562,short,-0.0039569735527038,0.0117472410202026,0.0233708620071411
2025-11-24,474,FRT,-0.603971575019024,0.9432270916334662,short,0.0019313097000122,-0.0006098747253417,-0.0050823092460632
2025-11-24,475,GD,-0.603971575019024,0.945219123505976,short,-0.0030199289321899,-0.0254786610603332,-0.0087665915489196
2025-11-24,476,TJX,-0.603971575019024,0.947211155378486,short,0.004855990409851,-0.0082682371139526,-0.0152897238731384
2025-11-24,477,GEN,-0.603971575019024,0.949203187250996,short,-0.0164917707443237,-0.0149924755096435,0.0191154479980468
2025-11-24,478,TDG,-0.603971575019024,0.951195219123506,short,0.0018261671066284,0.0017153024673461,-0.0112455487251281
2025-11-24,479,TFC,-0.603971575019024,0.953187250996016,short,-0.0017270445823669,0.0053972005844116,0.0237478017807006
2025-11-24,480,FITB,-0.603971575019024,0.955179282868526,short,0.0011553764343261,0.0113216638565063,0.0381238460540771
2025-11-24,481,BAC,-0.603971575019024,0.957171314741036,short,0.0097180604934692,0.014481782913208,0.030678391456604
2025-11-24,482,ESS,-0.603971575019024,0.959163346613546,short,0.0036758184432983,-0.0035228133201599,-0.0052841305732727
2025-11-24,483,SPGI,-0.603971575019024,0.9611553784860558,short,0.0028733015060424,0.0021853446960449,0.0115138292312622
2025-11-24,484,SPG,-0.603971575019024,0.9631474103585658,short,0.0023226737976074,5.400180816650391e-05,-0.0152865648269653
2025-11-24,485,SO,-0.603971575019024,0.9651394422310756,short,0.0106394290924072,-0.003135859966278,-0.0146712660789489
2025-11-24,486,SNA,-0.603971575019024,0.9671314741035856,short,0.00079345703125,-0.0053483843803405,0.0119016170501708
2025-11-24,487,GPC,-0.603971575019024,0.9691235059760956,short,0.0076822042465209,0.0083805322647094,0.0046559572219848
2025-11-24,488,UNP,-0.603971575019024,0.9711155378486056,short,0.0066773891448974,0.0097324848175048,0.0266224145889282
2025-11-24,489,UPS,-0.603971575019024,0.9731075697211156,short,0.0119526386260986,0.0071927309036254,0.0388195514678955
2025-11-24,490,SYK,-0.603971575019024,0.9750996015936256,short,-0.0074383616447448,-0.0073583722114562,-0.0243414044380188
2025-11-24,491,AZO,-0.603971575019024,0.9770916334661356,short,0.005035400390625,-0.000273585319519,-0.0316990613937377
2025-11-24,492,AWK,-0.603971575019024,0.9790836653386454,short,-0.0041413903236389,0.0046782493591308,0.0044481754302978
2025-11-24,493,AVB,-0.603971575019024,0.9810756972111554,short,0.0012662410736083,-0.0109557509422302,-0.0006605982780456
2025-11-24,494,ATO,-0.603971575019024,0.9830677290836654,short,0.013845682144165,-0.0093457698822021,-0.0126341581344604
2025-11-24,495,FDX,-0.603971575019024,0.9850597609561752,short,0.0071566104888916,-0.0019352436065673,-0.0124875903129577
2025-11-24,496,WEC,-0.603971575019024,0.9870517928286852,short,0.0091710090637207,-0.0169034600257873,-0.03533536195755
2025-11-24,497,GL,-0.603971575019024,0.9890438247011952,short,-0.0036935806274414,-0.0209795236587524,-0.0336114764213562
2025-11-24,498,TT,-0.603971575019024,0.9910358565737052,short,0.001957893371582,-0.0206771492958068,-0.0232796669006347
2025-11-24,499,WAB,-0.603971575019024,0.9930278884462151,short,0.008103609085083,0.0124708414077758,0.0357627868652343
2025-11-24,500,WMB,-0.603971575019024,0.9950199203187252,short,0.0143170356750488,0.0348660945892334,0.0367188453674316
2025-11-24,501,AIG,-0.603971575019024,0.9970119521912352,short,0.0137314796447753,0.0213304758071899,0.0274629592895507
2025-11-24,502,AFL,-0.603971575019024,0.999003984063745,short,-0.0096747875213623,-0.01863294839859,-0.0232016444206237
2025-11-25,1,SNDK,0.5461630716493058,0.0009960159362549,long,0.0383185148239135,-0.0450613498687744,-0.0080450177192687
2025-11-25,2,HOOD,0.5461630716493058,0.0029880478087649,long,0.0022621154785156,-0.0175507068634033,0.0692667961120605
2025-11-25,3,AMD,0.543501926509104,0.0049800796812749,long,0.0153565406799316,0.0046676397323608,0.0081217288970947
2025-11-25,4,COHR,0.5333508785107647,0.0069721115537848,long,0.0666233301162719,0.0707142353057861,0.1516233682632446
2025-11-25,5,LITE,0.5162553446591441,0.0089641434262948,long,0.0547554492950439,-0.0177435874938964,0.063481330871582
2025-11-25,6,WDC,0.5016343374315891,0.0109561752988047,long,0.035438060760498,0.0142639875411987,0.0206668376922607
2025-11-25,7,MU,0.4970013708347616,0.0129482071713147,long,0.0270129442214965,0.0400851964950561,-0.0156779289245605
2025-11-25,8,TER,0.4904594825819619,0.0149402390438247,long,0.0139926671981811,0.0588694810867309,0.1073141098022461
2025-11-25,9,COIN,0.4870932062520666,0.0169322709163346,long,0.0296260118484497,-0.006453514099121,0.0342680215835571
2025-11-25,10,VRT,0.4656316522762834,0.0189243027888446,long,0.0448203086853027,0.0516800880432128,0.0611555576324462
2025-11-25,11,STX,0.439925705182242,0.0209163346613545,long,0.0161966085433959,-0.0198692679405212,-0.0244233608245849
2025-11-25,12,ALB,0.4373049795427082,0.0229083665338645,long,0.0242692232131958,0.009691834449768,-0.0612245202064514
2025-11-25,13,INTC,0.4086696073161922,0.0249003984063745,long,0.1018744707107544,0.1809290647506714,0.100244402885437
2025-11-25,14,LRCX,0.3867913340194769,0.0268924302788844,long,0.0055433511734008,0.0196596384048461,0.0125693082809448
2025-11-25,15,GNRC,0.3836549529672591,0.0288844621513944,long,0.0188817977905273,0.043609619140625,0.0968955755233764
2025-11-25,16,CIEN,0.3622306124676732,0.0308764940239043,long,0.0195716619491577,0.0110340118408203,-0.0227669477462768
2025-11-25,17,BLDR,0.3598253526146308,0.0328685258964143,long,0.0042953491210937,0.0031319856643676,-0.0066218972206115
2025-11-25,18,DDOG,0.3446567808326046,0.0348605577689243,long,0.0101641416549682,-0.0121212005615234,-0.0340908765792846
2025-11-25,19,APP,0.3250538999615613,0.0368525896414342,long,0.0223578214645385,0.1136313676834106,0.1661238670349121
2025-11-25,20,DELL,0.3047374462822881,0.0388446215139442,long,0.0006754398345947,0.0201860666275024,0.0429987907409668
2025-11-25,21,IP,0.2766406452094963,0.0408366533864541,long,0.0030487775802612,-0.0383638739585876,-0.0058434605598449
2025-11-25,22,ZBRA,0.2671827041305048,0.0428286852589641,long,0.0089820623397827,0.011457085609436,0.0500997304916381
2025-11-25,23,SMCI,0.266588673273078,0.0448207171314741,long,0.0310690402984619,0.0027413368225097,0.0426439046859741
2025-11-25,24,REGN,0.2604918130306767,0.046812749003984,long,-0.0056333541870117,-0.054307222366333,-0.0787779688835144
2025-11-25,25,ORCL,0.2418853350988986,0.048804780876494,long,-0.0146858692169189,-0.0188329219818115,0.0457161664962768
2025-11-25,26,DXCM,0.2383551605989016,0.0507968127490039,long,0.0150327682495117,0.0307052135467529,0.0434991121292114
2025-11-25,27,Q,0.2270459100782625,0.0527888446215139,long,0.0234758853912353,0.0065631866455078,0.0533888339996337
2025-11-25,28,MPWR,0.2264230130192342,0.0547808764940239,long,0.0034812688827514,0.0294394493103027,0.0300447940826416
2025-11-25,29,ANET,0.2209698698666737,0.0567729083665338,long,0.0237367153167724,-0.0033686161041259,0.0070505142211914
2025-11-25,30,RCL,0.2153336700992137,0.0587649402390438,long,0.0020322799682617,-0.0023710131645202,-0.0242369771003723
2025-11-25,473,FOX,-0.603971575019024,0.9412350597609562,short,0.002408742904663,0.0189263820648193,0.0356159210205078
2025-11-25,474,TDG,-0.603971575019024,0.9432270916334662,short,0.0038081407546997,-0.0083836913108825,0.0037564039230346
2025-11-25,475,FRT,-0.603971575019024,0.945219123505976,short,0.0016232728958129,-0.0098407268524169,-0.0146089196205139
2025-11-25,476,FOXA,-0.603971575019024,0.947211155378486,short,0.0069177150726318,0.0184472799301147,0.042121410369873
2025-11-25,477,GD,-0.603971575019024,0.949203187250996,short,0.0046758651733398,-0.0124691724777221,0.004881739616394
2025-11-25,478,T,-0.603971575019024,0.951195219123506,short,0.0077459812164306,-0.0116188526153564,-0.0166537761688232
2025-11-25,479,SPGI,-0.603971575019024,0.953187250996016,short,0.0064970254898071,-0.0088779330253601,0.0027844905853271
2025-11-25,480,BR,-0.603971575019024,0.955179282868526,short,0.0021969079971313,8.785724639892578e-05,0.0144559144973754
2025-11-25,481,SRE,-0.603971575019024,0.957171314741036,short,0.0099158287048339,-0.0302804708480834,-0.0396630764007568
2025-11-25,482,SPG,-0.603971575019024,0.959163346613546,short,0.0040957927703857,-0.0182690024375915,-0.0120714902877807
2025-11-25,483,SYY,-0.603971575019024,0.9611553784860558,short,0.0039525032043457,-0.0192358493804931,-0.0324110388755798
2025-11-25,484,AWK,-0.603971575019024,0.9631474103585658,short,0.0016943216323852,0.0069310665130615,-0.0070852041244506
2025-11-25,485,AVB,-0.603971575019024,0.9651394422310756,short,0.0003849267959594,-0.0041238069534301,-0.0134711265563964
2025-11-25,486,ATO,-0.603971575019024,0.9671314741035856,short,0.0035847425460815,-0.0322067141532897,-0.0272562503814697
2025-11-25,487,TTWO,-0.603971575019024,0.9691235059760956,short,0.0100152492523193,0.0131347179412841,0.0159257650375366
2025-11-25,488,TRV,-0.603971575019024,0.9711155378486056,short,-0.0056362748146057,-0.0203721523284912,-0.039623737335205
2025-11-25,489,FE,-0.603971575019024,0.9731075697211156,short,0.0076013803482055,-0.03589528799057,-0.046875
2025-11-25,490,FANG,-0.603971575019024,0.9750996015936256,short,0.0219677686691284,0.0446721315383911,0.0683141946792602
2025-11-25,491,YUM,-0.603971575019024,0.9770916334661356,short,-0.0038361549377441,-0.0401821136474609,-0.0516254901885986
2025-11-25,492,WTW,-0.603971575019024,0.9790836653386454,short,-0.0007160305976867,-0.0172462463378906,-0.0038290619850158
2025-11-25,493,XEL,-0.603971575019024,0.9810756972111554,short,0.0105845928192138,-0.0271999835968017,-0.0428308248519897
2025-11-25,494,XOM,-0.603971575019024,0.9830677290836654,short,0.0100200176239013,0.0053149461746215,0.020650029182434
2025-11-25,495,VRTX,-0.603971575019024,0.9850597609561752,short,0.0033318996429443,0.0022675991058349,0.0582871437072753
2025-11-25,496,ACGL,-0.603971575019024,0.9870517928286852,short,-0.005084753036499,-0.0181143879890441,-0.0212923884391784
2025-11-25,497,UPS,-0.603971575019024,0.9890438247011952,short,0.0012543201446533,-0.0009406805038452,-0.0095118284225463
2025-11-25,498,UNP,-0.603971575019024,0.9910358565737052,short,0.0050723552703857,0.0068498849868774,0.0287435054779052
2025-11-25,499,VZ,-0.603971575019024,0.9930278884462151,short,0.0056262016296386,-0.0066047310829162,0.0092954635620117
2025-11-25,500,VTRS,-0.603971575019024,0.9950199203187252,short,0.0046992301940917,0.0065789222717285,0.0112781524658203
2025-11-25,501,WEC,-0.603971575019024,0.9970119521912352,short,-0.0015146136283874,-0.0369743704795837,-0.0531004667282104
2025-11-25,502,ABBV,-0.603971575019024,0.999003984063745,short,0.0001757144927978,-0.0144513845443725,0.0046122074127197
2025-11-26,1,COIN,0.5461630716493058,0.0009960159362549,long,-0.0475772023200988,0.0150282382965087,-0.0113261342048645
2025-11-26,2,LITE,0.543501926509104,0.0029880478087649,long,-0.0222352147102355,-0.0682125687599182,0.0192213058471679
2025-11-26,3,COHR,0.5368935135310392,0.0049800796812749,long,-0.0046267509460449,0.0407891273498535,0.1067210435867309
2025-11-26,4,SNDK,0.5124686100828433,0.0069721115537848,long,-0.0587155222892761,-0.1294338703155517,0.0232443809509277
2025-11-26,5,AMD,0.4934273609737485,0.0089641434262948,long,0.0102514028549194,0.0003218650817871,0.0020227432250976
2025-11-26,6,TER,0.4877120806159915,0.0109561752988047,long,-0.0124250650405883,0.0725163221359252,0.1037989854812622
2025-11-26,7,BLDR,0.4457951350564725,0.0129482071713147,long,0.0084646940231323,0.0196917057037353,-0.0197808146476745
2025-11-26,8,ALB,0.4345575775767378,0.0149402390438247,long,-0.0127702355384826,-0.0269252061843872,-0.0369259119033813
2025-11-26,9,DELL,0.4299233447554013,0.0169322709163346,long,-0.0094488859176635,0.0020997524261474,0.0416947603225708
2025-11-26,10,MU,0.4016666605000528,0.0189243027888446,long,0.0168302059173584,-0.0098105072975158,0.003129243850708
2025-11-26,11,CIEN,0.3889719250050458,0.0209163346613545,long,-0.0161108970642089,-0.0531805753707885,-0.012242317199707
2025-11-26,12,WDC,0.3801659129385226,0.0229083665338645,long,0.0012856721878051,-0.047388732433319,0.0340415239334106
2025-11-26,13,HOOD,0.3435556324314879,0.0249003984063745,long,-0.0408592820167541,0.0400809049606323,0.0269280672073364
2025-11-26,14,STX,0.3393227135386852,0.0268924302788844,long,-0.023817241191864,-0.0651270151138305,0.0075896978378295
2025-11-26,15,Q,0.3291001466446405,0.0288844621513944,long,-0.0430385470390319,-0.0099888443946838,0.0117154121398925
2025-11-26,16,DDOG,0.3070043538742327,0.0308764940239043,long,-0.0131866931915283,-0.0261233448982238,-0.0537465810775756
2025-11-26,17,APP,0.3025587115173181,0.0328685258964143,long,0.0402182340621948,0.1046407222747802,0.154233694076538
2025-11-26,18,INTC,0.2754030038486498,0.0348605577689243,long,-0.0135602355003356,0.0788953304290771,0.0209565162658691
2025-11-26,19,SWKS,0.2711607150773227,0.0368525896414342,long,-0.0018194913864135,0.051857590675354,0.051099419593811
2025-11-26,20,MCHP,0.2620675669420774,0.0388446215139442,long,-0.0027995705604553,0.1871967315673828,0.2282567024230957
2025-11-26,21,LRCX,0.2597392193916916,0.0408366533864541,long,-0.0077564716339111,0.0240384340286254,0.0173076391220092
2025-11-26,22,SMCI,0.2495664292082889,0.0428286852589641,long,-0.0129984617233276,-0.00502210855484,0.0248153209686279
2025-11-26,23,ORCL,0.2466835252814027,0.0448207171314741,long,-0.0050011873245239,0.028620958328247,0.0773954391479492
2025-11-26,24,DXCM,0.2413983761997962,0.046812749003984,long,0.0007877349853515,0.0217424631118774,0.0318260192871093
2025-11-26,25,HUM,0.2315875642147887,0.048804780876494,long,-0.014403760433197,0.0453675985336303,0.0491516590118408
2025-11-26,26,CVNA,0.2189010750916365,0.0507968127490039,long,0.0020294189453125,0.0547395944595336,0.0674766302108764
2025-11-26,27,XYZ,0.2043516119768113,0.0527888446215139,long,-0.0366767048835754,-0.0851796865463256,-0.0851796865463256
2025-11-26,28,VRT,0.172511391332376,0.0547808764940239,long,-0.0028375387191772,-0.0047292709350585,0.0516886711120605
2025-11-26,29,SNPS,0.1451552159003013,0.0567729083665338,long,0.0485155582427978,0.1158584356307983,0.1166239976882934
2025-11-26,30,WBD,0.1262973023310014,0.0587649402390438,long,-0.0054166316986083,0.0237499475479125,0.0866667032241821
2025-11-26,473,GILD,-0.603971575019024,0.9412350597609562,short,-0.0119993090629577,-0.0066751241683959,-0.0367132425308227
2025-11-26,474,GEN,-0.603971575019024,0.9432270916334662,short,-0.0034129619598388,0.0310959815979003,0.0273036956787109
2025-11-26,475,GD,-0.603971575019024,0.945219123505976,short,-0.0270760655403137,-0.0103914141654968,-0.0126453042030334
2025-11-26,476,BAC,-0.603971575019024,0.947211155378486,short,-0.0076421499252319,0.008201241493225,0.0055917501449584
2025-11-26,477,SYY,-0.603971575019024,0.949203187250996,short,-0.0038056969642639,-0.0372703075408935,-0.0406823754310607
2025-11-26,478,TDG,-0.603971575019024,0.951195219123506,short,-0.0039039850234985,-0.0167920589447021,-0.0097855925559997
2025-11-26,479,CCI,-0.603971575019024,0.953187250996016,short,-0.0304557085037231,-0.032318115234375,-0.0219106078147888
2025-11-26,480,BR,-0.603971575019024,0.955179282868526,short,-0.0067517161369323,0.0103906393051147,0.0172300338745117
2025-11-26,481,CAG,-0.603971575019024,0.957171314741036,short,-0.0100840330123901,-0.0386555194854736,-0.0448179841041564
2025-11-26,482,CB,-0.603971575019024,0.959163346613546,short,-0.0077655315399169,-0.0038152933120727,-0.0039840340614318
2025-11-26,483,BKR,-0.603971575019024,0.9611553784860558,short,-0.0007968544960021,0.0057768821716308,-0.0199202895164489
2025-11-26,484,TRV,-0.603971575019024,0.9631474103585658,short,-0.0080584287643432,-0.0293313860893249,-0.0408726930618286
2025-11-26,485,ICE,-0.603971575019024,0.9651394422310756,short,-0.0022886395454406,-0.0028607845306396,0.0033057928085327
2025-11-26,486,HON,-0.603971575019024,0.9671314741035856,short,-0.0102502703666687,0.0066601037979125,-0.0044747591018676
2025-11-26,487,HIG,-0.603971575019024,0.9691235059760956,short,-0.01116544008255,-0.0291177630424499,-0.05546236038208
2025-11-26,488,YUM,-0.603971575019024,0.9711155378486056,short,-0.0167744159698486,-0.0306115746498107,-0.0538476705551147
2025-11-26,489,XOM,-0.603971575019024,0.9731075697211156,short,0.0061248540878295,0.0162180662155151,0.0053485631942749
2025-11-26,490,XYL,-0.603971575019024,0.9750996015936256,short,-0.0089570879936218,0.0015639066696166,-0.0118007063865661
2025-11-26,491,XEL,-0.603971575019024,0.9770916334661356,short,-0.0289855003356933,-0.0453050732612609,-0.0600414276123046
2025-11-26,492,ATO,-0.603971575019024,0.9790836653386454,short,-0.0263649821281433,-0.0295968651771545,-0.0288031101226806
2025-11-26,493,APD,-0.603971575019024,0.9810756972111554,short,-0.0007278323173522,-0.0026814341545104,-0.0013790130615234
2025-11-26,494,APO,-0.603971575019024,0.9830677290836654,short,-0.0034888386726379,0.0200985670089721,0.0476298332214355
2025-11-26,495,AWK,-0.603971575019024,0.9850597609561752,short,0.0071499347686767,0.0069192647933959,-0.004382312297821
2025-11-26,496,FOX,-0.603971575019024,0.9870517928286852,short,0.0185376405715942,0.0183659791946411,0.0451425313949584
2025-11-26,497,FOXA,-0.603971575019024,0.9890438247011952,short,0.0135878324508667,0.0145037174224853,0.0442748069763183
2025-11-26,498,AVB,-0.603971575019024,0.9910358565737052,short,-0.0125865936279296,-0.0023084282875061,-0.0215455293655395
2025-11-26,499,VLO,-0.603971575019024,0.9930278884462151,short,0.0213849544525146,0.0016406774520874,-0.0148223042488098
2025-11-26,500,V,-0.603971575019024,0.9950199203187252,short,-0.0121097564697265,-0.0144420862197875,-0.0095682740211486
2025-11-26,501,WEC,-0.603971575019024,0.9970119521912352,short,-0.0243598222732543,-0.042651891708374,-0.0567502379417419
2025-11-26,502,ACGL,-0.603971575019024,0.999003984063745,short,-0.008091926574707,-0.0127767920494079,-0.0234241485595703
2025-11-28,1,ALB,0.3008800954772953,0.0009960159362549,long,-0.0014805793762207,-0.0716122388839721,-0.0088054537773132
2025-11-28,2,COIN,0.3008800954772953,0.0029880478087649,long,0.0131620168685913,0.0546875,0.0552648305892944
2025-11-28,3,COHR,0.3008800954772953,0.0049800796812749,long,0.0085015296936035,0.0847095251083374,0.1367584466934204
2025-11-28,4,VRT,0.2886284102941555,0.0069721115537848,long,0.0094298124313354,0.0185246467590332,0.0356545448303222
2025-11-28,5,DELL,0.2800914051239463,0.0089641434262948,long,0.0292224884033203,0.0522371530532836,0.0629874467849731
2025-11-28,6,SNDK,0.2721083635626603,0.0109561752988047,long,-0.0229337811470031,0.0149402618408203,0.0727982521057128
2025-11-28,7,LITE,0.2718180116877262,0.0129482071713147,long,-0.0475576519966125,0.0312018394470214,0.0774699449539184
2025-11-28,8,LLY,0.2562234654875185,0.0149402390438247,long,-0.0111259222030639,-0.0410251021385192,-0.0570002198219299
2025-11-28,9,WDC,0.2475560806477824,0.0169322709163346,long,-0.0217071771621704,-0.015531301498413,0.0381557941436767
2025-11-28,10,INTC,0.2425837084231611,0.0189243027888446,long,0.0864784717559814,0.0122469663619995,0.0072481632232666
2025-11-28,11,STX,0.2072686928051286,0.0209163346613545,long,-0.0119585990905761,-0.0165494084358215,0.0566827058792114
2025-11-28,12,XYZ,0.168525399411127,0.0229083665338645,long,-0.0658896565437316,-0.033566415309906,-0.0514374375343322
2025-11-28,13,GOOGL,0.1454532077805068,0.0249003984063745,long,0.0029215812683105,0.0086696147918701,-0.0037156343460083
2025-11-28,14,GOOG,0.1391198524821582,0.0268924302788844,long,0.0028560161590576,0.0103770494461059,-0.0021260976791381
2025-11-28,15,CVNA,0.1313362623760489,0.0288844621513944,long,0.0184404850006103,0.0628631114959716,0.1937856674194336
2025-11-28,16,APP,0.1312039264688433,0.0308764940239043,long,0.0471622943878173,0.0965217351913452,0.1061114072799682
2025-11-28,17,SMCI,0.1010091605781261,0.0328685258964143,long,-0.0146663188934326,0.0245435237884521,0.0586650371551513
2025-11-28,18,Q,0.0662176484432549,0.0348605577689243,long,0.0277061462402343,0.0755155086517334,0.086340308189392
2025-11-28,19,TTD,0.0637230665037137,0.0368525896414342,long,0.0093481540679931,-0.0058110952377319,-0.0058110952377319
2025-11-28,20,SNPS,0.062938171638084,0.0388446215139442,long,0.0252344608306884,0.0580664873123168,0.062652587890625
2025-11-28,21,AMD,0.06229569311511,0.0408366533864541,long,-0.0205678343772888,-0.0172005891799926,0.0061430931091308
2025-11-28,22,ORCL,0.0589841450725843,0.0428286852589641,long,0.0007963180541992,0.0666368007659912,0.0975414514541626
2025-11-28,23,MCHP,0.0488464284427176,0.0448207171314741,long,0.0613887310028076,0.2113045454025268,0.2605277299880981
2025-11-28,24,TER,0.0392769787801259,0.046812749003984,long,0.0573956966400146,0.1057729721069336,0.1300450563430786
2025-11-28,25,MU,0.0336439422512095,0.048804780876494,long,-0.0040339231491088,-0.0574316382408142,0.0268651247024536
2025-11-28,26,CIEN,0.0314511644999984,0.0507968127490039,long,0.0078638792037963,-0.0258311629295349,0.0597749948501586
2025-11-28,27,PSKY,0.0302990413149117,0.0527888446215139,long,0.0070018768310546,-0.0566518306732177,-0.0725652575492858
2025-11-28,28,DDOG,0.0297012547106072,0.0547808764940239,long,-0.0089930295944213,-0.0310322642326354,-0.022925853729248
2025-11-28,29,ANET,0.0279773970251307,0.0567729083665338,long,-0.0069471597671508,0.0034345388412475,0.0078058242797851
2025-11-28,30,WBD,0.0231576705112631,0.0587649402390438,long,0.0276497602462768,0.0280686616897583,0.140762448310852
2025-11-28,473,GILD,-0.370684013043087,0.9412350597609562,short,-0.0033780932426452,-0.0137537121772766,-0.0252553820610046
2025-11-28,474,EXC,-0.370684013043087,0.9432270916334662,short,-0.0151017308235168,-0.038958191871643,-0.0516523718833923
2025-11-28,475,EW,-0.370684013043087,0.945219123505976,short,-0.006567358970642,0.0059809684753417,-0.0111410617828369
2025-11-28,476,EVRG,-0.370684013043087,0.947211155378486,short,-0.0131090879440307,-0.022642970085144,-0.0288665294647216
2025-11-28,477,ETR,-0.370684013043087,0.949203187250996,short,-0.0171265006065368,-0.0013743042945861,-0.0178665518760681
2025-11-28,478,ESS,-0.370684013043087,0.951195219123506,short,0.0018829107284545,-0.0102596879005432,-0.030817687511444
2025-11-28,479,ERIE,-0.370684013043087,0.953187250996016,short,0.0074551105499267,0.0204929113388061,-0.0440836548805236
2025-11-28,480,EQR,-0.370684013043087,0.955179282868526,short,0.0087890625,0.0027669668197631,-0.013671875
2025-11-28,481,EMR,-0.370684013043087,0.957171314741036,short,-0.0007579922676086,0.035622239112854,0.0302408933639526
2025-11-28,482,MET,-0.370684013043087,0.959163346613546,short,-0.0005241632461547,0.0225396156311035,0.0231949090957641
2025-11-28,483,MDLZ,-0.370684013043087,0.9611553784860558,short,-0.0072695016860961,-0.0106383562088012,-0.0290780663490295
2025-11-28,484,MCO,-0.370684013043087,0.9631474103585658,short,0.0012314319610595,0.0045974254608154,-0.0002257227897644
2025-11-28,485,MCD,-0.370684013043087,0.9651394422310756,short,-0.0093883275985717,0.0163718461990356,0.0204894542694091
2025-11-28,486,MLM,-0.370684013043087,0.9671314741035856,short,-0.0118001103401184,0.0057375431060791,0.011296272277832
2025-11-28,487,MA,-0.370684013043087,0.9691235059760956,short,0.0035663843154907,-0.0030515789985656,-0.0064892768859863
2025-11-28,488,FITB,-0.370684013043087,0.9711155378486056,short,-0.000913918018341,0.0386109352111816,0.0331277847290039
2025-11-28,489,ED,-0.370684013043087,0.9731075697211156,short,-0.0103186964988708,-0.0169594883918762,-0.0248263478279113
2025-11-28,490,ECL,-0.370684013043087,0.9750996015936256,short,-0.0072197318077087,-0.030931532382965,-0.0575752854347229
2025-11-28,491,DVA,-0.370684013043087,0.9770916334661356,short,-0.0005031824111938,-0.0164374113082885,-0.0183662772178649
2025-11-28,492,DUK,-0.370684013043087,0.9790836653386454,short,-0.0087784528732299,-0.0230227708816528,-0.0457971096038818
2025-11-28,493,DTE,-0.370684013043087,0.9810756972111554,short,-0.0129061341285705,-0.0083289742469787,-0.0245366692543029
2025-11-28,494,DPZ,-0.370684013043087,0.9830677290836654,short,0.0018638372421264,0.0075970888137817,-0.012693166732788
2025-11-28,495,MTD,-0.370684013043087,0.9850597609561752,short,-0.0142565965652465,-0.0308427214622497,-0.0590699315071105
2025-11-28,496,MTB,-0.370684013043087,0.9870517928286852,short,0.0039952993392944,0.0281254053115844,0.0298601388931274
2025-11-28,497,MSCI,-0.370684013043087,0.9890438247011952,short,-0.0221027135848999,-0.0336096882820129,-0.0406674742698669
2025-11-28,498,MPC,-0.370684013043087,0.9910358565737052,short,-0.0175384879112243,-0.0305394530296325,-0.0330376029014587
2025-11-28,499,MO,-0.370684013043087,0.9930278884462151,short,-0.0054109096527099,-0.0135272145271301,-0.0174162983894348
2025-11-28,500,MNST,-0.370684013043087,0.9950199203187252,short,-0.0163264870643615,-0.0354179739952087,-0.0264647006988525
2025-11-28,501,MMM,-0.370684013043087,0.9970119521912352,short,0.0063350200653076,-0.0070975422859191,-0.0382449030876159
2025-11-28,502,MAA,-0.370684013043087,0.999003984063745,short,-0.0008125901222229,-0.0185417532920837,-0.0322818756103515
2025-12-01,1,WDC,0.0517305365408179,0.0009960159362549,long,-0.0275017619132995,0.0556284189224243,0.0596911907196044
2025-12-01,2,VRT,0.0517305365408179,0.0029880478087649,long,-0.0112210512161254,0.0448288917541503,-0.0139848589897155
2025-12-01,3,ALB,0.0517305365408179,0.0049800796812749,long,-0.0128765702247619,-0.0230216979980468,0.008974552154541
2025-12-01,4,AMD,0.0517305365408179,0.0069721115537848,long,0.0109645128250122,0.0126835107803344,0.0296412706375122
2025-12-01,5,BLDR,0.0517305365408179,0.0089641434262948,long,0.0208742618560791,-0.0186440348625183,-0.0632470846176147
2025-12-01,6,APP,0.0517305365408179,0.0109561752988047,long,0.0141041278839111,0.0596324205398559,0.1096783876419067
2025-12-01,7,COIN,0.0517305365408179,0.0129482071713147,long,0.0518878698348999,0.0245764255523681,0.0535590648651123
2025-12-01,8,CVNA,0.0517305365408179,0.0149402390438247,long,0.0335444211959838,0.0460253953933715,0.1940184831619262
2025-12-01,9,COHR,0.0517305365408179,0.0169322709163346,long,0.036812424659729,0.1024925708770752,0.1688398122787475
2025-12-01,10,REGN,0.0517305365408179,0.0189243027888446,long,-0.0247035026550292,-0.0318598747253418,-0.0666037797927856
2025-12-01,11,STX,0.0517305365408179,0.0209163346613545,long,-0.0307264924049377,0.044666051864624,0.0599167346954345
2025-12-01,12,CMG,0.0517305365408179,0.0229083665338645,long,-0.0061511397361755,-0.0058582425117492,-0.0120093822479248
2025-12-01,13,CIEN,0.0517305365408179,0.0249003984063745,long,-0.0451851487159729,-0.003901183605194,0.0585185289382934
2025-12-01,14,SNPS,0.0517305365408179,0.0268924302788844,long,0.0380326509475708,0.0387448072433471,0.0367196798324584
2025-12-01,15,SNDK,0.0517305365408179,0.0288844621513944,long,-0.0534210205078125,0.1125882863998413,0.0687119960784912
2025-12-01,16,TER,0.0517305365408179,0.0308764940239043,long,0.0270612239837646,0.0570180416107177,0.0528061389923095
2025-12-01,17,DASH,0.0517305365408179,0.0328685258964143,long,0.0253479480743408,0.0369619131088256,0.0599595308303833
2025-12-01,18,LITE,0.0517305365408179,0.0348605577689243,long,0.0005614757537841,0.0944486856460571,0.1899540424346923
2025-12-01,19,HOOD,0.0517305365408179,0.0368525896414342,long,0.0610560178756713,0.047637939453125,0.0774911642074585
2025-12-01,20,XYZ,0.0517305365408179,0.0388446215139442,long,0.0166361331939697,0.0166361331939697,0.0242887735366821
2025-12-01,21,MU,0.0517305365408179,0.0408366533864541,long,-0.0222556591033935,-0.0094785094261169,0.0539896488189697
2025-12-01,22,MPWR,0.0517305365408179,0.0428286852589641,long,0.0061333179473876,0.0116522312164306,0.0113109350204467
2025-12-01,23,DELL,0.0517305365408179,0.0448207171314741,long,-0.0170650482177734,0.0217727422714233,0.0166972875595092
2025-12-01,24,DECK,0.0517305365408179,0.046812749003984,long,0.0348697900772094,0.086411714553833,0.0985071659088134
2025-12-01,25,FSLR,0.0517305365408179,0.048804780876494,long,-0.0247562527656555,-0.0188528895378112,-0.0348110795021057
2025-12-01,26,LLY,0.0455933892856037,0.0507968127490039,long,-0.0120062232017517,-0.0342312455177307,-0.061082899570465
2025-12-01,27,DXCM,0.0445107761819904,0.0527888446215139,long,0.0062063932418823,0.0161365270614624,0.0291699171066284
2025-12-01,28,ANET,0.0445107761819904,0.0547808764940239,long,0.00455904006958,0.0107686519622802,0.0221662521362304
2025-12-01,29,MCHP,0.0429012405686532,0.0567729083665338,long,0.1216716766357421,0.1604654788970947,0.1788043975830078
2025-12-01,30,DD,0.0417721728135591,0.0587649402390438,long,0.0035425424575805,0.0250505208969116,0.027580976486206
2025-12-01,473,JPM,-0.0581661342472726,0.9412350597609562,short,0.0138040781021118,0.0232558250427246,-0.0239378809928894
2025-12-01,474,JNJ,-0.0581661342472726,0.9432270916334662,short,-0.0004380941390991,-0.0169895887374877,-0.0265796780586242
2025-12-01,475,JKHY,-0.0581661342472726,0.945219123505976,short,0.0199792385101318,0.0522933006286621,0.043375015258789
2025-12-01,476,JCI,-0.0581661342472726,0.947211155378486,short,-0.0091949701309204,-0.0091082453727722,0.0042505264282226
2025-12-01,477,ITW,-0.0581661342472726,0.949203187250996,short,0.0066832304000854,0.0053143501281738,-0.0070456266403198
2025-12-01,478,IR,-0.0581661342472726,0.951195219123506,short,0.0071988105773925,0.0085880756378173,-0.0101035833358764
2025-12-01,479,IQV,-0.0581661342472726,0.953187250996016,short,0.0071356296539306,0.0009750127792358,-0.0335505604743957
2025-12-01,480,INVH,-0.0581661342472726,0.955179282868526,short,-0.0086021423339843,-0.0272401571273803,-0.064874529838562
2025-12-01,481,INTU,-0.0581661342472726,0.957171314741036,short,0.018957495689392,0.0597832202911376,0.0316536426544189
2025-12-01,482,IFF,-0.0581661342472726,0.959163346613546,short,-0.0207177996635437,-0.0198424458503723,-0.0583600997924804
2025-12-01,483,BMY,-0.0581661342472726,0.9611553784860558,short,0.0561658143997192,0.0808290243148803,0.0497409105300903
2025-12-01,484,BKR,-0.0581661342472726,0.9631474103585658,short,0.0204123258590698,-0.0056588053703308,-0.0361762642860412
2025-12-01,485,BKNG,-0.0581661342472726,0.9651394422310756,short,-0.0171098113059997,0.0120680332183837,0.0118187665939331
2025-12-01,486,BK,-0.0581661342472726,0.9671314741035856,short,0.0090113878250122,0.0173090696334838,0.0343503952026367
2025-12-01,487,BEN,-0.0581661342472726,0.9691235059760956,short,0.0263158082962036,0.0437109470367431,0.0463870763778686
2025-12-01,488,ADSK,-0.0581661342472726,0.9711155378486056,short,-0.0097019076347351,-0.0113134980201721,-0.0306204557418823
2025-12-01,489,AZO,-0.0581661342472726,0.9731075697211156,short,-0.0010060667991638,-0.0010740160942077,-0.0862346291542053
2025-12-01,490,AXP,-0.0581661342472726,0.9750996015936256,short,0.0205987691879272,0.026753544807434,0.0088993310928344
2025-12-01,491,AWK,-0.0581661342472726,0.9770916334661356,short,0.0016826391220092,-0.009560227394104,-0.0198853015899658
2025-12-01,492,AVY,-0.0581661342472726,0.9790836653386454,short,0.0195679664611816,0.041284441947937,0.0041806697845458
2025-12-01,493,AVB,-0.0581661342472726,0.9810756972111554,short,0.0022085905075073,-0.0171156525611877,-0.0316916704177856
2025-12-01,494,APO,-0.0581661342472726,0.9830677290836654,short,0.0183222293853759,0.0458055734634399,0.089415431022644
2025-12-01,495,APH,-0.0581661342472726,0.9850597609561752,short,-0.0200721621513366,-0.0150541067123413,-0.0205668210983276
2025-12-01,496,APD,-0.0581661342472726,0.9870517928286852,short,0.0139424800872802,0.0152666568756103,-0.101296842098236
2025-12-01,497,AOS,-0.0581661342472726,0.9890438247011952,short,0.0206185579299926,0.03138267993927,0.0071254968643188
2025-12-01,498,AON,-0.0581661342472726,0.9910358565737052,short,-0.0036158561706542,-0.0014463663101196,0.0014173984527587
2025-12-01,499,AMT,-0.0581661342472726,0.9930278884462151,short,0.0021045207977294,0.017348289489746,0.0212730169296264
2025-12-01,500,AME,-0.0581661342472726,0.9950199203187252,short,0.0097825527191162,0.0127224922180175,-0.0066906213760375
2025-12-01,501,AMCR,-0.0581661342472726,0.9970119521912352,short,0.0071427822113037,-0.0119047760963439,-0.0345238447189331
2025-12-01,502,ALLE,-0.0581661342472726,0.999003984063745,short,-0.0007919669151306,-0.0309454202651977,-0.0406310558319091
2025-12-02,1,VRT,0.0517305365408179,0.0009960159362549,long,0.0204606056213378,0.0376229286193847,0.0164356231689453
2025-12-02,2,ANET,0.0517305365408179,0.0029880478087649,long,0.0058685541152954,0.0102503299713134,0.0356807708740234
2025-12-02,3,AMD,0.0517305365408179,0.0049800796812749,long,-0.0074449181556701,0.0161304473876953,0.0175551176071167
2025-12-02,4,SNDK,0.0517305365408179,0.0069721115537848,long,0.0973864793777465,0.1599444150924682,0.1979627609252929
2025-12-02,5,SNPS,0.0517305365408179,0.0089641434262948,long,-0.0057885646820068,-0.0014792680740356,0.020131230354309
2025-12-02,6,SWKS,0.0517305365408179,0.0109561752988047,long,-0.0051895976066589,-0.0023065209388732,-0.0080727338790893
2025-12-02,7,TER,0.0517305365408179,0.0129482071713147,long,0.0181976556777954,0.040547490119934,0.0457760095596313
2025-12-02,8,CIEN,0.0517305365408179,0.0149402390438247,long,0.012309193611145,0.1012670993804931,0.1474010944366455
2025-12-02,9,COIN,0.0517305365408179,0.0169322709163346,long,-0.0103641152381896,-0.0098223090171813,-0.0066084861755371
2025-12-02,10,STX,0.0517305365408179,0.0189243027888446,long,0.0269068479537963,0.10337495803833,0.1556036472320556
2025-12-02,11,MU,0.0517305365408179,0.0209163346613545,long,-0.0320721268653869,0.0544925928115844,0.1261956691741943
2025-12-02,12,WDC,0.0517305365408179,0.0229083665338645,long,0.0347708463668823,0.0912013053894043,0.1694196462631225
2025-12-02,13,FIX,0.0517305365408179,0.0249003984063745,long,0.0583062171936035,0.0423259735107421,0.0759085416793823
2025-12-02,14,HOOD,0.0517305365408179,0.0268924302788844,long,0.0257408618927001,0.0208768844604492,0.0151152610778808
2025-12-02,15,GNRC,0.0517305365408179,0.0288844621513944,long,0.0255701541900634,0.0305961370468139,0.046491265296936
2025-12-02,16,INTC,0.0517305365408179,0.0308764940239043,long,-0.0744972229003906,-0.0790676474571228,-0.0680987238883972
2025-12-02,17,MPWR,0.0517305365408179,0.0328685258964143,long,-0.0055114030838012,0.0266799926757812,0.0219202041625976
2025-12-02,18,LITE,0.0517305365408179,0.0348605577689243,long,0.0820846557617187,0.1306356191635131,0.2080005407333374
2025-12-02,19,COHR,0.0517305365408179,0.0368525896414342,long,0.037377119064331,0.0871548652648925,0.1549484729766845
2025-12-02,20,CVNA,0.0517305365408179,0.0388446215139442,long,0.0097469091415405,0.1341266632080078,0.1839747428894043
2025-12-02,21,DASH,0.0517305365408179,0.0408366533864541,long,-0.0057982206344604,0.0132596492767333,-0.0097985863685607
2025-12-02,22,DDOG,0.0517305365408179,0.0428286852589641,long,-0.0181608200073242,-0.0099467635154724,-0.029711902141571
2025-12-02,23,XYZ,0.0462823104887168,0.0448207171314741,long,0.0176730155944824,-0.0011454820632934,0.0356733798980712
2025-12-02,24,ORCL,0.0462823104887168,0.046812749003984,long,0.0317720174789428,0.0616666078567504,0.0735570192337036
2025-12-02,25,BLDR,0.0437426256570879,0.048804780876494,long,-0.0299720168113708,-0.0609927177429199,-0.0424676537513732
2025-12-02,26,MCHP,0.0437426256570879,0.0507968127490039,long,0.0174500942230224,0.0587958097457885,0.0674422979354858
2025-12-02,27,AMAT,0.0429012405686532,0.0527888446215139,long,0.0030152797698974,-0.0017496347427368,0.0242712497711181
2025-12-02,28,LLY,0.0383736289267762,0.0547808764940239,long,-0.0184508562088012,-0.0348020792007446,-0.0386238098144531
2025-12-02,29,SMCI,0.0382943996049868,0.0567729083665338,long,0.0163301229476928,0.050178050994873,0.036223292350769
2025-12-02,30,MOS,0.036323946761458,0.0587649402390438,long,-0.0045435428619384,-0.0235439538955688,-0.0190003514289855
2025-12-02,473,MET,-0.0581661342472726,0.9412350597609562,short,0.0067087411880493,0.0073539018630981,0.0298025608062744
2025-12-02,474,ABNB,-0.0581661342472726,0.9432270916334662,short,0.0057437419891357,0.0156497955322265,0.0619329214096069
2025-12-02,475,MCO,-0.0581661342472726,0.945219123505976,short,-0.0051421523094177,-0.0099185109138488,-0.0244304537773132
2025-12-02,476,MCD,-0.0581661342472726,0.947211155378486,short,0.0026973485946655,0.0067596435546875,0.0091644525527954
2025-12-02,477,MAA,-0.0581661342472726,0.949203187250996,short,-0.0123401880264282,-0.0261671543121337,-0.0194767117500305
2025-12-02,478,MA,-0.0581661342472726,0.951195219123506,short,-0.0206237435340881,-0.0240008234977722,-0.0268542170524597
2025-12-02,479,NDAQ,-0.0581661342472726,0.953187250996016,short,0.0223052501678466,0.0167572498321533,0.0407608747482299
2025-12-02,480,MTD,-0.0581661342472726,0.955179282868526,short,-0.0084118247032165,-0.0372923016548156,-0.0202316641807556
2025-12-02,481,MTB,-0.0581661342472726,0.957171314741036,short,-0.0003066658973693,0.0013800859451293,0.0458518266677856
2025-12-02,482,MSFT,-0.0581661342472726,0.959163346613546,short,0.0065099000930786,0.0278190374374389,0.001737356185913
2025-12-02,483,ADBE,-0.0581661342472726,0.9611553784860558,short,0.005967378616333,0.0377624034881591,0.050033688545227
2025-12-02,484,MS,-0.0581661342472726,0.9631474103585658,short,0.0067349672317504,0.0179023742675781,0.0344808101654052
2025-12-02,485,CSX,-0.0581661342472726,0.9651394422310756,short,0.0063977241516113,0.0111265182495117,0.0317107439041137
2025-12-02,486,NSC,-0.0581661342472726,0.9671314741035856,short,0.0036729574203491,-0.0035707950592041,0.0007141828536987
2025-12-02,487,A,-0.0581661342472726,0.9691235059760956,short,-0.0062976479530334,-0.0456920266151428,-0.0387912988662719
2025-12-02,488,DTE,-0.0581661342472726,0.9711155378486056,short,-0.0076587200164794,-0.0238773822784423,-0.0239524245262146
2025-12-02,489,ADM,-0.0581661342472726,0.9731075697211156,short,-0.0073578357696533,-0.0311036705970764,-0.0265886187553405
2025-12-02,490,DPZ,-0.0581661342472726,0.9750996015936256,short,-0.0107021331787109,-0.0306238532066345,-0.0296740531921386
2025-12-02,491,DOV,-0.0581661342472726,0.9770916334661356,short,0.0019445419311523,0.0053082704544067,0.0285383462905883
2025-12-02,492,DOC,-0.0581661342472726,0.9790836653386454,short,-0.0063620805740356,-0.0318103432655334,-0.038172423839569
2025-12-02,493,DIS,-0.0581661342472726,0.9810756972111554,short,-0.0025534033775329,0.017874002456665,0.0292226076126098
2025-12-02,494,DHR,-0.0581661342472726,0.9830677290836654,short,-0.0058215856552124,-0.0174210667610168,0.008579134941101
2025-12-02,495,DGX,-0.0581661342472726,0.9850597609561752,short,0.0085974931716918,-0.0043261051177978,-0.0169761180877685
2025-12-02,496,MPC,-0.0581661342472726,0.9870517928286852,short,0.0038008689880371,0.0012142658233642,0.0098717212677001
2025-12-02,497,MO,-0.0581661342472726,0.9890438247011952,short,-0.001198410987854,-0.0051360726356506,0.004793643951416
2025-12-02,498,MNST,-0.0581661342472726,0.9910358565737052,short,-0.0097992420196533,-0.000608205795288,-0.0016895532608032
2025-12-02,499,NVR,-0.0581661342472726,0.9930278884462151,short,-0.0208023786544799,-0.0313904285430908,-0.0227946639060974
2025-12-02,500,NUE,-0.0581661342472726,0.9950199203187252,short,-0.0131747722625732,-0.0328456163406372,-0.002307116985321
2025-12-02,501,NTRS,-0.0581661342472726,0.9970119521912352,short,0.0079449415206909,0.0100635290145874,0.0410108566284179
2025-12-02,502,CSCO,-0.0581661342472726,0.999003984063745,short,0.0001286268234252,0.0142765045166015,0.0321543216705322
2025-12-03,1,COIN,0.4319377755479779,0.0009960159362549,long,-0.0157634615898132,0.012078046798706,-0.0183542966842651
2025-12-03,2,SNDK,0.4319377755479779,0.0029880478087649,long,0.0710703134536743,0.0288313627243042,0.1326707601547241
2025-12-03,3,LITE,0.4133656556852508,0.0049800796812749,long,0.0108586549758911,0.099069595336914,0.1349396705627441
2025-12-03,4,COHR,0.4119621392499247,0.0069721115537848,long,0.0250351428985595,0.0867210626602172,0.1192556619644165
2025-12-03,5,WDC,0.3840823334617611,0.0089641434262948,long,0.0490062236785888,0.0530434846878051,0.1627329587936401
2025-12-03,6,AMD,0.3700838918839879,0.0109561752988047,long,0.0092138051986694,0.0261135101318359,0.0252337455749511
2025-12-03,7,ALB,0.3605901403113771,0.0129482071713147,long,0.0507806539535522,0.0851938724517822,0.1296793222427368
2025-12-03,8,INTC,0.328051039070883,0.0149402390438247,long,0.022469162940979,0.0,-0.0244444608688354
2025-12-03,9,ORCL,0.3192576524402351,0.0169322709163346,long,0.0151635408401489,0.0335930585861206,-0.0722250342369079
2025-12-03,10,DECK,0.3155361968999003,0.0189243027888446,long,0.035844087600708,0.0473766326904296,0.0530909299850463
2025-12-03,11,TER,0.3056055282920672,0.0209163346613545,long,0.0107737779617309,0.0067461729049682,0.0268840789794921
2025-12-03,12,CIEN,0.3029810877320489,0.0229083665338645,long,0.0305523872375488,0.0951311588287353,0.2382874488830566
2025-12-03,13,HOOD,0.2637177309681366,0.0249003984063745,long,-0.0374234318733215,-0.0099941492080688,-0.0999416708946228
2025-12-03,14,MU,0.2636472803243319,0.0268924302788844,long,0.0466358661651611,0.1136995553970336,0.1403485536575317
2025-12-03,15,STX,0.2531071392590238,0.0288844621513944,long,0.0495426654815673,0.0648646354675293,0.1589241027832031
2025-12-03,16,REGN,0.246119713149261,0.0308764940239043,long,-0.0061427950859069,-0.0418096184730529,0.0332041978836059
2025-12-03,17,DASH,0.2358658908488154,0.0328685258964143,long,0.0172250270843505,0.0397847890853881,0.0150549411773681
2025-12-03,18,BLDR,0.2342116851478086,0.0348605577689243,long,-0.0090081691741943,-0.0540491938591003,-0.0102693438529968
2025-12-03,19,XYZ,0.208307334178067,0.0368525896414342,long,-0.0173661112785339,-0.009969413280487,0.022833228111267
2025-12-03,20,MCHP,0.2032147534783577,0.0388446215139442,long,0.0168417692184448,0.032910943031311,0.0675215721130371
2025-12-03,21,VRT,0.1928029579273382,0.0408366533864541,long,0.035499095916748,-0.0227894783020019,-0.0212555527687072
2025-12-03,22,SWKS,0.1917651998700514,0.0428286852589641,long,0.0044920444488525,-0.0068106055259704,-0.0110129117965698
2025-12-03,23,SNPS,0.1829558320132401,0.0448207171314741,long,0.0065122842788696,0.0045499801635742,0.0291543006896972
2025-12-03,24,TTD,0.166462473403227,0.046812749003984,long,0.0177891254425048,0.0012707710266113,-0.0592121481895446
2025-12-03,25,ANET,0.1602264817255267,0.048804780876494,long,0.0003111362457275,0.0115907192230224,0.0454297065734863
2025-12-03,26,AMAT,0.1580002227480576,0.0507968127490039,long,-0.0053444504737854,-0.008536159992218,0.0024865865707397
2025-12-03,27,SMCI,0.151980429443193,0.0527888446215139,long,0.0134384632110595,0.0230791568756103,-0.0061349272727966
2025-12-03,28,Q,0.1430700540754708,0.0547808764940239,long,-0.0170141458511352,0.0195302963256835,0.0160555839538574
2025-12-03,29,LLY,0.1342063754928883,0.0567729083665338,long,-0.0041202902793884,-0.0318090915679931,-0.0050370097160339
2025-12-03,30,LRCX,0.1337524286183789,0.0587649402390438,long,0.0102488994598388,0.0555095672607421,0.0739704370498657
2025-12-03,473,BK,-0.4948601449913561,0.9412350597609562,short,0.0006142854690551,0.0173760652542114,0.0415095090866088
2025-12-03,474,BEN,-0.4948601449913561,0.9432270916334662,short,0.0112359523773193,0.0138288736343383,0.0142610073089599
2025-12-03,475,VMC,-0.4948601449913561,0.945219123505976,short,0.0041545629501342,-0.0088880658149719,0.0191384553909301
2025-12-03,476,VLTO,-0.4948601449913561,0.947211155378486,short,-0.007094919681549,-0.0435416102409362,-0.0404314994812011
2025-12-03,477,V,-0.4948601449913561,0.949203187250996,short,0.0126566886901855,-0.0018343329429626,0.0566493272781372
2025-12-03,478,UPS,-0.4948601449913561,0.951195219123506,short,0.0011608600616455,0.0233221054077148,0.0603630542755126
2025-12-03,479,UNP,-0.4948601449913561,0.953187250996016,short,-0.0083441734313964,-0.024147629737854,-0.0049306750297546
2025-12-03,480,ULTA,-0.4948601449913561,0.955179282868526,short,0.1265099048614502,0.1292629241943359,0.111358642578125
2025-12-03,481,ALLE,-0.4948601449913561,0.957171314741036,short,-0.011004090309143,-0.0208890438079834,0.0239975452423095
2025-12-03,482,ALL,-0.4948601449913561,0.959163346613546,short,-0.0198671817779541,-0.0257788896560668,0.0021805763244628
2025-12-03,483,BALL,-0.4948601449913561,0.9611553784860558,short,0.0036847591400146,-0.0405322313308715,0.0073695182800292
2025-12-03,484,BAC,-0.4948601449913561,0.9631474103585658,short,-0.0038774013519287,-0.0114475488662719,0.0073856115341186
2025-12-03,485,AWK,-0.4948601449913561,0.9651394422310756,short,0.0044211149215698,-0.0060498118400573,0.0089972019195556
2025-12-03,486,AVB,-0.4948601449913561,0.9671314741035856,short,-0.0078029036521911,-0.0225169658660888,-0.0186712145805358
2025-12-03,487,ATO,-0.4948601449913561,0.9691235059760956,short,0.0019888877868652,-0.0273179411888122,-0.0225797295570373
2025-12-03,488,APD,-0.4948601449913561,0.9711155378486056,short,-0.0035547614097595,-0.1179573535919189,-0.0683816075325012
2025-12-03,489,AOS,-0.4948601449913561,0.9731075697211156,short,0.0123512744903564,-0.0114582777023315,0.0205358266830444
2025-12-03,490,AON,-0.4948601449913561,0.9750996015936256,short,-0.007218599319458,-0.0043714046478271,-0.0008915662765502
2025-12-03,491,AMT,-0.4948601449913561,0.9770916334661356,short,0.0001677274703979,0.004026174545288,0.0161046981811523
2025-12-03,492,AME,-0.4948601449913561,0.9790836653386454,short,0.0029113292694091,-0.01631361246109,0.0231903791427612
2025-12-03,493,AMCR,-0.4948601449913561,0.9810756972111554,short,-0.0024037957191467,-0.0252403616905212,0.0012019872665405
2025-12-03,494,UDR,-0.4948601449913561,0.9830677290836654,short,-0.0005678534507751,-0.0090857148170471,0.0113570690155029
2025-12-03,495,ACGL,-0.4948601449913561,0.9850597609561752,short,-0.0072518587112426,-0.00508713722229,0.0135296583175659
2025-12-03,496,YUM,-0.4948601449913561,0.9870517928286852,short,-0.0061702728271484,-0.0193336606025695,0.0154942274093627
2025-12-03,497,XYL,-0.4948601449913561,0.9890438247011952,short,-0.0132036805152893,-0.0278270840644836,-0.0057499408721923
2025-12-03,498,XOM,-0.4948601449913561,0.9910358565737052,short,-0.0051220655441284,0.009475827217102,0.0204882621765136
2025-12-03,499,WTW,-0.4948601449913561,0.9930278884462151,short,0.0021874904632568,0.0069375038146972,0.01743745803833
2025-12-03,500,AAPL,-0.4948601449913561,0.9950199203187252,short,-0.0068401098251342,-0.0125401616096496,-0.0095120072364807
2025-12-03,501,ADBE,-0.4948601449913561,0.9970119521912352,short,0.0533264875411987,0.0474249124526977,0.0660115480422973
2025-12-03,502,A,-0.4948601449913561,0.999003984063745,short,-0.0190804004669189,-0.0517799854278564,-0.0367449522018432
2025-12-04,1,ANET,0.0516830178984683,0.0009960159362549,long,0.0040439367294311,0.0293179750442504,-0.0297845602035522
2025-12-04,2,VRT,0.0516830178984683,0.0029880478087649,long,-0.0180404186248779,-0.0380911827087402,-0.1468098759651184
2025-12-04,3,GNRC,0.0516830178984683,0.0049800796812749,long,0.0105340480804443,0.0261197090148925,-0.0097332596778869
2025-12-04,4,WDC,0.0516830178984683,0.0069721115537848,long,0.0052696466445922,0.0773284435272216,0.0441114902496337
2025-12-04,5,TER,0.0516830178984683,0.0089641434262948,long,0.0110573768615722,0.0161378383636474,-0.0368581414222717
2025-12-04,6,SNDK,0.0516830178984683,0.0109561752988047,long,-0.0131308436393737,0.0192147493362426,-0.0975620746612548
2025-12-04,7,STX,0.0516830178984683,0.0129482071713147,long,0.0237454175949096,0.0722049474716186,0.031744360923767
2025-12-04,8,MCHP,0.0516830178984683,0.0149402390438247,long,0.0234006643295288,0.0317581892013549,0.0208175182342529
2025-12-04,9,LITE,0.0516830178984683,0.0169322709163346,long,0.0336440801620483,0.1043722629547119,-0.0213029384613037
2025-12-04,10,BLDR,0.0516830178984683,0.0189243027888446,long,-0.0231797099113464,-0.0039087533950805,-0.0139077901840209
2025-12-04,11,MU,0.0516830178984683,0.0209163346613545,long,0.0408903360366821,0.1116684675216674,0.0165247917175292
2025-12-04,12,CVNA,0.0516830178984683,0.0229083665338645,long,0.1205943822860717,0.1698477268218994,0.1398553848266601
2025-12-04,13,DASH,0.0516830178984683,0.0249003984063745,long,0.0019110441207885,-0.020888864994049,0.0110666751861572
2025-12-04,14,COHR,0.0516830178984683,0.0268924302788844,long,0.0223884582519531,0.0861433744430542,-0.01897794008255
2025-12-04,15,COIN,0.0516830178984683,0.0288844621513944,long,0.0165721178054809,0.019871711730957,-0.0084158778190612
2025-12-04,16,HOOD,0.0516830178984683,0.0308764940239043,long,0.0339522361755371,0.0281167030334472,-0.0943539142608642
2025-12-04,17,CIEN,0.0516830178984683,0.0328685258964143,long,0.0556243658065795,0.0998463630676269,0.0829408168792724
2025-12-04,18,INTC,0.0516830178984683,0.0348605577689243,long,-0.0268051624298095,-0.0152137279510498,-0.0869354605674743
2025-12-04,19,EPAM,0.0516830178984683,0.0368525896414342,long,0.0001964569091796,0.0398820638656616,0.0296168327331542
2025-12-04,20,DELL,0.0516830178984683,0.0388446215139442,long,0.0107983350753784,0.01238214969635,-0.0642862915992736
2025-12-04,21,ALB,0.0516830178984683,0.0408366533864541,long,0.0160555839538574,0.0640627145767211,0.0603083372116088
2025-12-04,22,LYV,0.0437256596096654,0.0428286852589641,long,-0.0089715123176574,-0.0036603212356567,0.0273451805114746
2025-12-04,23,SMCI,0.0428404963998633,0.0448207171314741,long,0.0196021795272827,0.0060536861419677,-0.0680310726165771
2025-12-04,24,FIX,0.0428404963998633,0.046812749003984,long,-0.011982262134552,0.0198506116867065,-0.0334804058074951
2025-12-04,25,ORCL,0.0428404963998633,0.048804780876494,long,0.0136041641235351,0.0249563455581665,-0.1268958449363708
2025-12-04,26,WAT,0.0417391311011374,0.0507968127490039,long,-0.0052176713943481,0.0025582313537597,-0.0240115523338317
2025-12-04,27,DDOG,0.0383930203419007,0.0527888446215139,long,0.018955111503601,-0.0013870000839233,-0.0357308387756347
2025-12-04,28,TTD,0.037414835952529,0.0547808764940239,long,-0.0174781680107116,-0.0207240581512451,-0.0848938226699829
2025-12-04,29,PSKY,0.0294574776637261,0.0567729083665338,long,0.090160846710205,0.1013842821121215,0.0280584096908569
2025-12-04,30,ARE,0.0289880288451427,0.0587649402390438,long,-0.0112136602401733,0.0217678546905517,0.0255056619644165
2025-12-04,473,TRV,-0.0581586097547048,0.9412350597609562,short,-0.0036314129829406,-0.009042739868164,0.0157356262207031
2025-12-04,474,TROW,-0.0581586097547048,0.9432270916334662,short,-0.019328236579895,-0.0283355712890625,-0.0157628059387207
2025-12-04,475,TRMB,-0.0581586097547048,0.945219123505976,short,-0.0209530591964721,-0.0126915574073791,-0.0390325188636779
2025-12-04,476,VMC,-0.0581586097547048,0.947211155378486,short,0.0030860900878906,0.0064435005187988,0.0036287307739257
2025-12-04,477,VLTO,-0.0581586097547048,0.949203187250996,short,-0.0248629450798034,-0.0431675910949707,-0.0337706208229064
2025-12-04,478,AMP,-0.0581586097547048,0.951195219123506,short,-0.0006917119026184,0.0423426628112793,0.0347335338592529
2025-12-04,479,AME,-0.0581586097547048,0.953187250996016,short,-0.00270277261734,0.00430428981781,0.0097097158432006
2025-12-04,480,ABBV,-0.0581586097547048,0.955179282868526,short,-0.0130927562713623,-0.0039809346199035,-0.0122080445289611
2025-12-04,481,AEP,-0.0581586097547048,0.957171314741036,short,-0.0153989791870117,-0.0287561416625976,-0.0290114283561706
2025-12-04,482,AEE,-0.0581586097547048,0.959163346613546,short,-0.0054075717926025,-0.0209293365478515,-0.0259363651275634
2025-12-04,483,ADSK,-0.0581586097547048,0.9611553784860558,short,-0.0174413919448852,-0.0216469168663024,-0.0296667218208313
2025-12-04,484,ADP,-0.0581586097547048,0.9631474103585658,short,-0.0112372636795043,-0.0087528228759765,0.0170851945877075
2025-12-04,485,DE,-0.0581586097547048,0.9651394422310756,short,-0.0184378027915954,-0.0130706429481506,0.020395278930664
2025-12-04,486,EOG,-0.0581586097547048,0.9671314741035856,short,-0.0138182640075683,-0.006597101688385,-0.037086546421051
2025-12-04,487,EMR,-0.0581586097547048,0.9691235059760956,short,-0.01062673330307,-0.0027658939361572,-0.0054588913917541
2025-12-04,488,ELV,-0.0581586097547048,0.9711155378486056,short,-0.0004233121871948,0.0311111211776733,0.0856236219406127
2025-12-04,489,EIX,-0.0581586097547048,0.9731075697211156,short,-0.0354622602462768,-0.0103287696838378,0.0037872791290283
2025-12-04,490,ED,-0.0581586097547048,0.9750996015936256,short,-0.0119047760963439,-0.0123187899589538,0.009627342224121
2025-12-04,491,ECL,-0.0581586097547048,0.9770916334661356,short,-0.0097809433937072,-0.0086256265640258,0.0150563716888427
2025-12-04,492,V,-0.0581586097547048,0.9790836653386454,short,-0.0132834315299987,-0.0166344046592712,0.0500844717025756
2025-12-04,493,AAPL,-0.0581586097547048,0.9810756972111554,short,-0.0031924247741699,0.0,-0.0017935037612915
2025-12-04,494,ACGL,-0.0581586097547048,0.9830677290836654,short,-0.0085041522979736,0.0005451440811157,0.0239859819412231
2025-12-04,495,YUM,-0.0581586097547048,0.9850597609561752,short,-0.0167632699012756,-0.0073813796043396,0.0420805215835571
2025-12-04,496,XYL,-0.0581586097547048,0.9870517928286852,short,-0.0049635767936706,-0.0039564371109008,-0.0137399435043334
2025-12-04,497,XOM,-0.0581586097547048,0.9890438247011952,short,-0.0048052072525024,0.0257422924041748,0.0195640325546264
2025-12-04,498,XEL,-0.0581586097547048,0.9910358565737052,short,-0.0187872052192688,-0.0331692099571228,-0.02630215883255
2025-12-04,499,WTW,-0.0581586097547048,0.9930278884462151,short,-0.0010290741920471,-0.0177736282348632,0.0194262266159057
2025-12-04,500,AIZ,-0.0581586097547048,0.9950199203187252,short,-0.0049805045127868,0.000403881072998,0.0288509130477905
2025-12-04,501,AIG,-0.0581586097547048,0.9970119521912352,short,-0.0093470215797424,0.0525768995285034,0.1021680831909179
2025-12-04,502,AFL,-0.0581586097547048,0.999003984063745,short,-0.0111640095710754,-0.0191251635551452,0.007046103477478
2025-12-05,1,LITE,0.4796879623142575,0.0009960159362549,long,0.051874041557312,0.086203932762146,-0.0229740738868713
2025-12-05,2,ALB,0.4509590063374126,0.0029880478087649,long,0.0164307355880737,0.0580974817276001,0.0394654273986816
2025-12-05,3,COHR,0.4075542365225901,0.0049800796812749,long,0.0369632244110107,0.0680081844329834,-0.0398687124252319
2025-12-05,4,COIN,0.3884478274729985,0.0069721115537848,long,0.0115243196487426,-0.0188913941383361,-0.0867250561714172
2025-12-05,5,SNDK,0.3572889472491491,0.0089641434262948,long,-0.0266554355621337,0.0715837478637695,-0.1046702861785888
2025-12-05,6,WDC,0.3255078735199342,0.0109561752988047,long,-0.0014136433601379,0.1026033163070678,0.0133112668991088
2025-12-05,7,INTC,0.3178119109086728,0.0129482071713147,long,0.0049628019332885,-0.0196030139923095,-0.0692307949066162
2025-12-05,8,MU,0.3131296903534468,0.0149402390438247,long,0.022274374961853,0.0467357635498046,-0.0381500124931335
2025-12-05,9,DECK,0.276990920792142,0.0169322709163346,long,-0.0039522051811218,0.0014821290969848,0.0274676084518432
2025-12-05,10,AMD,0.2768075463431758,0.0189243027888446,long,0.0023064613342285,0.0014472007751464,-0.0611912608146667
2025-12-05,11,STX,0.2671959761044606,0.0209163346613545,long,-0.0089345574378967,0.0786062479019165,0.0005955696105957
2025-12-05,12,HOOD,0.2609909491568041,0.0229083665338645,long,-0.0052773356437683,-0.0956534147262573,-0.1551710963249206
2025-12-05,13,DASH,0.2474006338282617,0.0249003984063745,long,0.0202280282974243,-0.0040366649627685,0.0068757534027099
2025-12-05,14,VRT,0.2397739629859513,0.0268924302788844,long,-0.0389526486396789,-0.0374441146850585,-0.1286029815673828
2025-12-05,15,SMCI,0.2245065451205217,0.0288844621513944,long,-0.0098953247070312,-0.0381678938865661,-0.1130901575088501
2025-12-05,16,CIEN,0.1930491588357944,0.0308764940239043,long,0.0066689252853393,0.1382614374160766,0.0152631998062133
2025-12-05,17,PSKY,0.185063838486936,0.0328685258964143,long,0.0048044919967651,-0.0308853387832641,-0.0398077964782714
2025-12-05,18,TER,0.182112326761562,0.0348605577689243,long,-0.0148776173591613,0.004827857017517,-0.0408394932746887
2025-12-05,19,TTD,0.1375790545999317,0.0368525896414342,long,0.0012707710266113,-0.0592121481895446,-0.0803049802780151
2025-12-05,20,LLY,0.1347594582998975,0.0388446215139442,long,-0.0154072046279907,0.0118184089660644,0.0647559165954589
2025-12-05,21,ORCL,0.1267167894953188,0.0408366533864541,long,0.0044890642166137,-0.0983494520187377,-0.1615126132965088
2025-12-05,22,WBD,0.0865145707368203,0.0428286852589641,long,0.0378259420394897,0.0829967260360717,0.0910760164260864
2025-12-05,23,CVNA,0.0725521843607778,0.0448207171314741,long,0.0186392068862915,0.0552480220794677,-0.0001339316368103
2025-12-05,24,DG,0.070901553127312,0.046812749003984,long,0.0102196931838989,0.067675232887268,0.0696868896484375
2025-12-05,25,APP,0.0663333892418935,0.048804780876494,long,0.0505392551422119,0.039462924003601,-0.0211595892906188
2025-12-05,26,Q,0.060381076853795,0.0507968127490039,long,0.0093711614608764,0.0059311389923095,-0.0909846425056457
2025-12-05,27,ARE,0.0505710980368385,0.0527888446215139,long,0.0071158409118652,0.0133421421051025,0.0542583465576171
2025-12-05,28,HPE,0.0458273157659413,0.0547808764940239,long,0.0381391048431396,0.0284996032714843,0.0079630613327026
2025-12-05,29,DLTR,0.045169024094095,0.0567729083665338,long,-0.0054018497467041,0.0801130533218383,0.0900856256484985
2025-12-05,30,MCHP,0.0265985490592682,0.0587649402390438,long,-0.0074238777160644,0.0258351564407348,-0.0025240778923034
2025-12-05,473,TAP,-0.5403509846057089,0.9412350597609562,short,-0.0300299525260925,0.0094380378723144,0.0225224494934082
2025-12-05,474,ADSK,-0.5403509846057089,0.9432270916334662,short,-0.0021235346794128,-0.0015429258346557,-0.0234912037849426
2025-12-05,475,GLW,-0.5403509846057089,0.945219123505976,short,0.0321741104125976,0.0872323513031005,-0.0018125772476196
2025-12-05,476,GL,-0.5403509846057089,0.947211155378486,short,0.0005261898040771,0.0452562570571899,0.0573596954345703
2025-12-05,477,ADM,-0.5403509846057089,0.949203187250996,short,0.0022437572479248,0.0341732501983642,0.0390058755874633
2025-12-05,478,ADP,-0.5403509846057089,0.951195219123506,short,-0.0017781853675842,0.0231938362121582,0.0241988897323608
2025-12-05,479,GILD,-0.5403509846057089,0.953187250996016,short,-0.0151003003120422,0.0166679620742797,-0.0116346478462219
2025-12-05,480,GEN,-0.5403509846057089,0.955179282868526,short,0.0111773014068603,0.0350223779678344,0.0242176055908203
2025-12-05,481,GD,-0.5403509846057089,0.957171314741036,short,-0.0051784515380859,0.0162793397903442,0.0139281749725341
2025-12-05,482,FTV,-0.5403509846057089,0.959163346613546,short,-0.0084981322288513,0.0245704650878906,0.0225383043289184
2025-12-05,483,HON,-0.5403509846057089,0.9611553784860558,short,-0.0094797015190124,0.0096880197525024,0.028438925743103
2025-12-05,484,HLT,-0.5403509846057089,0.9631474103585658,short,-0.0021125674247741,0.030983567237854,0.0594099760055542
2025-12-05,485,GIS,-0.5403509846057089,0.9651394422310756,short,-0.0069625973701477,0.0058746337890625,0.0239338874816894
2025-12-05,486,ABBV,-0.5403509846057089,0.9671314741035856,short,-0.0005825757980346,0.0038543939590454,0.0194065570831298
2025-12-05,487,TSN,-0.5403509846057089,0.9691235059760956,short,-0.0055140852928161,0.0594094991683959,0.0588757991790771
2025-12-05,488,TT,-0.5403509846057089,0.9711155378486056,short,0.00435471534729,0.0153800249099731,-0.0060412287712097
2025-12-05,489,VMC,-0.5403509846057089,0.9731075697211156,short,-0.0160253643989563,0.0117993354797363,0.0030428171157836
2025-12-05,490,TSCO,-0.5403509846057089,0.9750996015936256,short,-0.0185602307319641,-0.0286839008331298,-0.0076865553855896
2025-12-05,491,VLTO,-0.5403509846057089,0.9770916334661356,short,-0.0121461749076843,-0.0089339613914489,0.0066251754760742
2025-12-05,492,USB,-0.5403509846057089,0.9790836653386454,short,0.0031121969223022,0.0422097444534301,0.0447384119033813
2025-12-05,493,UPS,-0.5403509846057089,0.9810756972111554,short,0.0148613452911376,0.0515960454940795,0.0473049879074096
2025-12-05,494,TRV,-0.5403509846057089,0.9830677290836654,short,-0.0025368332862854,0.0107550621032714,0.0383034944534301
2025-12-05,495,AIZ,-0.5403509846057089,0.9850597609561752,short,0.0028860569000244,0.028228759765625,0.0518578290939331
2025-12-05,496,AOS,-0.5403509846057089,0.9870517928286852,short,-0.010722279548645,0.0212956666946411,0.024869680404663
2025-12-05,497,AMZN,-0.5403509846057089,0.9890438247011952,short,0.0045396089553833,0.0149412155151367,-0.0191723108291625
2025-12-05,498,AMT,-0.5403509846057089,0.9910358565737052,short,-0.0199235677719116,-0.0081331133842468,-0.0160480737686157
2025-12-05,499,WEC,-0.5403509846057089,0.9930278884462151,short,-0.0011454820632934,-0.0122184157371521,0.0047727823257446
2025-12-05,500,WM,-0.5403509846057089,0.9950199203187252,short,-0.0043761730194091,0.0086572170257568,0.0384817123413085
2025-12-05,501,AAPL,-0.5403509846057089,0.9970119521912352,short,-0.0025550723075866,0.0005037784576416,-0.0136026144027709
2025-12-05,502,ABT,-0.5403509846057089,0.999003984063745,short,-0.0068801641464233,0.0097469091415405,0.0522565841674804
2025-12-08,1,SNDK,0.3329962093651858,0.0009960159362549,long,0.0610588788986206,-0.0605122447013855,-0.0462499260902404
2025-12-08,2,LITE,0.3329962093651858,0.0029880478087649,long,0.0157356262207031,-0.0998528599739074,-0.122609794139862
2025-12-08,3,COHR,0.3243583434065155,0.0049800796812749,long,0.0244902372360229,-0.0746640563011169,-0.0909562706947326
2025-12-08,4,ALB,0.3054159651854232,0.0069721115537848,long,0.0303195714950561,0.026684284210205,0.0137676000595092
2025-12-08,5,WDC,0.2684618969030004,0.0089641434262948,long,0.0731980800628662,0.0401085615158081,0.0296980142593383
2025-12-08,6,MU,0.2649703026312214,0.0109561752988047,long,0.0447269678115844,-0.0446874499320983,-0.0788764953613281
2025-12-08,7,INTC,0.2536212252171236,0.0129482071713147,long,0.0069135427474975,-0.0664197206497192,-0.0787653923034668
2025-12-08,8,HOOD,0.2246768827843266,0.0149402390438247,long,-0.0003684759140014,-0.1194459199905395,-0.1201827526092529
2025-12-08,9,PSKY,0.2245064571516599,0.0169322709163346,long,0.0054644346237182,-0.0614754557609558,-0.0539617538452148
2025-12-08,10,VRT,0.2230264529248132,0.0189243027888446,long,0.0192847251892089,-0.0959188342094421,-0.0993384718894958
2025-12-08,11,WBD,0.2131865442238685,0.0209163346613545,long,0.0449398756027221,0.0608633756637573,0.0226467847824096
2025-12-08,12,Q,0.2087027166618454,0.0229083665338645,long,0.0130450725555419,-0.0722763538360595,-0.0774473547935485
2025-12-08,13,ORCL,0.204798623536878,0.0249003984063745,long,0.0066808462142944,-0.142463743686676,-0.148422360420227
2025-12-08,14,BLDR,0.2043657343500957,0.0268924302788844,long,0.0435196161270141,0.0330444574356079,-0.0174269080162048
2025-12-08,15,STX,0.2001353950208913,0.0288844621513944,long,0.0567773580551147,0.0168988704681396,0.0186312198638916
2025-12-08,16,REGN,0.1996711799779674,0.0308764940239043,long,0.0485575199127197,0.0703312158584594,0.0776516199111938
2025-12-08,17,CMG,0.1962403033078576,0.0328685258964143,long,0.0062259435653686,0.0714497566223144,0.0572191476821899
2025-12-08,18,COIN,0.181044974463371,0.0348605577689243,long,-0.0081842541694641,-0.0356936454772949,-0.089234173297882
2025-12-08,19,GNRC,0.1778080063249597,0.0368525896414342,long,0.0403473377227783,0.0039972066879272,-0.0296670794486999
2025-12-08,20,CIEN,0.1613064305661311,0.0388446215139442,long,0.0349894762039184,0.0190808773040771,-0.0210403800010681
2025-12-08,21,SMCI,0.1377789075528601,0.0408366533864541,long,-0.0034266114234924,-0.0768132209777832,-0.0959451794624328
2025-12-08,22,AMD,0.0824297484631481,0.0428286852589641,long,-0.0009024143218994,-0.0489125251770019,-0.0561771988868713
2025-12-08,23,DG,0.0783672566762627,0.0448207171314741,long,0.0027879476547241,0.0610960721969604,0.0714513063430786
2025-12-08,24,INCY,0.077547166110565,0.046812749003984,long,0.0001050233840942,0.0026271343231201,0.0196510553359985
2025-12-08,25,DECK,0.0771654680197561,0.048804780876494,long,-0.000991940498352,0.003670334815979,0.0336276292800903
2025-12-08,26,DELL,0.0770287674269918,0.0507968127490039,long,0.0174360275268554,-0.059615135192871,-0.0323397517204284
2025-12-08,27,TER,0.0745055325434761,0.0527888446215139,long,0.0202029943466186,-0.0330049991607666,-0.0384057760238647
2025-12-08,28,CVNA,0.0697293907175924,0.0547808764940239,long,0.0248504877090454,-0.0014243721961975,-0.0025200843811035
2025-12-08,29,DLTR,0.0622789039542875,0.0567729083665338,long,0.0381015539169311,0.0851436853408813,0.0958389043807983
2025-12-08,30,DASH,0.0621116238801894,0.0587649402390438,long,-0.0421322584152221,-0.0108700394630432,-0.0089134573936462
2025-12-08,473,TTWO,-0.4064724138293101,0.9412350597609562,short,-0.0108953118324279,-0.0291882753372192,-0.016885757446289
2025-12-08,474,TXT,-0.4064724138293101,0.9432270916334662,short,0.0143027305603027,0.0389748811721801,0.0289630889892578
2025-12-08,475,EMR,-0.4064724138293101,0.945219123505976,short,0.0130128860473632,0.0102772712707519,-0.00857675075531
2025-12-08,476,EOG,-0.4064724138293101,0.947211155378486,short,0.0186488628387451,-0.0126153826713562,-0.0695676207542419
2025-12-08,477,ADP,-0.4064724138293101,0.949203187250996,short,0.004298448562622,0.030476689338684,0.015257716178894
2025-12-08,478,AEE,-0.4064724138293101,0.951195219123506,short,-0.005796194076538,-0.0108805894851684,-0.0035590529441833
2025-12-08,479,AEP,-0.4064724138293101,0.953187250996016,short,-0.0164555311203002,-0.0167140960693359,-0.012923240661621
2025-12-08,480,AFL,-0.4064724138293101,0.955179282868526,short,-0.0076836943626403,0.0187928676605224,0.0136085748672485
2025-12-08,481,ICE,-0.4064724138293101,0.957171314741036,short,0.0149991512298583,0.0329093933105468,0.0129106044769287
2025-12-08,482,IEX,-0.4064724138293101,0.959163346613546,short,0.0173486471176147,0.0312967300415039,0.0212680101394653
2025-12-08,483,GPC,-0.4064724138293101,0.9611553784860558,short,0.0372244119644165,0.0396744012832641,0.0231566429138183
2025-12-08,484,GPN,-0.4064724138293101,0.9631474103585658,short,0.0366450548171997,0.0587097406387329,0.0508387088775634
2025-12-08,485,GWW,-0.4064724138293101,0.9651394422310756,short,0.0384800434112548,0.0666123628616333,0.0661326646804809
2025-12-08,486,SYY,-0.4064724138293101,0.9671314741035856,short,0.0135005712509155,0.0241080522537231,0.0348533391952514
2025-12-08,487,AWK,-0.4064724138293101,0.9691235059760956,short,0.0044479370117187,0.0265314579010009,0.0356613397598266
2025-12-08,488,AZO,-0.4064724138293101,0.9711155378486056,short,-0.0216314196586608,-0.0146020650863647,-0.0226923823356628
2025-12-08,489,BAC,-0.4064724138293101,0.9731075697211156,short,0.0100859403610229,0.0298842191696167,0.0237206220626831
2025-12-08,490,ALL,-0.4064724138293101,0.9750996015936256,short,0.0006963014602661,0.0304899215698242,0.0420790910720825
2025-12-08,491,AAPL,-0.4064724138293101,0.9770916334661356,short,0.0057724714279174,0.003968596458435,-0.0092719793319702
2025-12-08,492,ADM,-0.4064724138293101,0.9790836653386454,short,0.002410888671875,0.0334079265594482,-0.0015498399734497
2025-12-08,493,WTW,-0.4064724138293101,0.9810756972111554,short,-0.022407054901123,0.0146173238754272,0.0234001874923706
2025-12-08,494,AOS,-0.4064724138293101,0.9830677290836654,short,0.0224295854568481,0.0344723463058471,0.0227307081222534
2025-12-08,495,AMZN,-0.4064724138293101,0.9850597609561752,short,0.0169358253479003,-0.0075903534889221,-0.0235170125961303
2025-12-08,496,AON,-0.4064724138293101,0.9870517928286852,short,-0.0177359580993652,0.0219532251358032,0.0162049531936645
2025-12-08,497,AIG,-0.4064724138293101,0.9890438247011952,short,0.060978889465332,0.1109657287597656,0.1062549352645874
2025-12-08,498,AIZ,-0.4064724138293101,0.9910358565737052,short,0.0025180578231811,0.0310251712799072,0.0491007566452026
2025-12-08,499,WMB,-0.4064724138293101,0.9930278884462151,short,-0.0170592665672302,-0.0294069647789001,-0.0510154366493225
2025-12-08,500,WSM,-0.4064724138293101,0.9950199203187252,short,0.036679983139038,0.0393949747085571,0.0278700590133667
2025-12-08,501,VTR,-0.4064724138293101,0.9970119521912352,short,-0.0284964442253112,-0.0268716812133789,-0.0219972729682922
2025-12-08,502,VZ,-0.4064724138293101,0.999003984063745,short,-0.0054808259010314,0.0186846256256103,0.0151968002319335
2025-12-09,1,WDC,0.309978407008065,0.0009960159362549,long,0.0288541316986084,-0.0544655323028564,-0.0862324833869934
2025-12-09,2,LITE,0.3043039663948648,0.0029880478087649,long,0.0166393518447875,-0.0855464339256286,-0.125
2025-12-09,3,COIN,0.2985939439420765,0.0049800796812749,long,-0.02206552028656,-0.0896797180175781,-0.1123268604278564
2025-12-09,4,SNDK,0.2866520191797595,0.0069721115537848,long,0.0375761985778808,-0.1330842971801757,-0.1117839217185974
2025-12-09,5,CIEN,0.2858098027495418,0.0089641434262948,long,0.0924948453903198,-0.0255578756332397,-0.0809105634689331
2025-12-09,6,ALB,0.2660552344162974,0.0109561752988047,long,0.0103595256805419,-0.0074319243431091,0.0112603902816772
2025-12-09,7,MU,0.2487821484480162,0.0129482071713147,long,-0.0199082493782043,-0.0993894338607788,-0.1448181271553039
2025-12-09,8,COHR,0.2302058315971688,0.0149402390438247,long,0.0053178071975708,-0.0962268710136413,-0.1367940902709961
2025-12-09,9,AMD,0.2288940574305214,0.0169322709163346,long,4.5180320739746094e-05,-0.0625056028366088,-0.1052750349044799
2025-12-09,10,INTC,0.2253884293529468,0.0189243027888446,long,-0.0311427116394042,-0.0801863670349121,-0.1159881949424743
2025-12-09,11,VRT,0.2227207701775891,0.0209163346613545,long,-0.0173798203468322,-0.1104388833045959,-0.1759432554244995
2025-12-09,12,WBD,0.2130539566477336,0.0229083665338645,long,-0.0013545751571655,0.0060954093933105,-0.0447003841400146
2025-12-09,13,EPAM,0.203062379222084,0.0249003984063745,long,-0.0028811693191528,0.0019837617874145,-0.0349045991897583
2025-12-09,14,HOOD,0.201001304704768,0.0268924302788844,long,-0.090520441532135,-0.1503759622573852,-0.1463953852653503
2025-12-09,15,STX,0.1908409160790311,0.0288844621513944,long,0.0298573970794677,-0.0446274280548095,-0.0711562037467956
2025-12-09,16,PSKY,0.1832906311009115,0.0308764940239043,long,-0.0407608747482299,-0.0495924353599548,-0.1100543141365051
2025-12-09,17,CVNA,0.1741814350766478,0.0328685258964143,long,0.0108195543289184,-0.0422306060791015,-0.0458443164825439
2025-12-09,18,DECK,0.1633624064891301,0.0348605577689243,long,0.0064542293548583,0.0325686931610107,0.0166815519332885
2025-12-09,19,DASH,0.1609813249208078,0.0368525896414342,long,0.019155740737915,0.0303223133087158,0.0045392513275146
2025-12-09,20,MRK,0.1450331447240826,0.0388446215139442,long,0.0142388343811035,0.0270435810089111,0.0159803628921508
2025-12-09,21,BLDR,0.1415061323692991,0.0408366533864541,long,0.0026464462280273,-0.0448986887931823,-0.0553933382034301
2025-12-09,22,REGN,0.128124242915277,0.0428286852589641,long,0.0283526182174682,0.0363668203353881,0.0324698686599731
2025-12-09,23,LLY,0.1191609660362772,0.0448207171314741,long,0.0158407688140869,0.0689886808395385,0.0484582185745239
2025-12-09,24,TER,0.1103559816326097,0.046812749003984,long,-0.0001960396766662,-0.0456349849700927,-0.0921522974967956
2025-12-09,25,BIIB,0.075883107131202,0.048804780876494,long,-0.0284426808357238,-0.0101943016052246,-0.0306955575942993
2025-12-09,26,XYZ,0.073274597948851,0.0507968127490039,long,0.0050561428070068,0.0115340948104858,0.0075840950012207
2025-12-09,27,DG,0.0732576338554557,0.0527888446215139,long,0.0539358854293823,0.0559217929840087,0.0880134105682373
2025-12-09,28,SATS,0.0718175441702003,0.0547808764940239,long,0.0039430856704711,-0.0004808902740478,-0.0297172665596008
2025-12-09,29,APP,0.0718175441702003,0.0567729083665338,long,0.0194801092147827,-0.0399770140647888,-0.0656211376190185
2025-12-09,30,MRNA,0.0624884670133739,0.0587649402390438,long,0.0206682682037353,0.0306578874588012,0.0509817600250244
2025-12-09,473,IBM,-0.4212793997006678,0.9412350597609562,short,-0.0061727166175842,-0.012825071811676,-0.029903769493103
2025-12-09,474,ICE,-0.4212793997006678,0.9432270916334662,short,0.0169597864151,0.0063598155975341,0.0029928684234619
2025-12-09,475,IEX,-0.4212793997006678,0.945219123505976,short,0.0267974138259887,0.0123506784439086,-0.0010197162628173
2025-12-09,476,GPN,-0.4212793997006678,0.947211155378486,short,0.0196664333343505,0.0160567760467529,0.0234006643295288
2025-12-09,477,GWW,-0.4212793997006678,0.949203187250996,short,0.036983847618103,0.0341413021087646,0.0245889425277709
2025-12-09,478,CB,-0.4212793997006678,0.951195219123506,short,0.0318337678909301,0.0541915893554687,0.055371880531311
2025-12-09,479,CBOE,-0.4212793997006678,0.953187250996016,short,0.0081908702850341,-0.0092748403549194,0.0128482580184936
2025-12-09,480,CCI,-0.4212793997006678,0.955179282868526,short,0.0132391452789306,-0.0126875638961792,-0.0263680219650268
2025-12-09,481,CDW,-0.4212793997006678,0.957171314741036,short,0.002139925956726,-0.031162142753601,-0.0391198992729187
2025-12-09,482,BDX,-0.4212793997006678,0.959163346613546,short,0.0102318525314331,0.008518099784851,-0.0153225660324096
2025-12-09,483,HAS,-0.4212793997006678,0.9611553784860558,short,0.0219084024429321,-0.0129017233848571,-0.0098588466644287
2025-12-09,484,CTVA,-0.4212793997006678,0.9631474103585658,short,0.0144393444061279,0.0119816064834594,0.0204300880432128
2025-12-09,485,CVX,-0.4212793997006678,0.9651394422310756,short,-0.004557192325592,-0.0106334090232849,-0.0124826431274414
2025-12-09,486,D,-0.4212793997006678,0.9671314741035856,short,0.0018945932388305,0.0306578874588012,0.0353082418441772
2025-12-09,487,CNP,-0.4212793997006678,0.9691235059760956,short,-0.0040020942687988,0.0192102193832397,0.0221451520919799
2025-12-09,488,COP,-0.4212793997006678,0.9711155378486056,short,-0.0009297728538513,-0.0252066254615783,-0.0190082788467407
2025-12-09,489,COST,-0.4212793997006678,0.9731075697211156,short,0.0115163326263427,-0.0158392190933227,-0.0134490132331848
2025-12-09,490,CPAY,-0.4212793997006678,0.9750996015936256,short,0.0151810646057128,0.0018936395645141,-0.0095966458320617
2025-12-09,491,UPS,-0.4212793997006678,0.9770916334661356,short,0.0084303617477417,0.0043154954910278,0.0132477283477783
2025-12-09,492,USB,-0.4212793997006678,0.9790836653386454,short,0.000373363494873,0.0028005838394165,0.0033607482910156
2025-12-09,493,V,-0.4212793997006678,0.9810756972111554,short,0.0610935688018798,0.0649617910385131,0.0573481321334838
2025-12-09,494,VLTO,-0.4212793997006678,0.9830677290836654,short,0.0100256204605102,0.0258823633193969,0.0235294103622436
2025-12-09,495,AMP,-0.4212793997006678,0.9850597609561752,short,0.0027148723602294,-0.0116036534309387,-0.019627571105957
2025-12-09,496,XEL,-0.4212793997006678,0.9870517928286852,short,0.00080406665802,0.01474130153656,-0.0198338627815246
2025-12-09,497,XYL,-0.4212793997006678,0.9890438247011952,short,0.0115556716918945,-0.0015167593955993,-0.0114112496376037
2025-12-09,498,YUM,-0.4212793997006678,0.9910358565737052,short,0.0293973684310913,0.0690110921859741,0.0642851591110229
2025-12-09,499,UDR,-0.4212793997006678,0.9930278884462151,short,0.0113570690155029,0.0161839723587036,0.0337876081466674
2025-12-09,500,ACGL,-0.4212793997006678,0.9950199203187252,short,0.0203770399093627,0.0430424213409423,0.0448949337005615
2025-12-09,501,ABT,-0.4212793997006678,0.9970119521912352,short,0.0059567689895629,0.0483068227767944,0.0339453220367431
2025-12-09,502,AAPL,-0.4212793997006678,0.999003984063745,short,-0.002690315246582,-0.0167515873908996,-0.0248941779136657
2025-12-10,1,LITE,0.3452804545793291,0.0009960159362549,long,-0.1283022761344909,-0.1503399610519409,-0.0939557552337646
2025-12-10,2,TER,0.3230918684331919,0.0029880478087649,long,-0.0519684553146362,-0.0572633743286132,-0.0662842988967895
2025-12-10,3,WDC,0.2998550606047233,0.0049800796812749,long,-0.058012843132019,-0.0674412250518798,-0.0651175379753112
2025-12-10,4,SNDK,0.2927297131209074,0.0069721115537848,long,-0.1466413140296936,-0.1336865425109863,-0.091676652431488
2025-12-10,5,CIEN,0.2682862459524938,0.0089641434262948,long,-0.0987333059310913,-0.1342162489891052,-0.1306266784667968
2025-12-10,6,COHR,0.2598404720021547,0.0109561752988047,long,-0.1015617251396179,-0.1173803806304931,-0.1148110628128051
2025-12-10,7,ALB,0.2583484224988633,0.0129482071713147,long,-0.013745367527008,-0.0261534452438354,0.0437625646591186
2025-12-10,8,REGN,0.2247074263878719,0.0149402390438247,long,-0.0073781609535217,-0.0005891919136047,0.002557635307312
2025-12-10,9,WBD,0.2183054456617143,0.0169322709163346,long,0.0166157484054565,-0.020006775856018,-0.0637503862380981
2025-12-10,10,STX,0.2163622539077569,0.0189243027888446,long,-0.0656336545944213,-0.0640419721603393,-0.0514706969261169
2025-12-10,11,INTC,0.2112488390622196,0.0209163346613545,long,-0.0430269837379455,-0.0556820034980773,-0.0817514657974243
2025-12-10,12,COIN,0.2063123065617088,0.0229083665338645,long,-0.0057988166809082,-0.0609991550445556,-0.1108467578887939
2025-12-10,13,JBHT,0.2057471428772042,0.0249003984063745,long,-0.0043598413467407,-0.0139815211296081,-0.0156853199005126
2025-12-10,14,MU,0.2033673753239223,0.0268924302788844,long,-0.0670122504234314,-0.1004023551940918,-0.0383424758911132
2025-12-10,15,EPAM,0.2010982550881552,0.0288844621513944,long,-0.0070105195045471,-0.024915874004364,-0.0193737745285034
2025-12-10,16,MCHP,0.1988768616707381,0.0308764940239043,long,-0.0276450514793396,-0.0461716055870056,-0.0728035569190979
2025-12-10,17,CVNA,0.195772264511191,0.0328685258964143,long,-0.0360671281814575,-0.0371248126029968,-0.0147864818572998
2025-12-10,18,ORCL,0.1888609948621167,0.0348605577689243,long,-0.0446568131446838,-0.051294982433319,-0.0946442484855651
2025-12-10,19,GNRC,0.1868041958751066,0.0368525896414342,long,-0.0411571264266967,-0.073307454586029,-0.1828809380531311
2025-12-10,20,PSKY,0.1832906311009115,0.0388446215139442,long,-0.0269122123718261,-0.019121766090393,-0.0786118507385253
2025-12-10,21,DASH,0.1751833651029093,0.0408366533864541,long,0.0132281780242919,0.0152324438095092,0.0285943746566772
2025-12-10,22,APP,0.1736318865450776,0.0428286852589641,long,-0.0645903348922729,-0.055343210697174,-0.0315350294113159
2025-12-10,23,AMAT,0.1613822812785864,0.0448207171314741,long,-0.0403538942337036,-0.0417237281799316,-0.0614933967590332
2025-12-10,24,Q,0.1570918515315974,0.046812749003984,long,-0.0691037774085998,-0.0742924809455871,-0.068042516708374
2025-12-10,25,HOOD,0.1434031982809218,0.048804780876494,long,-0.0314475297927856,-0.0322580337524414,-0.0504133105278015
2025-12-10,26,ZBRA,0.1322895154304847,0.0507968127490039,long,-0.018827199935913,-0.0452218651771545,-0.0761497616767883
2025-12-10,27,SNPS,0.128428701430329,0.0527888446215139,long,-0.0509365797042846,-0.0291665196418762,-0.0400829911231994
2025-12-10,28,DELL,0.1265326236871629,0.0547808764940239,long,-0.0621934533119201,-0.0349928140640258,-0.1129870414733886
2025-12-10,29,VRT,0.1233991779459179,0.0567729083665338,long,-0.0973356962203979,-0.1007500290870666,-0.1358446478843689
2025-12-10,30,BLDR,0.1142763960723189,0.0587649402390438,long,-0.0126513242721557,-0.0608901381492614,-0.0386821031570434
2025-12-10,473,BF.B,-0.4212793997006678,0.9412350597609562,short,-0.0038859844207763,-0.0152201652526855,-0.0654144883155822
2025-12-10,474,BLK,-0.4212793997006678,0.9432270916334662,short,-0.0115715265274047,-0.0305851697921752,-0.0334440469741821
2025-12-10,475,BAC,-0.4212793997006678,0.945219123505976,short,0.0106304883956909,0.0045821666717529,-0.0054985880851745
2025-12-10,476,SYK,-0.4212793997006678,0.947211155378486,short,0.0031731128692626,-0.0036263465881347,0.0003966093063354
2025-12-10,477,SYY,-0.4212793997006678,0.949203187250996,short,0.0014817714691162,0.0119897127151489,0.011316180229187
2025-12-10,478,TDY,-0.4212793997006678,0.951195219123506,short,-0.0093479752540588,-0.0316758751869201,-0.0356521606445312
2025-12-10,479,CAG,-0.4212793997006678,0.953187250996016,short,0.0085227489471435,0.0079544782638549,0.0113636255264282
2025-12-10,480,HIG,-0.4212793997006678,0.955179282868526,short,7.402896881103516e-05,0.0183310508728027,0.0269051790237426
2025-12-10,481,HON,-0.4212793997006678,0.957171314741036,short,-0.0009801387786865,0.0227495431900024,0.0218210220336914
2025-12-10,482,XYL,-0.4212793997006678,0.959163346613546,short,-0.0211337208747863,-0.0175638198852539,-0.0240610837936401
2025-12-10,483,XEL,-0.4212793997006678,0.9611553784860558,short,0.0062935352325439,-0.0127208828926086,-0.0143278241157531
2025-12-10,484,XOM,-0.4212793997006678,0.9631474103585658,short,-0.0060231089591979,-0.0406558513641357,-0.0250961780548095
2025-12-10,485,TSCO,-0.4212793997006678,0.9651394422310756,short,0.0030882358551025,0.0160200595855712,0.0100367069244384
2025-12-10,486,TRV,-0.4212793997006678,0.9671314741035856,short,0.0085902214050292,0.023790955543518,0.0380725860595703
2025-12-10,487,TTWO,-0.4212793997006678,0.9691235059760956,short,-0.0038777589797973,0.0087455511093139,0.0174909830093383
2025-12-10,488,HWM,-0.4212793997006678,0.9711155378486056,short,0.0123538970947265,-0.0036244988441467,0.0107713937759399
2025-12-10,489,HSY,-0.4212793997006678,0.9731075697211156,short,0.0013767480850219,0.0361824035644531,0.0362374782562255
2025-12-10,490,HRL,-0.4212793997006678,0.9750996015936256,short,0.0143399238586425,-0.0021088123321533,0.0122311115264892
2025-12-10,491,HLT,-0.4212793997006678,0.9770916334661356,short,0.0074052810668945,0.0275001525878906,0.0341147184371948
2025-12-10,492,UDR,-0.4212793997006678,0.9790836653386454,short,-0.0025267004966735,-0.0044918656349182,0.014037013053894
2025-12-10,493,V,-0.4212793997006678,0.9810756972111554,short,0.0063651800155639,-0.0015045404434204,0.0010994672775268
2025-12-10,494,TXT,-0.4212793997006678,0.9830677290836654,short,0.0036845207214355,-0.0059872865676879,0.0127806663513183
2025-12-10,495,UNP,-0.4212793997006678,0.9850597609561752,short,0.0162205696105957,-0.0010163784027099,-0.0071997046470642
2025-12-10,496,APH,-0.4212793997006678,0.9870517928286852,short,-0.0708174109458923,-0.0716082453727722,-0.0681572556495666
2025-12-10,497,VZ,-0.4212793997006678,0.9890438247011952,short,0.0166583061218261,0.0131775140762329,0.0047240257263183
2025-12-10,498,WDAY,-0.4212793997006678,0.9910358565737052,short,0.0020086765289306,-0.0353954434394836,-0.0266023278236389
2025-12-10,499,YUM,-0.4212793997006678,0.9930278884462151,short,0.0198488235473632,0.0196462869644165,0.0444234609603881
2025-12-10,500,ZBH,-0.4212793997006678,0.9950199203187252,short,-0.0093023180961608,-0.0166575908660888,-0.0221741199493408
2025-12-10,501,AAPL,-0.4212793997006678,0.9970119521912352,short,0.0008991956710815,-0.0123009085655212,-0.0210049152374267
2025-12-10,502,A,-0.4212793997006678,0.999003984063745,short,-0.0223280191421508,-0.025757610797882,-0.041786253452301
2025-12-11,1,LITE,0.4196142652524197,0.0009960159362549,long,0.031879186630249,-0.0126406550407409,0.1451518535614013
2025-12-11,2,COHR,0.4068723498118684,0.0029880478087649,long,0.0006167888641357,-0.0442973971366882,0.0419985055923461
2025-12-11,3,SNDK,0.3916815153677661,0.0049800796812749,long,-0.0209040641784667,0.0031526088714599,0.1524397134780883
2025-12-11,4,TER,0.3887395173007236,0.0069721115537848,long,0.0068780183792114,-0.0421988368034362,0.0093603134155273
2025-12-11,5,WDC,0.3769861214718455,0.0089641434262948,long,-0.0243847370147705,-0.0571622848510742,0.0268799066543579
2025-12-11,6,CIEN,0.2874824540447258,0.0109561752988047,long,-0.0103461146354675,-0.0665629506111145,0.0544772148132324
2025-12-11,7,PSKY,0.269515791861041,0.0129482071713147,long,0.0181950330734252,-0.0465793013572692,-0.0502182841300964
2025-12-11,8,MU,0.2543637499840216,0.0149402390438247,long,-0.0150949358940124,-0.0647756457328796,0.1027619838714599
2025-12-11,9,COIN,0.2470017316536309,0.0169322709163346,long,-0.0637104511260986,-0.0870036482810974,-0.0835264921188354
2025-12-11,10,DASH,0.2377859864179898,0.0189243027888446,long,-0.0022419095039367,-0.027209997177124,0.0297155380249023
2025-12-11,11,HOOD,0.2326274490263834,0.0209163346613545,long,-0.0354811549186706,-0.0309622883796691,0.0154811143875122
2025-12-11,12,AMD,0.2234550198603409,0.0229083665338645,long,-0.0151817202568054,-0.0601100325584411,0.0125722885131835
2025-12-11,13,STX,0.222429842718433,0.0249003984063745,long,-0.0071618556976318,-0.0347309708595275,0.0303155183792114
2025-12-11,14,ALB,0.22005106905045,0.0268924302788844,long,-0.0039174556732177,0.014841079711914,0.0989904403686523
2025-12-11,15,MCHP,0.2177989645524489,0.0288844621513944,long,0.0,-0.0474843382835388,-0.0337897539138793
2025-12-11,16,ORCL,0.2154998847309561,0.0308764940239043,long,-0.0265831351280212,-0.0605884790420532,0.0105279684066772
2025-12-11,17,DECK,0.1938235834795821,0.0328685258964143,long,0.027772307395935,0.0119588375091552,-0.0169005393981933
2025-12-11,18,APP,0.1837911566693281,0.0348605577689243,long,0.0067023038864135,-0.0201887488365173,0.0755960941314697
2025-12-11,19,CMG,0.1778036283947565,0.0368525896414342,long,-0.0055340528488159,0.0237963199615478,0.041505217552185
2025-12-11,20,DLTR,0.1743531709679956,0.0388446215139442,long,0.0100100040435791,-0.0117039084434509,-0.0156310200691223
2025-12-11,21,NCLH,0.1709906750353229,0.0408366533864541,long,0.0378714799880981,0.0325982570648193,0.1045062541961669
2025-12-11,22,CVNA,0.1427749762392032,0.0428286852589641,long,-0.0170294642448425,-0.0207381844520568,-0.0119820833206176
2025-12-11,23,SNPS,0.1356539842400037,0.0448207171314741,long,0.0037972927093505,0.0002648830413818,0.0237995386123657
2025-12-11,24,HUM,0.1349471108730451,0.046812749003984,long,0.0234307050704956,-0.0304340124130249,-0.033712089061737
2025-12-11,25,ARE,0.1341770059235545,0.048804780876494,long,0.0165094137191772,0.0197255611419677,0.0278730392456054
2025-12-11,26,VRT,0.1332151080958427,0.0507968127490039,long,0.0029144287109375,-0.0709369778633117,-0.0089911222457885
2025-12-11,27,DELL,0.1147910762688668,0.0527888446215139,long,0.0040775537490844,-0.0160793662071228,-0.0273888111114501
2025-12-11,28,AMAT,0.1141049579396926,0.0547808764940239,long,0.0079472064971923,-0.0422050952911376,-0.0108020305633544
2025-12-11,29,REGN,0.1117576161390665,0.0567729083665338,long,0.0152841806411743,0.0114665031433105,0.0359778404235839
2025-12-11,30,BLDR,0.1028960604394294,0.0587649402390438,long,-0.0352138876914978,-0.0458149313926696,-0.0432338118553161
2025-12-11,473,STLD,-0.4897674551449936,0.9412350597609562,short,-0.0175902247428894,0.0044775009155273,0.013432502746582
2025-12-11,474,SRE,-0.4897674551449936,0.9432270916334662,short,0.0011301040649414,-0.0193241834640502,-0.0175160765647888
2025-12-11,475,TEL,-0.4897674551449936,0.945219123505976,short,0.0023461580276489,-0.0322819352149963,-0.0007820725440979
2025-12-11,476,TDG,-0.4897674551449936,0.947211155378486,short,-0.0019851326942443,-0.0254972577095031,-0.0137643814086914
2025-12-11,477,TAP,-0.4897674551449936,0.949203187250996,short,0.0014705657958984,0.0096639394760131,0.0016807317733764
2025-12-11,478,EQR,-0.4897674551449936,0.951195219123506,short,0.0024609565734863,0.0168991088867187,0.0068908929824829
2025-12-11,479,ADSK,-0.4897674551449936,0.953187250996016,short,-0.0111880898475646,-0.0156901478767395,0.0081977844238281
2025-12-11,480,CNP,-0.4897674551449936,0.955179282868526,short,0.0095137357711792,0.0124207735061645,-0.0063425302505493
2025-12-11,481,CMS,-0.4897674551449936,0.957171314741036,short,0.0131731033325195,0.0060138702392578,-0.0095933079719543
2025-12-11,482,ETR,-0.4897674551449936,0.959163346613546,short,0.0151597261428833,-0.0056307315826416,-0.009204089641571
2025-12-11,483,WM,-0.4897674551449936,0.9611553784860558,short,0.0125690698623657,0.0192941427230834,0.0033857822418212
2025-12-11,484,WEC,-0.4897674551449936,0.9631474103585658,short,0.0132845640182495,0.0084713697433471,0.000577688217163
2025-12-11,485,AFL,-0.4897674551449936,0.9651394422310756,short,0.0131758451461792,0.0040889978408813,0.0028169155120849
2025-12-11,486,ESS,-0.4897674551449936,0.9671314741035856,short,0.0063660144805908,0.0187486410140991,-0.000892698764801
2025-12-11,487,ICE,-0.4897674551449936,0.9691235059760956,short,-0.0110900998115539,-0.0143986940383911,-0.0178298354148864
2025-12-11,488,INVH,-0.4897674551449936,0.9711155378486056,short,0.0208728313446044,0.0383301973342895,0.0265654325485229
2025-12-11,489,IQV,-0.4897674551449936,0.9731075697211156,short,0.0061639547348022,-0.0037343502044677,-0.0070637464523315
2025-12-11,490,ITW,-0.4897674551449936,0.9750996015936256,short,0.0024805068969726,-0.0217812657356262,-0.0305402278900146
2025-12-11,491,CME,-0.4897674551449936,0.9770916334661356,short,-0.0050082206726074,0.0006946325302124,-0.0163041353225708
2025-12-11,492,EOG,-0.4897674551449936,0.9790836653386454,short,-0.0192574858665466,-0.0302749872207641,-0.0562911033630371
2025-12-11,493,EIX,-0.4897674551449936,0.9810756972111554,short,0.0133767127990722,0.0210942029953002,0.0306979417800903
2025-12-11,494,ADP,-0.4897674551449936,0.9830677290836654,short,-0.0043216347694396,-0.0023675560951232,-0.0306651592254638
2025-12-11,495,XOM,-0.4897674551449936,0.9850597609561752,short,-0.0089210271835327,-0.0118666291236877,-0.017926275730133
2025-12-11,496,XYL,-0.4897674551449936,0.9870517928286852,short,0.0083880424499511,-0.001604676246643,0.0070751905441284
2025-12-11,497,DTE,-0.4897674551449936,0.9890438247011952,short,-0.0076271891593933,-0.0070108175277709,-0.0166410207748413
2025-12-11,498,DUK,-0.4897674551449936,0.9910358565737052,short,0.0124024152755737,0.0184735059738159,0.0022549629211425
2025-12-11,499,UDR,-0.4897674551449936,0.9930278884462151,short,0.0073177814483642,0.0247678756713867,0.0033775568008422
2025-12-11,500,TRV,-0.4897674551449936,0.9950199203187252,short,0.0185061693191528,0.0208895206451416,0.0266728401184082
2025-12-11,501,TTWO,-0.4897674551449936,0.9970119521912352,short,0.0127966403961181,-0.0038099884986877,0.0245578289031982
2025-12-11,502,TT,-0.4897674551449936,0.999003984063745,short,0.0094071626663208,-0.0227255821228027,-0.0034510493278503
2025-12-12,1,COHR,0.473764423639538,0.0009960159362549,long,-0.0182123780250549,-0.0153543949127197,0.0702157020568847
2025-12-12,2,LITE,0.473764423639538,0.0029880478087649,long,-0.0553945899009704,0.0072903633117675,0.1648988723754882
2025-12-12,3,SNDK,0.4638463876092975,0.0049800796812749,long,0.0368554592132568,0.0871353149414062,0.1940853595733642
2025-12-12,4,TER,0.4590830674633344,0.0069721115537848,long,-0.0123780369758605,-0.0218284726142883,0.0129430294036865
2025-12-12,5,WDC,0.444532111336589,0.0089641434262948,long,0.0147349834442138,0.0172634124755859,0.0274355411529541
2025-12-12,6,CIEN,0.4140961529813234,0.0109561752988047,long,-0.029327392578125,-0.0253029465675354,0.0951522588729858
2025-12-12,7,ALB,0.408522504789821,0.0129482071713147,long,-0.0086975693702697,0.0624716281890869,0.0995310544967651
2025-12-12,8,MU,0.3791073849562852,0.0149402390438247,long,-0.0210105776786804,0.0465263128280639,0.1645894050598144
2025-12-12,9,COIN,0.3198624673793123,0.0169322709163346,long,0.0087453126907348,-0.0448047518730163,-0.0100631117820739
2025-12-12,10,PSKY,0.3193727300441253,0.0189243027888446,long,-0.0100070834159851,-0.0700500011444091,-0.0271622538566589
2025-12-12,11,AMD,0.2916241113572613,0.0209163346613545,long,0.0076596736907958,-0.0314096212387084,0.0355043411254882
2025-12-12,12,VRT,0.2681602032813635,0.0229083665338645,long,-0.0066773891448974,-0.0454433560371398,0.0278842449188232
2025-12-12,13,ORCL,0.2641001211007807,0.0249003984063745,long,0.0201708078384399,-0.0264438390731811,0.0727882385253906
2025-12-12,14,STX,0.263860854138285,0.0268924302788844,long,0.0089292526245117,0.0224806070327758,-0.0095594525337219
2025-12-12,15,CVNA,0.2617623194788442,0.0288844621513944,long,0.0162081718444824,0.0397838354110717,-0.0319923758506774
2025-12-12,16,MCHP,0.2594650045564191,0.0308764940239043,long,-0.0190532803535461,-0.0464424490928649,-0.0139923095703125
2025-12-12,17,CMG,0.2578265301026943,0.0328685258964143,long,-0.0077907443046569,0.0470229387283325,0.0550918579101562
2025-12-12,18,Q,0.2562612916841331,0.0348605577689243,long,0.0244029760360717,0.0313193798065185,0.0686415433883667
2025-12-12,19,INTC,0.2477360979945541,0.0368525896414342,long,-0.005331814289093,-0.032791256904602,-0.0303918719291687
2025-12-12,20,HOOD,0.233335654653855,0.0388446215139442,long,0.0359188318252563,0.0164844989776611,0.061686635017395
2025-12-12,21,SATS,0.2147874946193907,0.0408366533864541,long,-0.0027903318405151,-0.0128933191299438,0.0476281642913818
2025-12-12,22,APP,0.197486205760716,0.0428286852589641,long,0.003162145614624,0.0284448862075805,0.086549162864685
2025-12-12,23,DELL,0.1832906526264824,0.0448207171314741,long,0.0248256921768188,-0.0580031871795654,-0.0298827290534973
2025-12-12,24,GNRC,0.1802606587444337,0.046812749003984,long,-0.019377589225769,-0.1353278160095214,-0.1160133481025695
2025-12-12,25,NCLH,0.1749042543493796,0.048804780876494,long,-0.005080759525299,-0.0009238123893737,0.1210162639617919
2025-12-12,26,AMAT,0.1394557965892068,0.0507968127490039,long,-0.0093007087707519,-0.0297393202781677,-0.008650004863739
2025-12-12,27,EXPE,0.1269148750312882,0.0527888446215139,long,0.0055388212203979,0.00754976272583,0.0206032991409301
2025-12-12,28,XYZ,0.1145153648834429,0.0547808764940239,long,0.0082787275314331,0.0057795047760009,0.0176508426666259
2025-12-12,29,SNPS,0.1054040214360211,0.0567729083665338,long,0.0190687179565429,0.0076098442077636,0.0584379434585571
2025-12-12,30,GEV,0.1019979233831486,0.0587649402390438,long,0.0071475505828857,-0.0615248680114746,-0.0286783576011657
2025-12-12,473,ESS,-0.535166242697551,0.9412350597609562,short,-0.0147342681884765,0.0069813728332519,0.006094217300415
2025-12-12,474,EQR,-0.535166242697551,0.9432270916334662,short,-0.0060556530952453,0.0162029266357421,0.019476294517517
2025-12-12,475,FIS,-0.535166242697551,0.945219123505976,short,0.0001502037048339,-0.0106590390205383,0.0042035579681396
2025-12-12,476,FE,-0.535166242697551,0.947211155378486,short,-0.0130016207695007,0.0002241134643554,-0.004259169101715
2025-12-12,477,FDX,-0.535166242697551,0.949203187250996,short,0.004373550415039,0.0209436416625976,0.0410695075988769
2025-12-12,478,AVB,-0.535166242697551,0.951195219123506,short,-0.004780888557434,0.0193487405776977,0.0266045331954956
2025-12-12,479,TAP,-0.535166242697551,0.953187250996016,short,0.0029369592666625,0.0004196166992187,-0.0234948396682739
2025-12-12,480,ATO,-0.535166242697551,0.955179282868526,short,-0.0161054134368896,-0.0077891945838928,-0.0199707150459289
2025-12-12,481,AOS,-0.535166242697551,0.957171314741036,short,-0.0127869248390197,-0.0091542601585388,-0.0103167295455932
2025-12-12,482,TROW,-0.535166242697551,0.959163346613546,short,0.0028951168060302,-0.0028952360153198,0.011387825012207
2025-12-12,483,AWK,-0.535166242697551,0.9611553784860558,short,-0.0105122327804565,-0.00827556848526,-0.0183404684066772
2025-12-12,484,TJX,-0.535166242697551,0.9631474103585658,short,-0.0103376507759094,-0.0116776227951049,-0.0008295774459838
2025-12-12,485,EXC,-0.535166242697551,0.9651394422310756,short,-0.0025074481964111,0.0093457698822021,-0.0072942972183227
2025-12-12,486,EW,-0.535166242697551,0.9671314741035856,short,0.0232670307159423,0.0170304775238037,0.0377788543701171
2025-12-12,487,XEL,-0.535166242697551,0.9691235059760956,short,-0.0262809991836547,-0.0278658270835876,-0.0246962904930114
2025-12-12,488,WTW,-0.535166242697551,0.9711155378486056,short,-0.0030534267425537,-0.0033860206604003,0.0049278736114501
2025-12-12,489,TTWO,-0.535166242697551,0.9731075697211156,short,-0.0001226663589477,0.0085459947586059,0.0164376497268676
2025-12-12,490,TXT,-0.535166242697551,0.9750996015936256,short,-0.0183079242706298,0.0002273321151733,0.0334317684173584
2025-12-12,491,TSCO,-0.535166242697551,0.9770916334661356,short,-0.0054789781570434,-0.0113356709480285,-0.0228603482246398
2025-12-12,492,TRV,-0.535166242697551,0.9790836653386454,short,-0.0033724904060363,0.0105302333831787,0.0036133527755737
2025-12-12,493,TMO,-0.535166242697551,0.9810756972111554,short,-0.0099841952323913,-0.0234758257865905,-0.000364601612091
2025-12-12,494,XOM,-0.535166242697551,0.9830677290836654,short,-0.0261549353599548,-0.0103600621223449,0.0033118724822998
2025-12-12,495,UHS,-0.535166242697551,0.9850597609561752,short,-0.0054942369461059,0.0038862228393554,0.0123733282089233
2025-12-12,496,UDR,-0.535166242697551,0.9870517928286852,short,-0.0092204809188842,0.0092203617095947,0.0089410543441772
2025-12-12,497,FANG,-0.535166242697551,0.9890438247011952,short,-0.0324549078941345,-0.0458263158798217,-0.0363494157791137
2025-12-12,498,FDS,-0.535166242697551,0.9910358565737052,short,0.0033215284347534,-0.0638290047645568,-0.0037325024604797
2025-12-12,499,AME,-0.535166242697551,0.9930278884462151,short,-0.0069393515586853,-0.0060534477233886,0.0149613618850708
2025-12-12,500,AMCR,-0.535166242697551,0.9950199203187252,short,0.0084848403930664,0.010909080505371,0.0084848403930664
2025-12-12,501,AMGN,-0.535166242697551,0.9970119521912352,short,0.004395842552185,-0.0027357935905456,0.0186898708343505
2025-12-12,502,AAPL,-0.535166242697551,0.999003984063745,short,0.001824140548706,-0.00700443983078,-0.0114551782608032
2025-12-15,1,COHR,0.3045417855425735,0.0009960159362549,long,-0.0271689295768737,0.0606735944747924,0.0951484441757202
2025-12-15,2,SNDK,0.3045417855425735,0.0029880478087649,long,-0.0118484497070312,0.1352062225341797,0.1700348854064941
2025-12-15,3,LITE,0.3045417855425735,0.0049800796812749,long,0.0129685401916503,0.1748536825180053,0.225399374961853
2025-12-15,4,WDC,0.2942609628815416,0.0069721115537848,long,-0.0476299524307251,0.037261962890625,0.0210511684417724
2025-12-15,5,CIEN,0.2942609628815416,0.0089641434262948,long,-0.0283073186874389,0.0976934432983398,0.1451106071472168
2025-12-15,6,TER,0.269113695120977,0.0109561752988047,long,-0.0368193387985229,0.0150294303894042,0.0322949886322021
2025-12-15,7,PSKY,0.2635949112695409,0.0129482071713147,long,-0.0541515946388244,-0.0577617287635803,-0.0231047272682189
2025-12-15,8,MU,0.2586804111780646,0.0149402390438247,long,-0.0300631523132324,0.1436928510665893,0.1882069110870361
2025-12-15,9,NCLH,0.250213447923401,0.0169322709163346,long,0.0,0.0696378946304321,0.0728876590728759
2025-12-15,10,COIN,0.2334528784300394,0.0189243027888446,long,-0.0333319902420043,-0.0296504497528076,-0.04081392288208
2025-12-15,11,SATS,0.2249278779780948,0.0209163346613545,long,-0.0265341401100158,0.0026051998138427,0.0301042795181274
2025-12-15,12,Q,0.2178977917729094,0.0229083665338645,long,-0.0285350084304809,0.0152865648269653,0.0594904422760009
2025-12-15,13,DECK,0.2174443614719334,0.0249003984063745,long,-0.0173704028129577,-0.0453934073448181,-0.0337811708450317
2025-12-15,14,STX,0.2152220268036358,0.0268924302788844,long,-0.0363724827766418,0.028563380241394,-0.0184986591339111
2025-12-15,15,EPAM,0.211188588860289,0.0288844621513944,long,-0.0073840618133544,0.0161281824111938,0.0104445219039917
2025-12-15,16,BLDR,0.2028370512481087,0.0308764940239043,long,0.0031982660293579,0.0059119462966918,-0.0046520829200744
2025-12-15,17,CVNA,0.1942982235163575,0.0328685258964143,long,-0.0196624994277954,-0.0108967423439025,-0.039171278476715
2025-12-15,18,HOOD,0.192445606541569,0.0348605577689243,long,-0.0301507115364074,0.016331672668457,0.0070351362228393
2025-12-15,19,VRT,0.190737371444972,0.0368525896414342,long,-0.0674094557762146,-0.0052284002304077,0.0348562002182006
2025-12-15,20,ALB,0.1852166605442273,0.0388446215139442,long,0.0277714729309082,0.1129930019378662,0.1192492246627807
2025-12-15,21,GNRC,0.1693491022344296,0.0408366533864541,long,-0.0678423643112182,-0.1056900024414062,-0.0997039675712585
2025-12-15,22,ORCL,0.1611255300753723,0.0428286852589641,long,-0.0540152788162231,0.0175987482070922,0.0354624986648559
2025-12-15,23,APP,0.1590897774182605,0.0448207171314741,long,-0.0297799706459045,0.065067172050476,0.0755205154418945
2025-12-15,24,NFLX,0.1509280610895981,0.046812749003984,long,0.0023263692855834,-0.0019033551216125,-0.0113143920898437
2025-12-15,25,EXPE,0.1390923630886179,0.048804780876494,long,-0.0077186822891235,0.014841079711914,0.0112624168395996
2025-12-15,26,DDOG,0.1362552305789948,0.0507968127490039,long,-0.0238485932350158,0.0024276971817016,0.0084254741668701
2025-12-15,27,ZBRA,0.1344196257684565,0.0527888446215139,long,-0.0264195799827575,-0.0364513993263244,-0.0551748871803283
2025-12-15,28,AMD,0.1338993307959727,0.0547808764940239,long,-0.0528756380081176,0.0203661918640136,0.0273939371109008
2025-12-15,29,DELL,0.1316011350409712,0.0567729083665338,long,-0.0438131093978881,-0.054803729057312,-0.0458317399024963
2025-12-15,30,INTC,0.1221638663319493,0.0587649402390438,long,-0.0337711572647094,-0.0131332278251647,-0.0257304310798645
2025-12-15,473,BLK,-0.3702959512608509,0.9412350597609562,short,-0.0029397010803222,-0.0074615478515625,0.0172356367111206
2025-12-15,474,BEN,-0.3702959512608509,0.9432270916334662,short,0.008521556854248,0.0225820541381835,0.0306775569915771
2025-12-15,475,TSCO,-0.3702959512608509,0.945219123505976,short,0.016147494316101,-0.0235561728477478,-0.0296351909637451
2025-12-15,476,TRV,-0.3702959512608509,0.947211155378486,short,0.0057318210601806,0.0114293098449707,0.0098408460617065
2025-12-15,477,TTWO,-0.3702959512608509,0.949203187250996,short,-0.0162761211395263,0.0117367506027221,0.0192205905914306
2025-12-15,478,BAC,-0.3702959512608509,0.951195219123506,short,-0.0047436952590942,0.0083925724029541,0.021164059638977
2025-12-15,479,TROW,-0.3702959512608509,0.953187250996016,short,-0.0001924037933349,-0.0061585903167724,0.0010584592819213
2025-12-15,480,TRMB,-0.3702959512608509,0.955179282868526,short,-0.0199999809265136,0.0047204494476318,0.0
2025-12-15,481,CBRE,-0.3702959512608509,0.957171314741036,short,-0.0042937397956848,0.0057872533798217,0.019601821899414
2025-12-15,482,CB,-0.3702959512608509,0.959163346613546,short,0.006172776222229,-0.0014145970344543,0.0072659254074096
2025-12-15,483,AVB,-0.3702959512608509,0.9611553784860558,short,0.0244150161743164,0.0123771429061889,0.0265626907348632
2025-12-15,484,UPS,-0.3702959512608509,0.9631474103585658,short,0.0084906816482543,0.0180801153182983,0.0007991790771484
2025-12-15,485,UNP,-0.3702959512608509,0.9651394422310756,short,0.003645896911621,-0.006995141506195,-0.007334291934967
2025-12-15,486,ATO,-0.3702959512608509,0.9671314741035856,short,0.0069643259048461,-0.0077381134033203,-5.948543548583984e-05
2025-12-15,487,AMCR,-0.3702959512608509,0.9691235059760956,short,0.0060095787048339,-0.0036057233810424,-0.0060096383094787
2025-12-15,488,ALLE,-0.3702959512608509,0.9711155378486056,short,0.0065134763717651,0.0020667314529418,0.0059497356414794
2025-12-15,489,AWK,-0.3702959512608509,0.9731075697211156,short,0.0097196102142333,-0.0186105966567993,-0.0148432850837707
2025-12-15,490,AME,-0.3702959512608509,0.9750996015936256,short,-0.0093171000480651,0.0074833631515502,0.0336009263992309
2025-12-15,491,AOS,-0.3702959512608509,0.9770916334661356,short,0.0020606517791748,0.0010303258895874,-0.0029438138008117
2025-12-15,492,VLTO,-0.3702959512608509,0.9790836653386454,short,0.007147192955017,0.0125830173492431,0.0332193374633789
2025-12-15,493,AON,-0.3702959512608509,0.9810756972111554,short,0.000653862953186,-0.0050027966499328,0.0115691423416137
2025-12-15,494,AMT,-0.3702959512608509,0.9830677290836654,short,-0.0035728216171264,-0.0375146865844726,-0.0257914066314697
2025-12-15,495,VRTX,-0.3702959512608509,0.9850597609561752,short,-0.0119571089744567,0.002725601196289,0.0093414783477783
2025-12-15,496,VMC,-0.3702959512608509,0.9870517928286852,short,-0.0226019620895385,-0.0004794597625732,0.0028423070907592
2025-12-15,497,VTR,-0.3702959512608509,0.9890438247011952,short,0.0083067417144775,0.0108625888824462,0.0109903812408447
2025-12-15,498,VTRS,-0.3702959512608509,0.9910358565737052,short,0.0209423303604125,0.0410122871398925,0.0488656759262084
2025-12-15,499,WAB,-0.3702959512608509,0.9930278884462151,short,-0.0077199935913085,0.0112758874893188,0.0272306203842163
2025-12-15,500,VZ,-0.3702959512608509,0.9950199203187252,short,0.0031901597976684,-0.022822082042694,-0.0203681588172912
2025-12-15,501,ZBH,-0.3702959512608509,0.9970119521912352,short,0.0071498155593872,-0.0195798873901367,-0.0162798762321472
2025-12-15,502,WEC,-0.3702959512608509,0.999003984063745,short,0.0026799440383911,-0.0051684379577636,0.0051684379577636
2025-12-16,1,WDC,0.3045417855425735,0.0009960159362549,long,0.0526283979415893,0.0631541013717651,0.0799951553344726
2025-12-16,2,CIEN,0.3045417855425735,0.0029880478087649,long,0.0333987474441528,0.1611083745956421,0.1784207820892334
2025-12-16,3,COHR,0.3045417855425735,0.0049800796812749,long,0.0309200286865234,0.1205115318298339,0.1227997541427612
2025-12-16,4,LITE,0.3045417855425735,0.0069721115537848,long,0.0527088642120361,0.2174239158630371,0.2362841367721557
2025-12-16,5,SNDK,0.288274850703084,0.0089641434262948,long,0.0610647201538085,0.165449857711792,0.2091089487075805
2025-12-16,6,ALB,0.2755384090208411,0.0109561752988047,long,0.042832612991333,0.0792071819305419,0.1024421453475952
2025-12-16,7,PSKY,0.2697836982633521,0.0129482071713147,long,-0.0068702697753906,0.0389312505722045,0.0488549470901489
2025-12-16,8,TER,0.269113695120977,0.0149402390438247,long,0.028292179107666,0.064845323562622,0.0719183683395385
2025-12-16,9,STX,0.2265062680226676,0.0169322709163346,long,0.0516837835311889,0.0187286138534545,0.0274446010589599
2025-12-16,10,SATS,0.224208540294788,0.0189243027888446,long,0.0168499946594238,0.0791951417922973,0.0600653886795043
2025-12-16,11,CVNA,0.2222199742404502,0.0209163346613545,long,0.0437217950820922,-0.0283262133598327,-0.0104430317878723
2025-12-16,12,EPAM,0.220798746372228,0.0229083665338645,long,0.01316499710083,0.035530686378479,0.0232467651367187
2025-12-16,13,HOOD,0.1991540117145527,0.0249003984063745,long,0.0117443799972534,0.0567357540130615,0.0400691032409668
2025-12-16,14,MU,0.193874339767973,0.0268924302788844,long,0.1021195650100708,0.2264543771743774,0.2711954116821289
2025-12-16,15,WBD,0.1925789172807333,0.0288844621513944,long,-0.0212690234184265,0.0191421508789062,0.0361573696136474
2025-12-16,16,VRT,0.192443206463904,0.0308764940239043,long,0.0304344892501831,0.1095908880233764,0.1137288808822631
2025-12-16,17,DELL,0.1822016339891322,0.0328685258964143,long,-0.0387051105499267,-0.0100085735321044,0.0038315057754516
2025-12-16,18,BLDR,0.1811445389705835,0.0348605577689243,long,0.0203845500946044,0.0013525485992431,0.0050235986709594
2025-12-16,19,Q,0.1760009715767841,0.0368525896414342,long,0.036323070526123,0.0738263130187988,0.0932337045669555
2025-12-16,20,MCHP,0.1759709431910371,0.0388446215139442,long,0.0010938644409179,0.0351617336273193,0.0214096307754516
2025-12-16,21,EXPE,0.1666063308523243,0.0408366533864541,long,0.0097942352294921,0.0228767395019531,0.0132592916488647
2025-12-16,22,GNRC,0.1606022659627896,0.0428286852589641,long,-0.0540671348571777,-0.032937467098236,-0.0276896357536315
2025-12-16,23,APP,0.1590897774182605,0.0448207171314741,long,0.0566706657409668,0.116369605064392,0.1070868968963623
2025-12-16,24,ARE,0.1582068720319622,0.046812749003984,long,0.0292261838912963,0.0222876071929931,0.0252312421798706
2025-12-16,25,HUM,0.1580526904743697,0.048804780876494,long,0.0014984607696533,-0.0099892616271972,-0.0039572715759277
2025-12-16,26,ORCL,0.1441303537088242,0.0507968127490039,long,0.0087974071502685,0.111621618270874,0.106634497642517
2025-12-16,27,COIN,0.1379973515145177,0.0527888446215139,long,-0.0204349160194396,0.0151931047439575,-0.0182644724845886
2025-12-16,28,SMCI,0.0768912698110937,0.0547808764940239,long,-0.0157506465911865,0.0412198305130004,0.0237935781478881
2025-12-16,29,DDOG,0.0690791312688777,0.0567729083665338,long,0.0115572214126586,0.0375245809555053,0.0097285509109497
2025-12-16,30,AXON,0.0672934241886551,0.0587649402390438,long,0.024145483970642,0.0912545919418335,0.0748182535171508
2025-12-16,473,D,-0.3702959512608509,0.9412350597609562,short,-0.0001664161682128,-0.0480785369873046,-0.0182998180389404
2025-12-16,474,NVR,-0.3702959512608509,0.9432270916334662,short,0.011919617652893,-0.0101009607315063,-0.0116773843765258
2025-12-16,475,ERIE,-0.3702959512608509,0.945219123505976,short,0.0008310079574584,-0.0092102289199829,-0.0166545510292053
2025-12-16,476,EQR,-0.3702959512608509,0.947211155378486,short,0.001774787902832,0.0050016641616821,0.0121006965637207
2025-12-16,477,EQIX,-0.3702959512608509,0.949203187250996,short,-0.0050809979438781,0.0134246349334716,0.0144942998886108
2025-12-16,478,LOW,-0.3702959512608509,0.951195219123506,short,-0.0010082125663757,-0.0237538218498229,-0.0200032591819763
2025-12-16,479,LNT,-0.3702959512608509,0.953187250996016,short,0.0032070875167846,-0.0068724155426025,-0.0004582405090332
2025-12-16,480,LMT,-0.3702959512608509,0.955179282868526,short,-0.0097938179969787,0.0184923410415649,0.0230839252471923
2025-12-16,481,L,-0.3702959512608509,0.957171314741036,short,-0.0016974806785583,0.019237995147705,0.0121651887893676
2025-12-16,482,MSCI,-0.3702959512608509,0.959163346613546,short,0.0025492906570434,0.0279338359832763,0.0370429754257202
2025-12-16,483,MO,-0.3702959512608509,0.9611553784860558,short,-0.0133491158485412,-0.0096316337585449,-0.0033795237541198
2025-12-16,484,MNST,-0.3702959512608509,0.9631474103585658,short,0.0151342153549194,0.0447299480438232,0.0415012836456298
2025-12-16,485,MLM,-0.3702959512608509,0.9651394422310756,short,0.0135215520858764,0.0218089818954467,0.038981556892395
2025-12-16,486,MET,-0.3702959512608509,0.9671314741035856,short,-0.0099357962608337,-0.0142978429794311,-0.0179328322410583
2025-12-16,487,MDT,-0.3702959512608509,0.9691235059760956,short,0.0018311738967895,-0.0060020685195922,-0.0104781985282897
2025-12-16,488,NTRS,-0.3702959512608509,0.9711155378486056,short,0.0039918422698974,0.0179996490478515,0.0211931467056274
2025-12-16,489,MCD,-0.3702959512608509,0.9731075697211156,short,0.0030122995376586,-0.0077505111694335,-0.016818881034851
2025-12-16,490,MAS,-0.3702959512608509,0.9750996015936256,short,0.0,-0.0130547881126403,-0.0055291056632995
2025-12-16,491,MAA,-0.3702959512608509,0.9770916334661356,short,-0.0056896805763244,-0.0029907822608947,0.002553105354309
2025-12-16,492,NDAQ,-0.3702959512608509,0.9790836653386454,short,0.0106712579727172,0.0400171279907226,0.0526090860366821
2025-12-16,493,EG,-0.3702959512608509,0.9810756972111554,short,0.0118370056152343,0.0213918685913085,0.023065447807312
2025-12-16,494,ED,-0.3702959512608509,0.9830677290836654,short,-0.0021954178810119,-0.016365647315979,-0.0067857503890991
2025-12-16,495,ECL,-0.3702959512608509,0.9850597609561752,short,0.0039329528808593,0.0209629535675048,0.014089822769165
2025-12-16,496,DUK,-0.3702959512608509,0.9870517928286852,short,0.0010218620300292,-0.0096227526664733,0.0004258155822753
2025-12-16,497,DTE,-0.3702959512608509,0.9890438247011952,short,0.007836103439331,-0.0044999718666076,-0.0007758736610412
2025-12-16,498,DPZ,-0.3702959512608509,0.9910358565737052,short,-0.0160804986953735,-0.0240180492401123,-0.0296291708946228
2025-12-16,499,NUE,-0.3702959512608509,0.9930278884462151,short,-0.0177982449531555,0.0222166776657104,0.0298712253570556
2025-12-16,500,DIS,-0.3702959512608509,0.9950199203187252,short,0.0112085342407226,0.0158184766769409,0.0348007678985595
2025-12-16,501,DE,-0.3702959512608509,0.9970119521912352,short,-0.0123701095581054,-0.0254262089729309,-0.0281912684440612
2025-12-16,502,MCO,-0.3702959512608509,0.999003984063745,short,-0.0026652216911315,0.0213017463684082,0.0365917682647705
2025-12-17,1,TER,0.3045417855425735,0.0009960159362549,long,0.0248359441757202,0.0422682762145996,0.0443686246871948
2025-12-17,2,WDC,0.300255491760356,0.0029880478087649,long,0.0346838235855102,0.0185132026672363,0.0373121500015258
2025-12-17,3,LITE,0.2980332693260241,0.0049800796812749,long,0.101741075515747,0.1491413116455078,0.1591076850891113
2025-12-17,4,CIEN,0.2936467171866888,0.0069721115537848,long,0.0931611061096191,0.1403824090957641,0.1469792127609253
2025-12-17,5,COHR,0.287936238000668,0.0089641434262948,long,0.057594895362854,0.091969609260559,0.0911159515380859
2025-12-17,6,ALB,0.2663267121980977,0.0109561752988047,long,0.0384397506713867,0.0442768335342407,0.0678387880325317
2025-12-17,7,SNDK,0.2609164223721403,0.0129482071713147,long,0.0827029943466186,0.1159207820892334,0.1393876075744629
2025-12-17,8,NCLH,0.2593086174873234,0.0149402390438247,long,0.0651873350143432,0.0684235095977783,0.0545538663864135
2025-12-17,9,COIN,0.2483683162629064,0.0169322709163346,long,0.0247491598129272,0.0129598379135131,-0.009615421295166
2025-12-17,10,GNRC,0.2376305155675838,0.0189243027888446,long,0.0142345428466796,0.0210233926773071,0.0260602235794067
2025-12-17,11,CVNA,0.232479963290614,0.0209163346613545,long,-0.0333232879638671,-0.0609567165374755,-0.0585519671440124
2025-12-17,12,SATS,0.2265062680226676,0.0229083665338645,long,0.0128668546676635,0.040647268295288,0.0293401479721069
2025-12-17,13,STX,0.2242889471836671,0.0249003984063745,long,0.0149314403533935,-0.0315068960189819,-0.0197945237159729
2025-12-17,14,DLTR,0.2220010398599379,0.0268924302788844,long,0.0074073076248168,-0.0580772757530212,-0.0232467055320739
2025-12-17,15,PSKY,0.2134854104798228,0.0288844621513944,long,0.0030745267868041,0.0399692058563232,0.0445810556411743
2025-12-17,16,BLDR,0.205259162638875,0.0308764940239043,long,-0.0173262953758239,-0.0276463627815246,-0.0154327154159545
2025-12-17,17,MU,0.1895880459857555,0.0328685258964143,long,0.0698853731155395,0.1115268468856811,0.1458057165145874
2025-12-17,18,HOOD,0.1888731890535208,0.0348605577689243,long,0.0357630252838134,0.0262887477874755,0.0082792043685913
2025-12-17,19,CMG,0.1843811531453198,0.0368525896414342,long,0.0002657175064086,0.0042519569396972,0.0047833919525146
2025-12-17,20,APP,0.1833256676865838,0.0388446215139442,long,0.038884162902832,0.049080491065979,0.0286014080047607
2025-12-17,21,DELL,0.1812945488157508,0.0408366533864541,long,0.0283064842224121,0.03806734085083,0.0512444972991943
2025-12-17,22,Q,0.1798342784471045,0.0428286852589641,long,0.0084778070449829,0.0523852109909057,0.0655447244644165
2025-12-17,23,EPAM,0.1776747057004995,0.0448207171314741,long,0.0103853940963745,0.0047338008880615,0.0212056636810302
2025-12-17,24,NFLX,0.1746566464050164,0.046812749003984,long,0.0041489601135253,-0.0053191781044006,0.0049999952316284
2025-12-17,25,DG,0.1673069909919286,0.048804780876494,long,0.0043898820877075,-0.0177786946296691,0.0084869861602783
2025-12-17,26,FIX,0.1614574142748092,0.0507968127490039,long,0.024168848991394,0.0509830713272094,0.0493065118789672
2025-12-17,27,HUM,0.1576410028453825,0.0527888446215139,long,-0.0048721432685852,-0.0136188268661499,-0.0070588588714599
2025-12-17,28,ORCL,0.1529059381933619,0.0547808764940239,long,0.0663223266601562,0.0850414037704467,0.0997612476348877
2025-12-17,29,VRT,0.1454305245471778,0.0567729083665338,long,0.0351706743240356,0.0768831968307495,0.0854330062866211
2025-12-17,30,ZBRA,0.14342178213258,0.0587649402390438,long,-0.0041945576667785,-0.0235448479652404,-0.0254837870597839
2025-12-17,473,FOX,-0.3702959512608509,0.9412350597609562,short,0.0029963254928588,0.0171897411346435,0.03169846534729
2025-12-17,474,XYL,-0.3702959512608509,0.9432270916334662,short,0.0100958347320556,0.0141195058822631,0.0154364109039306
2025-12-17,475,XOM,-0.3702959512608509,0.945219123505976,short,0.0012871026992797,0.0247125625610351,0.022052526473999
2025-12-17,476,XEL,-0.3702959512608509,0.947211155378486,short,-0.0127700567245483,0.0054340362548828,0.0110038518905639
2025-12-17,477,WYNN,-0.3702959512608509,0.949203187250996,short,0.011303424835205,-0.0122520327568054,-0.0169947147369384
2025-12-17,478,WTW,-0.3702959512608509,0.951195219123506,short,0.0088275671005249,0.0080387592315673,0.015015959739685
2025-12-17,479,WSM,-0.3702959512608509,0.953187250996016,short,0.0080270767211914,-0.0066011548042297,-0.0040663480758666
2025-12-17,480,BLK,-0.3702959512608509,0.955179282868526,short,-0.0045258402824401,0.0202443599700927,0.0217090845108032
2025-12-17,481,HSIC,-0.3702959512608509,0.957171314741036,short,0.0042846202850341,-0.0067514777183532,-0.0115554332733154
2025-12-17,482,HRL,-0.3702959512608509,0.959163346613546,short,-0.0137500166893005,0.0037499666213989,0.0108333826065063
2025-12-17,483,YUM,-0.3702959512608509,0.9611553784860558,short,-0.0061408877372741,-0.0010988712310791,-0.0094375610351562
2025-12-17,484,WAB,-0.3702959512608509,0.9631474103585658,short,0.0118913650512695,0.0278557538986206,0.0267322063446044
2025-12-17,485,VZ,-0.3702959512608509,0.9651394422310756,short,-0.0146003365516662,-0.0121257305145263,0.0017322301864624
2025-12-17,486,VTR,-0.3702959512608509,0.9671314741035856,short,-0.0101364850997924,-0.0100113153457641,-0.0036290884017944
2025-12-17,487,VRTX,-0.3702959512608509,0.9691235059760956,short,0.0197148323059082,0.0264427661895751,0.0346908569335937
2025-12-17,488,VRSK,-0.3702959512608509,0.9711155378486056,short,-0.0024706721305847,-0.0005033016204833,0.0080980062484741
2025-12-17,489,VLTO,-0.3702959512608509,0.9731075697211156,short,-0.0017862319946289,0.0185571908950805,0.0097250938415527
2025-12-17,490,AON,-0.3702959512608509,0.9750996015936256,short,-0.0084413886070251,0.0080732107162475,0.0102827548980712
2025-12-17,491,AMT,-0.3702959512608509,0.9770916334661356,short,-0.0107865333557128,0.0012623071670532,0.0121636390686035
2025-12-17,492,AAPL,-0.3702959512608509,0.9790836653386454,short,0.0054373741149902,0.0006245374679565,0.0044454336166381
2025-12-17,493,AMGN,-0.3702959512608509,0.9810756972111554,short,0.0091239213943481,0.0217926502227783,0.0262314081192016
2025-12-17,494,AME,-0.3702959512608509,0.9830677290836654,short,0.0065853595733642,0.0326796770095825,0.032135009765625
2025-12-17,495,AMCR,-0.3702959512608509,0.9850597609561752,short,-0.0059952139854431,-0.0083933472633361,-0.002398133277893
2025-12-17,496,ALLE,-0.3702959512608509,0.9870517928286852,short,0.000500202178955,0.0043771266937255,0.0054402351379394
2025-12-17,497,ALL,-0.3702959512608509,0.9890438247011952,short,0.0003416538238525,0.0225443840026855,0.0140048265457153
2025-12-17,498,V,-0.3702959512608509,0.9910358565737052,short,0.0093638896942138,0.0212999582290649,0.0259819030761718
2025-12-17,499,UPS,-0.3702959512608509,0.9930278884462151,short,-0.0015674233436584,-0.01851487159729,-0.0150862336158752
2025-12-17,500,UNP,-0.3702959512608509,0.9950199203187252,short,-0.0008105039596557,-0.0011518001556396,-0.0041804909706115
2025-12-17,501,UNH,-0.3702959512608509,0.9970119521912352,short,-0.0021941661834716,-0.0101786851882934,0.0112451314926147
2025-12-17,502,TXT,-0.3702959512608509,0.999003984063745,short,0.0170532464981079,0.028876781463623,0.0256935358047485
2025-12-18,1,LITE,0.4315595836932169,0.0009960159362549,long,0.0496729612350463,0.065934419631958,0.0031769275665283
2025-12-18,2,COHR,0.4295564837971842,0.0029880478087649,long,0.0277134180068969,0.029812216758728,0.017166256904602
2025-12-18,3,WDC,0.40473325684811,0.0049800796812749,long,-0.0238568782806396,-0.0083941221237182,-0.0077314376831054
2025-12-18,4,ALB,0.402607611067927,0.0069721115537848,long,-0.0034274458885192,0.0180284976959228,-0.0089114308357238
2025-12-18,5,TER,0.3979163810932361,0.0089641434262948,long,0.0104519128799438,0.0171636343002319,0.0111691951751708
2025-12-18,6,WBD,0.3770902308757105,0.0109561752988047,long,0.0352898836135864,0.0525746345520019,0.0367302894592285
2025-12-18,7,SNDK,0.3570344666673273,0.0129482071713147,long,0.0144774913787841,0.052480936050415,0.0279449224472045
2025-12-18,8,CVNA,0.3425664544972934,0.0149402390438247,long,-0.0369375348091125,-0.0192128419876098,-0.0370263457298278
2025-12-18,9,SATS,0.3398761352955055,0.0169322709163346,long,0.0478297472000122,0.029255986213684,0.0446540117263793
2025-12-18,10,GNRC,0.3357412604015157,0.0189243027888446,long,0.0079890489578247,0.0134589672088623,-0.0033108592033386
2025-12-18,11,CIEN,0.2916683075802217,0.0209163346613545,long,0.0278284549713134,0.0431536436080932,0.037596583366394
2025-12-18,12,MU,0.2782491246416639,0.0229083665338645,long,0.040124773979187,0.0780684947967529,0.1069869995117187
2025-12-18,13,VRT,0.2378672672868483,0.0249003984063745,long,0.0402326583862304,0.0441120862960815,0.0362907648086547
2025-12-18,14,DLTR,0.223598453919449,0.0268924302788844,long,-0.0418491959571838,-0.0456038117408752,-0.0305850505828857
2025-12-18,15,FFIV,0.2166094179527059,0.0288844621513944,long,0.0135844945907592,0.0210968255996704,0.0098088979721069
2025-12-18,16,EPAM,0.2163446723554805,0.0308764940239043,long,0.0115694999694824,-0.0004302263259887,0.0118086338043212
2025-12-18,17,STX,0.2060798281906792,0.0328685258964143,long,-0.0455864071846008,-0.0374206900596618,-0.0508165955543518
2025-12-18,18,HOOD,0.20344521782119,0.0348605577689243,long,0.0084054470062255,-0.0074989199638366,-0.0323032140731811
2025-12-18,19,DELL,0.2001269446941899,0.0368525896414342,long,0.0015029907226562,0.0155038833618164,0.0082265138626098
2025-12-18,20,COIN,0.1964480520953234,0.0388446215139442,long,0.0113413333892822,-0.0219892263412475,-0.0463038086891174
2025-12-18,21,DDOG,0.1959042568662991,0.0408366533864541,long,0.0103282928466796,-0.0167391300201416,-0.0174513459205627
2025-12-18,22,DASH,0.1910946506411545,0.0428286852589641,long,0.0027321577072143,-0.00934898853302,-0.0138313770294189
2025-12-18,23,ORCL,0.1846821537118106,0.0448207171314741,long,0.0333906412124633,0.0287544727325439,0.0177632570266723
2025-12-18,24,SMCI,0.1832314089186902,0.046812749003984,long,-0.0012857913970947,-0.0180006623268127,-0.0331083536148071
2025-12-18,25,Q,0.1801495327120827,0.048804780876494,long,0.0274780988693237,0.0460478067398071,0.0488079786300659
2025-12-18,26,APP,0.1768795753656071,0.0507968127490039,long,0.0169538259506225,0.0084977149963378,-0.0312599539756774
2025-12-18,27,ARE,0.1732900054739694,0.0527888446215139,long,0.0141843557357788,0.0171047449111938,0.0256570577621459
2025-12-18,28,PSKY,0.1668630720648187,0.0547808764940239,long,0.0429118871688842,0.0528734922409057,0.034482717514038
2025-12-18,29,ZBRA,0.1659073700512208,0.0567729083665338,long,-0.009020447731018,-0.0228492021560668,-0.0234849452972412
2025-12-18,30,NCLH,0.1624167146379636,0.0587649402390438,long,0.0533853769302368,0.005642294883728,-0.0273438096046447
2025-12-18,473,TROW,-0.4970057534260311,0.9412350597609562,short,0.0147173404693603,0.0135554075241088,0.0121029615402221
2025-12-18,474,TRMB,-0.4970057534260311,0.9432270916334662,short,0.013229489326477,-0.0107566118240356,-0.0110039710998535
2025-12-18,475,ALL,-0.4970057534260311,0.945219123505976,short,0.0160000324249267,0.0197560787200927,0.0178536176681518
2025-12-18,476,TTWO,-0.4970057534260311,0.947211155378486,short,0.0047696828842163,0.0169765949249267,0.0335489511489868
2025-12-18,477,TXT,-0.4970057534260311,0.949203187250996,short,0.0158729553222656,0.0157612562179565,-0.0080482959747314
2025-12-18,478,VMC,-0.4970057534260311,0.951195219123506,short,3.4332275390625e-05,0.0060644149780273,0.0005139112472534
2025-12-18,479,HAS,-0.4970057534260311,0.953187250996016,short,-0.0051232576370239,-0.0042694211006164,0.0103683471679687
2025-12-18,480,HIG,-0.4970057534260311,0.955179282868526,short,0.0038846731185913,0.0051076412200927,-0.0014387369155883
2025-12-18,481,HII,-0.4970057534260311,0.957171314741036,short,0.0501425266265869,0.0558756589889526,0.0270020961761474
2025-12-18,482,HON,-0.4970057534260311,0.959163346613546,short,-0.0158203840255737,-0.0109487771987915,-0.0101451873779296
2025-12-18,483,HRL,-0.4970057534260311,0.9611553784860558,short,0.0190114974975585,0.0287283658981323,0.0211237668991088
2025-12-18,484,AME,-0.4970057534260311,0.9631474103585658,short,0.0144621133804321,0.0245462656021118,0.0265630483627319
2025-12-18,485,ABT,-0.4970057534260311,0.9651394422310756,short,-0.0019928216934204,-0.0051016211509704,-0.0070147514343261
2025-12-18,486,GWW,-0.4970057534260311,0.9671314741035856,short,0.009609580039978,0.0055705308914184,0.0012584924697875
2025-12-18,487,AVB,-0.4970057534260311,0.9691235059760956,short,0.0189248323440551,0.021995186805725,0.0266286134719848
2025-12-18,488,ATO,-0.4970057534260311,0.9711155378486056,short,0.0038392543792724,0.0101979970932006,0.0124775171279907
2025-12-18,489,HSIC,-0.4970057534260311,0.9731075697211156,short,0.0029735565185546,-0.0149967074394226,-0.011764645576477
2025-12-18,490,AVY,-0.4970057534260311,0.9750996015936256,short,-0.0006623864173889,0.0030914545059204,0.0082803964614868
2025-12-18,491,AMZN,-0.4970057534260311,0.9770916334661356,short,0.004750370979309,0.0221245288848876,0.0207608938217163
2025-12-18,492,AMGN,-0.4970057534260311,0.9790836653386454,short,0.0122487545013427,0.0200989246368408,0.0068727731704711
2025-12-18,493,AOS,-0.4970057534260311,0.9810756972111554,short,0.0014703273773193,-0.0007352232933044,0.0010292530059814
2025-12-18,494,YUM,-0.4970057534260311,0.9830677290836654,short,0.0098862648010253,0.0037074089050292,-0.0096259713172912
2025-12-18,495,AON,-0.4970057534260311,0.9850597609561752,short,0.0154838562011718,0.018883466720581,0.0191121101379394
2025-12-18,496,VRTX,-0.4970057534260311,0.9870517928286852,short,0.0090091228485107,0.0148837566375732,0.0078474283218383
2025-12-18,497,VZ,-0.4970057534260311,0.9890438247011952,short,0.0040180683135986,0.0125565528869628,0.0165746212005615
2025-12-18,498,WAB,-0.4970057534260311,0.9910358565737052,short,0.0257704257965087,0.0167484283447265,0.0047191381454467
2025-12-18,499,WDAY,-0.4970057534260311,0.9930278884462151,short,-0.0029273033142089,-0.0081415772438049,0.0016466379165649
2025-12-18,500,XOM,-0.4970057534260311,0.9950199203187252,short,0.0125117301940917,0.0216813087463378,0.0329077243804931
2025-12-18,501,XYL,-0.4970057534260311,0.9970119521912352,short,0.0075323581695556,0.0047800540924072,0.0024625062942504
2025-12-18,502,ACGL,-0.4970057534260311,0.999003984063745,short,0.0095634460449218,0.0020790100097656,0.0019750595092773
2025-12-19,1,SNDK,0.1281057583785523,0.0009960159362549,long,0.0159717798233032,0.0373367071151733,-0.0034433007240295
2025-12-19,2,SATS,0.1281057583785523,0.0029880478087649,long,-0.0194709300994873,-0.0301249027252197,0.0029389858245849
2025-12-19,3,WBD,0.1281057583785523,0.0049800796812749,long,0.0139130353927612,0.0017391443252563,0.0066087245941162
2025-12-19,4,ALB,0.1281057583785523,0.0069721115537848,long,0.0090795755386352,0.0318474769592285,-0.0231807231903076
2025-12-19,5,COHR,0.1281057583785523,0.0089641434262948,long,0.0046601295471191,0.0038747787475585,-0.0218347311019897
2025-12-19,6,WDC,0.1212292463769067,0.0109561752988047,long,0.0084295272827148,0.027042269706726,-0.0039601325988769
2025-12-19,7,ORCL,0.1199523782108413,0.0129482071713147,long,-0.0153241753578186,-0.0019659399986267,-0.0058977603912353
2025-12-19,8,CIEN,0.1176670315145999,0.0149402390438247,long,0.0149524211883544,0.02082359790802,0.0068004131317138
2025-12-19,9,HOOD,0.1155644497715954,0.0169322709163346,long,-0.0174062848091125,-0.0346490740776062,-0.056549847126007
2025-12-19,10,NCLH,0.1141110908936993,0.0189243027888446,long,-0.0477956533432006,-0.0601565837860107,-0.0758137702941894
2025-12-19,11,CMG,0.1141110908936993,0.0209163346613545,long,-0.0034282207489013,-0.0029007792472839,-0.0232066512107849
2025-12-19,12,LITE,0.1112419555647105,0.0229083665338645,long,-0.0063352584838867,0.0022827386856079,-0.0479635000228881
2025-12-19,13,MU,0.1105488760313925,0.0249003984063745,long,-0.0011569857597351,0.029646873474121,0.0579919815063476
2025-12-19,14,SMCI,0.1102067308802069,0.0268924302788844,long,-0.0099774599075317,-0.0138397216796875,-0.0457032322883605
2025-12-19,15,STX,0.1086879377699498,0.0288844621513944,long,-0.0001768469810485,0.0119143724441528,-0.009793221950531
2025-12-19,16,APP,0.108446294288388,0.0308764940239043,long,-0.0070201158523559,-0.0264040231704711,-0.0543756484985351
2025-12-19,17,GNRC,0.1063037448485745,0.0328685258964143,long,-0.0012853145599365,0.0036414861679077,-0.0156372785568237
2025-12-19,18,VRT,0.1024466231080745,0.0348605577689243,long,6.008148193359375e-05,0.0080000162124633,-0.0114887356758117
2025-12-19,19,TER,0.0911963165082604,0.0368525896414342,long,0.0064902305603027,0.0085183382034301,-0.0027887821197509
2025-12-19,20,CVNA,0.0863431530300004,0.0388446215139442,long,0.008671760559082,0.0112549066543579,-0.0093175768852233
2025-12-19,21,RCL,0.0846800894617222,0.0408366533864541,long,-0.028065025806427,-0.0500781536102294,-0.0632793307304382
2025-12-19,22,DELL,0.0759609261167851,0.0428286852589641,long,0.0079772472381591,0.0207724571228027,0.01034677028656
2025-12-19,23,DDOG,0.074770517024657,0.0448207171314741,long,-0.0043006539344787,-0.02485191822052,-0.030738890171051
2025-12-19,24,ALGN,0.0682469186811692,0.046812749003984,long,-0.0158212184906005,-0.0057132244110107,-0.0071886181831359
2025-12-19,25,AMAT,0.0645589148276879,0.048804780876494,long,0.0047101974487304,0.011157751083374,0.0037063360214233
2025-12-19,26,DECK,0.0609670661930015,0.0507968127490039,long,-0.0120695233345031,0.0115787982940673,0.030615210533142
2025-12-19,27,COIN,0.0582760476371117,0.0527888446215139,long,-0.0225897431373596,-0.0443727374076843,-0.0657522678375244
2025-12-19,28,Q,0.0501609068563128,0.0547808764940239,long,0.0156307220458984,0.0283306837081909,0.025888442993164
2025-12-19,29,DG,0.0467699637146584,0.0567729083665338,long,-0.0237783789634704,0.0023268461227416,-0.0123618245124816
2025-12-19,30,DASH,0.0455024300329541,0.0587649402390438,long,-0.0093235373497009,-0.0040018558502197,-0.02877938747406
2025-12-19,473,DVN,-0.1584581276016455,0.9412350597609562,short,-0.0024704933166503,-0.0208619832992553,0.0107054710388183
2025-12-19,474,TSN,-0.1584581276016455,0.9432270916334662,short,-0.0144951939582824,-0.0013642311096191,0.0092087984085083
2025-12-19,475,TSCO,-0.1584581276016455,0.945219123505976,short,-0.0123742818832397,-0.006380558013916,-0.0262954235076904
2025-12-19,476,TRV,-0.1584581276016455,0.947211155378486,short,0.0028115510940551,0.001645803451538,0.0025373697280883
2025-12-19,477,TROW,-0.1584581276016455,0.949203187250996,short,-0.0073473453521728,-0.000477135181427,-0.0110687613487243
2025-12-19,478,TRMB,-0.1584581276016455,0.951195219123506,short,-0.0176936984062194,-0.0213544964790344,-0.0291641354560852
2025-12-19,479,TRGP,-0.1584581276016455,0.953187250996016,short,0.0116609334945678,0.0013138055801391,0.0163143873214721
2025-12-19,480,VMC,-0.1584581276016455,0.955179282868526,short,0.003288984298706,0.0079485177993774,-0.0102782249450683
2025-12-19,481,VLTO,-0.1584581276016455,0.957171314741036,short,0.0061758756637573,-0.0025488138198852,-0.0063719153404235
2025-12-19,482,AEP,-0.1584581276016455,0.959163346613546,short,0.0046240091323852,0.0091606378555297,0.011952519416809
2025-12-19,483,AEE,-0.1584581276016455,0.9611553784860558,short,-0.0011059641838073,0.0035189390182495,0.0128694772720336
2025-12-19,484,ADSK,-0.1584581276016455,0.9631474103585658,short,-0.00961834192276,0.0007987022399902,-0.0030951499938964
2025-12-19,485,ADP,-0.1584581276016455,0.9651394422310756,short,-0.0105296969413757,-0.0034649968147277,-0.0008084774017333
2025-12-19,486,CSX,-0.1584581276016455,0.9671314741035856,short,0.0013682842254638,0.0021892786026,-0.0032841563224792
2025-12-19,487,DTE,-0.1584581276016455,0.9691235059760956,short,0.0016367435455322,0.0057673454284667,0.0114566087722778
2025-12-19,488,DPZ,-0.1584581276016455,0.9711155378486056,short,-0.0039964318275451,-0.0054453611373901,-0.0139521956443786
2025-12-19,489,DOV,-0.1584581276016455,0.9731075697211156,short,0.0022053718566894,0.0032078027725219,-0.008671224117279
2025-12-19,490,DIS,-0.1584581276016455,0.9750996015936256,short,0.007474660873413,0.0105000734329223,0.0214451551437377
2025-12-19,491,DHR,-0.1584581276016455,0.9770916334661356,short,0.0123679637908935,0.0101312398910522,0.0116661787033081
2025-12-19,492,VLO,-0.1584581276016455,0.9790836653386454,short,0.0074595212936401,0.0028125047683715,0.0080097913742065
2025-12-19,493,V,-0.1584581276016455,0.9810756972111554,short,0.0036638975143432,0.0082648992538452,0.004345417022705
2025-12-19,494,UPS,-0.1584581276016455,0.9830677290836654,short,-0.0053609013557434,-0.001886248588562,-0.0108210444450378
2025-12-19,495,UNP,-0.1584581276016455,0.9850597609561752,short,-0.0019607543945312,-0.0049870014190673,-0.0066066980361938
2025-12-19,496,AOS,-0.1584581276016455,0.9870517928286852,short,-0.0054324269294738,-0.0051386952400207,-0.0054324269294738
2025-12-19,497,AON,-0.1584581276016455,0.9890438247011952,short,0.0011534690856933,0.0033477544784545,0.0028976202011108
2025-12-19,498,AMZN,-0.1584581276016455,0.9910358565737052,short,0.0162413120269775,0.0179048776626586,0.0179486274719238
2025-12-19,499,AMT,-0.1584581276016455,0.9930278884462151,short,0.0114762783050537,0.0224888324737548,0.0242856740951538
2025-12-19,500,AMP,-0.1584581276016455,0.9950199203187252,short,0.0049604177474975,0.011917233467102,-0.0029239058494567
2025-12-19,501,ABT,-0.1584581276016455,0.9970119521912352,short,-0.005271553993225,-0.0028753876686096,0.0046325922012329
2025-12-19,502,AAPL,-0.1584581276016455,0.999003984063745,short,0.0051296949386596,0.0089677572250366,0.007786750793457
2025-12-22,1,WDC,0.2051755316048934,0.0009960159362549,long,0.0073492527008056,0.0080224275588989,-0.033548355102539
2025-12-22,2,ALB,0.2051755316048934,0.0029880478087649,long,0.0123380422592163,-0.0144512057304382,-0.0358554720878601
2025-12-22,3,SATS,0.2051755316048934,0.0049800796812749,long,0.0017796754837036,0.0167665481567382,0.0181715488433837
2025-12-22,4,COHR,0.2051755316048934,0.0069721115537848,long,-0.00260591506958,-0.0148537755012512,-0.0380465388298034
2025-12-22,5,PSKY,0.1989173058663496,0.0089641434262948,long,0.0155210494995117,-0.0022172927856445,-0.0096082687377929
2025-12-22,6,ORCL,0.1989173058663496,0.0109561752988047,long,0.011006474494934,0.0002048015594482,-0.0022012591361999
2025-12-22,7,SNDK,0.1989173058663496,0.0129482071713147,long,0.0211515426635742,-0.0026541352272033,-0.0307063460350036
2025-12-22,8,LITE,0.1979347461956097,0.0149402390438247,long,0.0219664573669433,-0.0382024645805358,-0.0485790371894836
2025-12-22,9,DLTR,0.1901462654660516,0.0169322709163346,long,0.0207479000091552,0.0368108749389648,0.0291140079498291
2025-12-22,10,CIEN,0.1839176302215705,0.0189243027888446,long,-4.1604042053222656e-05,-0.0053684711456298,-0.026717722415924
2025-12-22,11,STX,0.1787638921806105,0.0209163346613545,long,0.008734107017517,-0.0053040981292724,-0.0262021422386169
2025-12-22,12,COIN,0.1725646805852659,0.0229083665338645,long,-0.0106067061424255,-0.0352042913436889,-0.0666942000389099
2025-12-22,13,MU,0.170580892887098,0.0249003984063745,long,0.0376805067062377,0.0655156373977661,0.0330836772918701
2025-12-22,14,NCLH,0.1590214133779511,0.0268924302788844,long,0.0025962591171264,-0.0302899479866027,-0.0341843962669372
2025-12-22,15,CVNA,0.1490947668337977,0.0288844621513944,long,0.0096490383148193,-0.008688747882843,-0.0350520610809326
2025-12-22,16,HOOD,0.1263728542653024,0.0308764940239043,long,0.001663327217102,-0.0233699083328247,-0.0593812465667724
2025-12-22,17,SMCI,0.1074885675741803,0.0328685258964143,long,-0.0068270564079284,-0.022106647491455,-0.0484395027160644
2025-12-22,18,DELL,0.0977652382366767,0.0348605577689243,long,0.0059552192687988,-0.0012537240982055,-0.0136342644691467
2025-12-22,19,AMD,0.0916178092529829,0.0368525896414342,long,0.000651478767395,0.0033038854598999,-0.003443419933319
2025-12-22,20,Q,0.0753188572455647,0.0388446215139442,long,0.0024048089981079,0.0050498247146606,-0.0182757973670959
2025-12-22,21,LUV,0.0683594951005846,0.0408366533864541,long,-0.001924991607666,-0.0105871558189392,-0.0055341720581054
2025-12-22,22,TER,0.0527561357121504,0.0428286852589641,long,0.0001511573791503,-0.0057430863380432,-0.024886667728424
2025-12-22,23,AXON,0.045336938491799,0.0448207171314741,long,0.0002199411392211,-0.0177152156829834,-0.0390681028366088
2025-12-22,24,DECK,0.0445348507086536,0.046812749003984,long,0.0026817321777343,0.0300953388214111,0.0296980142593383
2025-12-22,25,GNRC,0.0363244214015788,0.048804780876494,long,0.0067205429077148,-0.0099378228187561,-0.0250232219696044
2025-12-22,26,WBD,0.0292458788684189,0.0507968127490039,long,0.002744436264038,-0.0123498439788818,-0.0113207697868347
2025-12-22,27,MRNA,0.0289990721079422,0.0527888446215139,long,0.014245867729187,-0.0353050827980041,-0.0867142081260681
2025-12-22,28,ZBRA,0.0283884470053217,0.0547808764940239,long,-0.0034851431846618,-0.0041335225105285,-0.0159668922424316
2025-12-22,29,IP,0.0241262554537842,0.0567729083665338,long,-0.0022807717323303,0.0101368427276611,-0.0017739534378051
2025-12-22,30,CCL,0.0241108593362502,0.0587649402390438,long,-0.01295006275177,-0.0296905040740966,-0.0353758335113525
2025-12-22,473,TRGP,-0.258512459094578,0.9412350597609562,short,-0.005736231803894,-0.0046539306640625,-0.0015693306922912
2025-12-22,474,UPS,-0.258512459094578,0.9432270916334662,short,0.0046911239624023,-0.0050903558731079,-0.0099810361862182
2025-12-22,475,UNP,-0.258512459094578,0.945219123505976,short,0.0038437843322753,0.0016229152679443,-0.0120862126350402
2025-12-22,476,UHS,-0.258512459094578,0.947211155378486,short,-0.0008360147476196,-0.0051040649414062,-0.0407004952430725
2025-12-22,477,ABT,-0.258512459094578,0.949203187250996,short,0.0021679401397705,0.0002409219741821,0.0060222148895263
2025-12-22,478,GPN,-0.258512459094578,0.951195219123506,short,0.0124703645706176,-0.001870572566986,-0.0347923636436462
2025-12-22,479,GPC,-0.258512459094578,0.953187250996016,short,0.0131599903106689,0.0045212507247924,-0.0072662830352783
2025-12-22,480,GIS,-0.258512459094578,0.955179282868526,short,0.0077186822891235,0.0060033798217773,-0.0030016899108886
2025-12-22,481,GILD,-0.258512459094578,0.957171314741036,short,0.0038341283798217,-0.0022366046905517,-0.0195702910423278
2025-12-22,482,GEN,-0.258512459094578,0.959163346613546,short,0.006921648979187,0.0047358274459838,-0.0094717741012573
2025-12-22,483,GEHC,-0.258512459094578,0.9611553784860558,short,0.0008401870727539,-0.0020403265953063,-0.0156025290489196
2025-12-22,484,GDDY,-0.258512459094578,0.9631474103585658,short,0.0031558275222778,-0.0018934607505798,-0.0210650563240051
2025-12-22,485,FTV,-0.258512459094578,0.9651394422310756,short,-0.0032351016998291,0.0091661214828491,-0.0077282786369323
2025-12-22,486,FTNT,-0.258512459094578,0.9671314741035856,short,0.0064467191696166,0.001983642578125,-0.0154971480369567
2025-12-22,487,TMO,-0.258512459094578,0.9691235059760956,short,-0.0014139413833618,0.0088458061218261,-0.0008448958396911
2025-12-22,488,TJX,-0.258512459094578,0.9711155378486056,short,0.0087865591049194,0.0035275220870971,-0.0148152709007263
2025-12-22,489,AXP,-0.258512459094578,0.9731075697211156,short,0.0024071931838989,-0.0179753303527832,-0.032025933265686
2025-12-22,490,AAPL,-0.258512459094578,0.9750996015936256,short,0.0053238868713378,0.0051403045654296,-0.001835823059082
2025-12-22,491,ABBV,-0.258512459094578,0.9770916334661356,short,0.0048079490661621,0.0089602470397949,-0.001311182975769
2025-12-22,492,WEC,-0.258512459094578,0.9790836653386454,short,0.0050467252731323,0.0067607164382934,0.0041897296905517
2025-12-22,493,WDAY,-0.258512459094578,0.9810756972111554,short,0.0065447092056274,0.0164779424667358,-0.0030634999275207
2025-12-22,494,VZ,-0.258512459094578,0.9830677290836654,short,0.0100201368331909,0.0140280723571777,0.0202906131744384
2025-12-22,495,VTR,-0.258512459094578,0.9850597609561752,short,0.0064467191696166,0.0068259239196777,-0.021868348121643
2025-12-22,496,VRTX,-0.258512459094578,0.9870517928286852,short,0.0082315206527709,0.0012413263320922,-0.0127393007278442
2025-12-22,497,VRSK,-0.258512459094578,0.9890438247011952,short,0.0017852783203125,0.0287467241287231,0.0239403247833251
2025-12-22,498,AIZ,-0.258512459094578,0.9910358565737052,short,0.002652883529663,0.000787615776062,-0.001658022403717
2025-12-22,499,AFL,-0.258512459094578,0.9930278884462151,short,-0.0009031891822814,-0.0068641901016235,-0.0040643215179443
2025-12-22,500,AEP,-0.258512459094578,0.9950199203187252,short,0.0013895034790039,0.0053842067718505,0.0013895034790039
2025-12-22,501,AEE,-0.258512459094578,0.9970119521912352,short,0.0049320459365844,0.0091595649719238,0.0051333904266357
2025-12-22,502,ADM,-0.258512459094578,0.999003984063745,short,0.0053941011428833,0.0130503177642822,0.0003479719161987
2025-12-23,1,COHR,0.2051755316048934,0.0009960159362549,long,0.001828908920288,-0.0238281488418579,0.0154674053192138
2025-12-23,2,SNDK,0.1989173058663496,0.0029880478087649,long,-0.0001199841499328,-0.0394273996353149,0.1006077527999877
2025-12-23,3,CVNA,0.1980390203570509,0.0049800796812749,long,-0.0070204138755798,-0.0272210836410522,-0.0935752391815185
2025-12-23,4,HOOD,0.1839176302215705,0.0069721115537848,long,-0.0191797018051147,-0.0414314866065979,-0.0434241294860839
2025-12-23,5,CIEN,0.1839176302215705,0.0089641434262948,long,0.0058264732360839,-0.0079906582832336,0.0240552425384521
2025-12-23,6,STX,0.1775779413556691,0.0109561752988047,long,0.0033302307128906,-0.0181933045387268,0.0079574584960937
2025-12-23,7,MU,0.1766768448122868,0.0129482071713147,long,-0.0065926909446716,0.0207549333572387,0.1002511978149414
2025-12-23,8,NCLH,0.1743193778295098,0.0149402390438247,long,-0.0155373811721801,-0.031937837600708,-0.0168321132659912
2025-12-23,9,DLTR,0.1584349786107684,0.0169322709163346,long,0.0159002542495727,0.0164740085601806,0.0466355085372924
2025-12-23,10,RCL,0.1535583259930703,0.0189243027888446,long,-0.0287297368049621,-0.0422276258468627,-0.0369236469268798
2025-12-23,11,SATS,0.1490947668337977,0.0209163346613545,long,-0.0126227140426635,0.0210378170013427,0.0489014387130737
2025-12-23,12,APP,0.1429586637740618,0.0229083665338645,long,-0.0182405710220336,-0.046446681022644,-0.150075614452362
2025-12-23,13,SMCI,0.1236486732338887,0.0249003984063745,long,0.0029460191726684,-0.0294598937034606,0.0134205818176269
2025-12-23,14,MRNA,0.1234983181268597,0.0268924302788844,long,-0.047328233718872,-0.0714504122734069,-0.0577099323272705
2025-12-23,15,COIN,0.1152576581160545,0.0288844621513944,long,-0.0118049383163452,-0.0339131355285644,-0.0133483409881591
2025-12-23,16,DDOG,0.110776570479374,0.0308764940239043,long,0.0019922256469726,-0.0040567517280578,-0.0309329628944396
2025-12-23,17,CMG,0.08870564553305,0.0328685258964143,long,-0.0023746490478515,-0.0226913094520568,-0.0108179450035095
2025-12-23,18,LUV,0.0876868740434863,0.0348605577689243,long,-0.0048215985298156,-0.0050626397132873,-0.0043394565582275
2025-12-23,19,ORCL,0.0695759626281474,0.0368525896414342,long,0.0025317668914794,-0.0014178156852722,-0.0090131163597106
2025-12-23,20,ALB,0.0610641536850398,0.0388446215139442,long,0.0101003646850585,-0.0437681078910827,-0.0308396816253662
2025-12-23,21,LITE,0.053823368275756,0.0408366533864541,long,-0.0130077600479125,-0.0624874234199523,-0.0247778296470642
2025-12-23,22,GNRC,0.0455153503028667,0.0428286852589641,long,-0.0017754435539245,-0.0209501981735229,0.0020595788955688
2025-12-23,23,AXON,0.045336938491799,0.0448207171314741,long,-0.012365698814392,-0.0322084426879882,-0.0468578338623046
2025-12-23,24,CCL,0.0374475966707227,0.046812749003984,long,-0.0175999999046325,-0.0137600302696228,-0.0105599761009216
2025-12-23,25,NFLX,0.0336416742100672,0.048804780876494,long,0.0088638067245483,0.0014951229095458,-0.028299868106842
2025-12-23,26,HPQ,0.0281081969813774,0.0507968127490039,long,0.0043177604675292,-0.0112262368202209,-0.0449049472808837
2025-12-23,27,PSKY,0.0223077303209298,0.0527888446215139,long,-0.0109170079231262,-0.0167394280433654,-0.04075688123703
2025-12-23,28,WDC,0.0166639744907937,0.0547808764940239,long,0.0110269784927368,-0.0194920897483825,0.0453330278396606
2025-12-23,29,WBD,0.0162994679400441,0.0567729083665338,long,-0.0147109031677246,-0.0099212527275085,-0.0246322154998779
2025-12-23,30,TER,0.0054468040474817,0.0587649402390438,long,0.0018637180328369,-0.0093688368797302,0.0454843044281005
2025-12-23,473,ACGL,-0.258512459094578,0.9412350597609562,short,-0.005497932434082,0.0026971101760864,-0.0263485312461853
2025-12-23,474,WFC,-0.258512459094578,0.9432270916334662,short,-0.0004197359085083,-0.0103883147239685,-0.0010493993759155
2025-12-23,475,YUM,-0.258512459094578,0.945219123505976,short,-0.0069984793663024,-0.0138673782348632,-0.0248185992240905
2025-12-23,476,UHS,-0.258512459094578,0.947211155378486,short,0.002466082572937,-0.0088955760002136,-0.0317068696022033
2025-12-23,477,VRTX,-0.258512459094578,0.949203187250996,short,-0.0001943707466125,-0.0199788212776184,-0.0234562158584594
2025-12-23,478,AOS,-0.258512459094578,0.951195219123506,short,-0.0029428601264953,-0.0032371878623962,0.0052971839904785
2025-12-23,479,AON,-0.258512459094578,0.953187250996016,short,0.0,-0.0004486441612243,-0.0347118973731994
2025-12-23,480,AMZN,-0.258512459094578,0.955179282868526,short,0.0006024837493896,0.0006455183029174,-0.0253034234046936
2025-12-23,481,AMT,-0.258512459094578,0.957171314741036,short,0.0092105865478515,0.0109839439392089,0.0
2025-12-23,482,AMP,-0.258512459094578,0.959163346613546,short,0.0017166137695312,-0.0129748582839965,-0.014372169971466
2025-12-23,483,AMGN,-0.258512459094578,0.9611553784860558,short,-0.0030841827392578,-0.0157803297042846,-0.0189243555068969
2025-12-23,484,AME,-0.258512459094578,0.9631474103585658,short,0.0008162260055541,-0.0060015320777893,0.0041290521621704
2025-12-23,485,TXT,-0.258512459094578,0.9651394422310756,short,-0.0071530938148498,-0.0278420448303222,-0.042038083076477
2025-12-23,486,TXN,-0.258512459094578,0.9671314741035856,short,-0.0014113783836364,-0.0096539855003356,0.0022017955780029
2025-12-23,487,ACN,-0.258512459094578,0.9691235059760956,short,0.0041114091873168,7.402896881103516e-05,-0.0371509194374084
2025-12-23,488,ABBV,-0.258512459094578,0.9711155378486056,short,0.0003914833068847,-0.0006524324417114,-0.0025229454040527
2025-12-23,489,UPS,-0.258512459094578,0.9731075697211156,short,-0.0011921525001525,-0.010133147239685,0.0035762786865234
2025-12-23,490,UNP,-0.258512459094578,0.9750996015936256,short,-0.0068495869636535,-0.0084663033485412,-0.0133588314056396
2025-12-23,491,WMT,-0.258512459094578,0.9770916334661356,short,0.0011647939682006,0.0027774572372436,0.0103037357330322
2025-12-23,492,WMB,-0.258512459094578,0.9790836653386454,short,0.0010091066360473,0.0117726325988769,0.0233770608901977
2025-12-23,493,AIZ,-0.258512459094578,0.9810756972111554,short,-0.0072759985923767,0.0009921789169311,-0.0172392129898071
2025-12-23,494,AFL,-0.258512459094578,0.9830677290836654,short,-0.0065087676048278,0.0016272068023681,-0.0034352540969848
2025-12-23,495,AEP,-0.258512459094578,0.9850597609561752,short,0.0031219720840454,0.0058971643447875,0.0043361186981201
2025-12-23,496,AEE,-0.258512459094578,0.9870517928286852,short,-0.0003004670143127,0.0090144872665405,0.0102163553237915
2025-12-23,497,ADSK,-0.258512459094578,0.9890438247011952,short,0.0083833932876586,0.0044599771499633,-0.0384963154792785
2025-12-23,498,ADP,-0.258512459094578,0.9910358565737052,short,0.0028671026229858,0.0055404901504516,-0.0202247500419616
2025-12-23,499,ADM,-0.258512459094578,0.9930278884462151,short,0.0022499561309814,0.0067497491836547,0.0219799280166625
2025-12-23,500,ABT,-0.258512459094578,0.9950199203187252,short,0.0002403259277343,0.0077718496322631,-0.0049675107002258
2025-12-23,501,AMCR,-0.258512459094578,0.9970119521912352,short,0.0072638988494873,0.0157384872436523,0.0181597471237182
2025-12-23,502,DVN,-0.258512459094578,0.999003984063745,short,-0.0146409273147583,0.0171270370483398,0.0461325645446777
2025-12-24,1,COHR,0.2051755316048934,0.0009960159362549,long,-0.0140830278396606,-0.0372939109802246,-0.0279574394226074
2025-12-24,2,SNDK,0.1989173058663496,0.0029880478087649,long,-0.0231953859329223,-0.0506698489189147,0.0961006879806518
2025-12-24,3,ALB,0.1907982349477672,0.0049800796812749,long,-0.036197543144226,-0.0571295022964477,-0.0258648991584777
2025-12-24,4,MU,0.1766768448122868,0.0069721115537848,long,0.0336387157440185,0.0021770000457763,0.0960707664489746
2025-12-24,5,PSKY,0.1707258189598451,0.0089641434262948,long,-0.0066225528717041,-0.0139809250831604,-0.0448859930038452
2025-12-24,6,LITE,0.1701382720867955,0.0109561752988047,long,-0.0464723706245422,-0.0567597150802612,-0.0862911939620971
2025-12-24,7,WDC,0.1432914437002097,0.0129482071713147,long,-0.0102456808090209,-0.051063060760498,0.0349235534667968
2025-12-24,8,DLTR,0.1365949177598983,0.0149402390438247,long,-0.0001613497734069,-0.0075836777687072,0.0372731685638427
2025-12-24,9,DDOG,0.1073894944301779,0.0169322709163346,long,-0.0027111768722534,-0.0168094635009765,-0.0337997078895568
2025-12-24,10,XYZ,0.0231954413451194,0.0189243027888446,long,-0.005281388759613,-0.0178059339523315,0.0328956842422485
2025-12-24,11,SMCI,0.015803114547303,0.0209163346613545,long,-0.0182767510414123,-0.0447127819061279,-0.0186031460762023
2025-12-24,12,COIN,0.015803114547303,0.0229083665338645,long,-0.0132122635841369,-0.0454199910163879,0.0760658979415893
2025-12-24,13,GNRC,0.0139997123480404,0.0249003984063745,long,-0.0147979855537414,-0.0298093557357788,0.0577689409255981
2025-12-24,14,MRNA,0.011299586053003,0.0268924302788844,long,-0.0016025900840759,-0.0548077225685119,0.0310896635055542
2025-12-24,15,CIEN,0.0094961838537404,0.0288844621513944,long,-0.0110890269279479,-0.0323154330253601,-0.0446044206619262
2025-12-24,16,ORCL,0.0062306218061662,0.0308764940239043,long,-0.0131824612617492,-0.0155563354492187,-0.0272741317749023
2025-12-24,17,ARE,0.0031534545872526,0.0328685258964143,long,0.0117284059524536,0.0069959163665771,0.0193415880203247
2025-12-24,18,NCLH,0.0006526567964359,0.0348605577689243,long,-0.0175361633300781,-0.0214818120002746,-0.010083258152008
2025-12-24,19,TTD,-0.000834000034982,0.0368525896414342,long,0.002088189125061,-0.0091360807418823,0.0469851493835449
2025-12-24,20,CMG,-0.0020846001185477,0.0388446215139442,long,-0.0177202224731445,-0.0214229226112365,0.0116370916366577
2025-12-24,21,STX,-0.0033213582556064,0.0408366533864541,long,-0.017189621925354,-0.0378379821777343,0.0126125812530517
2025-12-24,22,CVNA,-0.0063034457655209,0.0428286852589641,long,-0.0112208724021911,-0.0375168323516845,-0.0191803574562072
2025-12-24,23,APP,-0.0065631586459656,0.0448207171314741,long,-0.0215756297111511,-0.0565783977508544,-0.1138569116592407
2025-12-24,24,DELL,-0.0152461630613005,0.046812749003984,long,-0.0137728452682495,-0.0259982347488403,-0.0404673814773559
2025-12-24,25,CCL,-0.0183231613315777,0.048804780876494,long,0.0006513595581054,-0.0052117109298706,0.0257328748703002
2025-12-24,26,SATS,-0.0195258602620937,0.0507968127490039,long,0.0279356241226196,0.0293560028076171,0.048011302947998
2025-12-24,27,WBD,-0.0195258602620937,0.0527888446215139,long,-0.0003471374511718,0.0006945133209228,-0.009374976158142
2025-12-24,28,IRM,-0.0245162122400834,0.0547808764940239,long,0.0078058242797851,0.0117087364196777,0.020490288734436
2025-12-24,29,GM,-0.0299211894341133,0.0567729083665338,long,-0.0015650987625122,-0.0209487080574035,0.0010836124420166
2025-12-24,30,JBHT,-0.0299211894341133,0.0587649402390438,long,-0.0036816596984863,-0.0198708772659301,0.018862247467041
2025-12-24,473,HUBB,-0.258512459094578,0.9412350597609562,short,-0.007803201675415,-0.0238053798675537,0.0231679677963256
2025-12-24,474,IBKR,-0.258512459094578,0.9432270916334662,short,-0.0122431516647338,-0.0279626250267028,0.0817713737487793
2025-12-24,475,IBM,-0.258512459094578,0.945219123505976,short,0.0021305084228515,-0.0291061997413635,-0.0331705212593078
2025-12-24,476,ICE,-0.258512459094578,0.947211155378486,short,0.0028131008148193,-0.0095400810241699,0.0128424167633056
2025-12-24,477,IDXX,-0.258512459094578,0.949203187250996,short,-0.0008569359779357,-0.0173569917678833,-0.0090779662132263
2025-12-24,478,IEX,-0.258512459094578,0.951195219123506,short,-0.0017192363739013,-0.0131987929344177,0.0026619434356689
2025-12-24,479,IFF,-0.258512459094578,0.953187250996016,short,0.0042982101440429,-0.0011857151985168,-0.0075589418411254
2025-12-24,480,GPC,-0.258512459094578,0.955179282868526,short,-0.0117554068565368,-0.0233519077301025,-0.0200158953666687
2025-12-24,481,HST,-0.258512459094578,0.957171314741036,short,-0.002711534500122,-0.0385032892227172,-0.0173535346984863
2025-12-24,482,CMS,-0.258512459094578,0.959163346613546,short,0.0024299621582031,-0.0004287958145141,-0.0070039629936218
2025-12-24,483,BSX,-0.258512459094578,0.9611553784860558,short,-0.0031229853630065,-0.0073912143707275,-0.0060378313064575
2025-12-24,484,BX,-0.258512459094578,0.9631474103585658,short,-0.0018016695976257,-0.0081719756126403,0.0446560382843017
2025-12-24,485,BXP,-0.258512459094578,0.9651394422310756,short,-0.0047590732574462,-0.0268242359161376,-0.0324488282203674
2025-12-24,486,KHC,-0.258512459094578,0.9671314741035856,short,0.0049730539321899,0.0049730539321899,-0.0149191617965698
2025-12-24,487,KIM,-0.258512459094578,0.9691235059760956,short,0.0014734268188476,-0.0044204592704772,-0.0108055472373962
2025-12-24,488,KLAC,-0.258512459094578,0.9711155378486056,short,-0.015012502670288,-0.0504220128059387,0.0569318532943725
2025-12-24,489,KMI,-0.258512459094578,0.9731075697211156,short,0.0069878101348876,0.0110334157943725,0.0261125564575195
2025-12-24,490,KO,-0.258512459094578,0.9750996015936256,short,0.0041506290435791,0.0005725622177124,-0.0276227593421936
2025-12-24,491,CPB,-0.258512459094578,0.9770916334661356,short,0.0,-0.0099466443061828,-0.0525754690170288
2025-12-24,492,KVUE,-0.258512459094578,0.9790836653386454,short,0.0,0.0034903287887573,-0.0215241909027099
2025-12-24,493,L,-0.258512459094578,0.9810756972111554,short,-0.0015037655830383,-0.0102443695068359,-0.0068609118461608
2025-12-24,494,LDOS,-0.258512459094578,0.9830677290836654,short,-0.0019907355308532,-0.0293769836425781,0.0518132448196411
2025-12-24,495,INTU,-0.258512459094578,0.9850597609561752,short,-0.0035473704338073,-0.0208854079246521,-0.0631290674209594
2025-12-24,496,INVH,-0.258512459094578,0.9870517928286852,short,0.0105646848678588,0.0123862028121948,0.0007284879684448
2025-12-24,497,COO,-0.258512459094578,0.9890438247011952,short,-0.0050835609436035,-0.0079884529113769,0.0014523267745971
2025-12-24,498,COP,-0.258512459094578,0.9910358565737052,short,0.0119073390960693,0.0226130485534667,0.08367919921875
2025-12-24,499,COR,-0.258512459094578,0.9930278884462151,short,-0.0023456811904907,-0.0096759796142578,-0.0003811120986938
2025-12-24,500,COST,-0.258512459094578,0.9950199203187252,short,-0.0063089728355407,-0.0126065611839294,0.0027365684509277
2025-12-24,501,CPAY,-0.258512459094578,0.9970119521912352,short,-0.0039009451866149,-0.0298213958740234,-0.0050616264343261
2025-12-24,502,KR,-0.258512459094578,0.999003984063745,short,-0.0085375905036926,-0.0121738910675048,-0.0230829715728759
2025-12-26,1,SNDK,0.3413378742952983,0.0009960159362549,long,-0.0164994597434997,0.1268781423568725,0.4314432144165039
2025-12-26,2,COHR,0.3210839095975588,0.0029880478087649,long,-0.011691927909851,0.0280922651290893,0.0269283056259155
2025-12-26,3,LITE,0.2943151574235131,0.0049800796812749,long,-0.003837764263153,0.0362309217453002,0.0665844678878784
2025-12-26,4,ALB,0.2918512413149724,0.0069721115537848,long,-0.0177756547927856,-0.0044958591461181,0.093858003616333
2025-12-26,5,SATS,0.2742382570952036,0.0089641434262948,long,0.0059880018234252,0.0334408283233642,0.06918466091156
2025-12-26,6,NCLH,0.2699380570973195,0.0109561752988047,long,0.0008925199508666,0.0165104866027832,0.0620259046554565
2025-12-26,7,MRNA,0.2291692659891569,0.0129482071713147,long,-0.0237560272216796,-0.0093097686767578,0.1447832584381103
2025-12-26,8,APP,0.2127535889984595,0.0149402390438247,long,-0.0073122978210449,-0.1151942014694213,-0.1167396903038024
2025-12-26,9,DLTR,0.2046292785162122,0.0169322709163346,long,0.0007262229919433,0.0304204225540161,0.0794802904129028
2025-12-26,10,COIN,0.2035357425040302,0.0189243027888446,long,-0.009282648563385,0.0118064880371093,0.0718226432800293
2025-12-26,11,RCL,0.1378859155246262,0.0209163346613545,long,-0.0035020112991333,0.0020164251327514,0.0532739162445068
2025-12-26,12,ORCL,0.0945188304717197,0.0229083665338645,long,0.0093663930892944,0.001689076423645,-0.0083427429199218
2025-12-26,13,MU,0.0939862197366497,0.0249003984063745,long,-0.0059108734130859,0.071508765220642,0.1666610240936279
2025-12-26,14,CVNA,0.0785603371762855,0.0268924302788844,long,-0.0092261433601379,-0.0768077373504638,0.0158920288085937
2025-12-26,15,WDC,0.0775609449572779,0.0288844621513944,long,-0.020146906375885,0.0446349382400512,0.2209484577178955
2025-12-26,16,SMCI,0.0722585767965574,0.0308764940239043,long,-0.014295220375061,0.0292552709579467,0.0152926445007324
2025-12-26,17,GNRC,0.0714992485426222,0.0328685258964143,long,-0.0044771432876586,0.018919825553894,0.04903244972229
2025-12-26,18,HOOD,0.0710528985317582,0.0348605577689243,long,-0.0168611407279968,-0.0189048647880554,0.0363620519638061
2025-12-26,19,PSKY,0.0264218582749722,0.0368525896414342,long,0.0007407665252685,-0.0237036943435668,-0.0740740895271301
2025-12-26,20,WBD,0.0252511457120503,0.0388446215139442,long,0.0052101612091064,-0.0097256302833557,-0.01111501455307
2025-12-26,21,TER,0.0042211704274336,0.0408366533864541,long,-0.0034961700439453,0.0516822338104248,0.1595054864883422
2025-12-26,22,CIEN,-0.0091182873617212,0.0428286852589641,long,-0.0026777982711791,0.0295397043228149,0.0635565519332885
2025-12-26,23,FCX,-0.0128814685595585,0.0448207171314741,long,-0.0013597607612609,0.0087412595748901,0.0907149314880371
2025-12-26,24,ARE,-0.0183182900445066,0.046812749003984,long,0.006101369857788,-0.0040674805641174,0.0652837753295898
2025-12-26,25,AXON,-0.0186839041526431,0.048804780876494,long,-0.0145379304885864,-0.02945476770401,0.0794075727462768
2025-12-26,26,DG,-0.0271124438138175,0.0507968127490039,long,-0.0123618245124816,-0.0050901174545288,0.0521378517150878
2025-12-26,27,EPAM,-0.0297440488457819,0.0527888446215139,long,-0.0251842737197875,-0.0528255105018615,0.0318465232849121
2025-12-26,28,CMG,-0.0334056759919934,0.0547808764940239,long,-0.0026924610137939,0.0094238519668579,0.0398491621017456
2025-12-26,29,DDOG,-0.0605139026105399,0.0567729083665338,long,-0.0033348202705383,-0.0302305221557617,-0.0060895681381225
2025-12-26,30,MOS,-0.07038057454463,0.0587649402390438,long,0.0037406682968139,0.0399003028869628,0.045719027519226
2025-12-26,473,DHR,-0.4123438101256523,0.9412350597609562,short,0.0001734495162963,-0.0009973049163818,0.0258421897888183
2025-12-26,474,DIS,-0.4123438101256523,0.9432270916334662,short,0.0052543878555297,-0.0204921960830688,0.00332772731781
2025-12-26,475,DOV,-0.4123438101256523,0.945219123505976,short,-0.0062804818153381,-0.0164799094200134,0.0224589109420776
2025-12-26,476,DOW,-0.4123438101256523,0.947211155378486,short,0.0068522691726684,0.0394004583358764,0.0929336547851562
2025-12-26,477,DPZ,-0.4123438101256523,0.949203187250996,short,0.0015904903411865,0.0095667839050292,-0.035014808177948
2025-12-26,478,DRI,-0.4123438101256523,0.951195219123506,short,-0.010486364364624,0.0016050338745117,0.0713711977005004
2025-12-26,479,DTE,-0.4123438101256523,0.953187250996016,short,0.0010799169540405,0.0055538415908813,0.0030853748321533
2025-12-26,480,CSCO,-0.4123438101256523,0.955179282868526,short,-0.0048848986625671,-0.0224964618682861,-0.032909095287323
2025-12-26,481,CNP,-0.4123438101256523,0.957171314741036,short,0.0049453973770141,0.0080687999725341,-0.0046849846839904
2025-12-26,482,LNT,-0.4123438101256523,0.959163346613546,short,0.0,0.0025985240936279,-0.0006114244461059
2025-12-26,483,LOW,-0.4123438101256523,0.9611553784860558,short,-0.0026658177375793,0.0125497579574584,0.0109091997146606
2025-12-26,484,LYV,-0.4123438101256523,0.9631474103585658,short,-0.0033202767372131,0.0051186084747314,0.0065711736679077
2025-12-26,485,JNJ,-0.4123438101256523,0.9651394422310756,short,-0.0031315684318542,-0.0010117292404174,-0.0133455395698547
2025-12-26,486,JPM,-0.4123438101256523,0.9671314741035856,short,-0.0010192394256591,0.0053436756134033,0.0335443019866943
2025-12-26,487,KDP,-0.4123438101256523,0.9691235059760956,short,-0.0003551244735717,-0.0152698755264282,-0.0291193127632141
2025-12-26,488,KHC,-0.4123438101256523,0.9711155378486056,short,0.0074226856231689,0.0057731866836547,-0.030515432357788
2025-12-26,489,KIM,-0.4123438101256523,0.9731075697211156,short,-0.0014712214469909,-0.016184389591217,-0.0024521350860595
2025-12-26,490,KLAC,-0.4123438101256523,0.9750996015936256,short,-0.0132815837860107,0.0111711025238037,0.1068003177642822
2025-12-26,491,JCI,-0.4123438101256523,0.9770916334661356,short,-0.0063264966011047,0.004929780960083,-0.0637581348419189
2025-12-26,492,KO,-0.4123438101256523,0.9790836653386454,short,-0.0012828111648559,-0.0148232579231262,-0.0330674052238464
2025-12-26,493,KR,-0.4123438101256523,0.9810756972111554,short,-0.0004783868789672,0.0039865970611572,-0.0154680013656616
2025-12-26,494,KVUE,-0.4123438101256523,0.9830677290836654,short,0.0081442594528198,0.007562518119812,-0.0255963206291198
2025-12-26,495,L,-0.4123438101256523,0.9850597609561752,short,-0.0004705786705017,-0.0148719549179077,-0.0098832249641418
2025-12-26,496,LDOS,-0.4123438101256523,0.9870517928286852,short,-0.0115370154380798,-0.0108901262283325,0.0647474527359008
2025-12-26,497,INTU,-0.4123438101256523,0.9890438247011952,short,-0.0063339471817016,-0.0662909150123596,-0.0399762988090515
2025-12-26,498,INVH,-0.4123438101256523,0.9910358565737052,short,0.0079307556152343,-0.0007209777832031,0.0129777193069458
2025-12-26,499,IQV,-0.4123438101256523,0.9930278884462151,short,0.0025538206100463,-0.0076615214347839,0.059090256690979
2025-12-26,500,IR,-0.4123438101256523,0.9950199203187252,short,-0.0030902624130249,-0.0140914916992187,0.0312731266021728
2025-12-26,501,ITW,-0.4123438101256523,0.9970119521912352,short,-0.0055504441261291,-0.0108234286308288,0.0076121091842651
2025-12-26,502,KMI,-0.4123438101256523,0.999003984063745,short,0.0073046684265136,0.0120525360107421,-0.020452857017517
2025-12-29,1,LITE,0.5896472536578109,0.0009960159362549,long,-0.0069777369499206,-0.0380678176879882,0.0584622621536254
2025-12-29,2,ALB,0.5807117386158894,0.0029880478087649,long,-0.00401371717453,0.0290120840072631,0.1377369165420532
2025-12-29,3,SNDK,0.5426289349553345,0.0049800796812749,long,-0.0118224620819091,0.1409540176391601,0.4718174934387207
2025-12-29,4,SATS,0.4993362657104663,0.0069721115537848,long,-0.0045787692070007,0.0134615898132324,0.0271062850952148
2025-12-29,5,COHR,0.4551952230990838,0.0089641434262948,long,-0.0119907259941101,-0.0024088621139526,0.0257480144500732
2025-12-29,6,WDC,0.4262052322925279,0.0109561752988047,long,-0.0215266942977905,0.0671362876892089,0.1352947950363159
2025-12-29,7,ORCL,0.392152132205246,0.0129482071713147,long,-0.0116627216339111,-0.0234268307685852,-0.0221591591835021
2025-12-29,8,CIEN,0.3536692618772533,0.0149402390438247,long,-0.0188370943069458,-0.0312972068786621,0.0877244472503662
2025-12-29,9,MU,0.3203635752170519,0.0169322709163346,long,-0.0246728062629699,0.0667053461074829,0.1603388786315918
2025-12-29,10,CVNA,0.3194604549062643,0.0189243027888446,long,-0.0175299644470214,0.0011873245239257,0.0494238138198852
2025-12-29,11,SMCI,0.316690837610277,0.0209163346613545,long,-0.0128161311149597,0.0141652822494506,0.0121417045593261
2025-12-29,12,COIN,0.2163071079805312,0.0229083665338645,long,-0.0235751867294311,0.1006908416748046,0.0618739128112793
2025-12-29,13,WBD,0.1443725832733146,0.0249003984063745,long,-0.0041465163230896,-0.0141672492027282,-0.0120940208435058
2025-12-29,14,GNRC,0.1092722240501294,0.0268924302788844,long,-0.0108081102371215,0.078485369682312,0.0290149450302124
2025-12-29,15,NCLH,0.028540092384115,0.0288844621513944,long,-0.0049041509628295,0.0066874027252197,0.0887204408645629
2025-12-29,16,APP,0.0049475151268409,0.0308764940239043,long,-0.02867192029953,-0.0876447558403015,-0.0876303315162658
2025-12-29,17,STX,-0.039319750489581,0.0328685258964143,long,-0.0167450904846191,0.0348114967346191,0.1006141901016235
2025-12-29,18,DLTR,-0.0554958067877303,0.0348605577689243,long,-0.0081437826156616,0.0366877317428588,0.0607966184616088
2025-12-29,19,MRNA,-0.0583113980471521,0.0368525896414342,long,-0.0302532315254211,0.057875633239746,0.1802039146423339
2025-12-29,20,TER,-0.0594555090318777,0.0388446215139442,long,-0.0158132910728454,0.1160827875137329,0.1312350034713745
2025-12-29,21,NEM,-0.0697525563233146,0.0408366533864541,long,-0.0197330117225646,0.016395092010498,0.0603770017623901
2025-12-29,22,ARE,-0.0735260020256631,0.0428286852589641,long,-0.0107136368751525,0.0014150142669677,0.0547806024551391
2025-12-29,23,PSKY,-0.0912832219830824,0.0448207171314741,long,-0.0081421732902526,-0.0392302274703979,-0.0843819379806518
2025-12-29,24,EPAM,-0.0957634754824831,0.046812749003984,long,-0.0069313049316406,0.0014541149139404,0.0576317310333251
2025-12-29,25,DG,-0.1081118227021937,0.048804780876494,long,-0.0224562287330627,0.0228978395462036,0.0566189289093017
2025-12-29,26,AMD,-0.1151514974844311,0.0507968127490039,long,-0.0054796934127807,0.0266555547714233,-0.0247050523757934
2025-12-29,27,HOOD,-0.11834852674468,0.0527888446215139,long,-0.0203551054000854,0.0674750804901123,0.0131659507751464
2025-12-29,28,CMG,-0.1268277194157462,0.0547808764940239,long,-0.0010799169540405,0.0326673984527587,0.0494060516357421
2025-12-29,29,LULU,-0.1310651078388627,0.0567729083665338,long,-0.0135757327079772,0.0082118511199951,0.0049841403961181
2025-12-29,30,ANET,-0.1634269885229774,0.0587649402390438,long,-0.0106463432312011,0.035865306854248,-0.0178194046020507
2025-12-29,473,BDX,-0.6881991466843479,0.9412350597609562,short,-0.0080249309539794,0.0169700384140014,0.0361378192901611
2025-12-29,474,HST,-0.6883180537103887,0.9432270916334662,short,-0.0306178927421569,-0.0092946887016296,-0.0273373126983642
2025-12-29,475,CHD,-0.6883180537103887,0.945219123505976,short,-0.0069872736930847,-0.003908097743988,-0.0066319704055786
2025-12-29,476,BAC,-0.6883180537103887,0.947211155378486,short,-0.0050650835037231,0.0291244983673095,0.0065122842788696
2025-12-29,477,SNA,-0.6883180537103887,0.949203187250996,short,-0.0144994258880615,0.0129550695419311,0.00832200050354
2025-12-29,478,PH,-0.6883180537103887,0.951195219123506,short,-0.0110933184623718,0.0203303098678588,0.0220179557800292
2025-12-29,479,FTNT,-0.6883180537103887,0.953187250996016,short,-0.0112065076828002,-0.0295105576515197,-0.0036110281944274
2025-12-29,480,EQIX,-0.6883180537103887,0.955179282868526,short,-0.0046122074127197,0.0030010938644409,0.0088864564895629
2025-12-29,481,LIN,-0.6883258564515582,0.957171314741036,short,-0.00459885597229,0.0110654830932617,0.0134934186935424
2025-12-29,482,PRU,-0.688400423992103,0.959163346613546,short,-0.0071246623992919,0.0322808027267456,0.0277948379516601
2025-12-29,483,BRK.B,-0.6894100273530587,0.9611553784860558,short,-0.0021044015884399,-0.0103035569190979,-0.0150681734085083
2025-12-29,484,CSCO,-0.6894100273530587,0.9631474103585658,short,-0.0049089789390563,-0.0236403942108154,-0.0347500443458557
2025-12-29,485,PEP,-0.6894100273530587,0.9651394422310756,short,-0.0044395327568054,-0.0294117927551269,-0.0495977401733398
2025-12-29,486,TEL,-0.6894100273530587,0.9671314741035856,short,-0.0124577283859252,0.004427433013916,-0.0034291744232177
2025-12-29,487,CMS,-0.6898194763643255,0.9691235059760956,short,-0.0069582462310791,-0.0134904384613037,-0.0122124552726745
2025-12-29,488,TMUS,-0.6898194763643255,0.9711155378486056,short,-0.0037291646003723,-0.0144259333610534,-0.031943142414093
2025-12-29,489,HCA,-0.6898194763643255,0.9731075697211156,short,-0.0135232806205749,0.0096564292907714,-0.0055149793624877
2025-12-29,490,TFC,-0.6900618892337538,0.9750996015936256,short,-0.0070621967315673,0.0185632705688476,0.0205811262130737
2025-12-29,491,GWW,-0.6900618892337538,0.9770916334661356,short,-0.0117913484573364,-0.0059055089950561,-0.016071081161499
2025-12-29,492,COO,-0.6900618892337538,0.9790836653386454,short,-0.0061841011047363,0.0032738447189331,0.0173395872116088
2025-12-29,493,JPM,-0.6914809416059763,0.9810756972111554,short,-0.003710389137268,0.0328365564346313,0.0110381841659545
2025-12-29,494,GIS,-0.6914809416059763,0.9830677290836654,short,-0.0036425590515136,-0.0492821931838989,-0.0797085165977478
2025-12-29,495,HIG,-0.6914809416059763,0.9850597609561752,short,-0.0074905753135681,-0.0078507661819458,-0.0211754441261291
2025-12-29,496,ERIE,-0.6914809416059763,0.9870517928286852,short,-0.0041688680648803,-0.0205662846565246,-0.0206705331802368
2025-12-29,497,KR,-0.6914809416059763,0.9890438247011952,short,-0.0031908154487609,-0.0141990780830383,-0.0542438030242919
2025-12-29,498,LOW,-0.6914809416059763,0.9910358565737052,short,-0.0083065629005432,0.0064561367034912,0.0162019729614257
2025-12-29,499,SJM,-0.6914809416059763,0.9930278884462151,short,-0.0061979293823242,-0.0392196774482727,-0.0298719406127929
2025-12-29,500,CPRT,-0.6914809416059763,0.9950199203187252,short,-0.00886070728302,-0.0244303941726684,-0.0331646203994751
2025-12-29,501,PPG,-0.6914809416059763,0.9970119521912352,short,-0.0117669701576232,0.0147569179534912,0.0021219253540039
2025-12-29,502,HRL,-0.6914809416059763,0.999003984063745,short,-0.0116763710975646,-0.0425354838371276,-0.0683903098106384
2025-12-30,1,SNDK,0.5236692051676851,0.0009960159362549,long,0.1594910621643066,0.4728704690933227,0.4093015193939209
2025-12-30,2,LITE,0.4249349962364502,0.0029880478087649,long,0.0475324392318725,0.0782170295715332,-0.0551561117172241
2025-12-30,3,WDC,0.3443996147800501,0.0049800796812749,long,0.0895686149597168,0.2734661102294922,0.0894525051116943
2025-12-30,4,SATS,0.3287895344450502,0.0069721115537848,long,0.0320147275924682,0.0677093267440795,0.0758969783782959
2025-12-30,5,ALB,0.3176635179297547,0.0089641434262948,long,0.0176045894622802,0.1181418895721435,0.1192731857299804
2025-12-30,6,MRNA,0.1716969043492275,0.0109561752988047,long,0.0464564561843872,0.2092235088348388,0.1481858491897583
2025-12-30,7,COHR,0.1369447107128685,0.0129482071713147,long,0.0528796911239624,0.0516877174377441,-0.0618736147880554
2025-12-30,8,SMCI,0.1242637022034231,0.0149402390438247,long,0.0577383041381835,0.0433892011642456,0.0215237140655517
2025-12-30,9,GNRC,0.0840659696177662,0.0169322709163346,long,0.0346851348876953,0.0652637481689453,0.0910757780075073
2025-12-30,10,MU,0.0811821310291015,0.0189243027888446,long,0.1051470041275024,0.2032864093780517,0.1457902193069458
2025-12-30,11,EPAM,0.0620163972195196,0.0209163346613545,long,-0.0215736031532287,0.065892219543457,0.0727254152297973
2025-12-30,12,WBD,0.0474911447323685,0.0229083665338645,long,-0.0107563734054565,-0.012144386768341,-0.0173490643501281
2025-12-30,13,COIN,0.044440300668882,0.0249003984063745,long,0.0459449291229248,0.1079862117767334,0.0860086679458618
2025-12-30,14,ORCL,0.0401455383674502,0.0268924302788844,long,0.0041044950485229,-0.0059514641761779,-0.0269868373870849
2025-12-30,15,HOOD,0.0216958979178314,0.0288844621513944,long,0.0186560153961181,0.0760388374328613,0.0202475786209106
2025-12-30,16,CIEN,0.0167455889756302,0.0308764940239043,long,0.052122950553894,0.086885929107666,-0.0370290875434875
2025-12-30,17,CVNA,-0.0187355356485782,0.0328685258964143,long,-0.0515851974487304,0.043647289276123,0.0487180948257446
2025-12-30,18,FCX,-0.0292565867486289,0.0348605577689243,long,0.0224453210830688,0.1055326461791992,0.0675330162048339
2025-12-30,19,DLTR,-0.0518442071619126,0.0368525896414342,long,0.0381269454956054,0.087553858757019,0.0699130296707153
2025-12-30,20,NCLH,-0.0677557963697052,0.0388446215139442,long,0.0206093788146972,0.0663082599639892,0.0918459892272949
2025-12-30,21,PSKY,-0.0933740801185883,0.0408366533864541,long,-0.0164178609848022,-0.067164123058319,-0.084328293800354
2025-12-30,22,TER,-0.0952401404163765,0.0428286852589641,long,0.072329044342041,0.1822690963745117,0.1175346374511718
2025-12-30,23,DG,-0.1251659122695789,0.0448207171314741,long,0.0305038690567016,0.089779257774353,0.0845823287963867
2025-12-30,24,CMG,-0.1353017863468991,0.046812749003984,long,0.0132433176040649,0.0437837839126586,0.0589189529418945
2025-12-30,25,DDOG,-0.1629912897499937,0.048804780876494,long,-0.016324758529663,0.0081623792648315,-0.0390470623970031
2025-12-30,26,GM,-0.1681329839472911,0.0507968127490039,long,-0.0041809678077697,0.010575532913208,0.0468518733978271
2025-12-30,27,ARE,-0.1859663879561255,0.0527888446215139,long,0.0006130933761596,0.070290207862854,0.0884757041931152
2025-12-30,28,INTC,-0.1869357126831053,0.0547808764940239,long,0.0672086477279663,0.0850948095321655,0.1140921115875244
2025-12-30,29,APP,-0.1913244085456886,0.0567729083665338,long,-0.0823662281036377,-0.0839690566062927,-0.0850226879119873
2025-12-30,30,POOL,-0.1957359095951374,0.0587649402390438,long,0.0041967630386352,0.0464699268341064,0.0614207983016967
2025-12-30,473,ESS,-0.6821729316452624,0.9412350597609562,short,-0.018304705619812,-0.0193748474121093,-0.0180754661560058
2025-12-30,474,KR,-0.6821729316452624,0.9432270916334662,short,0.0076824426651,-0.0118437409400939,-0.0430537462234497
2025-12-30,475,CDNS,-0.6821729316452624,0.945219123505976,short,-0.0069742202758789,0.0065903663635253,0.0198988914489746
2025-12-30,476,CCI,-0.6821729316452624,0.947211155378486,short,-0.0019129514694213,-0.0195792317390441,-0.0489479899406433
2025-12-30,477,RJF,-0.6821729316452624,0.949203187250996,short,0.0187433958053588,0.0514975786209106,0.0485086441040039
2025-12-30,478,CPRT,-0.6821729316452624,0.951195219123506,short,-0.0352490544319152,-0.0048531889915466,-0.0028097033500671
2025-12-30,479,PFG,-0.6821729316452624,0.953187250996016,short,0.0137172937393188,0.0406984090805053,0.0399048328399658
2025-12-30,480,PEP,-0.6821729316452624,0.955179282868526,short,-0.0089883804321289,-0.0317725539207458,-0.0289158821105957
2025-12-30,481,PAYX,-0.6821729316452624,0.957171314741036,short,-0.0319130420684814,-0.0085576772689819,0.0184525251388549
2025-12-30,482,OTIS,-0.6821729316452624,0.959163346613546,short,0.0113337039947509,0.0290784835815429,0.0348025560379028
2025-12-30,483,PKG,-0.6821729316452624,0.9611553784860558,short,0.0237114429473876,0.0266207456588745,0.0370945930480957
2025-12-30,484,CHD,-0.6821729316452624,0.9631474103585658,short,-0.0144305229187011,0.0199165344238281,0.0239714384078979
2025-12-30,485,NUE,-0.6821729316452624,0.9651394422310756,short,0.0385628938674926,0.0382564067840576,0.029244065284729
2025-12-30,486,HRL,-0.6821729316452624,0.9671314741035856,short,-0.0130802392959594,-0.0358650088310241,-0.0350210666656494
2025-12-30,487,BG,-0.6821729316452624,0.9691235059760956,short,0.0399640798568725,0.0592725276947021,0.0946340560913086
2025-12-30,488,IDXX,-0.6821729316452624,0.9711155378486056,short,-0.0096670389175415,0.0447874069213867,0.0530058145523071
2025-12-30,489,IEX,-0.6821729316452624,0.9731075697211156,short,0.0062942504882812,0.0333257913589477,0.038215160369873
2025-12-30,490,INTU,-0.6821729316452624,0.9750996015936256,short,-0.0497568845748901,-0.0229763388633728,-0.0145979523658752
2025-12-30,491,JPM,-0.6821729316452624,0.9770916334661356,short,0.0101172924041748,0.0384519100189209,0.0234932899475097
2025-12-30,492,SNA,-0.6821729316452624,0.9790836653386454,short,0.0184271335601806,0.0381021499633789,0.0484910011291503
2025-12-30,493,SYK,-0.6821729316452624,0.9810756972111554,short,-0.0093607306480407,0.0424503087997436,0.0447833538055419
2025-12-30,494,TMUS,-0.6821729316452624,0.9830677290836654,short,-0.0170409083366394,-0.0218675732612609,-0.0252659320831298
2025-12-30,495,XEL,-0.6821729316452624,0.9850597609561752,short,0.0111020803451538,0.0077172517776489,-0.0064988136291503
2025-12-30,496,AVY,-0.6821729316452624,0.9870517928286852,short,0.0030789375305175,0.0008796453475952,0.0227622985839843
2025-12-30,497,TSN,-0.6821729316452624,0.9890438247011952,short,-0.0098941922187805,-0.0452063679695129,-0.021323800086975
2025-12-30,498,TJX,-0.6821729316452624,0.9910358565737052,short,0.0043616294860839,0.0020180940628051,0.0302063226699829
2025-12-30,499,GD,-0.6821729316452624,0.9930278884462151,short,0.0200201272964477,0.0714370012283325,0.0439018011093139
2025-12-30,500,FRT,-0.6821729316452624,0.9950199203187252,short,-0.0175595879554748,0.0011904239654541,0.0198413133621215
2025-12-30,501,UHS,-0.6821729316452624,0.9970119521912352,short,0.0085313320159912,0.0170626640319824,-0.0315567851066589
2025-12-30,502,UDR,-0.6821729316452624,0.999003984063745,short,0.0002726316452026,0.0117230415344238,0.0174481868743896
2025-12-31,1,LITE,0.5547815924183306,0.0009960159362549,long,-0.075263500213623,0.0175338983535766,-0.0898448228836059
2025-12-31,2,SNDK,0.4409529559804121,0.0029880478087649,long,-0.0042145252227783,0.284551739692688,0.3712034225463867
2025-12-31,3,CIEN,0.3991040333555019,0.0049800796812749,long,-0.061610996723175,0.0536860227584838,-0.0629927515983581
2025-12-31,4,MRNA,0.3603853866639316,0.0069721115537848,long,0.0424497127532959,0.1629941463470459,0.1114710569381713
2025-12-31,5,WDC,0.3396679173833851,0.0089641434262948,long,0.000959038734436,0.0648908615112304,0.0679808855056762
2025-12-31,6,SMCI,0.3014319086688474,0.0109561752988047,long,-0.0287467241287231,-0.0306847095489501,-0.0258397459983825
2025-12-31,7,COHR,0.2994595316575901,0.0129482071713147,long,-0.041012704372406,-0.0139454007148742,-0.0837236046791076
2025-12-31,8,MU,0.2529308393090768,0.0149402390438247,long,-0.010367214679718,0.0765011310577392,0.0940649509429931
2025-12-31,9,COIN,0.209295976454897,0.0169322709163346,long,0.0777491331100463,0.0397412776947021,0.0179681777954101
2025-12-31,10,ALB,0.1502348647233016,0.0189243027888446,long,0.0152852535247802,0.1225596666336059,0.1206141710281372
2025-12-31,11,SATS,0.1132016417386418,0.0209163346613545,long,-0.0134605169296264,-0.0001782774925231,0.0697094202041626
2025-12-31,12,WBD,0.0499064136298077,0.0229083665338645,long,0.0007015466690063,0.0028060674667358,0.0131533145904541
2025-12-31,13,ORCL,0.03160385360736,0.0249003984063745,long,-0.0159420371055603,-0.0146645903587341,0.0143579244613647
2025-12-31,14,TER,0.0043211202305341,0.0268924302788844,long,0.0575255155563354,0.0718828439712524,0.0467334985733032
2025-12-31,15,APP,0.001518388491343,0.0288844621513944,long,0.023596167564392,0.0236123800277709,0.0475481748580932
2025-12-31,16,GNRC,-0.0181446487229915,0.0308764940239043,long,0.0537207126617431,0.0053862333297729,0.0827780961990356
2025-12-31,17,DG,-0.0327437136210734,0.0328685258964143,long,0.0154216289520263,0.048896312713623,0.0432685613632202
2025-12-31,18,CVNA,-0.0461641935622745,0.0348605577689243,long,0.0744783878326416,0.1262460947036743,0.1570018529891967
2025-12-31,19,EPAM,-0.0852671848900354,0.0368525896414342,long,0.0306794643402099,0.088496446609497,0.057218313217163
2025-12-31,20,HOOD,-0.0894407867739005,0.0388446215139442,long,0.0696988105773925,0.0152764320373535,0.0005208253860473
2025-12-31,21,NKE,-0.0967481964635924,0.0408366533864541,long,0.0197534561157226,-0.0009481310844421,0.0417193174362182
2025-12-31,22,DLTR,-0.1646868906491479,0.0428286852589641,long,0.0068129301071166,0.0302270650863647,0.0366485118865966
2025-12-31,23,Q,-0.1716320710306576,0.0448207171314741,long,0.0015296936035156,0.0627205371856689,0.0627205371856689
2025-12-31,24,GM,-0.1729223671486933,0.046812749003984,long,0.0267966985702514,0.0114842653274536,0.023339033126831
2025-12-31,25,DDOG,-0.173088963545607,0.048804780876494,long,-0.0009718537330627,0.0573745965957641,-0.061897337436676
2025-12-31,26,HPQ,-0.1795173983694881,0.0507968127490039,long,-0.0207957029342651,-0.0465642213821411,-0.0293852686882019
2025-12-31,27,NCLH,-0.1823173140072465,0.0527888446215139,long,-0.0087796449661254,0.0719929933547973,0.0768218040466308
2025-12-31,28,ARE,-0.1859663879561255,0.0547808764940239,long,0.0116397142410278,0.0655503273010253,0.1021033525466919
2025-12-31,29,DELL,-0.1931799502107448,0.0567729083665338,long,-0.0296556949615478,-0.0604851841926574,-0.0561815500259399
2025-12-31,30,PSKY,-0.2038049842664356,0.0587649402390438,long,-0.0151745676994323,-0.0614567995071411,-0.0849772095680236
2025-12-31,473,L,-0.6804048921700959,0.9412350597609562,short,0.0096502304077148,0.0075482130050659,-0.0007643699645996
2025-12-31,474,IDXX,-0.6805526019652848,0.9432270916334662,short,0.0182689428329467,0.066508412361145,0.064717411994934
2025-12-31,475,MNST,-0.6805526019652848,0.945219123505976,short,-0.0064339041709899,-0.0001313090324401,0.015493631362915
2025-12-31,476,ACGL,-0.6805526019652848,0.947211155378486,short,0.0061794519424438,0.013850450515747,0.0140634775161743
2025-12-31,477,JCI,-0.6805526019652848,0.949203187250996,short,-0.0063772201538085,-0.0809417963027954,-0.0936963558197021
2025-12-31,478,XOM,-0.6806335103351066,0.951195219123506,short,0.0220954418182373,-0.0339176654815673,0.0159804821014404
2025-12-31,479,AMP,-0.6807538792730399,0.953187250996016,short,0.0285964012145996,0.0086477994918823,0.0283330678939819
2025-12-31,480,DRI,-0.6807538792730399,0.955179282868526,short,0.029111623764038,0.0670903921127319,0.0809251070022583
2025-12-31,481,DOV,-0.6807538792730399,0.957171314741036,short,0.0333077907562255,0.0185440778732299,0.0313665866851806
2025-12-31,482,AIZ,-0.6821729316452624,0.959163346613546,short,0.0113579034805297,-0.0051320791244506,0.0011779069900512
2025-12-31,483,WMT,-0.6821729316452624,0.9611553784860558,short,-0.0004434585571289,-0.0003547668457031,0.0156970024108886
2025-12-31,484,AFL,-0.6821729316452624,0.9631474103585658,short,0.0176887512207031,-0.0004535317420959,-0.0090711116790771
2025-12-31,485,WELL,-0.6821729316452624,0.9651394422310756,short,-0.0118219852447509,-0.006900668144226,-0.0046004056930541
2025-12-31,486,VMC,-0.6821729316452624,0.9671314741035856,short,0.013736605644226,-0.0018110275268554,0.0648214817047119
2025-12-31,487,ORLY,-0.6821729316452624,0.9691235059760956,short,0.0026566982269287,0.0056453943252563,0.0382997989654541
2025-12-31,488,OKE,-0.6821729316452624,0.9711155378486056,short,-0.0092816352844238,-0.0486951470375061,-0.0220608115196228
2025-12-31,489,MSCI,-0.6821729316452624,0.9731075697211156,short,0.0218486785888671,0.0237771272659301,0.028146743774414
2025-12-31,490,MAA,-0.6821729316452624,0.9750996015936256,short,-0.0127937793731689,-0.0298283100128173,-0.0232157707214355
2025-12-31,491,MET,-0.6821729316452624,0.9770916334661356,short,0.0180526971817016,-0.0255229473114013,-0.0113296508789062
2025-12-31,492,WM,-0.6821729316452624,0.9790836653386454,short,0.0047619342803955,-0.0111263394355773,0.0114927291870117
2025-12-31,493,DVN,-0.6821729316452624,0.9810756972111554,short,-0.0348560810089111,-0.0897807478904724,-0.0557169318199157
2025-12-31,494,CCI,-0.6821729316452624,0.9830677290836654,short,-0.0031567215919494,-0.0406990051269531,-0.0567079782485961
2025-12-31,495,CBRE,-0.6821729316452624,0.9850597609561752,short,0.0262812376022338,0.0383294820785522,0.0328984260559082
2025-12-31,496,IEX,-0.6821729316452624,0.9870517928286852,short,0.0097174644470214,0.0079861879348754,0.0315537452697753
2025-12-31,497,REG,-0.6821729316452624,0.9890438247011952,short,0.008975863456726,0.0298705101013183,0.0258976221084594
2025-12-31,498,EQIX,-0.6821729316452624,0.9910358565737052,short,0.0103520154953002,0.0162804126739501,0.0474277734756469
2025-12-31,499,ESS,-0.6821729316452624,0.9930278884462151,short,-0.0149091482162475,-0.0226945877075195,-0.0228502750396728
2025-12-31,500,EQR,-0.6821729316452624,0.9950199203187252,short,-0.0178945660591125,-0.0014508962631225,-0.0256327390670776
2025-12-31,501,AVY,-0.6821729316452624,0.9970119521912352,short,-0.0104144215583801,-0.0104691982269287,0.0326682329177856
2025-12-31,502,TRMB,-0.6821729316452624,0.999003984063745,short,0.0120004415512084,0.0236179828643798,0.0291075706481933
2026-01-02,1,LITE,0.1057647176617709,0.0009960159362549,long,0.113065481185913,-0.0246183276176452,-0.0481165051460266
2026-01-02,2,SNDK,0.1057647176617709,0.0029880478087649,long,0.2756495475769043,0.2205926179885864,0.420278787612915
2026-01-02,3,CVNA,0.1057647176617709,0.0049800796812749,long,0.0241361856460571,0.0291122198104858,0.0801283121109008
2026-01-02,4,NCLH,0.1012647693651795,0.0069721115537848,long,0.0540300607681274,0.0792737007141113,0.0779451131820678
2026-01-02,5,CIEN,0.1012647693651795,0.0089641434262948,long,0.1008661985397338,-0.0246426463127136,0.0145517587661743
2026-01-02,6,MRNA,0.1012647693651795,0.0109561752988047,long,0.1084861755371093,0.0525335073471069,0.0519118309020996
2026-01-02,7,APP,0.0968627484331189,0.0129482071713147,long,-0.0247586369514465,-0.0258803963661193,0.0406693220138549
2026-01-02,8,MU,0.094200792744187,0.0149402390438247,long,0.1002082824707031,0.0476373434066772,0.1080249547958374
2026-01-02,9,SATS,0.0775650593767891,0.0169322709163346,long,0.0487033128738403,0.0567452907562255,0.1391524076461792
2026-01-02,10,SMCI,0.074525711641881,0.0189243027888446,long,0.0156302452087402,-0.0056535005569458,0.0016628503799438
2026-01-02,11,COIN,0.074525711641881,0.0209163346613545,long,-0.0171034336090087,-0.0365996956825256,-0.0468382239341735
2026-01-02,12,HOOD,0.0700257633452896,0.0229083665338645,long,-0.0124959349632263,-0.0636968612670898,-0.0464135408401489
2026-01-02,13,DELL,0.0675411802995471,0.0249003984063745,long,-0.000645101070404,-0.0444319248199462,-0.0285460948944091
2026-01-02,14,NEM,0.0652590421473436,0.0268924302788844,long,0.0547667741775512,0.0324543714523315,0.0910847187042236
2026-01-02,15,RCL,0.0630412320029557,0.0288844621513944,long,0.0627855062484741,0.086272120475769,0.0748500823974609
2026-01-02,16,GNRC,0.0592048902943163,0.0308764940239043,long,-0.0229350924491882,0.0007398128509521,0.0532689094543457
2026-01-02,17,NOW,0.0585597657922366,0.0328685258964143,long,0.0081977844238281,-0.0095528960227966,-0.0336043834686279
2026-01-02,18,DDOG,0.051740743734324,0.0348605577689243,long,0.0258904695510864,-0.0221490859985351,-0.0529032945632934
2026-01-02,19,COHR,0.0463288980342982,0.0368525896414342,long,0.04158616065979,-0.0708843469619751,-0.0063318610191345
2026-01-02,20,HPQ,0.0459527474603808,0.0388446215139442,long,0.0226223468780517,-0.0124654173851013,-0.0221606492996215
2026-01-02,21,FCX,0.0401996474759323,0.0408366533864541,long,0.0319794416427612,-0.003491997718811,0.0790295600891113
2026-01-02,22,WDC,0.033292322533036,0.0428286852589641,long,0.1676602363586425,-0.0010645985603332,0.1291249990463256
2026-01-02,23,ALB,0.0286651831176609,0.0448207171314741,long,0.082255482673645,0.0833504199981689,0.1587626934051513
2026-01-02,24,ZBRA,0.0266452772642415,0.046812749003984,long,0.019672155380249,0.0079164505004882,0.0466672182083129
2026-01-02,25,GOOGL,0.0118736345206561,0.048804780876494,long,-0.0069501996040344,0.0281164646148681,0.0483982563018798
2026-01-02,26,AXON,0.0118736345206561,0.0507968127490039,long,0.0600346326828002,0.0369105339050293,0.0686278343200683
2026-01-02,27,GOOG,0.0118736345206561,0.0527888446215139,long,-0.0087293982505798,0.0273855924606323,0.048563003540039
2026-01-02,28,DG,0.0118736345206561,0.0547808764940239,long,0.0414597988128662,0.0364933013916015,0.0714749097824096
2026-01-02,29,DASH,0.0118736345206561,0.0567729083665338,long,0.0117325782775878,-0.0115560889244079,-0.0522671341896057
2026-01-02,30,STX,0.0118736345206561,0.0587649402390438,long,0.1400476694107055,-0.0184935331344604,0.1092020273208618
2026-01-02,473,TXN,-0.130683063606609,0.9412350597609562,short,0.0842694044113159,0.0636676549911499,0.0671671628952026
2026-01-02,474,BLK,-0.130683063606609,0.9432270916334662,short,-0.0066800117492675,-0.0284346342086792,-0.0272379517555236
2026-01-02,475,UAL,-0.130683063606609,0.945219123505976,short,0.0229785442352294,0.0050482749938964,0.0034816265106201
2026-01-02,476,UDR,-0.130683063606609,0.947211155378486,short,0.0274087190628051,0.0332225561141967,0.0022149085998535
2026-01-02,477,UNP,-0.130683063606609,0.949203187250996,short,0.007112979888916,-0.0091391205787658,-0.0106479525566101
2026-01-02,478,TXT,-0.130683063606609,0.951195219123506,short,0.0120224952697753,0.0304493904113769,0.048089861869812
2026-01-02,479,V,-0.130683063606609,0.953187250996016,short,0.0106275081634521,-0.0044374465942382,-0.0299603343009948
2026-01-02,480,VICI,-0.130683063606609,0.955179282868526,short,-0.0099537372589111,-0.0095982551574707,-0.0085318088531494
2026-01-02,481,VLO,-0.130683063606609,0.957171314741036,short,-0.0127374529838562,0.0595337152481079,-0.0052611827850341
2026-01-02,482,APO,-0.130683063606609,0.959163346613546,short,0.0196313858032226,-0.0238381028175354,-0.0390624403953552
2026-01-02,483,ATO,-0.130683063606609,0.9611553784860558,short,0.0039548873901367,0.001318335533142,0.0043743848800659
2026-01-02,484,AVB,-0.130683063606609,0.9631474103585658,short,0.0191924571990966,0.02107834815979,-0.0104836821556091
2026-01-02,485,AVY,-0.130683063606609,0.9651394422310756,short,0.0083084106445312,0.0303534269332885,0.0411543846130371
2026-01-02,486,USB,-0.130683063606609,0.9671314741035856,short,0.0106325149536132,0.000720739364624,-0.0198234319686889
2026-01-02,487,AWK,-0.130683063606609,0.9691235059760956,short,0.0123233795166015,0.0146782398223876,0.0227630138397216
2026-01-02,488,AXP,-0.130683063606609,0.9711155378486056,short,0.0098999738693237,0.0083729028701782,-0.0532122254371643
2026-01-02,489,AMCR,-0.130683063606609,0.9731075697211156,short,0.0130023956298828,0.02482271194458,0.0177304744720459
2026-01-02,490,ALLE,-0.130683063606609,0.9750996015936256,short,-0.0002471208572387,0.0147640705108642,-0.0025945305824279
2026-01-02,491,AMGN,-0.130683063606609,0.9770916334661356,short,0.0294649600982666,0.0292778015136718,0.0150287151336669
2026-01-02,492,AMP,-0.130683063606609,0.9790836653386454,short,0.004626989364624,-0.0087026953697204,0.0044693946838378
2026-01-02,493,AMT,-0.130683063606609,0.9810756972111554,short,-0.0024396777153015,-0.0335886478424072,-0.0267801284790039
2026-01-02,494,AME,-0.130683063606609,0.9830677290836654,short,0.0134873390197753,-0.0060101747512817,-0.0073351860046386
2026-01-02,495,VLTO,-0.130683063606609,0.9850597609561752,short,0.0075612068176269,0.0257081985473632,0.0273213386535644
2026-01-02,496,VRTX,-0.130683063606609,0.9870517928286852,short,0.0436275005340576,0.0465240478515625,0.0262700319290161
2026-01-02,497,VZ,-0.130683063606609,0.9890438247011952,short,0.0017399787902832,0.0084514617919921,-0.009694218635559
2026-01-02,498,VTR,-0.130683063606609,0.9910358565737052,short,-0.0039246678352355,-0.017791748046875,-0.0099424719810485
2026-01-02,499,WAB,-0.130683063606609,0.9930278884462151,short,0.0181097984313964,0.0250219106674194,0.0436385869979858
2026-01-02,500,WEC,-0.130683063606609,0.9950199203187252,short,0.0051227807998657,-0.0017076134681701,-0.0038896203041076
2026-01-02,501,ABBV,-0.130683063606609,0.9970119521912352,short,0.0170315504074096,0.0179399251937866,-0.0006358623504638
2026-01-02,502,A,-0.130683063606609,0.999003984063745,short,0.0326734781265258,0.0197999477386474,0.0354020595550537
2026-01-05,1,LITE,0.1514009183078975,0.0009960159362549,long,-0.0114237070083618,-0.1157465577125549,-0.0908107757568359
2026-01-05,2,SNDK,0.1514009183078975,0.0029880478087649,long,0.0112404823303222,0.0794553756713867,0.1149214506149292
2026-01-05,3,CVNA,0.1514009183078975,0.0049800796812749,long,0.0234764814376831,0.051425814628601,0.0638225078582763
2026-01-05,4,APP,0.1428322019811589,0.0069721115537848,long,0.0254033803939819,0.049381136894226,0.0832577943801879
2026-01-05,5,MRNA,0.1428322019811589,0.0089641434262948,long,0.006449818611145,-0.0381379723548889,0.1104879379272461
2026-01-05,6,MU,0.1366775864396461,0.0109561752988047,long,-0.0112978219985961,0.0048335790634155,-0.0154325366020202
2026-01-05,7,COIN,0.1304717721206139,0.0129482071713147,long,-0.0184786319732666,-0.0390325784683227,0.0085009336471557
2026-01-05,8,SATS,0.1150472988062472,0.0149402390438247,long,-0.0336032509803772,0.0339479446411132,0.06617271900177
2026-01-05,9,NCLH,0.1061978927818939,0.0169322709163346,long,0.0260504484176635,0.0306723117828369,0.0008403062820434
2026-01-05,10,HOOD,0.1061978927818939,0.0189243027888446,long,-0.0388660430908203,-0.0528348684310913,-0.0119966864585876
2026-01-05,11,GNRC,0.1040133956325091,0.0209163346613545,long,-0.0234735608100891,0.05169677734375,0.0855647325515747
2026-01-05,12,CIEN,0.1036618753684821,0.0229083665338645,long,0.0199849605560302,-0.0929619669914245,-0.0305677056312561
2026-01-05,13,SMCI,0.0937447114667317,0.0249003984063745,long,-0.0173543095588684,-0.0124427080154418,-0.0635232925415039
2026-01-05,14,RCL,0.0880791241102932,0.0268924302788844,long,0.0156843662261962,0.0461796522140502,-0.0202518701553344
2026-01-05,15,NEM,0.0870268045927618,0.0288844621513944,long,-0.0108973979949951,-0.0019230842590332,0.0497252941131591
2026-01-05,16,DELL,0.0612665454752753,0.0308764940239043,long,-0.0311466455459594,-0.0267086029052734,-0.0344548821449279
2026-01-05,17,ORCL,0.060528809416279,0.0328685258964143,long,-0.004696786403656,0.0246193408966064,0.0440773963928222
2026-01-05,18,COHR,0.0587891299543418,0.0348605577689243,long,-0.0128278136253356,-0.082685112953186,-0.0210190415382385
2026-01-05,19,HPQ,0.0572504848281053,0.0368525896414342,long,-0.0478554964065551,-0.0306997895240783,-0.0483070015907287
2026-01-05,20,LEN,0.0517061766223269,0.0388446215139442,long,-0.0228469371795654,0.1211922168731689,0.1594583988189697
2026-01-05,21,NOW,0.0452566162904784,0.0408366533864541,long,0.0140447616577148,-0.0471070408821105,-0.0713661313056945
2026-01-05,22,CMG,0.0415165757785901,0.0428286852589641,long,0.0064733028411865,0.0385811328887939,0.0204557180404663
2026-01-05,23,ZBRA,0.0386460636766993,0.0448207171314741,long,-0.041341483592987,0.0072591304779052,0.0148675441741943
2026-01-05,24,TER,0.034330497956195,0.046812749003984,long,-0.0277923345565795,-0.0506030321121215,0.0018790960311889
2026-01-05,25,UBER,0.0289502380632961,0.048804780876494,long,0.0075987577438354,-0.0011690258979797,-0.0015197396278381
2026-01-05,26,WDC,0.0284157657945948,0.0507968127490039,long,-0.0888868570327758,-0.0862430334091186,-0.0245236754417419
2026-01-05,27,LULU,0.0275588080981383,0.0527888446215139,long,-0.0192700028419494,-0.0554938316345214,-0.0184361934661865
2026-01-05,28,STX,0.0268974575670044,0.0547808764940239,long,-0.0670661926269531,-0.0799285769462585,-0.0362569093704223
2026-01-05,29,DLTR,0.0241531144735688,0.0567729083665338,long,-0.0165944099426269,-0.0104649066925048,0.0268350839614868
2026-01-05,30,LRCX,0.0224382176607839,0.0587649402390438,long,-0.0187476277351379,0.0550830364227294,0.035852313041687
2026-01-05,473,PEP,-0.1984164537285594,0.9412350597609562,short,-0.0140329003334045,0.0068365335464477,0.032527208328247
2026-01-05,474,ESS,-0.1984164537285594,0.9432270916334662,short,-0.0216280817985534,-0.0217839479446411,-0.0260706543922424
2026-01-05,475,EQR,-0.1984164537285594,0.945219123505976,short,-0.0075308680534362,-0.0315654873847961,-0.0355712175369262
2026-01-05,476,AVY,-0.1984164537285594,0.947211155378486,short,-0.0082948207855224,0.0349373817443847,0.0312569141387939
2026-01-05,477,AOS,-0.1984164537285594,0.949203187250996,short,-0.0222869515419006,0.0272395610809326,0.0279679298400878
2026-01-05,478,EVRG,-0.1984164537285594,0.951195219123506,short,-0.0080710649490356,-0.0038303732872009,0.0113543272018432
2026-01-05,479,TDG,-0.1984164537285594,0.953187250996016,short,0.0006139278411865,0.0055546760559082,-0.0017480850219726
2026-01-05,480,SYK,-0.1984164537285594,0.955179282868526,short,0.0037118196487426,0.0031386613845825,-0.0288490653038024
2026-01-05,481,SPG,-0.1984164537285594,0.957171314741036,short,-0.0126140713691711,-0.0086419582366943,-0.0103059411048889
2026-01-05,482,SNA,-0.1984164537285594,0.959163346613546,short,-0.0143964290618896,0.0124115943908691,0.0078829526901245
2026-01-05,483,T,-0.1984164537285594,0.9611553784860558,short,-0.0152013301849365,-0.0143796205520629,-0.0427280664443969
2026-01-05,484,FICO,-0.1984164537285594,0.9631474103585658,short,-0.0121565461158752,0.0409823656082153,0.0145128965377807
2026-01-05,485,FRT,-0.1984164537285594,0.9651394422310756,short,0.0074316263198852,0.0071343183517456,0.0115933418273925
2026-01-05,486,AVB,-0.1984164537285594,0.9671314741035856,short,-0.0230761170387268,-0.0237836837768554,-0.0268314480781555
2026-01-05,487,F,-0.1984164537285594,0.9691235059760956,short,-0.0043478608131408,0.0289855003356933,0.0130434036254882
2026-01-05,488,EW,-0.1984164537285594,0.9711155378486056,short,-0.0118811726570129,-0.0083867311477661,-0.0234129428863525
2026-01-05,489,TSN,-0.1984164537285594,0.9731075697211156,short,0.0041093826293945,0.0368053913116455,0.0734322071075439
2026-01-05,490,TXT,-0.1984164537285594,0.9750996015936256,short,-0.0165426731109619,0.0417453050613403,0.0380815267562866
2026-01-05,491,TKO,-0.1984164537285594,0.9770916334661356,short,0.000493049621582,-0.015679657459259,0.0299787521362304
2026-01-05,492,TJX,-0.1984164537285594,0.9790836653386454,short,0.0007796287536621,0.0252728462219238,0.0274168252944946
2026-01-05,493,FE,-0.1984164537285594,0.9810756972111554,short,-0.006244421005249,-0.0042372345924377,0.010258674621582
2026-01-05,494,TMUS,-0.1984164537285594,0.9830677290836654,short,-0.0065962672233581,0.00986909866333,-0.0449647903442382
2026-01-05,495,WMT,-0.1984164537285594,0.9850597609561752,short,-0.0141682028770446,0.0016617774963378,0.052649974822998
2026-01-05,496,WM,-0.1984164537285594,0.9870517928286852,short,-0.0141957402229309,0.0083531141281127,-0.0132372379302978
2026-01-05,497,UNP,-0.1984164537285594,0.9890438247011952,short,-0.0391233563423156,-0.0221727490425109,-0.0185343623161315
2026-01-05,498,UDR,-0.1984164537285594,0.9910358565737052,short,-0.0078146457672119,-0.0078146457672119,-0.0264079570770263
2026-01-05,499,UPS,-0.1984164537285594,0.9930278884462151,short,0.0018057823181152,0.0269910097122192,0.0129252672195434
2026-01-05,500,AMCR,-0.1984164537285594,0.9950199203187252,short,-0.0198366045951843,0.009334921836853,0.0210034847259521
2026-01-05,501,AME,-0.1984164537285594,0.9970119521912352,short,-0.0139148831367492,-0.0164363384246826,-0.011346697807312
2026-01-05,502,AAPL,-0.1984164537285594,0.999003984063745,short,-0.0077374577522277,-0.0113965272903442,-0.0049931406974792
2026-01-06,1,LITE,0.1514009183078975,0.0009960159362549,long,-0.1135715842247009,-0.1349267363548278,-0.1559255123138427
2026-01-06,2,ALB,0.1514009183078975,0.0029880478087649,long,-0.0201770663261413,0.0480287075042724,0.0989044904708862
2026-01-06,3,APP,0.1428322019811589,0.0049800796812749,long,-0.0258957743644714,0.0406528711318969,-0.0239524245262146
2026-01-06,4,WDC,0.1428322019811589,0.0069721115537848,long,-0.0610367059707641,0.0613367557525634,0.0756453275680542
2026-01-06,5,MU,0.1428322019811589,0.0089641434262948,long,-0.0369017720222473,0.0186128616333007,-0.0182594060897827
2026-01-06,6,MRNA,0.1428322019811589,0.0109561752988047,long,-0.0565617084503173,-0.0571189522743225,0.1306771039962768
2026-01-06,7,TER,0.1428322019811589,0.0129482071713147,long,-0.0277328491210937,0.0084502696990966,0.0346548557281494
2026-01-06,8,HOOD,0.1400154948701323,0.0149402390438247,long,-0.0135077238082885,0.0047019720077514,0.0230828523635864
2026-01-06,9,COIN,0.1368667196368944,0.0169322709163346,long,-0.0013824701309204,-0.011995255947113,0.0403773784637451
2026-01-06,10,SNDK,0.131728583133365,0.0189243027888446,long,-0.0537956357002258,0.1010012626647949,0.0968718528747558
2026-01-06,11,GNRC,0.1175833162196591,0.0209163346613545,long,0.0488508939743042,0.1039053201675415,0.1297053098678589
2026-01-06,12,SATS,0.1088926832647344,0.0229083665338645,long,0.0427067279815673,0.1240192651748657,0.1687766313552856
2026-01-06,13,CVNA,0.1067412827616955,0.0249003984063745,long,-0.0181907415390014,0.0304805040359497,0.0173698663711547
2026-01-06,14,NCLH,0.1061978927818939,0.0268924302788844,long,-0.0020474791526794,-0.003275990486145,-0.0544635653495788
2026-01-06,15,CIEN,0.1036618753684821,0.0288844621513944,long,-0.1313687562942505,-0.096463143825531,-0.0805723071098327
2026-01-06,16,FCX,0.1001424909915285,0.0308764940239043,long,-0.0230630636215209,0.0578378438949584,0.0873873233795166
2026-01-06,17,STX,0.0991445254641064,0.0328685258964143,long,-0.0771751403808593,0.0428858995437622,0.0130409002304077
2026-01-06,18,DDOG,0.0873153980014359,0.0348605577689243,long,-0.0761074423789978,-0.1051645874977111,-0.1345753073692321
2026-01-06,19,SMCI,0.0870517554546578,0.0368525896414342,long,-0.0036654472351074,0.0036654472351074,-0.0579806566238403
2026-01-06,20,HPQ,0.0853484822338114,0.0388446215139442,long,0.0142247676849365,0.0042674541473388,-0.0151730775833129
2026-01-06,21,NEM,0.0786523677982931,0.0408366533864541,long,-0.0103694200515747,0.0458290576934814,0.0568466186523437
2026-01-06,22,Q,0.0738020761453637,0.0428286852589641,long,-0.0089690685272216,0.0066438913345336,-0.0047613978385925
2026-01-06,23,PSKY,0.0639559488889355,0.0448207171314741,long,-0.0080839991569519,-0.0177850127220153,-0.0234438180923461
2026-01-06,24,DELL,0.0612665454752753,0.046812749003984,long,-0.0130757093429565,0.0033314228057861,-0.0114932656288146
2026-01-06,25,RCL,0.0601852975495722,0.048804780876494,long,0.0063155889511108,-0.0042656064033508,-0.0763508677482605
2026-01-06,26,LULU,0.0592112787432828,0.0507968127490039,long,0.0021253824234008,-0.0126582384109497,-0.0405252575874328
2026-01-06,27,LEN,0.0530566632017699,0.0527888446215139,long,0.0540748834609985,0.1632829904556274,0.1679977178573608
2026-01-06,28,COHR,0.052341981483931,0.0547808764940239,long,-0.0963886976242065,-0.0336081981658935,-0.0391921401023864
2026-01-06,29,MCHP,0.034330497956195,0.0567729083665338,long,-0.0055450797080993,-0.0074384808540344,0.0100080966949462
2026-01-06,30,DG,0.0319018663781194,0.0587649402390438,long,0.0034143924713134,0.037279725074768,0.0518430471420288
2026-01-06,473,TRV,-0.1984164537285594,0.9412350597609562,short,0.0034958124160766,-0.0095342993736267,-0.03690105676651
2026-01-06,474,CASY,-0.1984164537285594,0.9432270916334662,short,0.0222625732421875,0.0502780675888061,0.0744234323501586
2026-01-06,475,CB,-0.1984164537285594,0.945219123505976,short,0.0207742452621459,-3.266334533691406e-05,-0.0183282494544982
2026-01-06,476,CBOE,-0.1984164537285594,0.947211155378486,short,0.0210847854614257,0.03452730178833,0.0534957647323608
2026-01-06,477,CCI,-0.1984164537285594,0.949203187250996,short,-0.0066987872123718,-0.0011752247810363,0.0420731306076049
2026-01-06,478,TKO,-0.1984164537285594,0.951195219123506,short,-0.0040412545204162,-0.0188261270523071,0.0249863862991333
2026-01-06,479,BXP,-0.1984164537285594,0.953187250996016,short,0.0139120817184448,0.0117950439453125,0.0036293268203735
2026-01-06,480,CAG,-0.1984164537285594,0.955179282868526,short,0.0310945510864257,0.0379353761672973,0.0646766424179077
2026-01-06,481,USB,-0.1984164537285594,0.957171314741036,short,0.0120284557342529,-0.0087479352951049,-0.0249680876731872
2026-01-06,482,UNP,-0.1984164537285594,0.959163346613546,short,0.0239219665527343,0.0223628282546997,0.0118496417999267
2026-01-06,483,TXT,-0.1984164537285594,0.9611553784860558,short,0.0353353023529052,0.0530593395233154,0.0631067752838134
2026-01-06,484,BR,-0.1984164537285594,0.9631474103585658,short,0.0156741142272949,0.0161753892898559,0.0067890882492065
2026-01-06,485,BKNG,-0.1984164537285594,0.9651394422310756,short,-0.0001322031021118,-0.0099527835845947,-0.0475051403045654
2026-01-06,486,BLK,-0.1984164537285594,0.9671314741035856,short,0.0119339227676391,0.0131803750991821,0.0155893564224243
2026-01-06,487,AVY,-0.1984164537285594,0.9691235059760956,short,0.0304105281829834,0.0412119626998901,0.0434831380844116
2026-01-06,488,ATO,-0.1984164537285594,0.9711155378486056,short,0.0057177543640136,0.0087872743606567,0.0154680013656616
2026-01-06,489,VLTO,-0.1984164537285594,0.9731075697211156,short,0.0142557621002197,0.0158509016036987,0.0198385715484619
2026-01-06,490,VICI,-0.1984164537285594,0.9750996015936256,short,0.0108853578567504,0.0119738578796386,0.0214078426361084
2026-01-06,491,V,-0.1984164537285594,0.9770916334661356,short,-0.0102562308311462,-0.0356299877166748,-0.075053334236145
2026-01-06,492,AMT,-0.1984164537285594,0.9790836653386454,short,0.0052525997161865,0.0123347043991088,0.0474504232406616
2026-01-06,493,AMP,-0.1984164537285594,0.9810756972111554,short,0.0109027624130249,0.0243353843688964,0.0189141035079956
2026-01-06,494,AMCR,-0.1984164537285594,0.9830677290836654,short,0.0321428775787353,0.024999976158142,0.0499999523162841
2026-01-06,495,VRSK,-0.1984164537285594,0.9850597609561752,short,0.0147534608840942,0.0237239599227905,0.0207185745239257
2026-01-06,496,AON,-0.1984164537285594,0.9870517928286852,short,0.0058584213256835,0.0016288757324218,-0.0112025737762451
2026-01-06,497,VTR,-0.1984164537285594,0.9890438247011952,short,-0.0080592036247253,-0.000132143497467,0.0162504911422729
2026-01-06,498,VZ,-0.1984164537285594,0.9910358565737052,short,0.0109642744064331,-0.0072265267372131,-0.0074756741523742
2026-01-06,499,WEC,-0.1984164537285594,0.9930278884462151,short,0.0018088817596435,-0.0003808140754699,0.0193259716033935
2026-01-06,500,WELL,-0.1984164537285594,0.9950199203187252,short,0.0035550594329833,0.0055481195449829,0.0164827108383178
2026-01-06,501,ABBV,-0.1984164537285594,0.9970119521912352,short,-0.0397994518280029,-0.0573216080665588,-0.0493959188461303
2026-01-06,502,AAPL,-0.1984164537285594,0.999003984063745,short,-0.0049551725387573,-0.0003072619438171,-0.0014212727546691
2026-01-07,1,LITE,0.1514009183078975,0.0009960159362549,long,0.0090737342834472,0.0375293493270874,-0.0143284201622009
2026-01-07,2,WDC,0.1514009183078975,0.0029880478087649,long,0.0680947303771972,0.1402387619018554,0.1833972930908203
2026-01-07,3,COIN,0.1514009183078975,0.0049800796812749,long,-0.0195854902267456,0.0289100408554077,-0.0256932377815246
2026-01-07,4,ALB,0.1514009183078975,0.0069721115537848,long,0.0188237428665161,0.1173015832901001,0.097719669342041
2026-01-07,5,TER,0.1514009183078975,0.0089641434262948,long,0.0043917894363403,0.0599139928817749,0.0526559352874755
2026-01-07,6,SNDK,0.1442781461911583,0.0109561752988047,long,0.1281460523605346,0.1652119159698486,0.2232916355133056
2026-01-07,7,MRNA,0.1428322019811589,0.0129482071713147,long,0.012994647026062,0.1695214509963989,0.1624335050582885
2026-01-07,8,CIEN,0.1400154948701323,0.0149402390438247,long,0.0237555503845214,0.0941786766052246,0.0825006961822509
2026-01-07,9,SATS,0.1381235306496454,0.0169322709163346,long,0.0260795354843139,0.0580589771270751,0.0564343929290771
2026-01-07,10,APP,0.1304765876896309,0.0189243027888446,long,0.0505894422531127,0.0845052003860473,-0.0154737830162048
2026-01-07,11,NCLH,0.1202992330503587,0.0209163346613545,long,0.0065654516220092,-0.0225687623023986,-0.0615510940551757
2026-01-07,12,CVNA,0.1200780863037074,0.0229083665338645,long,0.0463418960571289,0.0586786270141601,0.0413484573364257
2026-01-07,13,MCHP,0.118632142093708,0.0249003984063745,long,0.0229839086532592,0.0073440074920654,0.0125118494033813
2026-01-07,14,GNRC,0.1175833162196591,0.0268924302788844,long,0.0268163681030273,0.0598831176757812,0.0849519968032836
2026-01-07,15,NEM,0.1158154349826814,0.0288844621513944,long,0.019646406173706,0.0724108219146728,0.0684815645217895
2026-01-07,16,STX,0.1055916739345173,0.0308764940239043,long,0.068689227104187,0.1194150447845459,0.1260238885879516
2026-01-07,17,FCX,0.104397083549095,0.0328685258964143,long,0.0426042079925537,0.0944300889968872,0.1058650016784668
2026-01-07,18,MU,0.1029591981025551,0.0348605577689243,long,0.0552566051483154,0.0339734554290771,0.0293866395950317
2026-01-07,19,HOOD,0.098692790660938,0.0368525896414342,long,-0.001039981842041,0.0420314073562622,-0.0436779856681823
2026-01-07,20,DELL,0.0946343494915071,0.0388446215139442,long,0.0178903341293334,0.0097891092300415,0.0097891092300415
2026-01-07,21,LRCX,0.0937630327137667,0.0408366533864541,long,0.0865843296051025,0.0667794942855835,0.0821555852890014
2026-01-07,22,Q,0.0904970339118587,0.0428286852589641,long,0.0090502500534057,0.0018993616104125,0.0404469966888427
2026-01-07,23,PSKY,0.0809678516993221,0.0448207171314741,long,-0.0171149373054504,-0.0105949640274047,-0.0358598828315734
2026-01-07,24,HPQ,0.0722241816888663,0.046812749003984,long,0.0037400722503662,-0.0144927501678466,-0.036465585231781
2026-01-07,25,AXON,0.0654646500676108,0.048804780876494,long,0.0305230617523193,0.0465431213378906,0.0394955873489379
2026-01-07,26,NOW,0.0647554765845012,0.0507968127490039,long,-0.0300294160842895,-0.05472332239151,-0.1027430295944213
2026-01-07,27,COHR,0.0587891299543418,0.0527888446215139,long,0.028356909751892,0.0974878072738647,0.1317355632781982
2026-01-07,28,LULU,0.0578607921638398,0.0547808764940239,long,-0.0389782190322876,-0.0012725591659545,-0.0337465405464172
2026-01-07,29,DDOG,0.0576739313120208,0.0567729083665338,long,-0.03971529006958,-0.0396387577056884,-0.0751453638076782
2026-01-07,30,SMCI,0.0502438201901624,0.0587649402390438,long,0.0086956024169921,-0.04347825050354,-0.0160534977912902
2026-01-07,473,CASY,-0.1984164537285594,0.9412350597609562,short,0.0126538276672363,0.0311231613159179,0.0869572162628173
2026-01-07,474,BSX,-0.1984164537285594,0.9432270916334662,short,-0.0075218081474304,-0.0430981516838073,-0.0848749876022338
2026-01-07,475,TSN,-0.1984164537285594,0.945219123505976,short,0.0115042924880981,0.0472372770309448,0.0533380508422851
2026-01-07,476,TTWO,-0.1984164537285594,0.947211155378486,short,-0.0066170096397399,-0.0193755626678466,-0.0318567752838134
2026-01-07,477,CL,-0.1984164537285594,0.949203187250996,short,0.0075429677963256,0.025843858718872,0.0429083108901977
2026-01-07,478,TRV,-0.1984164537285594,0.951195219123506,short,-0.007811963558197,-0.0456752181053161,-0.0451826453208923
2026-01-07,479,TDG,-0.1984164537285594,0.953187250996016,short,0.0106502771377563,0.0033104419708251,0.0407428741455078
2026-01-07,480,TAP,-0.1984164537285594,0.955179282868526,short,0.0186243057250976,0.0412698984146118,0.0717459917068481
2026-01-07,481,TEL,-0.1984164537285594,0.957171314741036,short,0.0156558752059936,0.0375827550888061,0.0609130859375
2026-01-07,482,VICI,-0.1984164537285594,0.959163346613546,short,-0.003589391708374,-0.0017947554588317,0.0201004743576049
2026-01-07,483,BR,-0.1984164537285594,0.9611553784860558,short,0.0020186901092529,-0.0076263546943664,-0.0159257054328918
2026-01-07,484,USB,-0.1984164537285594,0.9631474103585658,short,-0.0057626366615295,-0.0266522765159606,-0.0284530520439147
2026-01-07,485,BK,-0.1984164537285594,0.9651394422310756,short,-0.0084131956100463,0.0239900350570678,0.0326530933380126
2026-01-07,486,BRK.B,-0.1984164537285594,0.9671314741035856,short,-0.0013405680656433,-0.0090641379356384,-0.0143065452575683
2026-01-07,487,AVY,-0.1984164537285594,0.9691235059760956,short,0.0127942562103271,0.0091924667358398,0.0164498090744018
2026-01-07,488,ATO,-0.1984164537285594,0.9711155378486056,short,-0.0019150376319885,0.007839560508728,0.0190304517745971
2026-01-07,489,APH,-0.1984164537285594,0.9731075697211156,short,0.0286972522735595,0.0933578014373779,0.1318899393081665
2026-01-07,490,VLTO,-0.1984164537285594,0.9750996015936256,short,0.0097306966781616,0.000294804573059,0.0141537189483642
2026-01-07,491,V,-0.1984164537285594,0.9770916334661356,short,-0.0069841146469116,-0.0691309571266174,-0.0695000886917114
2026-01-07,492,AME,-0.1984164537285594,0.9790836653386454,short,0.0028566122055053,0.0080461502075195,0.0237097740173339
2026-01-07,493,ALL,-0.1984164537285594,0.9810756972111554,short,0.0052582025527954,-0.0637139081954956,-0.0740407705307006
2026-01-07,494,AXP,-0.1984164537285594,0.9830677290836654,short,-0.0192438960075378,-0.0652253627777099,-0.0668703913688659
2026-01-07,495,VRSN,-0.1984164537285594,0.9850597609561752,short,0.0073240995407104,-0.0031967163085937,0.008457064628601
2026-01-07,496,VRSK,-0.1984164537285594,0.9870517928286852,short,0.0090643167495727,-0.0034103989601135,-0.0035898685455322
2026-01-07,497,VZ,-0.1984164537285594,0.9890438247011952,short,-0.0027113556861877,-0.0384520888328552,-0.0298249721527099
2026-01-07,498,VTR,-0.1984164537285594,0.9910358565737052,short,-0.0023974180221557,0.0246403217315673,0.0245071649551391
2026-01-07,499,WAB,-0.1984164537285594,0.9930278884462151,short,0.0089012384414672,0.0226577520370483,0.0273332595825195
2026-01-07,500,WEC,-0.1984164537285594,0.9950199203187252,short,-0.0055117607116699,0.0069371461868286,0.0278437137603759
2026-01-07,501,WELL,-0.1984164537285594,0.9970119521912352,short,-0.0012344717979431,0.0104128122329711,0.0100370645523071
2026-01-07,502,AAPL,-0.1984164537285594,0.999003984063745,short,0.0012738704681396,0.0077593326568603,-0.0032042264938354
2026-01-08,1,WDC,0.1850899371333043,0.0009960159362549,long,0.0582659244537353,0.0725331306457519,0.1050083637237548
2026-01-08,2,ALB,0.1850899371333043,0.0029880478087649,long,0.049848198890686,0.1008123159408569,0.0108500719070434
2026-01-08,3,MU,0.1850899371333043,0.0049800796812749,long,0.0022603273391723,-0.0340200662612915,0.0511751174926757
2026-01-08,4,GNRC,0.1850899371333043,0.0069721115537848,long,0.0250033140182495,0.0489592552185058,0.0528210401535034
2026-01-08,5,LITE,0.1850899371333043,0.0089641434262948,long,-0.0328667163848876,-0.0563428997993469,-0.0773149132728576
2026-01-08,6,COHR,0.1850899371333043,0.0109561752988047,long,0.0399864912033081,0.0339772701263427,0.0728967189788818
2026-01-08,7,SNDK,0.1850899371333043,0.0129482071713147,long,0.0314246416091918,0.0275561809539794,0.0959433317184448
2026-01-08,8,CIEN,0.1850899371333043,0.0149402390438247,long,0.0160478353500366,0.0339174270629882,0.0557771921157836
2026-01-08,9,TER,0.1850899371333043,0.0169322709163346,long,0.032679796218872,0.0595139265060424,0.0501012802124023
2026-01-08,10,LRCX,0.1732473611666685,0.0189243027888446,long,0.0093423128128051,-0.0438267588615417,0.0210661888122558
2026-01-08,11,COIN,0.1727566779376842,0.0209163346613545,long,0.0091369152069091,0.0626298189163208,0.0015366077423095
2026-01-08,12,NCLH,0.1698091198903442,0.0229083665338645,long,-0.007745623588562,-0.0587036609649658,-0.1027313470840454
2026-01-08,13,MRNA,0.1666396280131206,0.0249003984063745,long,-0.0134110450744628,0.1830904483795166,0.2195335626602172
2026-01-08,14,APP,0.1609121552654669,0.0268924302788844,long,0.0168746709823608,-0.0462545156478881,-0.1219044923782348
2026-01-08,15,STX,0.1538702783059436,0.0288844621513944,long,0.0574651956558227,0.0272029638290405,0.0730897188186645
2026-01-08,16,CVNA,0.1396738894925872,0.0308764940239043,long,0.0030878782272338,-0.0096741914749145,-0.0431233644485473
2026-01-08,17,SATS,0.1392972683465691,0.0328685258964143,long,0.0505833625793457,0.0924166440963745,0.0272499322891235
2026-01-08,18,ARE,0.1196463104111552,0.0348605577689243,long,0.0072262287139892,0.0402075052261352,0.0726329088211059
2026-01-08,19,DELL,0.117730908471819,0.0368525896414342,long,-0.0012435913085937,-0.0160006880760192,-0.0007461905479431
2026-01-08,20,HOOD,0.1121754700552379,0.0388446215139442,long,0.0195194482803344,0.0381712913513183,-0.056649625301361
2026-01-08,21,MCHP,0.1104129268548329,0.0408366533864541,long,-0.0243286490440368,-0.0071789622306823,-0.0069131255149841
2026-01-08,22,HPQ,0.0997123511950576,0.0428286852589641,long,-0.0135071873664855,-0.0326035618782043,-0.0512341856956481
2026-01-08,23,GEV,0.0883030160403354,0.0448207171314741,long,0.0277429819107055,0.0348273515701293,0.0948593616485595
2026-01-08,24,AXON,0.0880247466845753,0.046812749003984,long,6.330013275146484e-05,-0.0039101839065551,0.0068862438201904
2026-01-08,25,LEN,0.0816490628199392,0.048804780876494,long,0.0138365030288696,0.0179455280303955,-0.0055346488952636
2026-01-08,26,SMCI,0.0636725237837388,0.0507968127490039,long,-0.0013262033462524,-0.0626657605171203,0.0822280645370483
2026-01-08,27,AMAT,0.0633449585781065,0.0527888446215139,long,0.0201208591461181,0.0023574829101562,0.0857627391815185
2026-01-08,28,VST,0.0530490056826363,0.0547808764940239,long,0.0373264551162719,0.0156278610229492,0.0013824701309204
2026-01-08,29,Q,0.0509185384923759,0.0567729083665338,long,0.0066438913345336,-0.0047613978385925,0.0768464803695678
2026-01-08,30,DDOG,0.0476135066282275,0.0587649402390438,long,0.0086063146591186,-0.0245437622070312,-0.0515578985214233
2026-01-08,473,EXC,-0.2387031872021349,0.9412350597609562,short,-0.0092378258705139,0.0069284439086914,0.0330253839492797
2026-01-08,474,FE,-0.2387031872021349,0.9432270916334662,short,0.0017917156219482,0.0335946083068847,0.0602463483810424
2026-01-08,475,TFC,-0.2387031872021349,0.945219123505976,short,-0.0094823837280273,-0.01560640335083,-0.0124456286430358
2026-01-08,476,APD,-0.2387031872021349,0.947211155378486,short,0.0125890970230102,0.0133854150772094,0.0144470930099487
2026-01-08,477,EVRG,-0.2387031872021349,0.949203187250996,short,0.0074155330657958,0.0335073471069335,0.0497117042541503
2026-01-08,478,EW,-0.2387031872021349,0.951195219123506,short,-0.0249030590057373,-0.0238458514213562,-0.009162425994873
2026-01-08,479,SYK,-0.2387031872021349,0.953187250996016,short,-0.0167873501777648,-0.0221744179725646,-0.0102301836013793
2026-01-08,480,T,-0.2387031872021349,0.955179282868526,short,-0.0104210376739501,-0.0158398747444152,-0.0208420157432556
2026-01-08,481,DTE,-0.2387031872021349,0.957171314741036,short,0.0032334327697753,0.031257152557373,0.0432673692703247
2026-01-08,482,TRV,-0.2387031872021349,0.959163346613546,short,-0.0052134990692138,-0.032699704170227,-0.0444743037223815
2026-01-08,483,AAPL,-0.2387031872021349,0.9611553784860558,short,0.0033928155899047,0.002274751663208,-0.0148050785064697
2026-01-08,484,TRMB,-0.2387031872021349,0.9631474103585658,short,0.002357006072998,-0.0105445981025695,-0.0833643674850463
2026-01-08,485,AXP,-0.2387031872021349,0.9651394422310756,short,-0.0426505804061889,-0.0461914539337158,-0.0288063883781433
2026-01-08,486,TKO,-0.2387031872021349,0.9671314741035856,short,-0.0027050375938415,0.0418273210525512,0.0182337760925292
2026-01-08,487,ETR,-0.2387031872021349,0.9691235059760956,short,-0.0002138018608093,0.0176433324813842,0.0310094356536865
2026-01-08,488,EQIX,-0.2387031872021349,0.9711155378486056,short,-0.0206034779548645,-0.0016617178916931,0.0017868280410766
2026-01-08,489,WAT,-0.2387031872021349,0.9731075697211156,short,-0.0077378749847412,-0.0089476704597473,-0.0236421227455139
2026-01-08,490,TSN,-0.2387031872021349,0.9750996015936256,short,0.0239530801773071,0.0415302515029907,0.0351542234420776
2026-01-08,491,WEC,-0.2387031872021349,0.9770916334661356,short,0.0033444166183471,0.0231246948242187,0.0376492738723754
2026-01-08,492,WELL,-0.2387031872021349,0.9790836653386454,short,0.0032243728637695,0.0141336917877197,0.028482437133789
2026-01-08,493,TYL,-0.2387031872021349,0.9810756972111554,short,-0.0042598843574523,0.0080959796905517,-0.0186452865600585
2026-01-08,494,AFL,-0.2387031872021349,0.9830677290836654,short,-0.0032954812049865,0.008604884147644,0.0024716854095458
2026-01-08,495,WM,-0.2387031872021349,0.9850597609561752,short,-0.0105925202369689,-0.0095967054367065,0.0014485120773315
2026-01-08,496,WFC,-0.2387031872021349,0.9870517928286852,short,-0.0103178620338439,-0.0698280334472656,-0.0788952708244323
2026-01-08,497,WMB,-0.2387031872021349,0.9890438247011952,short,-0.0125994682312011,0.0064655542373657,0.0203912258148193
2026-01-08,498,ALL,-0.2387031872021349,0.9910358565737052,short,-0.0167286992073059,-0.076292335987091,-0.0939164161682128
2026-01-08,499,A,-0.2387031872021349,0.9930278884462151,short,-0.0035685300827026,-0.0175061225891113,-0.0597899556159973
2026-01-08,500,ABT,-0.2387031872021349,0.9950199203187252,short,-0.0101651549339294,-0.0073062181472778,-0.0330368280410766
2026-01-08,501,AME,-0.2387031872021349,0.9970119521912352,short,-0.0041777491569519,0.0022788047790527,0.0237846374511718
2026-01-08,502,AMT,-0.2387031872021349,0.999003984063745,short,0.0179218053817749,0.0532312393188476,0.0893716812133789
2026-01-09,1,WDC,0.1950055420132346,0.0009960159362549,long,0.0087678432464599,0.0469501018524169,0.0510512590408325
2026-01-09,2,ALB,0.1950055420132346,0.0029880478087649,long,0.04458749294281,0.0262800455093383,0.0189570188522338
2026-01-09,3,MU,0.1950055420132346,0.0049800796812749,long,-0.0223783254623413,-0.0267152190208435,0.055309772491455
2026-01-09,4,COHR,0.1950055420132346,0.0069721115537848,long,0.0261907577514648,0.0582137107849121,0.0447133779525756
2026-01-09,5,LITE,0.1950055420132346,0.0089641434262948,long,0.0631418228149414,0.0100038051605224,0.0499013662338256
2026-01-09,6,GNRC,0.1950055420132346,0.0109561752988047,long,0.0070241689682006,0.0308427810668945,0.0348658561706543
2026-01-09,7,CIEN,0.1853939476778979,0.0129482071713147,long,0.0519081354141235,0.04068124294281,0.0296679735183715
2026-01-09,8,SNDK,0.1801702907520803,0.0149402390438247,long,0.0013872385025024,0.0513011217117309,0.1640249490737915
2026-01-09,9,MRNA,0.1770771066509137,0.0169322709163346,long,0.1702127456665039,0.1631206274032592,0.2706855535507202
2026-01-09,10,MCHP,0.1743631229323693,0.0189243027888446,long,0.0092655420303344,0.0144433975219726,-0.0029976963996887
2026-01-09,11,APP,0.1574252689861132,0.0209163346613545,long,0.0151522159576416,-0.0784332156181335,-0.1413952708244323
2026-01-09,12,LRCX,0.1547279062115291,0.0229083665338645,long,-0.0273139476776123,-0.013293981552124,0.0091198682785034
2026-01-09,13,COIN,0.1540667434565918,0.0249003984063745,long,0.0399621725082397,-0.0152275562286376,-0.0627623796463012
2026-01-09,14,AXON,0.1395715273193871,0.0268924302788844,long,0.0154813528060913,0.0086429119110107,-0.0177448391914367
2026-01-09,15,STX,0.1379432925349144,0.0288844621513944,long,-0.0094562768936157,-0.0036083459854125,0.014028787612915
2026-01-09,16,FCX,0.1284348024545822,0.0308764940239043,long,0.0107307434082031,0.0212911367416381,0.0231647491455078
2026-01-09,17,LEN,0.1265178681987028,0.0328685258964143,long,0.0200165510177612,0.0111662149429321,-0.0474772453308105
2026-01-09,18,DELL,0.1134529760510569,0.0348605577689243,long,-0.0067236423492431,-0.0067236423492431,-0.0780277252197265
2026-01-09,19,SATS,0.1066636670739488,0.0368525896414342,long,-0.0184817910194396,-0.0199888944625854,-0.0322836637496948
2026-01-09,20,Q,0.0952151887568305,0.0388446215139442,long,-0.0136399269104003,0.024309754371643,0.0464195013046264
2026-01-09,21,CVNA,0.0859040877411551,0.0408366533864541,long,0.0086755752563476,-0.0078359842300415,-0.047855794429779
2026-01-09,22,HPQ,0.0814729796265291,0.0428286852589641,long,-0.004721462726593,-0.0269121527671813,-0.0651558637619018
2026-01-09,23,NOW,0.0736043472666376,0.0448207171314741,long,-0.0311973690986633,-0.080412209033966,-0.1208636760711669
2026-01-09,24,DDOG,0.064014044910907,0.046812749003984,long,-0.0084538459777832,-0.0451133847236633,-0.075610339641571
2026-01-09,25,EXPE,0.0511268703086585,0.048804780876494,long,0.0289506912231445,0.0094330310821533,-0.0664768815040588
2026-01-09,26,ULTA,0.0503102730911331,0.0507968127490039,long,0.0050793886184692,0.0054875612258911,0.0213608741760253
2026-01-09,27,CSGP,0.0489882427684012,0.0527888446215139,long,0.042495846748352,0.0688027143478393,0.0762226581573486
2026-01-09,28,DASH,0.0487462401974837,0.0547808764940239,long,0.0117745399475097,-0.0221529006958007,-0.0428165793418884
2026-01-09,29,SMCI,0.0479159738212756,0.0567729083665338,long,-0.0504648089408874,-0.0232403874397277,0.0428286790847778
2026-01-09,30,EPAM,0.0469366286102663,0.0587649402390438,long,0.0008025169372558,0.0161458253860473,-0.0252101421356201
2026-01-09,473,AJG,-0.2480461815529309,0.9412350597609562,short,-0.0296027660369873,-0.0328122973442077,-0.0376075506210327
2026-01-09,474,TSN,-0.2480461815529309,0.9432270916334662,short,0.0111074447631835,0.0169976949691772,0.0249074697494506
2026-01-09,475,TTWO,-0.2480461815529309,0.945219123505976,short,-0.0057448148727416,-0.0183994770050048,-0.0333842039108276
2026-01-09,476,TXN,-0.2480461815529309,0.947211155378486,short,-0.0028561353683471,0.0002644062042236,0.002750277519226
2026-01-09,477,UNP,-0.2480461815529309,0.949203187250996,short,-0.0009150505065917,0.0044008493423461,-0.0340304970741272
2026-01-09,478,USB,-0.2480461815529309,0.951195219123506,short,-0.0062511563301086,-0.0080897212028503,-0.0001838207244873
2026-01-09,479,EXC,-0.2480461815529309,0.953187250996016,short,0.0097901821136474,0.0291374921798706,0.0477855205535888
2026-01-09,480,EW,-0.2480461815529309,0.955179282868526,short,0.0099986791610717,0.0178291797637939,0.0054210424423217
2026-01-09,481,EVRG,-0.2480461815529309,0.957171314741036,short,0.0077699422836303,0.0329879522323608,0.0377589464187622
2026-01-09,482,TSCO,-0.2480461815529309,0.959163346613546,short,0.0213100910186767,0.0009865760803222,0.005722165107727
2026-01-09,483,UNH,-0.2480461815529309,0.9611553784860558,short,-0.0193240046501159,-0.0045520663261413,-0.0061085224151611
2026-01-09,484,FAST,-0.2480461815529309,0.9631474103585658,short,0.0172661542892456,0.0438848733901977,0.0220623016357421
2026-01-09,485,FANG,-0.2480461815529309,0.9651394422310756,short,0.0247358083724975,0.0220928192138671,0.007725715637207
2026-01-09,486,F,-0.2480461815529309,0.9671314741035856,short,-0.0035638213157653,-0.0156806111335754,-0.0534569025039672
2026-01-09,487,TJX,-0.2480461815529309,0.9691235059760956,short,0.0066199302673339,-0.0059834718704223,-0.0064927339553833
2026-01-09,488,TRMB,-0.2480461815529309,0.9711155378486056,short,-0.0069307684898376,-0.0275990366935729,-0.138737678527832
2026-01-09,489,TROW,-0.2480461815529309,0.9731075697211156,short,-0.0311680436134338,0.0044927597045898,-0.0295768976211547
2026-01-09,490,TRV,-0.2480461815529309,0.9750996015936256,short,-0.0331205129623413,-0.0326214432716369,-0.0387892723083496
2026-01-09,491,YUM,-0.2480461815529309,0.9770916334661356,short,-0.0035687088966369,0.026319146156311,-0.0237063765525817
2026-01-09,492,ZBH,-0.2480461815529309,0.9790836653386454,short,-0.0340076684951782,-0.0295243263244628,-0.0508474111557006
2026-01-09,493,AIZ,-0.2480461815529309,0.9810756972111554,short,-0.013516366481781,-0.0032741427421569,-0.0230029821395874
2026-01-09,494,AAPL,-0.2480461815529309,0.9830677290836654,short,0.0030739307403564,-0.0078386664390563,-0.0520653128623962
2026-01-09,495,WAB,-0.2480461815529309,0.9850597609561752,short,0.0044153928756713,0.009007453918457,0.0047686100006103
2026-01-09,496,WAT,-0.2480461815529309,0.9870517928286852,short,0.0008890628814697,0.0023115873336791,-0.0249441266059875
2026-01-09,497,ABT,-0.2480461815529309,0.9890438247011952,short,-0.0027278065681457,-0.0089056491851806,-0.0280808806419372
2026-01-09,498,ACGL,-0.2480461815529309,0.9910358565737052,short,-0.0264908075332641,-0.0246675014495849,-0.0154439806938171
2026-01-09,499,WM,-0.2480461815529309,0.9930278884462151,short,-0.0109347701072692,0.0059019327163696,0.0124902725219726
2026-01-09,500,WFC,-0.2480461815529309,0.9950199203187252,short,-0.0147430896759033,-0.0631844997406005,-0.0874052047729492
2026-01-09,501,WELL,-0.2480461815529309,0.9970119521912352,short,0.008410096168518,0.0080351829528808,0.0070710182189941
2026-01-09,502,WEC,-0.2480461815529309,0.999003984063745,short,0.0091428756713867,0.0300952196121215,0.0386666059494018
2026-01-12,1,MRNA,0.1298341407639822,0.0009960159362549,long,0.024747610092163,0.0563132762908935,0.2578283548355102
2026-01-12,2,SATS,0.1298341407639822,0.0029880478087649,long,0.0593987703323364,-0.0037983059883117,-0.0100209712982177
2026-01-12,3,ALB,0.1298341407639822,0.0049800796812749,long,0.003787875175476,-0.0782452225685119,0.0179781913757324
2026-01-12,4,LITE,0.1298341407639822,0.0069721115537848,long,-0.0822240114212036,-0.1026208400726318,0.0030720233917236
2026-01-12,5,TER,0.1298341407639822,0.0089641434262948,long,0.0040127038955688,-0.0049068927764892,0.0114275217056274
2026-01-12,6,CIEN,0.1228376702977499,0.0109561752988047,long,-0.0326271653175354,-0.0121743083000183,-0.0589643716812133
2026-01-12,7,SNDK,0.1209343295232993,0.0129482071713147,long,-0.0051307082176208,0.061081051826477,0.2859854698181152
2026-01-12,8,MU,0.1162371534645366,0.0149402390438247,long,-0.0141365528106689,0.0728121995925903,0.1507703065872192
2026-01-12,9,APP,0.1148882279124453,0.0169322709163346,long,-0.0760809183120727,-0.1493651270866394,-0.2035056948661804
2026-01-12,10,LRCX,0.1148882279124453,0.0189243027888446,long,-0.0260752439498901,0.0400223731994628,0.0653512477874755
2026-01-12,11,NCLH,0.1129032119523578,0.0209163346613545,long,-0.0306465029716491,-0.0759865641593933,-0.1238454580307006
2026-01-12,12,WDC,0.1123058980214643,0.0229083665338645,long,0.004672884941101,0.0350934267044067,0.1303738355636596
2026-01-12,13,FCX,0.1091379667346139,0.0249003984063745,long,0.0170205831527709,-0.0106167793273925,0.020896553993225
2026-01-12,14,STX,0.1081853820730867,0.0268924302788844,long,-0.0193443298339843,0.0244630575180053,0.0809571743011474
2026-01-12,15,GNRC,0.1073373422238537,0.0288844621513944,long,0.0162333250045776,0.0199747085571289,0.0910589694976806
2026-01-12,16,MCHP,0.1012912406129997,0.0308764940239043,long,0.0082354545593261,0.0085054636001586,0.0287564992904663
2026-01-12,17,CNC,0.0918170245613224,0.0328685258964143,long,0.0089597702026367,-0.0002185106277465,-0.0109265446662902
2026-01-12,18,LEN,0.086066763383491,0.0348605577689243,long,-0.0156503319740295,-0.038355529308319,-0.0431398153305053
2026-01-12,19,ON,0.0821855893457175,0.0368525896414342,long,0.0196937322616577,0.0154856443405151,0.0626157522201538
2026-01-12,20,ARE,0.0819850103357554,0.0388446215139442,long,0.0274524688720703,0.0594801902770996,0.069729208946228
2026-01-12,21,COIN,0.0804245545526776,0.0408366533864541,long,0.0125449895858764,-0.0456686615943908,-0.1019431352615356
2026-01-12,22,AMAT,0.0793639175441324,0.0428286852589641,long,-0.0097745656967163,0.0726211071014404,0.0668153762817382
2026-01-12,23,DDOG,0.073721708713319,0.0448207171314741,long,-0.0246214866638183,-0.0516334772109985,-0.0162549614906311
2026-01-12,24,COHR,0.0733565788339204,0.046812749003984,long,-0.0311529636383056,0.0053149461746215,0.0601484775543212
2026-01-12,25,CVNA,0.059113558599085,0.048804780876494,long,-0.0212143659591674,-0.054273784160614,-0.0288763046264648
2026-01-12,26,Q,0.0566723676377728,0.0507968127490039,long,0.002341866493225,0.0845321416854858,0.1453105211257934
2026-01-12,27,DASH,0.0524107127597264,0.0527888446215139,long,-0.0196411609649658,-0.0555657148361206,-0.0502299666404724
2026-01-12,28,DG,0.0496775761582087,0.0547808764940239,long,-0.0019834637641906,-0.0165950059890747,-0.0270413160324096
2026-01-12,29,CRL,0.0460604496309244,0.0567729083665338,long,-0.0118727087974548,0.0032421350479125,0.0355267524719238
2026-01-12,30,ORCL,0.0451806275661505,0.0587649402390438,long,-0.0429086685180664,-0.055366039276123,-0.14044189453125
2026-01-12,473,AMT,-0.1595307732426847,0.9412350597609562,short,0.02023446559906,0.0552425384521484,0.0242009162902832
2026-01-12,474,AMZN,-0.1595307732426847,0.9432270916334662,short,-0.0245260000228881,-0.0143446326255798,-0.0465375185012817
2026-01-12,475,AON,-0.1595307732426847,0.945219123505976,short,0.0040918588638305,-0.0021184682846069,-0.0343306064605712
2026-01-12,476,APA,-0.1595307732426847,0.947211155378486,short,0.037713885307312,0.0023329257965087,0.0318818092346191
2026-01-12,477,APD,-0.1595307732426847,0.949203187250996,short,0.0040198564529418,0.0050717592239379,-0.0115335583686828
2026-01-12,478,VRSN,-0.1595307732426847,0.951195219123506,short,0.0120564699172973,0.0127060413360595,0.0261021852493286
2026-01-12,479,VRTX,-0.1595307732426847,0.953187250996016,short,-0.0113049149513244,-0.029274046421051,0.0142301321029663
2026-01-12,480,UNP,-0.1595307732426847,0.955179282868526,short,-0.0093767642974853,0.000872254371643,0.0004361867904663
2026-01-12,481,WYNN,-0.1595307732426847,0.957171314741036,short,0.0041236877441406,-0.0177835226058959,-0.0195017457008361
2026-01-12,482,XEL,-0.1595307732426847,0.959163346613546,short,0.0168133974075317,0.0089404582977294,0.0209500789642334
2026-01-12,483,XOM,-0.1595307732426847,0.9611553784860558,short,0.0289236307144165,0.0264738798141479,0.0558716058731079
2026-01-12,484,XYL,-0.1595307732426847,0.9631474103585658,short,-0.000142753124237,0.0429662466049194,0.0117764472961425
2026-01-12,485,YUM,-0.1595307732426847,0.9651394422310756,short,0.0049245357513427,0.024942398071289,-0.0124711990356445
2026-01-12,486,UDR,-0.1595307732426847,0.9671314741035856,short,0.0166066884994506,0.0417934656143188,0.04262375831604
2026-01-12,487,GPC,-0.1595307732426847,0.9691235059760956,short,0.0138667821884155,0.0376601219177246,0.0323559045791626
2026-01-12,488,GPN,-0.1595307732426847,0.9711155378486056,short,0.0001291036605834,-0.0473731756210327,-0.0531818866729736
2026-01-12,489,GS,-0.1595307732426847,0.9731075697211156,short,-0.005841314792633,0.0254223346710205,0.0158396959304809
2026-01-12,490,GWW,-0.1595307732426847,0.9750996015936256,short,0.0108935832977294,0.0257413387298584,0.0160090923309326
2026-01-12,491,ABBV,-0.1595307732426847,0.9770916334661356,short,0.0051642656326293,-0.0289920568466186,-0.0208380818367004
2026-01-12,492,WM,-0.1595307732426847,0.9790836653386454,short,0.012073278427124,0.0233601331710815,0.0476918220520019
2026-01-12,493,WFC,-0.1595307732426847,0.9810756972111554,short,-0.0460666418075561,-0.0553655624389648,-0.0795211195945739
2026-01-12,494,WELL,-0.1595307732426847,0.9830677290836654,short,0.0024435520172119,0.0166268348693847,-0.0119521617889404
2026-01-12,495,WEC,-0.1595307732426847,0.9850597609561752,short,0.0104756355285644,0.0248206853866577,0.0335975885391235
2026-01-12,496,WAB,-0.1595307732426847,0.9870517928286852,short,-0.0031211376190185,0.0093195438385009,0.0242658853530883
2026-01-12,497,VTR,-0.1595307732426847,0.9890438247011952,short,-0.0001299977302551,0.0197582244873046,0.0110490322113037
2026-01-12,498,WRB,-0.1595307732426847,0.9910358565737052,short,0.0173529386520385,-0.0017647743225097,-0.0067647099494934
2026-01-12,499,AME,-0.1595307732426847,0.9930278884462151,short,-0.0028810501098632,0.0185141563415527,0.0410428047180175
2026-01-12,500,AMGN,-0.1595307732426847,0.9950199203187252,short,0.0144002437591552,0.0188406705856323,0.0595128536224365
2026-01-12,501,ADM,-0.1595307732426847,0.9970119521912352,short,0.0192489624023437,0.0284000635147094,0.0681602954864502
2026-01-12,502,ABNB,-0.1595307732426847,0.999003984063745,short,-0.0519741177558898,-0.0671806931495666,-0.0462626814842224
2026-01-13,1,WDC,0.1298341407639822,0.0009960159362549,long,0.0330232381820678,0.0370697975158691,0.1315813064575195
2026-01-13,2,SNDK,0.1298341407639822,0.0029880478087649,long,0.0552589893341064,0.1684072017669677,0.298161506652832
2026-01-13,3,SATS,0.1298341407639822,0.0049800796812749,long,-0.0575177073478698,-0.0693416595458984,-0.0238385796546936
2026-01-13,4,LITE,0.1298341407639822,0.0069721115537848,long,0.035130500793457,0.0760207176208496,0.0689644813537597
2026-01-13,5,MU,0.1298341407639822,0.0089641434262948,long,0.0098395347595214,0.0949451923370361,0.1926803588867187
2026-01-13,6,GNRC,0.1298341407639822,0.0109561752988047,long,0.0073006153106689,0.011231780052185,0.0940971374511718
2026-01-13,7,AXON,0.1202282425710171,0.0129482071713147,long,0.0126665830612182,-0.0138265490531921,-0.0348526835441589
2026-01-13,8,ALB,0.1162371534645366,0.0149402390438247,long,-0.0212334990501403,-0.0282174348831176,0.0606590509414672
2026-01-13,9,CIEN,0.1148882279124453,0.0169322709163346,long,0.0226948261260986,0.0118718147277832,-0.0350281596183776
2026-01-13,10,MRNA,0.1148882279124453,0.0189243027888446,long,-0.0300641059875488,0.0596352815628051,0.2782157659530639
2026-01-13,11,STX,0.1148882279124453,0.0209163346613545,long,0.0257461071014404,0.0439028739929199,0.1096771955490112
2026-01-13,12,LRCX,0.1148882279124453,0.0229083665338645,long,0.0415729284286499,0.0652331113815307,0.0570429563522338
2026-01-13,13,APP,0.1099512473457544,0.0249003984063745,long,-0.0174340009689331,-0.0845635533332824,-0.1551088094711303
2026-01-13,14,TER,0.1073373422238537,0.0268924302788844,long,-0.0108171701431274,-0.0269777178764343,-0.0045614838600158
2026-01-13,15,SNPS,0.1011889116068544,0.0288844621513944,long,0.0056397914886474,0.0111410617828369,0.0081727504730224
2026-01-13,16,FCX,0.0955409794351683,0.0308764940239043,long,-0.006462275981903,-0.0046395659446716,-0.0248550176620483
2026-01-13,17,AMAT,0.0955409794351683,0.0328685258964143,long,0.0569411516189575,0.0541256666183471,0.0559641122817993
2026-01-13,18,ON,0.0851141787219638,0.0348605577689243,long,-0.0049521923065185,-0.0085837244987487,0.041102647781372
2026-01-13,19,COHR,0.0819850103357554,0.0368525896414342,long,0.0643637180328369,0.050784945487976,0.1010808944702148
2026-01-13,20,DDOG,0.0804245545526776,0.0388446215139442,long,-0.0126624107360839,-0.0441957712173461,0.0722162723541259
2026-01-13,21,HPQ,0.078739776612744,0.0408366533864541,long,-0.007703423500061,-0.0467020273208618,-0.0452576279640197
2026-01-13,22,CCL,0.0653256811692106,0.0428286852589641,long,-0.0245195627212524,-0.0715705752372741,-0.0559973716735839
2026-01-13,23,Q,0.0650893725601501,0.0448207171314741,long,0.0360481739044189,0.0584112405776977,0.0987985134124755
2026-01-13,24,NCLH,0.0622437737603557,0.046812749003984,long,-0.0095279216766357,-0.1177998781204223,-0.0983109474182128
2026-01-13,25,CVNA,0.059113558599085,0.048804780876494,long,0.0049498081207275,-0.0355857610702514,0.043261170387268
2026-01-13,26,DG,0.059113558599085,0.0507968127490039,long,0.0051672458648681,-0.0286186933517456,-0.0420668721199035
2026-01-13,27,COIN,0.0536279081593982,0.0527888446215139,long,-0.0648010969161987,-0.1099429726600647,-0.1278824210166931
2026-01-13,28,ORCL,0.0524107127597264,0.0547808764940239,long,-0.0194204449653625,-0.0707091689109802,-0.0796963572502136
2026-01-13,29,LUV,0.0508502569766486,0.0567729083665338,long,0.0129259824752807,-0.0039952397346496,-0.002585232257843
2026-01-13,30,SMCI,0.0469250623200396,0.0587649402390438,long,0.0406790971755981,0.1110718250274658,0.1478599309921264
2026-01-13,473,TSCO,-0.1595307732426847,0.9412350597609562,short,-0.0084050297737121,-0.0037137866020202,0.0437842607498168
2026-01-13,474,HAS,-0.1595307732426847,0.9432270916334662,short,0.0172090530395507,-0.0033950209617614,0.0389838218688964
2026-01-13,475,GWW,-0.1595307732426847,0.945219123505976,short,0.0095419883728027,-0.0180394053459167,0.012703537940979
2026-01-13,476,GS,-0.1595307732426847,0.947211155378486,short,0.0463079214096069,0.011472463607788,0.0235668420791625
2026-01-13,477,ITW,-0.1595307732426847,0.949203187250996,short,0.0115879774093627,-0.0171502232551574,0.0030900239944458
2026-01-13,478,IFF,-0.1595307732426847,0.951195219123506,short,0.0092619657516479,0.0096893310546875,0.0282132625579834
2026-01-13,479,IEX,-0.1595307732426847,0.953187250996016,short,0.0249817371368408,0.0144852399826049,0.0383121967315673
2026-01-13,480,ICE,-0.1595307732426847,0.955179282868526,short,0.0019659996032714,-0.0115069150924682,0.0081530809402465
2026-01-13,481,HWM,-0.1595307732426847,0.957171314741036,short,0.0182065963745117,0.0004994869232177,-0.0115777850151062
2026-01-13,482,HUM,-0.1595307732426847,0.959163346613546,short,0.0357846021652221,-0.0223973393440246,-0.028635025024414
2026-01-13,483,HUBB,-0.1595307732426847,0.9611553784860558,short,0.0169095993041992,-0.0073940157890319,0.0168045759201049
2026-01-13,484,HST,-0.1595307732426847,0.9631474103585658,short,0.013721227645874,0.0010976791381835,0.0323820114135742
2026-01-13,485,HSIC,-0.1595307732426847,0.9651394422310756,short,0.0238656997680664,0.0192761421203613,0.0289797782897949
2026-01-13,486,HON,-0.1595307732426847,0.9671314741035856,short,0.0092940330505371,0.0095287561416625,0.0445926189422607
2026-01-13,487,YUM,-0.1595307732426847,0.9691235059760956,short,0.0249475240707397,-0.0250111818313598,-0.0229110121726989
2026-01-13,488,XYL,-0.1595307732426847,0.9711155378486056,short,0.0336925983428955,-0.0090655088424682,0.020129919052124
2026-01-13,489,ABT,-0.1595307732426847,0.9731075697211156,short,-0.0117599964141845,-0.0308800339698791,-0.131119966506958
2026-01-13,490,ABBV,-0.1595307732426847,0.9750996015936256,short,-0.0231646299362182,-0.0353779196739196,-0.0170354843139648
2026-01-13,491,WELL,-0.1595307732426847,0.9770916334661356,short,-0.0028086304664611,-0.0037624239921569,-0.0357691645622253
2026-01-13,492,WEC,-0.1595307732426847,0.9790836653386454,short,0.0101802349090576,0.0185859203338623,0.0212944746017456
2026-01-13,493,WAB,-0.1595307732426847,0.9810756972111554,short,0.0077170133590698,0.0034836530685424,0.0305595397949218
2026-01-13,494,VTR,-0.1595307732426847,0.9830677290836654,short,0.0,0.0163806676864624,-0.0044201016426086
2026-01-13,495,VRTX,-0.1595307732426847,0.9850597609561752,short,-0.0236024260520935,-0.016572892665863,0.0396413803100585
2026-01-13,496,VRSN,-0.1595307732426847,0.9870517928286852,short,-0.0003609657287597,-0.004773199558258,0.0087842941284179
2026-01-13,497,VRSK,-0.1595307732426847,0.9890438247011952,short,-0.009412944316864,-0.0252944231033325,-0.0252498388290405
2026-01-13,498,AOS,-0.1595307732426847,0.9910358565737052,short,0.011379599571228,-0.0087103247642517,0.0268332958221435
2026-01-13,499,AON,-0.1595307732426847,0.9930278884462151,short,-0.0033525824546813,-0.0187861323356628,-0.0290173888206481
2026-01-13,500,AME,-0.1595307732426847,0.9950199203187252,short,0.0184729099273681,0.0095680952072143,0.0511558055877685
2026-01-13,501,AMCR,-0.1595307732426847,0.9970119521912352,short,0.001360535621643,-0.0664399266242981,-0.0301586985588073
2026-01-13,502,ALLE,-0.1595307732426847,0.999003984063745,short,0.0115704536437988,0.0086004734039306,0.0327930450439453
2026-01-14,1,MU,0.1298341407639822,0.0009940357852882,long,0.0775926113128662,0.1558980941772461,0.1872084140777588
2026-01-14,2,LITE,0.1298341407639822,0.0029821073558648,long,-0.055408239364624,0.0558452606201171,-0.011885643005371
2026-01-14,3,AXON,0.1298341407639822,0.0049701789264413,long,-0.0018048286437988,-0.0422793626785278,-0.0377438068389892
2026-01-14,4,MRNA,0.1298341407639822,0.0069582504970178,long,0.0627541542053222,0.2654980421066284,0.2375507354736328
2026-01-14,5,ARE,0.1298341407639822,0.0089463220675944,long,0.0110024213790893,0.020782470703125,0.0424380302429199
2026-01-14,6,ALB,0.1298341407639822,0.0109343936381709,long,-0.061802327632904,0.036137580871582,0.0905166864395141
2026-01-14,7,TER,0.1298341407639822,0.0129224652087475,long,0.0019543170928955,0.0184013843536376,0.0064997673034667
2026-01-14,8,SNDK,0.1298341407639822,0.014910536779324,long,0.0107027292251586,0.2249292135238647,0.1578291654586792
2026-01-14,9,WDC,0.1298341407639822,0.0168986083499005,long,-0.0026565194129943,0.089148998260498,0.0643403530120849
2026-01-14,10,SATS,0.1231312949246236,0.0188866799204771,long,-0.0022663474082946,-0.0084986090660095,0.0238769054412841
2026-01-14,11,GNRC,0.1148882279124453,0.0208747514910536,long,-0.0035927891731262,0.0658490657806396,0.0717339515686035
2026-01-14,12,STX,0.1148882279124453,0.0228628230616302,long,0.0184502601623535,0.0746128559112548,0.080482006072998
2026-01-14,13,NEM,0.1148882279124453,0.0248508946322067,long,-0.0007879734039306,0.0411523580551147,0.0884336233139038
2026-01-14,14,CIEN,0.1148882279124453,0.0268389662027833,long,-0.0015176534652709,-0.0488125085830688,-0.0600926876068115
2026-01-14,15,NOW,0.1145198509985047,0.0288270377733598,long,-0.0294274687767028,-0.0447510480880737,0.0147899389266967
2026-01-14,16,APP,0.1129032119523578,0.0308151093439363,long,-0.0629828572273254,-0.122621476650238,-0.1360483765602111
2026-01-14,17,DDOG,0.0981787979744114,0.0328031809145129,long,-0.015224277973175,0.0215125083923339,0.0767003297805786
2026-01-14,18,FCX,0.0955409794351683,0.0347912524850894,long,-0.0208472609519958,0.0103402137756347,0.0075050592422485
2026-01-14,19,ON,0.0895370387436921,0.036779324055666,long,0.0008294582366943,0.0472793579101562,0.0282016992568969
2026-01-14,20,NCLH,0.0804245545526776,0.0387673956262425,long,-0.0376038551330566,-0.0874508023262023,-0.0848273038864135
2026-01-14,21,COHR,0.0752821644963968,0.040755467196819,long,-0.025107204914093,0.0280669927597045,0.0050009489059448
2026-01-14,22,Q,0.072089485718679,0.0427435387673956,long,0.0443513393402099,0.1028779745101928,0.0321091413497924
2026-01-14,23,CVNA,0.0676019659166908,0.0447316103379721,long,-0.0385349988937377,-0.0127148628234863,0.0269701480865478
2026-01-14,24,SWKS,0.0583368716997837,0.0467196819085487,long,-0.0118029117584228,0.0015394687652587,0.0085529088973999
2026-01-14,25,IRM,0.0558013926090992,0.0487077534791252,long,0.0351786613464355,0.0123016834259033,0.0099276304244995
2026-01-14,26,DG,0.0540049786172452,0.0506958250497017,long,-0.0197060108184814,-0.030119240283966,-0.0317010283470153
2026-01-14,27,HPQ,0.053868715881941,0.0526838966202783,long,-0.0116448402404785,-0.0524017214775085,-0.0572537779808044
2026-01-14,28,COIN,0.0536279081593982,0.0546719681908548,long,0.0078151226043701,-0.0516132116317749,-0.0933216214179992
2026-01-14,29,SMCI,0.0536279081593982,0.0566600397614314,long,0.1094493865966796,0.0958532094955444,0.0774983167648315
2026-01-14,30,DELL,0.0524107127597264,0.0586481113320079,long,0.0072705745697021,-0.0534848570823669,-0.0353502035140991
2026-01-14,474,TTWO,-0.1595307732426847,0.941351888667992,short,-0.0171891450881958,-0.0250061154365539,0.0056887865066528
2026-01-14,475,AWK,-0.1595307732426847,0.9433399602385686,short,-7.50422477722168e-05,-0.0176978111267089,-0.0272966027259826
2026-01-14,476,AXP,-0.1595307732426847,0.9453280318091452,short,0.0207628011703491,0.00626802444458,0.0120882987976074
2026-01-14,477,TXT,-0.1595307732426847,0.9473161033797216,short,0.007161259651184,0.0294997692108154,0.0153912305831909
2026-01-14,478,UDR,-0.1595307732426847,0.9493041749502982,short,0.0151023864746093,0.0159114599227905,0.0172599554061889
2026-01-14,479,AVY,-0.1595307732426847,0.9512922465208749,short,-0.002274215221405,-0.0169769525527954,-0.0087265372276306
2026-01-14,480,UNH,-0.1595307732426847,0.9532803180914512,short,-0.0234246253967285,0.0259323120117187,0.0510385036468505
2026-01-14,481,UNP,-0.1595307732426847,0.955268389662028,short,-0.0044249296188354,-0.0048587918281555,-0.003730833530426
2026-01-14,482,USB,-0.1595307732426847,0.9572564612326044,short,0.0083410739898681,0.0281742811203002,0.0281742811203002
2026-01-14,483,UPS,-0.1595307732426847,0.9592445328031808,short,-0.0157429575920104,-0.001288890838623,-0.0058920979499816
2026-01-14,484,V,-0.1595307732426847,0.9612326043737576,short,0.0016781091690063,-0.007536232471466,-0.0047902464866638
2026-01-14,485,VICI,-0.1595307732426847,0.963220675944334,short,0.0197044610977172,-0.0017592906951904,0.0042223930358886
2026-01-14,486,VLTO,-0.1595307732426847,0.9652087475149106,short,-0.0049428343772888,-0.0123085379600524,-0.0181236863136291
2026-01-14,487,AMCR,-0.1595307732426847,0.967196819085487,short,-0.0729166865348815,-0.0398550629615783,0.00271737575531
2026-01-14,488,AME,-0.1595307732426847,0.9691848906560636,short,0.0029299259185791,0.0251139402389526,0.0266021490097045
2026-01-14,489,AMGN,-0.1595307732426847,0.9711729622266402,short,0.0011514425277709,0.0411175489425659,0.0446020364761352
2026-01-14,490,AMZN,-0.1595307732426847,0.9731610337972167,short,0.0039466619491577,-0.0288437008857727,0.0041146278381347
2026-01-14,491,AON,-0.1595307732426847,0.9751491053677932,short,-0.0028419494628906,-0.035030722618103,-0.0178343653678894
2026-01-14,492,AOS,-0.1595307732426847,0.9771371769383698,short,0.0068066120147705,0.0034726858139038,0.0065287351608276
2026-01-14,493,APD,-0.1595307732426847,0.9791252485089464,short,0.0058274269104003,-0.0107904076576232,-0.0174073576927185
2026-01-14,494,VRSK,-0.1595307732426847,0.9811133200795228,short,-0.0073857307434082,-0.0245890617370605,-0.0180590152740478
2026-01-14,495,VRSN,-0.1595307732426847,0.9831013916500994,short,0.0010031461715698,0.0142444372177124,0.0055372714996337
2026-01-14,496,VRTX,-0.1595307732426847,0.985089463220676,short,0.0055590867996215,0.0506242513656616,0.0671876668930053
2026-01-14,497,VTR,-0.1595307732426847,0.9870775347912524,short,0.0198907852172851,0.0111804008483886,0.0009100437164306
2026-01-14,498,WAB,-0.1595307732426847,0.989065606361829,short,0.0047260522842407,0.0196044445037841,0.0069577693939208
2026-01-14,499,WAT,-0.1595307732426847,0.9910536779324056,short,-0.0182974934577941,0.0053726434707641,-0.0057781338691711
2026-01-14,500,WEC,-0.1595307732426847,0.993041749502982,short,0.003975510597229,0.0125739574432373,0.0086908340454101
2026-01-14,501,WELL,-0.1595307732426847,0.9950298210735586,short,0.0170050859451293,-0.0115846395492553,-0.0239132642745971
2026-01-14,502,AAPL,-0.1595307732426847,0.9970178926441352,short,-0.010379135608673,-0.0408969521522522,-0.039386510848999
2026-01-14,503,A,-0.1595307732426847,0.9990059642147118,short,-0.0358351469039917,-0.0349375009536743,-0.0675274133682251
2026-01-15,1,ALB,0.6810683455171107,0.0009940357852882,long,0.0582679510116577,0.1550540924072265,0.1638249158859253
2026-01-15,2,LITE,0.6193720378644594,0.0029821073558648,long,0.1004779338836669,0.0932613611221313,0.0252891778945922
2026-01-15,3,SNDK,0.5858930250361011,0.0049701789264413,long,0.0954983234405517,0.2171558141708374,0.1382428407669067
2026-01-15,4,SATS,0.5623133022892112,0.0069582504970178,long,-0.0103025436401367,0.0380871295928955,-0.0287985205650329
2026-01-15,5,WDC,0.5164258317194693,0.0089463220675944,long,0.0065912008285522,0.0983251333236694,0.0873098373413086
2026-01-15,6,MU,0.4665222915890473,0.0109343936381709,long,0.0062025785446166,0.096016526222229,0.072611927986145
2026-01-15,7,MRNA,0.430473068862987,0.0129224652087475,long,0.0279703140258789,0.2400190830230713,0.147262692451477
2026-01-15,8,TER,0.3330692150152906,0.014910536779324,long,-0.0182559490203857,0.0043612718582153,0.0158013105392456
2026-01-15,9,FCX,0.3299226941086307,0.0168986083499005,long,0.0231647491455078,0.0023845434188842,0.0419008731842041
2026-01-15,10,HII,0.313330310523604,0.0188866799204771,long,-0.0242310762405395,-0.0041323900222778,-0.0289739370346069
2026-01-15,11,APP,0.3126472201167691,0.0208747514910536,long,-0.0056965947151184,-0.082319438457489,-0.0585836172103881
2026-01-15,12,LRCX,0.3105372480208757,0.0228628230616302,long,-0.0024667978286743,-0.0101363658905029,-0.0004037022590637
2026-01-15,13,ARE,0.2889931242601807,0.0248508946322067,long,-0.0063914060592651,0.0034548044204711,-0.0126101374626159
2026-01-15,14,SMCI,0.257355726063776,0.0268389662027833,long,-0.0376837849617004,-0.0058210492134094,-0.056372582912445
2026-01-15,15,CIEN,0.2503312740952833,0.0288270377733598,long,-0.0090789198875427,-0.0550078153610229,-0.0459699630737304
2026-01-15,16,STX,0.2408042243868713,0.0308151093439363,long,-0.0007357597351074,0.0622259378433227,0.0982742309570312
2026-01-15,17,COHR,0.235348032038538,0.0328031809145129,long,0.0126675367355346,0.0611391067504882,0.0351759195327758
2026-01-15,18,COIN,0.228343608168928,0.0347912524850894,long,-0.055649995803833,-0.0746837854385376,-0.1147418618202209
2026-01-15,19,INTC,0.2212756958647601,0.036779324055666,long,0.0340715646743774,0.1567291021347046,-0.0951873660087585
2026-01-15,20,CVNA,0.2158241558969371,0.0387673956262425,long,-0.0018730759620666,0.0797301530838012,0.0690332651138305
2026-01-15,21,NCLH,0.2002855668325893,0.040755467196819,long,-0.0745115280151367,-0.0540663599967956,-0.0554293394088745
2026-01-15,22,AMAT,0.1954708868467241,0.0427435387673956,long,-0.0268493294715881,-0.0251521468162536,-0.0230880379676818
2026-01-15,23,NOW,0.1774315227588557,0.0447316103379721,long,-0.0150027275085449,0.0098185539245605,0.0709291696548461
2026-01-15,24,CNC,0.1559454582380429,0.0467196819085487,long,0.0002185106277465,-0.0072131752967834,0.0115846395492553
2026-01-15,25,PSKY,0.1400738716117855,0.0487077534791252,long,-0.0211864113807678,-0.0016949772834777,0.0076271295547485
2026-01-15,26,DDOG,0.125334343524455,0.0506958250497017,long,-0.0169718861579895,0.1027559041976928,0.1480423212051391
2026-01-15,27,DOW,0.109249902604314,0.0526838966202783,long,-0.0359085798263549,0.0275661945343017,0.0221254825592041
2026-01-15,28,KLAC,0.1066022544786999,0.0546719681908548,long,-0.0520722270011901,-0.0432574748992919,-0.0158117413520813
2026-01-15,29,SNPS,0.0900582647153448,0.0566600397614314,long,-0.0103425979614257,-0.0132478475570678,-0.0257596969604492
2026-01-15,30,SWKS,0.0740423374820034,0.0586481113320079,long,-0.0062316060066223,0.0328890085220336,0.0344469547271728
2026-01-15,474,WTW,-0.6968274822310846,0.941351888667992,short,-0.0231322646141052,-0.0210679769515991,-0.0224947929382324
2026-01-15,475,ROL,-0.6968274822310846,0.9433399602385686,short,0.0060577392578125,0.0094053745269775,0.008448839187622
2026-01-15,476,TJX,-0.6968274822310846,0.9453280318091452,short,-0.0082603096961975,-0.0251620411872863,-0.046384572982788
2026-01-15,477,PNC,-0.6974830486326282,0.9473161033797216,short,-0.0099470615386962,-0.0052871704101562,-0.0108880400657653
2026-01-15,478,PH,-0.6974830486326282,0.9493041749502982,short,-0.0156523585319519,-0.0052950978279113,-0.0118822455406188
2026-01-15,479,ITW,-0.6974830486326282,0.9512922465208749,short,-0.0342354178428649,-0.014346957206726,-0.0163965821266174
2026-01-15,480,AIZ,-0.6974830486326282,0.9532803180914512,short,-0.00534188747406,0.0146154165267944,-0.0005555748939514
2026-01-15,481,SCHW,-0.6974830486326282,0.955268389662028,short,-0.0272587537765502,0.0022153854370117,-0.0084761977195739
2026-01-15,482,VTR,-0.697525518425742,0.9572564612326044,short,-0.0034416317939758,-0.0238367915153503,-0.0276609063148498
2026-01-15,483,A,-0.697525518425742,0.9592445328031808,short,-0.0272844433784484,-0.0072328448295593,-0.0285735130310058
2026-01-15,484,AFL,-0.697525518425742,0.9612326043737576,short,-0.0022829174995422,-0.011049211025238,-0.0052049756050109
2026-01-15,485,AEP,-0.697525518425742,0.963220675944334,short,-0.0061687231063842,-0.0231744050979614,-0.0161720514297485
2026-01-15,486,WMB,-0.697525518425742,0.9652087475149106,short,-0.000649869441986,0.0352559089660644,0.0445166826248168
2026-01-15,487,XEL,-0.697525518425742,0.967196819085487,short,0.0079354047775268,0.0033063888549804,0.0015871524810791
2026-01-15,488,GEN,-0.697525518425742,0.9691848906560636,short,-0.0367816686630249,-0.0337164998054504,-0.0180076956748962
2026-01-15,489,NWS,-0.697525518425742,0.9711729622266402,short,-0.0066028833389282,0.0217893123626709,0.0237702131271362
2026-01-15,490,AON,-0.697525518425742,0.9731610337972167,short,-0.0126795172691345,-0.0229744315147399,-0.0145117044448852
2026-01-15,491,L,-0.697525518425742,0.9751491053677932,short,-0.0018537640571594,-0.000878095626831,0.0018538236618041
2026-01-15,492,LNT,-0.697525518425742,0.9771371769383698,short,-0.0008909702301025,-0.0069794058799743,-0.0049003958702087
2026-01-15,493,KDP,-0.697525518425742,0.9791252485089464,short,0.0197008848190307,0.0051076412200927,0.0105800628662109
2026-01-15,494,REG,-0.697525518425742,0.9811133200795228,short,-0.0131524205207824,-0.008535087108612,-0.0026584863662719
2026-01-15,495,BRO,-0.697525518425742,0.9831013916500994,short,-0.0112485885620117,-0.0173728466033935,-0.0048744082450866
2026-01-15,496,DPZ,-0.697525518425742,0.985089463220676,short,-0.0315778851509094,0.0126161575317382,0.0340511798858642
2026-01-15,497,ESS,-0.697525518425742,0.9870775347912524,short,-0.0078212022781372,-0.0205985903739929,-0.0206760168075561
2026-01-15,498,NEE,-0.6988934407158047,0.989065606361829,short,-0.0014348626136779,0.0172187089920043,0.0220017433166503
2026-01-15,499,BRK.B,-0.6988934407158047,0.9910536779324056,short,-0.0160149335861206,-0.0178394317626953,-0.0199071764945983
2026-01-15,500,CFG,-0.6988934407158047,0.993041749502982,short,-0.016606330871582,0.0563958883285522,0.0279513597488403
2026-01-15,501,MPC,-0.6988934407158047,0.9950298210735586,short,-0.004270315170288,0.0007401704788208,-0.0175938606262207
2026-01-15,502,AOS,-0.6988934407158047,0.9970178926441352,short,-0.0264901518821716,0.0084160566329956,-0.0201435685157775
2026-01-15,503,GWW,-0.6988934407158047,0.9990059642147118,short,-0.0322535037994384,-0.0019555687904357,-0.0175443291664123
2026-01-16,1,SATS,0.2124194669977472,0.0009940357852882,long,0.0040984153747558,0.0368852615356445,0.0312294960021972
2026-01-16,2,APP,0.2124194669977472,0.0029821073558648,long,-0.0582826733589172,-0.0726942420005798,-0.0388315320014953
2026-01-16,3,WDC,0.2124194669977472,0.0049701789264413,long,0.0848993062973022,0.0601874589920043,0.1331568956375122
2026-01-16,4,SNDK,0.2124194669977472,0.0069582504970178,long,0.1063073873519897,0.0457053184509277,0.0624779462814331
2026-01-16,5,MRNA,0.2053578133018214,0.0089463220675944,long,0.158372163772583,0.1327906847000122,0.0569767951965332
2026-01-16,6,MU,0.2053578133018214,0.0109343936381709,long,0.0660547018051147,0.0949314832687377,0.1239452362060546
2026-01-16,7,LITE,0.2053377795456683,0.0129224652087475,long,0.0157217979431152,-0.0494352579116821,0.0387580394744873
2026-01-16,8,LRCX,0.1870347722108727,0.014910536779324,long,0.02688729763031,-0.0200980305671691,0.0721640586853027
2026-01-16,9,NEM,0.1799731185149469,0.0168986083499005,long,-0.0002522468566894,0.0451487302780151,0.0677652359008789
2026-01-16,10,ALB,0.1585667426817149,0.0188866799204771,long,0.0435841083526611,0.0983539819717407,0.1254202127456665
2026-01-16,11,AMAT,0.1504697909066596,0.0208747514910536,long,0.0220279693603515,0.0130409002304077,0.0455015897750854
2026-01-16,12,DDOG,0.146102632094275,0.0228628230616302,long,0.0552136898040771,0.1122223138809204,0.1812821626663208
2026-01-16,13,IRM,0.139630553000684,0.0248508946322067,long,0.015809416770935,0.0134271383285522,-0.006821870803833
2026-01-16,14,STX,0.1296963253241963,0.0268389662027833,long,0.0559220314025878,0.061689019203186,0.140403151512146
2026-01-16,15,DG,0.1238743128875143,0.0288270377733598,long,0.0036145448684692,0.0019776821136474,0.0070245265960693
2026-01-16,16,INTC,0.1220197372489849,0.0308151093439363,long,0.1171746253967285,-0.0718699097633361,-0.0953459739685058
2026-01-16,17,DASH,0.1150676797363519,0.0328031809145129,long,0.0039383172988891,0.0075849294662475,0.0082170963287353
2026-01-16,18,HPQ,0.1101954274675255,0.0347912524850894,long,-0.013636291027069,-0.018686830997467,-0.0217170715332031
2026-01-16,19,CIEN,0.1085837908964253,0.036779324055666,long,-0.0386385321617126,-0.0500394105911254,0.0261597633361816
2026-01-16,20,NCLH,0.0987693384957259,0.0387673956262425,long,0.0245459079742431,0.0274913311004638,0.024055004119873
2026-01-16,21,TER,0.0959528045769328,0.040755467196819,long,0.0353156328201293,0.0232163667678833,0.0667916536331176
2026-01-16,22,NOW,0.0868934338608716,0.0427435387673956,long,-0.0007974505424499,0.0614832639694213,0.0510367155075073
2026-01-16,23,CVNA,0.08647131292822,0.0447316103379721,long,0.0287820100784301,0.0701349973678588,0.0801057815551757
2026-01-16,24,SMCI,0.0778887401252593,0.0467196819085487,long,0.026424765586853,0.009232759475708,-0.006685733795166
2026-01-16,25,CNC,0.067396048215645,0.0487077534791252,long,-0.0109265446662902,0.0072115659713745,-0.0924388170242309
2026-01-16,26,COIN,0.0622837069936536,0.0506958250497017,long,-0.0035129189491271,-0.0473367571830749,-0.0742106437683105
2026-01-16,27,ARE,0.0606005448141457,0.0526838966202783,long,0.0161682367324829,0.0377259254455566,0.010778784751892
2026-01-16,28,SWKS,0.0578777808736017,0.0546719681908548,long,0.0198571681976318,0.02699875831604,0.0459849834442138
2026-01-16,29,HOOD,0.054481673549045,0.0566600397614314,long,0.0013234615325927,0.0114388465881347,-0.0051049590110778
2026-01-16,30,COHR,0.0539748692684429,0.0586481113320079,long,0.0413522720336914,0.0179882049560546,0.1061717271804809
2026-01-16,474,TROW,-0.2636817321571743,0.941351888667992,short,0.0236303806304931,0.0188078880310058,0.0157214403152465
2026-01-16,475,TMO,-0.2636817321571743,0.9433399602385686,short,0.0279316902160644,0.011259913444519,0.0079158544540405
2026-01-16,476,TJX,-0.2636817321571743,0.9453280318091452,short,-0.0014736056327819,-0.0181957483291625,-0.0517042875289917
2026-01-16,477,TSN,-0.2636817321571743,0.9473161033797216,short,-0.0149425268173217,0.0124794244766235,0.0796387195587158
2026-01-16,478,WTW,-0.2636817321571743,0.9493041749502982,short,-0.0086081624031066,0.0031697750091552,-0.0232139229774475
2026-01-16,479,XEL,-0.2636817321571743,0.9512922465208749,short,0.0039365291595458,-0.0157459378242492,0.0015746355056762
2026-01-16,480,DUK,-0.2636817321571743,0.9532803180914512,short,-0.0015056729316711,-0.0177332162857055,0.0061898231506347
2026-01-16,481,DVN,-0.2636817321571743,0.955268389662028,short,0.0402314662933349,0.0647560358047485,0.0870763063430786
2026-01-16,482,DXCM,-0.2636817321571743,0.9572564612326044,short,0.0195107460021972,0.0301145315170288,0.0415664911270141
2026-01-16,483,EA,-0.2636817321571743,0.9592445328031808,short,0.0007352828979492,0.0,0.0018136501312255
2026-01-16,484,XOM,-0.2636817321571743,0.9612326043737576,short,0.0241452455520629,0.0345699787139892,0.0488271713256835
2026-01-16,485,DOV,-0.2636817321571743,0.963220675944334,short,0.0361703634262084,0.0270283222198486,0.0297609567642211
2026-01-16,486,DPZ,-0.2636817321571743,0.9652087475149106,short,0.0290991067886352,0.0615519285202026,0.0676658153533935
2026-01-16,487,DTE,-0.2636817321571743,0.967196819085487,short,0.0107662677764892,-0.0094388127326965,0.0078902244567871
2026-01-16,488,TXT,-0.2636817321571743,0.9691848906560636,short,0.0339200496673584,0.019750952720642,0.0114855766296386
2026-01-16,489,TXN,-0.2636817321571743,0.9711729622266402,short,0.0254232883453369,0.0196212530136108,0.0371328592300415
2026-01-16,490,TTWO,-0.2636817321571743,0.9731610337972167,short,-0.0098915696144104,0.0212792158126831,0.0204064846038818
2026-01-16,491,ECL,-0.2636817321571743,0.9751491053677932,short,0.0251281261444091,0.0326007604598999,0.0406227111816406
2026-01-16,492,UPS,-0.2636817321571743,0.9771371769383698,short,0.0182090997695922,0.0135160684585571,0.0061948299407958
2026-01-16,493,USB,-0.2636817321571743,0.9791252485089464,short,0.0200440883636474,0.0200440883636474,0.0395365953445434
2026-01-16,494,UNH,-0.2636817321571743,0.9811133200795228,short,0.0275388956069946,0.0526845455169677,-0.1646721363067627
2026-01-16,495,UNP,-0.2636817321571743,0.9831013916500994,short,0.0347331762313842,0.0359059572219848,0.0489872694015502
2026-01-16,496,AJG,-0.2636817321571743,0.985089463220676,short,-0.0188323855400085,-0.0065521001815795,-0.0492388606071472
2026-01-16,497,AIZ,-0.2636817321571743,0.9870775347912524,short,0.0235445499420166,0.0027496814727783,0.0184748172760009
2026-01-16,498,ALL,-0.2636817321571743,0.989065606361829,short,0.0005683898925781,0.000516653060913,0.0063033103942871
2026-01-16,499,WAT,-0.2636817321571743,0.9910536779324056,short,0.0334757566452026,0.0220133066177368,0.0162298679351806
2026-01-16,500,ABBV,-0.2636817321571743,0.993041749502982,short,0.0098580121994018,0.0243879556655883,0.0462063550949096
2026-01-16,501,XYL,-0.2636817321571743,0.9950298210735586,short,0.0211783647537231,0.0173605680465698,0.011453628540039
2026-01-16,502,YUM,-0.2636817321571743,0.9970178926441352,short,0.007898211479187,-0.0015012621879577,0.0052871704101562
2026-01-16,503,AAPL,-0.2636817321571743,0.9990059642147118,short,0.0038508176803588,0.0054316520690917,0.0468990802764892
2026-01-20,1,WDC,0.1865359493357086,0.0009940357852882,long,0.0057461261749267,-0.0043405890464782,0.156262993812561
2026-01-20,2,SATS,0.1865359493357086,0.0029821073558648,long,0.044612169265747,-0.0226938724517822,0.0495511293411254
2026-01-20,3,SNDK,0.1865359493357086,0.0049701789264413,long,0.004288911819458,-0.0608231425285339,0.0525444746017456
2026-01-20,4,LITE,0.1865359493357086,0.0069582504970178,long,-0.021934688091278,-0.0827447175979614,0.0622447729110717
2026-01-20,5,MU,0.1828026623769912,0.0089463220675944,long,0.0217676162719726,-5.137920379638672e-05,0.1186554431915283
2026-01-20,6,APP,0.1817178407669708,0.0109343936381709,long,-0.0199413895606994,0.0054078102111816,0.0184016227722167
2026-01-20,7,ALB,0.1797246982178865,0.0129224652087475,long,0.0458736419677734,0.0538153648376464,0.0237143039703369
2026-01-20,8,MRNA,0.1797246982178865,0.014910536779324,long,0.0413571596145629,-0.0365388393402099,-0.0905441045761108
2026-01-20,9,HII,0.1658881666450574,0.0168986083499005,long,0.0034542083740234,-0.0215765833854675,0.0064115524291992
2026-01-20,10,INTC,0.1658881666450574,0.0188866799204771,long,0.0012903213500976,-0.2167741656303405,-0.100829541683197
2026-01-20,11,GNRC,0.1631189909695173,0.0208747514910536,long,0.019063115119934,-0.0287690162658691,0.0122631788253784
2026-01-20,12,LRCX,0.1582718143023372,0.0228628230616302,long,-0.0336704850196838,-0.0241692066192626,0.0489951372146606
2026-01-20,13,HOOD,0.152068705950171,0.0248508946322067,long,0.0031155347824096,0.0101964473724365,-0.023791491985321
2026-01-20,14,STX,0.1500989875363304,0.0268389662027833,long,0.0067107677459716,0.0408750772476196,0.2867642641067505
2026-01-20,15,SW,0.1491216637825354,0.0288270377733598,long,-0.0035774111747741,0.0345814228057861,0.0114476680755615
2026-01-20,16,ARE,0.141049918283763,0.0308151093439363,long,-0.0061591267585754,-0.0220701694488525,-0.0656971931457519
2026-01-20,17,LEN,0.1317181930012924,0.0328031809145129,long,-0.027881383895874,-0.0628813505172729,-0.0611016750335693
2026-01-20,18,COIN,0.1210376754923373,0.0347912524850894,long,-0.0167011618614196,-0.059269368648529,-0.077116310596466
2026-01-20,19,CCL,0.1186087045329993,0.036779324055666,long,0.0084955692291259,0.0148673057556152,0.0166370868682861
2026-01-20,20,DLTR,0.1174168507765192,0.0387673956262425,long,-0.0462614893913269,-0.0567173361778259,-0.1041071414947509
2026-01-20,21,DASH,0.1164921217136887,0.040755467196819,long,0.0056663751602172,0.0141903162002563,0.0008717775344848
2026-01-20,22,FCX,0.1162407207842233,0.0427435387673956,long,-0.0285573601722717,0.0097391605377197,0.0503466129302978
2026-01-20,23,NCLH,0.1152802473825275,0.0447316103379721,long,-0.0023958086967468,-0.0038332343101501,-0.0038332343101501
2026-01-20,24,DDOG,0.1105520121741671,0.0467196819085487,long,0.0630973577499389,0.106755256652832,0.1385064125061035
2026-01-20,25,IRM,0.103331077035914,0.0487077534791252,long,0.0004264116287231,0.0003198385238647,-0.0167359709739685
2026-01-20,26,TER,0.0984879950313208,0.0506958250497017,long,-0.0118590593338012,-0.0006037354469299,0.0801672935485839
2026-01-20,27,DG,0.0958957307123454,0.0526838966202783,long,-0.0173960328102111,0.0215411186218261,-0.014406144618988
2026-01-20,28,HPQ,0.093347523392301,0.0546719681908548,long,0.015360951423645,-0.0035843253135681,-0.0245776176452636
2026-01-20,29,XYZ,0.0926614781026912,0.0566600397614314,long,0.0164062976837158,0.0296875238418579,0.0034375190734863
2026-01-20,30,AMAT,0.0900638156934711,0.0586481113320079,long,-0.0198468565940856,-0.0177714824676513,0.0353893041610717
2026-01-20,474,TSCO,-0.2342601118077043,0.941351888667992,short,0.0043258666992187,0.044950246810913,0.0370509624481201
2026-01-20,475,TJX,-0.2342601118077043,0.9433399602385686,short,-0.0155919790267944,-0.0370228290557861,-0.0517164468765258
2026-01-20,476,TMO,-0.2342601118077043,0.9453280318091452,short,0.0049505233764648,-0.0152129530906677,-0.0444443821907043
2026-01-20,477,TRGP,-0.2342601118077043,0.9473161033797216,short,0.0073661804199218,0.0129432678222656,0.0582448244094848
2026-01-20,478,TROW,-0.2342601118077043,0.9493041749502982,short,0.0091397762298583,-0.0003768801689147,-0.0082917213439941
2026-01-20,479,TRV,-0.2342601118077043,0.9512922465208749,short,0.0213828086853027,0.0332293510437011,0.0344398021697998
2026-01-20,480,BKNG,-0.2342601118077043,0.9532803180914512,short,-0.0024614930152893,-0.010909080505371,-0.0151812434196472
2026-01-20,481,TKO,-0.2342601118077043,0.955268389662028,short,-0.0209861993789672,-0.0045005083084106,-0.0466685891151428
2026-01-20,482,CB,-0.2342601118077043,0.9572564612326044,short,0.0031335353851318,0.0117007493972778,0.012234091758728
2026-01-20,483,CARR,-0.2342601118077043,0.9592445328031808,short,-0.0051957368850708,-0.0064080953598022,0.0029442310333251
2026-01-20,484,T,-0.2342601118077043,0.9612326043737576,short,0.0034042596817016,-0.0021276473999023,0.0242552757263183
2026-01-20,485,BALL,-0.2342601118077043,0.963220675944334,short,0.0066165924072265,0.0230686664581298,0.006080150604248
2026-01-20,486,UPS,-0.2342601118077043,0.9652087475149106,short,0.0075589418411254,-0.0139196515083312,-0.0440635085105896
2026-01-20,487,UDR,-0.2342601118077043,0.967196819085487,short,-0.0031855106353759,-0.0177859663963317,-0.0329173803329467
2026-01-20,488,AME,-0.2342601118077043,0.9691848906560636,short,0.0068051815032958,-0.0028128027915954,0.0093911886215209
2026-01-20,489,ALLE,-0.2342601118077043,0.9711729622266402,short,0.0062695741653442,0.00639009475708,-0.0059079527854919
2026-01-20,490,ALL,-0.2342601118077043,0.9731610337972167,short,0.0083651542663574,0.0121862888336181,0.0189507007598876
2026-01-20,491,VICI,-0.2342601118077043,0.9751491053677932,short,-0.006344735622406,0.0049347877502441,-0.0169193148612976
2026-01-20,492,V,-0.2342601118077043,0.9771371769383698,short,0.0033202171325683,0.0098683834075927,0.0052262544631958
2026-01-20,493,TXT,-0.2342601118077043,0.9791252485089464,short,-0.0030108094215393,-0.0174418687820434,-0.0989410281181335
2026-01-20,494,AON,-0.2342601118077043,0.9811133200795228,short,0.0096164941787719,0.0183615684509277,0.0007212162017822
2026-01-20,495,AMZN,-0.2342601118077043,0.9831013916500994,short,0.0130993127822875,0.0307379961013793,0.0505814552307128
2026-01-20,496,VRSK,-0.2342601118077043,0.985089463220676,short,0.008818507194519,0.0145436525344848,0.0112655162811279
2026-01-20,497,VLTO,-0.2342601118077043,0.9870775347912524,short,-0.0042194128036499,-0.0001962780952453,-0.0313021540641784
2026-01-20,498,AOS,-0.2342601118077043,0.989065606361829,short,0.0117663145065307,-0.01688814163208,-0.0380675792694091
2026-01-20,499,VRSN,-0.2342601118077043,0.9910536779324056,short,-0.0050243735313415,-0.0048661231994628,0.0028879642486572
2026-01-20,500,WAB,-0.2342601118077043,0.993041749502982,short,0.0030043125152587,-0.0055794119834899,-0.0176394581794738
2026-01-20,501,VTR,-0.2342601118077043,0.9950298210735586,short,-0.0154280662536621,-0.0192851424217224,-0.0239136219024658
2026-01-20,502,WEC,-0.2342601118077043,0.9970178926441352,short,-0.0015522241592407,0.0016435384750366,0.004747986793518
2026-01-20,503,ABBV,-0.2342601118077043,0.9990059642147118,short,0.0090677738189697,0.0213741064071655,0.0116585493087768
2026-01-21,1,MRNA,0.1865359493357086,0.0009940357852882,long,-0.0609215497970581,-0.1237709522247314,-0.096587598323822
2026-01-21,2,LITE,0.1865359493357086,0.0029821073558648,long,-0.0431605577468872,0.0456148386001586,0.0760247707366943
2026-01-21,3,MU,0.1865359493357086,0.0049701789264413,long,0.0052064657211303,0.0318427085876464,0.0961065292358398
2026-01-21,4,SNDK,0.1865359493357086,0.0069582504970178,long,-0.0588153600692749,-0.0437192320823669,0.0712299346923828
2026-01-21,5,NCLH,0.1865359493357086,0.0089463220675944,long,0.0052833557128906,0.0019212961196899,0.1008645296096801
2026-01-21,6,WDC,0.1817178407669708,0.0109343936381709,long,-0.0283612012863159,0.0385137796401977,0.1443544626235962
2026-01-21,7,LRCX,0.1779845538082535,0.0129224652087475,long,-0.0125056505203247,0.0804712772369384,0.1244676113128662
2026-01-21,8,SATS,0.1767314610539369,0.014910536779324,long,-0.0114484429359436,-0.0168405175209045,-0.113351285457611
2026-01-21,9,GNRC,0.1658881666450574,0.0168986083499005,long,-0.0132884979248046,-0.0278886556625366,-0.0303980708122253
2026-01-21,10,INTC,0.1658881666450574,0.0188866799204771,long,-0.1702871918678283,-0.1912739276885986,-0.1041973233222961
2026-01-21,11,STX,0.1658881666450574,0.0208747514910536,long,-0.001240849494934,0.0728075504302978,0.2886908054351806
2026-01-21,12,HII,0.1631189909695173,0.0228628230616302,long,-0.0131089687347412,-0.0031829476356506,0.008699893951416
2026-01-21,13,KLAC,0.1592359255855145,0.0248508946322067,long,0.0085200071334838,0.0775532722473144,0.1231399774551391
2026-01-21,14,APP,0.1584963836731663,0.0268389662027833,long,0.0047322511672973,0.0414223670959472,0.0906233787536621
2026-01-21,15,ALB,0.1531791345835741,0.0288270377733598,long,0.0063189268112182,0.0311172008514404,-0.0404630899429321
2026-01-21,16,ORCL,0.1514625508312456,0.0308151093439363,long,-0.0057244896888732,-0.0184083580970764,-0.0514647960662841
2026-01-21,17,LEN,0.1489099211225479,0.0328031809145129,long,-0.0250196456909179,-0.0404497981071472,-0.0303373336791992
2026-01-21,18,SLB,0.1484924683780929,0.0347912524850894,long,-0.0034468173980712,0.0271694660186767,-0.0176398754119873
2026-01-21,19,HOOD,0.1462999582624954,0.036779324055666,long,0.0069646835327148,-0.0095059275627136,-0.0471529364585876
2026-01-21,20,LULU,0.1417747827020989,0.0387673956262425,long,-0.0184423923492431,-0.0424843430519104,-0.1136341094970703
2026-01-21,21,COIN,0.1367007158513993,0.040755467196819,long,-0.0277404189109802,-0.0551671385765075,-0.1073765754699707
2026-01-21,22,DDOG,0.1316314618879691,0.0427435387673956,long,-0.0085332989692687,0.0530285835266113,-0.0233905315399169
2026-01-21,23,AMAT,0.1271951021348647,0.0447316103379721,long,0.0112771987915039,0.0436813831329345,0.0707529783248901
2026-01-21,24,DLTR,0.122099537114399,0.0467196819085487,long,0.0167994499206542,-0.039040982723236,-0.0747693181037902
2026-01-21,25,NEM,0.1211405278609437,0.0487077534791252,long,0.0215300321578979,0.0436354875564575,0.0430601835250854
2026-01-21,26,BA,0.1169626876495066,0.0506958250497017,long,0.0029433965682983,-0.027246356010437,-0.0690903663635253
2026-01-21,27,FCX,0.1162407207842233,0.0526838966202783,long,0.026508092880249,0.0683093070983886,0.1067119836807251
2026-01-21,28,XYZ,0.1123885637202336,0.0546719681908548,long,0.0273635387420654,-0.0070716142654418,-0.0436587929725647
2026-01-21,29,AMD,0.1111827487461333,0.0566600397614314,long,0.0234501361846923,-0.0067000389099121,-0.0061088800430297
2026-01-21,30,DELL,0.1095381508776846,0.0586481113320079,long,-0.0148501992225646,-0.0214217901229858,0.0112656354904174
2026-01-21,474,CBRE,-0.2342601118077043,0.941351888667992,short,-0.0055239200592041,-0.0045836567878723,0.0084621906280517
2026-01-21,475,BEN,-0.2342601118077043,0.9433399602385686,short,-0.0178502798080444,-0.0104773044586181,0.0042685270309448
2026-01-21,476,BK,-0.2342601118077043,0.9453280318091452,short,-0.0213845968246459,-0.0109003186225891,0.0109002590179443
2026-01-21,477,BLK,-0.2342601118077043,0.9473161033797216,short,-0.0086073279380798,-0.0289808511734008,-0.0104762315750122
2026-01-21,478,BRK.B,-0.2342601118077043,0.9493041749502982,short,-0.0113934278488159,-0.0202686786651611,-0.0158929824829101
2026-01-21,479,BDX,-0.2342601118077043,0.9512922465208749,short,-0.0206270813941955,-0.0128130316734313,-0.0240244269371032
2026-01-21,480,UPS,-0.2342601118077043,0.9532803180914512,short,-0.0120768547058105,-0.0192132592201232,-0.0302836894989013
2026-01-21,481,USB,-0.2342601118077043,0.955268389662028,short,-0.0126379132270812,0.0062299966812133,0.0026700496673583
2026-01-21,482,VICI,-0.2342601118077043,0.9572564612326044,short,0.0124157667160034,0.0109968185424804,-0.0028378963470458
2026-01-21,483,VLTO,-0.2342601118077043,0.9592445328031808,short,-0.0016752481460571,-0.0090658664703369,-0.0276902318000793
2026-01-21,484,APO,-0.2342601118077043,0.9612326043737576,short,-0.0244757533073425,-0.0573248267173767,-0.0375007987022399
2026-01-21,485,ARES,-0.2342601118077043,0.963220675944334,short,-0.034856379032135,-0.0751609802246093,-0.0608593225479126
2026-01-21,486,ATO,-0.2342601118077043,0.9652087475149106,short,-0.000362753868103,0.0219467878341674,0.0036276578903198
2026-01-21,487,UDR,-0.2342601118077043,0.967196819085487,short,0.0045273303985595,-0.0119840502738952,-0.0170439481735229
2026-01-21,488,AVB,-0.2342601118077043,0.9691848906560636,short,0.0171257257461547,0.0015362501144409,-0.0054619312286376
2026-01-21,489,AVY,-0.2342601118077043,0.9711729622266402,short,0.0080132484436035,0.0053781270980834,-0.0030117034912109
2026-01-21,490,BAC,-0.2342601118077043,0.9731610337972167,short,-0.0139179825782775,-0.0053384900093078,0.0120114088058471
2026-01-21,491,AWK,-0.2342601118077043,0.9751491053677932,short,-0.0140619277954101,-0.0078291296958923,-0.0194587707519531
2026-01-21,492,ALLE,-0.2342601118077043,0.9771371769383698,short,-0.0007188916206359,-0.0001797080039978,-0.0147375464439392
2026-01-21,493,AMCR,-0.2342601118077043,0.9791252485089464,short,0.0353050231933593,0.0455926656723022,0.0261865854263305
2026-01-21,494,AMT,-0.2342601118077043,0.9811133200795228,short,0.0101723670959472,0.0176321268081665,0.0248092412948608
2026-01-21,495,ALL,-0.2342601118077043,0.9831013916500994,short,-0.0083470344543457,-0.0026115775108337,0.0159258842468261
2026-01-21,496,AMZN,-0.2342601118077043,0.985089463220676,short,0.0205684900283813,0.044123888015747,0.0315353870391845
2026-01-21,497,AOS,-0.2342601118077043,0.9870775347912524,short,-0.008619487285614,-0.0335202813148498,0.0010945796966552
2026-01-21,498,VMC,-0.2342601118077043,0.989065606361829,short,-0.0105515718460083,-0.0151679515838623,-0.0125300288200378
2026-01-21,499,APD,-0.2342601118077043,0.9910536779324056,short,-0.0101878643035888,-0.0186336040496826,-0.0303742289543151
2026-01-21,500,VRSK,-0.2342601118077043,0.993041749502982,short,-0.0021052956581115,-0.010160207748413,-0.0087414383888244
2026-01-21,501,WEC,-0.2342601118077043,0.9950298210735586,short,-0.0022862553596496,0.009144902229309,0.0096937417984008
2026-01-21,502,WELL,-0.2342601118077043,0.9970178926441352,short,0.0094525814056396,0.0084084272384643,0.0204989910125732
2026-01-21,503,ABT,-0.2342601118077043,0.9990059642147118,short,-0.0109566450119018,-0.0031304955482482,-0.0232023000717163
2026-01-22,1,SNDK,0.617388532096386,0.0009940357852882,long,-0.0063946843147277,0.1135429143905639,0.2161535024642944
2026-01-22,2,SATS,0.6142067521630754,0.0029821073558648,long,-0.0535968542098999,0.0163637399673461,-0.1049802303314209
2026-01-22,3,LITE,0.6079797481609048,0.0049701789264413,long,-0.0198708176612854,0.1350570917129516,0.1552227735519409
2026-01-22,4,MU,0.5739070440972567,0.0069582504970178,long,-0.0264230966567993,0.0891530513763427,0.0381083488464355
2026-01-22,5,MRNA,0.5651697281142936,0.0089463220675944,long,-0.0147812962532043,-0.0700061321258544,-0.0952576398849487
2026-01-22,6,WDC,0.5251793322699615,0.0109343936381709,long,0.0188671350479125,0.1832141876220703,0.0585472583770751
2026-01-22,7,APP,0.5083372779507406,0.0129224652087475,long,0.0210331678390502,0.0342289209365844,-0.097824215888977
2026-01-22,8,LRCX,0.4459646836647984,0.014910536779324,long,0.0226209163665771,0.0992933511734008,0.0712122917175293
2026-01-22,9,ALB,0.4423935182703248,0.0168986083499005,long,0.0012664794921875,-0.0273336172103881,-0.099625289440155
2026-01-22,10,FCX,0.34262008591965,0.0188866799204771,long,0.0125806331634521,0.0533024072647094,-0.0029796361923217
2026-01-22,11,STX,0.3251766494524293,0.0208747514910536,long,0.0352210998535156,0.27977454662323,0.1779543161392212
2026-01-22,12,Q,0.3061644336164907,0.0228628230616302,long,0.0065549612045288,0.0657579898834228,0.0007283687591552
2026-01-22,13,NEM,0.2976713794932264,0.0248508946322067,long,0.0129514932632446,0.0614593029022216,-0.0962110757827758
2026-01-22,14,MCHP,0.2792876498738703,0.0268389662027833,long,0.0010708570480346,0.0745549201965332,0.0161958932876586
2026-01-22,15,DLTR,0.2695011147001321,0.0288270377733598,long,-0.0273037552833557,-0.0761712789535522,-0.0878839492797851
2026-01-22,16,AMAT,0.2649021890371159,0.0308151093439363,long,-0.0090577006340026,0.0445747375488281,-0.0001860857009887
2026-01-22,17,DDOG,0.2501808073382747,0.0328031809145129,long,0.0500268936157226,0.0801506042480468,-0.006224513053894
2026-01-22,18,COHR,0.2425899541731678,0.0347912524850894,long,0.0041636228561401,0.1228801012039184,0.0773838758468627
2026-01-22,19,DELL,0.2187984783680211,0.036779324055666,long,0.0043315887451171,0.0163735151290893,-0.0085766315460205
2026-01-22,20,INTC,0.2047467825498746,0.0387673956262425,long,-0.0572442412376403,0.0823163986206054,0.0310628414154052
2026-01-22,21,GNRC,0.2017832959316406,0.040755467196819,long,-0.0341020226478576,0.0067048072814941,-0.0287266969680786
2026-01-22,22,TER,0.1867725909382511,0.0427435387673956,long,0.0112138986587524,0.0929400920867919,0.0517934560775756
2026-01-22,23,NCLH,0.1845696247367104,0.0447316103379721,long,-0.0066889524459838,-0.0066889524459838,0.0492116212844848
2026-01-22,24,DG,0.1648823677598436,0.0467196819085487,long,0.0232099294662475,-0.0127961039543151,-0.0237544775009155
2026-01-22,25,KLAC,0.1606237432547107,0.0487077534791252,long,0.0199962854385375,0.075635552406311,-0.0560822486877441
2026-01-22,26,AMD,0.1546930381023671,0.0506958250497017,long,-0.0322319865226745,-0.0267251729965209,-0.0883780121803283
2026-01-22,27,ON,0.1418771724407947,0.0526838966202783,long,-0.0137140750885009,0.0475959777832031,-0.0337205529212951
2026-01-22,28,CVNA,0.1289027000979794,0.0546719681908548,long,0.0008450746536254,-0.1336755752563476,-0.152542769908905
2026-01-22,29,SMCI,0.1279744203838205,0.0566600397614314,long,-0.0283912420272827,-0.0154574513435363,-0.0817034840583801
2026-01-22,30,NOW,0.1269416440480811,0.0586481113320079,long,0.0242656469345092,-0.0262189507484436,-0.1209526062011718
2026-01-22,474,CMS,-0.6981192054543308,0.941351888667992,short,0.0117397308349609,0.0155588388442993,0.0111739635467529
2026-01-22,475,KO,-0.6981192054543308,0.9433399602385686,short,-0.0043907761573791,0.002469778060913,0.0264818668365478
2026-01-22,476,L,-0.6981192054543308,0.9453280318091452,short,0.0080502033233642,0.0093264579772949,0.0364224910736084
2026-01-22,477,AFL,-0.6981192054543308,0.9473161033797216,short,0.0172752141952514,0.0170884132385253,0.0360444784164428
2026-01-22,478,PEG,-0.6981192054543308,0.9493041749502982,short,0.0098365545272827,0.0404956340789794,0.052120566368103
2026-01-22,479,COP,-0.6981192054543308,0.9512922465208749,short,0.0010167360305786,0.0309100151062011,0.0597865581512451
2026-01-22,480,MCD,-0.6981192054543308,0.9532803180914512,short,0.0119644403457641,0.011479377746582,0.018593430519104
2026-01-22,481,FDX,-0.6983558218358592,0.955268389662028,short,0.0008547306060791,0.0343184471130371,0.0593011379241943
2026-01-22,482,CSCO,-0.6988202338408702,0.9572564612326044,short,0.0324441194534301,0.0585869550704956,0.0500067472457885
2026-01-22,483,STE,-0.6988202338408702,0.9592445328031808,short,0.0139104127883911,0.0051633119583129,0.0118681192398071
2026-01-22,484,DGX,-0.6989706752608936,0.9612326043737576,short,0.0083415508270263,0.0095016956329345,0.0332007408142089
2026-01-22,485,HSIC,-0.6997417840692356,0.963220675944334,short,0.004921555519104,-0.0275870561599731,-0.0224063396453857
2026-01-22,486,FOX,-0.6997417840692356,0.9652087475149106,short,-0.0028994679450988,-0.0189226269721984,0.0006104707717895
2026-01-22,487,MET,-0.6997417840692356,0.967196819085487,short,0.0179395675659179,0.0059359073638916,0.0404959917068481
2026-01-22,488,CAH,-0.6997417840692356,0.9691848906560636,short,0.0124801397323608,0.0098881721496582,0.0314404964447021
2026-01-22,489,EQR,-0.6997417840692356,0.9711729622266402,short,0.0004831552505493,-0.0214205384254455,0.0037043094635009
2026-01-22,490,PH,-0.6997417840692356,0.9731610337972167,short,0.0054526329040527,-0.0126293897628784,0.0084592103958129
2026-01-22,491,COR,-0.6997417840692356,0.9751491053677932,short,0.0057429075241088,-0.0083172917366027,0.0162385702133178
2026-01-22,492,FOXA,-0.6997417840692356,0.9771371769383698,short,-0.0021953582763671,-0.023874819278717,-0.0013720989227294
2026-01-22,493,JPM,-0.7005932538757984,0.9791252485089464,short,0.0111514329910278,0.0102444887161254,0.0274419784545898
2026-01-22,494,WMT,-0.7009012885209802,0.9811133200795228,short,-0.0007644891738891,-0.0098530650138854,0.0119764804840087
2026-01-22,495,ROL,-0.7009012885209802,0.9831013916500994,short,0.0055634975433349,-0.0012716054916381,0.0068352222442626
2026-01-22,496,SYY,-0.7010535664964477,0.985089463220676,short,-0.0076105594635009,0.0957880020141601,0.1002492904663086
2026-01-22,497,MCK,-0.7010535664964477,0.9870775347912524,short,0.0077905654907226,0.0077905654907226,0.0133864879608154
2026-01-22,498,BDX,-0.7010535664964477,0.989065606361829,short,0.0080777406692504,0.0006442070007324,0.0083750486373901
2026-01-22,499,HIG,-0.7026761451113525,0.9910536779324056,short,0.0164827108383178,0.015938401222229,0.05007004737854
2026-01-22,500,BRK.B,-0.7026761451113525,0.993041749502982,short,0.0093951225280761,-0.0114412307739257,0.0032570362091064
2026-01-22,501,BLK,-0.7026761451113525,0.9950298210735586,short,-0.0074076652526855,-0.007292628288269,-0.009708821773529
2026-01-22,502,APO,-0.7026761451113525,0.9970178926441352,short,-0.0348470211029052,-0.0250898599624633,-0.0129851102828979
2026-01-22,503,AMP,-0.7026761451113525,0.9990059642147118,short,0.0079138278961181,0.0061820745468139,0.0615988969802856
2026-01-23,1,MU,0.576241517916651,0.0009940357852882,long,0.0543576478958129,0.1200237274169921,0.1251895427703857
2026-01-23,2,SNDK,0.5571874821658384,0.0029821073558648,long,0.0225785970687866,0.1454970836639404,0.412999153137207
2026-01-23,3,MRNA,0.5110678945149323,0.0049701789264413,long,-0.0529277324676513,-0.0235465764999389,-0.1133570075035095
2026-01-23,4,LITE,0.5002989834898582,0.0069582504970178,long,0.1149345636367797,0.1473604440689087,0.2736351490020752
2026-01-23,5,ALB,0.4883552439418729,0.0089463220675944,long,0.0233464241027832,-0.0476943254470825,-0.1308037042617797
2026-01-23,6,WDC,0.4794624175141463,0.0109343936381709,long,0.0490347146987915,0.1559476852416992,0.1219846010208129
2026-01-23,7,APP,0.4405668284217163,0.0129224652087475,long,0.015165090560913,0.0631256103515625,-0.0979381203651428
2026-01-23,8,LRCX,0.4365420585682971,0.014910536779324,long,0.0699511766433715,0.1135190725326538,0.0656436681747436
2026-01-23,9,INTC,0.4341315244940634,0.0168986083499005,long,0.0338902473449707,0.1452106237411499,0.1487408876419067
2026-01-23,10,SLB,0.2640651770890657,0.0188866799204771,long,0.0193158388137817,-0.0251508951187133,-0.0331992506980896
2026-01-23,11,ORCL,0.2638534166658412,0.0208747514910536,long,-0.0413287281990051,-0.0736132860183715,-0.1226704716682434
2026-01-23,12,STX,0.2513336333794042,0.0228628230616302,long,0.0375952720642089,0.2463926076889038,0.2083786725997924
2026-01-23,13,HOOD,0.2471756890094662,0.0248508946322067,long,-0.0164486169815063,-0.0538318157196044,-0.1597195863723755
2026-01-23,14,COIN,0.2217869350731338,0.0268389662027833,long,-0.0124133229255676,-0.0669851899147033,-0.1200112104415893
2026-01-23,15,SATS,0.2100832960826021,0.0288270377733598,long,0.0508686304092407,-0.0522887110710144,-0.0264784097671508
2026-01-23,16,DLTR,0.2071384781940694,0.0308151093439363,long,-0.0283892154693603,-0.0645135641098022,-0.0652312636375427
2026-01-23,17,MCHP,0.2065784922733951,0.0328031809145129,long,0.0049471855163574,0.061104416847229,0.0439898967742919
2026-01-23,18,FCX,0.2023573134810045,0.0347912524850894,long,0.0277913808822631,0.0647375583648681,-0.0067026019096374
2026-01-23,19,KLAC,0.1849330405558407,0.036779324055666,long,0.0475039482116699,0.0918192863464355,-0.0859218835830688
2026-01-23,20,SMCI,0.1800184534392108,0.0387673956262425,long,0.0129870176315307,-0.0220778584480285,-0.0353896021842956
2026-01-23,21,HII,0.1754391780934402,0.040755467196819,long,0.0223184823989868,0.0345052480697631,0.0162974596023559
2026-01-23,22,Q,0.1734599978943164,0.0427435387673956,long,0.0280132293701171,0.0327682495117187,0.0406243801116943
2026-01-23,23,COHR,0.1655515811351832,0.0447316103379721,long,0.0821198225021362,0.0915250778198242,0.1247978210449218
2026-01-23,24,CIEN,0.1449063825468861,0.0467196819085487,long,0.0658398866653442,0.0917193889617919,0.1561383008956909
2026-01-23,25,ON,0.1441489402790483,0.0487077534791252,long,0.0245379209518432,0.0175036191940307,0.0065433979034423
2026-01-23,26,NOW,0.1416141676080259,0.0506958250497017,long,-0.0332990288734436,-0.1438315510749817,-0.1345165967941284
2026-01-23,27,AMAT,0.1404540846322687,0.0526838966202783,long,0.0414762496948242,0.0684906244277954,0.0279847383499145
2026-01-23,28,CVNA,0.1284809086087094,0.0546719681908548,long,0.0084651708602905,-0.0976758003234863,-0.1389456987380981
2026-01-23,29,AMD,0.1088585332512761,0.0566600397614314,long,0.0028649568557739,0.0034618377685546,-0.0200548768043518
2026-01-23,30,NCLH,0.0856430302532224,0.0586481113320079,long,0.0033669471740722,0.1024531126022338,0.1370850801467895
2026-01-23,474,TJX,-0.6152443964209048,0.941351888667992,short,-0.0137926936149597,-0.0173907279968261,0.0005996227264404
2026-01-23,475,TROW,-0.6152443964209048,0.9433399602385686,short,-0.0073522329330444,-0.0119709372520446,0.0052785873413085
2026-01-23,476,CBRE,-0.6152443964209048,0.9453280318091452,short,-0.0054019093513488,0.0076332092285156,-0.0055780410766601
2026-01-23,477,CAH,-0.6152443964209048,0.9473161033797216,short,0.0147442817687988,0.0014222860336303,0.0379272699356079
2026-01-23,478,CB,-0.6152443964209048,0.9493041749502982,short,-0.0066558718681335,0.0088306665420532,0.025569200515747
2026-01-23,479,CBOE,-0.6152443964209048,0.9512922465208749,short,-0.0077737569808959,-0.0171023607254028,-0.023025095462799
2026-01-23,480,BRK.B,-0.6152443964209048,0.9532803180914512,short,-0.0182017087936401,-0.0138167738914489,0.0079011917114257
2026-01-23,481,COO,-0.6152443964209048,0.955268389662028,short,-0.0024722218513488,-0.0065512657165527,-0.0030902624130249
2026-01-23,482,COP,-0.6152443964209048,0.9572564612326044,short,0.0144236087799072,0.044184923171997,0.0339258909225463
2026-01-23,483,COR,-0.6152443964209048,0.9592445328031808,short,0.0017721652984619,-0.0095918774604797,0.0226434469223022
2026-01-23,484,CNP,-0.6152443964209048,0.9612326043737576,short,0.0104008913040161,0.0043126344680786,-0.0010146498680114
2026-01-23,485,CINF,-0.6152443964209048,0.963220675944334,short,-0.0007595419883728,0.0013293027877807,0.0284845829010009
2026-01-23,486,IEX,-0.6152443964209048,0.9652087475149106,short,-0.0019975304603576,0.0229461193084716,0.0152631998062133
2026-01-23,487,XEL,-0.6152443964209048,0.967196819085487,short,0.007922887802124,0.0031691789627075,-0.01624196767807
2026-01-23,488,KDP,-0.6152443964209048,0.9691848906560636,short,-0.0039711594581604,-0.0317689776420593,-0.0083032846450805
2026-01-23,489,JCI,-0.6152443964209048,0.9711729622266402,short,0.0164247751235961,0.0452767610549926,0.0687408447265625
2026-01-23,490,IQV,-0.6152443964209048,0.9731610337972167,short,0.0067243576049804,-0.0159127712249755,-0.0342479944229126
2026-01-23,491,ITW,-0.6152443964209048,0.9751491053677932,short,-0.0017750263214111,0.0143159627914428,0.019525408744812
2026-01-23,492,INVH,-0.6152443964209048,0.9771371769383698,short,-0.0048326849937438,-0.0204460620880126,-0.024163544178009
2026-01-23,493,BEN,-0.6152443964209048,0.9791252485089464,short,-0.0019569396972656,0.0129158496856689,0.0594911575317382
2026-01-23,494,BK,-0.6152443964209048,0.9811133200795228,short,-0.001260221004486,0.0207527875900268,0.0217610597610473
2026-01-23,495,BKNG,-0.6152443964209048,0.9831013916500994,short,0.0090322494506835,0.0011826753616333,0.0029311180114746
2026-01-23,496,UPS,-0.6152443964209048,0.985089463220676,short,0.0021500587463378,-0.0091614723205566,0.0308496952056884
2026-01-23,497,UDR,-0.6152443964209048,0.9870775347912524,short,0.0027027130126953,-0.0024324655532836,-0.0067567825317382
2026-01-23,498,BLK,-0.6152443964209048,0.989065606361829,short,-0.0132408142089843,0.005563735961914,-0.0016762614250183
2026-01-23,499,TXT,-0.6152443964209048,0.9910536779324056,short,-0.0043321847915649,-0.0720625519752502,-0.0748098492622375
2026-01-23,500,APD,-0.6152443964209048,0.993041749502982,short,-0.0133272409439086,-0.0251314043998718,0.0318710803985595
2026-01-23,501,USB,-0.6152443964209048,0.9950298210735586,short,0.0125379562377929,0.0089557170867919,0.0274045467376709
2026-01-23,502,ATO,-0.6152443964209048,0.9970178926441352,short,0.0031453371047973,-0.0148367881774902,-0.0117506980895996
2026-01-23,503,AVY,-0.6152443964209048,0.9990059642147118,short,-0.0072752237319946,-0.015559434890747,-0.0064786672592163
2026-01-26,1,SNDK,0.3900529575198848,0.0009940357852882,long,0.0959641933441162,0.1969549655914306,0.4446753263473511
2026-01-26,2,WDC,0.3665043510322902,0.0029821073558648,long,0.1070213317871093,-0.0096176862716674,0.1487374305725097
2026-01-26,3,MU,0.3623145717889277,0.0049701789264413,long,0.0610374212265014,0.0113104581832885,0.022425889968872
2026-01-26,4,SATS,0.3621662756280107,0.0069582504970178,long,0.0219379663467407,-0.1000714898109436,-0.0873539447784423
2026-01-26,5,LITE,0.361462048646089,0.0089463220675944,long,0.0386877059936523,0.0571413040161132,0.1738520860671997
2026-01-26,6,INTC,0.3382758742567948,0.0109343936381709,long,0.1104028224945068,0.0578192472457885,0.1211017370223999
2026-01-26,7,MRNA,0.319997822176516,0.0129224652087475,long,-0.0033003687858581,-0.0303630828857421,-0.0715071558952331
2026-01-26,8,APP,0.3177943244316192,0.014910536779324,long,-0.0022076964378356,-0.1296085119247436,-0.150434136390686
2026-01-26,9,DDOG,0.2902190471523019,0.0168986083499005,long,0.017003059387207,-0.0643224120140075,-0.1342160701751709
2026-01-26,10,ORCL,0.2438230681952504,0.0188866799204771,long,-0.0120068192481994,-0.0590050816535949,-0.1156660914421081
2026-01-26,11,LRCX,0.2347594398847772,0.0208747514910536,long,0.0046967267990112,-0.0209679007530212,-0.035058319568634
2026-01-26,12,ALB,0.2091987781288761,0.0228628230616302,long,-0.0507260560989379,-0.1212791800498962,-0.1212276816368103
2026-01-26,13,STX,0.2029087688281676,0.0248508946322067,long,0.1914407014846801,0.0966483354568481,0.1955293416976928
2026-01-26,14,Q,0.1947994085594737,0.0268389662027833,long,0.029964804649353,-0.0328807830810546,0.0043238401412963
2026-01-26,15,HOOD,0.1786870801734223,0.0288270377733598,long,-0.0174838304519653,-0.0547319650650024,-0.1726529598236084
2026-01-26,16,DLTR,0.178304569095883,0.0308151093439363,long,-0.0224884748458862,-0.0348818302154541,-0.0176460146903991
2026-01-26,17,TTD,0.1556653115757606,0.0328031809145129,long,-0.0099409222602844,-0.0577818751335144,-0.1556383371353149
2026-01-26,18,KLAC,0.1549980234745925,0.0347912524850894,long,0.0067250728607177,-0.1165542006492614,-0.1613469719886779
2026-01-26,19,AMD,0.1484286705873896,0.036779324055666,long,0.002817153930664,-0.0607070922851562,-0.0393604040145874
2026-01-26,20,LULU,0.1481388671354968,0.0387673956262425,long,-0.032405138015747,-0.0637909770011901,-0.0795106887817382
2026-01-26,21,FCX,0.1467733279965355,0.040755467196819,long,0.0120884180068969,-0.0419914126396179,0.0286304950714111
2026-01-26,22,TER,0.1414355608930651,0.0427435387673956,long,0.048296570777893,0.0088306665420532,0.1843141317367553
2026-01-26,23,PSKY,0.1314808982096308,0.0447316103379721,long,-0.0181818008422851,-0.029437243938446,-0.0640692710876464
2026-01-26,24,COHR,0.1198330655955565,0.0467196819085487,long,0.0333645343780517,-0.0085046887397766,0.0709345340728759
2026-01-26,25,CIEN,0.1083022635981937,0.0487077534791252,long,0.0395119190216064,0.0173319578170776,0.1171622276306152
2026-01-26,26,NEM,0.0846714998032776,0.0506958250497017,long,0.0389763116836547,-0.1153543591499328,-0.0776377916336059
2026-01-26,27,BKR,0.0838728671164712,0.0526838966202783,long,0.0023008584976196,-0.0081415772438049,0.0265486240386962
2026-01-26,28,CVNA,0.0686720435672459,0.0546719681908548,long,-0.1416729092597961,-0.1603659391403198,-0.141003131866455
2026-01-26,29,NOW,0.0593389601174741,0.0566600397614314,long,-0.0165402889251709,-0.1122154593467712,-0.1671472191810608
2026-01-26,30,SMCI,0.0533273188645146,0.0586481113320079,long,0.0003204345703125,-0.0669871568679809,-0.0490384697914123
2026-01-26,474,TMO,-0.4605001523867547,0.941351888667992,short,-0.0254683494567871,-0.07260662317276,-0.0862623453140258
2026-01-26,475,TROW,-0.4605001523867547,0.9433399602385686,short,-0.0005697011947631,0.0035134553909301,-0.0251637697219848
2026-01-26,476,APD,-0.4605001523867547,0.9453280318091452,short,-0.0124652385711669,0.0516363382339477,0.0727076530456543
2026-01-26,477,ATO,-0.4605001523867547,0.9473161033797216,short,-0.0179257988929748,-0.0159143209457397,-0.0013015270233154
2026-01-26,478,TRV,-0.4605001523867547,0.9493041749502982,short,0.0027376413345336,0.0115193128585815,0.0247449874877929
2026-01-26,479,AON,-0.4605001523867547,0.9512922465208749,short,0.0068026781082153,0.057112693786621,0.0486470460891723
2026-01-26,480,AWK,-0.4605001523867547,0.9532803180914512,short,-0.0266605019569396,-0.0107254385948181,-0.0355473756790161
2026-01-26,481,TTWO,-0.4605001523867547,0.955268389662028,short,-0.0095308423042297,-0.1027207374572753,-0.1358341574668884
2026-01-26,482,GL,-0.4605001523867547,0.9572564612326044,short,0.0084431171417236,0.020598292350769,0.0455636978149414
2026-01-26,483,GRMN,-0.4605001523867547,0.9592445328031808,short,-0.0015625357627868,-0.015429675579071,-0.0174804925918579
2026-01-26,484,GWW,-0.4605001523867547,0.9612326043737576,short,0.0117723941802978,0.0211617946624755,0.0921365022659301
2026-01-26,485,HAS,-0.4605001523867547,0.963220675944334,short,0.0020626783370971,-0.004236876964569,0.0554131269454956
2026-01-26,486,AVB,-0.4605001523867547,0.9652087475149106,short,-0.0173833966255188,0.0093165636062622,-0.0098847150802612
2026-01-26,487,AVY,-0.4605001523867547,0.967196819085487,short,-0.0110731124877929,-0.007649540901184,-0.0006418824195861
2026-01-26,488,HIG,-0.4605001523867547,0.9691848906560636,short,0.0027626752853393,0.0364515781402587,0.0623897314071655
2026-01-26,489,HCA,-0.4605001523867547,0.9711729622266402,short,-0.028882622718811,-0.034734308719635,-0.0131069421768188
2026-01-26,490,HLT,-0.4605001523867547,0.9731610337972167,short,0.0004726648330688,0.0079008340835571,0.0284633636474609
2026-01-26,491,HSIC,-0.4605001523867547,0.9751491053677932,short,-0.0232861042022705,-0.0180824398994445,-0.0485235452651977
2026-01-26,492,TXT,-0.4605001523867547,0.9771371769383698,short,-0.0789557695388794,-0.0654781460762023,-0.0594291090965271
2026-01-26,493,HST,-0.4605001523867547,0.9791252485089464,short,-0.0075349807739257,-0.0026910305023193,0.0156081914901733
2026-01-26,494,UNP,-0.4605001523867547,0.9811133200795228,short,-0.0208126902580261,0.010965347290039,0.0384433269500732
2026-01-26,495,UPS,-0.4605001523867547,0.9831013916500994,short,-0.032649278640747,-0.0091417431831359,0.0433769226074218
2026-01-26,496,USB,-0.4605001523867547,0.985089463220676,short,-0.0139748454093933,-0.0074296593666076,0.0382097959518432
2026-01-26,497,AIZ,-0.4605001523867547,0.9870775347912524,short,0.0010124444961547,0.0045560598373413,0.0176334381103515
2026-01-26,498,AJG,-0.4605001523867547,0.989065606361829,short,0.0001649856567382,0.0290513038635253,0.0222836732864379
2026-01-26,499,ALL,-0.4605001523867547,0.9910536779324056,short,0.0131436586380004,0.0216666460037231,0.0359398126602172
2026-01-26,500,ALLE,-0.4605001523867547,0.993041749502982,short,-0.0119240283966064,-0.0089879631996154,0.0056923627853393
2026-01-26,501,AME,-0.4605001523867547,0.9950298210735586,short,0.0087504386901855,0.0155060291290283,0.0379035472869873
2026-01-26,502,AMP,-0.4605001523867547,0.9970178926441352,short,0.0026890039443969,0.0579134225845336,0.0636526346206665
2026-01-26,503,AMT,-0.4605001523867547,0.9990059642147118,short,-0.0142167806625366,-0.0043872594833374,-0.0385406017303466
2026-01-27,1,MU,0.3950171486479363,0.0009940357852882,long,0.0011717081069946,0.0057893991470336,-0.1283771395683288
2026-01-27,2,SNDK,0.3900529575198848,0.0029821073558648,long,0.0221177339553833,0.2608077526092529,0.107878565788269
2026-01-27,3,MRNA,0.3677100198774585,0.0049701789264413,long,0.0344370603561401,-0.0607063770294189,-0.0558498501777648
2026-01-27,4,WDC,0.3578817033357057,0.0069582504970178,long,-0.0046120882034301,-0.0338577032089233,-0.0367894172668457
2026-01-27,5,LITE,0.3560192972407041,0.0089463220675944,long,-0.0092467665672302,0.0997922420501709,0.2091947793960571
2026-01-27,6,ALB,0.3493951564642689,0.0109343936381709,long,-0.0196929574012756,-0.1052460670471191,-0.0850105881690979
2026-01-27,7,SATS,0.3216445968210764,0.0129224652087475,long,-0.1175236105918884,-0.0934899449348449,-0.1390682458877563
2026-01-27,8,APP,0.3136677909659713,0.014910536779324,long,0.0495611429214477,-0.1094475984573364,-0.2858248949050903
2026-01-27,9,INTC,0.3124403935119633,0.0168986083499005,long,-0.0024600028991699,0.0006150007247924,-0.0036900639533996
2026-01-27,10,DDOG,0.2770408632865747,0.0188866799204771,long,-0.0880762934684753,-0.0818867087364196,-0.1767928004264831
2026-01-27,11,LRCX,0.2663324993237628,0.0208747514910536,long,0.0358543395996093,-0.0086818933486938,-0.1243843436241149
2026-01-27,12,TTD,0.2206680171618648,0.0228628230616302,long,-0.0194540619850158,-0.0665202736854553,-0.1443364024162292
2026-01-27,13,HOOD,0.219447749287872,0.0248508946322067,long,-0.0208897590637207,-0.1304641962051391,-0.2203094363212585
2026-01-27,14,NEM,0.2169305012222838,0.0268389662027833,long,-0.0380446910858154,-0.1447517871856689,-0.1144372820854187
2026-01-27,15,ORCL,0.2059177225407805,0.0288270377733598,long,-0.0219328999519348,-0.0737268924713134,-0.1512153148651123
2026-01-27,16,AMAT,0.2030367154201847,0.0308151093439363,long,0.0136302709579467,-0.0247958898544311,-0.1162583231925964
2026-01-27,17,KLAC,0.2030119719799388,0.0328031809145129,long,0.0353429317474365,-0.1332042813301086,-0.1966445446014404
2026-01-27,18,STX,0.1999063600344885,0.0347912524850894,long,0.0082180500030517,-0.0225317478179931,-0.0548619031906127
2026-01-27,19,CNC,0.197541725446751,0.036779324055666,long,0.0405727624893188,0.0214796066284179,-0.0224344134330749
2026-01-27,20,CVNA,0.1842773990412542,0.0387673956262425,long,0.042434811592102,-0.0052433609962463,-0.0414593815803527
2026-01-27,21,DLTR,0.1695096791148132,0.040755467196819,long,-0.0150293707847595,-0.0157850384712219,0.0229219198226928
2026-01-27,22,FCX,0.1623308011491305,0.0427435387673956,long,0.0235737562179565,-0.0451045632362365,-0.0278170704841613
2026-01-27,23,NOW,0.1495464774910938,0.0447316103379721,long,-0.0994444489479065,-0.0896466374397277,-0.1431105732917785
2026-01-27,24,COHR,0.1491364351770807,0.0467196819085487,long,-0.0238762497901916,0.0058786869049072,-0.045853316783905
2026-01-27,25,BA,0.1350610908596332,0.0487077534791252,long,-0.031251311302185,-0.0354732871055603,-0.0233453512191772
2026-01-27,26,COIN,0.1320819160831637,0.0506958250497017,long,-0.0489423871040344,-0.1029937863349914,-0.1948622465133667
2026-01-27,27,PSKY,0.1314808982096308,0.0526838966202783,long,-0.0070546865463256,-0.0141093134880065,-0.0520282387733459
2026-01-27,28,LULU,0.1173137791245926,0.0546719681908548,long,-0.0433047413825988,-0.0070418715476989,-0.0130302309989929
2026-01-27,29,SMCI,0.1117947131519118,0.0566600397614314,long,-0.0349246263504028,-0.0480615496635437,0.0817046165466308
2026-01-27,30,HII,0.1049584849297336,0.0586481113320079,long,0.0057358741760253,-0.0119655728340148,-0.0287970900535583
2026-01-27,474,TDG,-0.4605001523867547,0.941351888667992,short,0.0069894790649414,0.0165636539459228,-0.1043388247489929
2026-01-27,475,TAP,-0.4605001523867547,0.9433399602385686,short,-0.0035610198974609,0.0144532918930053,0.0747801065444946
2026-01-27,476,T,-0.4605001523867547,0.9453280318091452,short,0.04403817653656,0.0926464796066284,0.1308683156967163
2026-01-27,477,TKO,-0.4605001523867547,0.9473161033797216,short,0.0319170951843261,0.0289409160614013,0.0597803592681884
2026-01-27,478,TMO,-0.4605001523867547,0.9493041749502982,short,-0.0260847210884094,-0.0431728959083557,-0.0703924894332885
2026-01-27,479,TRGP,-0.4605001523867547,0.9512922465208749,short,0.001939058303833,-0.0122309327125549,0.0164569616317749
2026-01-27,480,VRSN,-0.4605001523867547,0.9532803180914512,short,-0.0366469025611877,-0.009861946105957,-0.0494279861450195
2026-01-27,481,VTR,-0.4605001523867547,0.955268389662028,short,0.0125132799148559,0.0196260213851928,0.0238409042358398
2026-01-27,482,FAST,-0.4605001523867547,0.9572564612326044,short,-0.0068775415420532,0.0270518064498901,0.106831669807434
2026-01-27,483,FE,-0.4605001523867547,0.9592445328031808,short,-0.0016873478889465,-0.0088588595390319,-0.0213034749031066
2026-01-27,484,TROW,-0.4605001523867547,0.9612326043737576,short,-0.0040855407714843,0.0133017301559448,-0.0781947970390319
2026-01-27,485,TRV,-0.4605001523867547,0.963220675944334,short,0.0079776048660278,0.0127286911010742,0.0467308759689331
2026-01-27,486,VMC,-0.4605001523867547,0.9652087475149106,short,-0.000867486000061,0.0206519365310668,0.039235234260559
2026-01-27,487,VRSK,-0.4605001523867547,0.967196819085487,short,-0.0111400485038757,-0.0222800970077514,-0.1347760558128357
2026-01-27,488,FOXA,-0.4605001523867547,0.9691848906560636,short,0.009839653968811,0.0174304246902465,-0.0479335784912109
2026-01-27,489,FOX,-0.4605001523867547,0.9711729622266402,short,0.0063773393630981,0.0153989791870117,-0.0542852878570556
2026-01-27,490,FITB,-0.4605001523867547,0.9731610337972167,short,0.0020124912261962,0.0454820394515991,0.0885490179061889
2026-01-27,491,FISV,-0.4605001523867547,0.9751491053677932,short,-0.0234025716781616,-0.0309468507766723,-0.0805234313011169
2026-01-27,492,WELL,-0.4605001523867547,0.9771371769383698,short,0.0095139741897583,0.0189734697341918,0.0083723068237304
2026-01-27,493,FRT,-0.4605001523867547,0.9791252485089464,short,0.0077137947082519,0.0051091909408569,0.0378681421279907
2026-01-27,494,TTWO,-0.4605001523867547,0.9811133200795228,short,-0.0160785913467407,-0.0878772735595703,-0.1744386553764343
2026-01-27,495,TXT,-0.4605001523867547,0.9831013916500994,short,0.0118677616119384,0.0088719129562377,0.0453969240188598
2026-01-27,496,WMT,-0.4605001523867547,0.985089463220676,short,0.0072059631347656,0.0642532110214233,0.0980526208877563
2026-01-27,497,WMB,-0.4605001523867547,0.9870775347912524,short,0.0047818422317504,-0.0086671113967895,-0.0068738460540771
2026-01-27,498,WM,-0.4605001523867547,0.989065606361829,short,-0.0365716814994812,-0.0364421606063842,-0.0223230123519897
2026-01-27,499,XEL,-0.4605001523867547,0.9910536779324056,short,-0.0005262494087219,-0.0198658108711242,0.0024995803833007
2026-01-27,500,XYL,-0.4605001523867547,0.993041749502982,short,0.0177094936370849,0.0321723222732543,0.0311393737792968
2026-01-27,501,YUM,-0.4605001523867547,0.9950298210735586,short,0.0103976726531982,0.0148817300796508,0.036976933479309
2026-01-27,502,ACGL,-0.4605001523867547,0.9970178926441352,short,0.016459584236145,0.0269725322723388,0.0632897615432739
2026-01-27,503,ABNB,-0.4605001523867547,0.9990059642147118,short,0.0016723871231079,-0.0018244385719299,-0.05275559425354
2026-01-28,1,MRNA,0.3950171486479363,0.0009940357852882,long,-0.0595390796661376,-0.0994451642036438,-0.1278275847434997
2026-01-28,2,MU,0.3950171486479363,0.0029821073558648,long,-0.047981858253479,-0.0375180840492248,-0.1213887333869934
2026-01-28,3,ALB,0.3919810540491197,0.0049701789264413,long,-0.0557276606559753,-0.0556723475456237,-0.1340343356132507
2026-01-28,4,SNDK,0.3863945009513518,0.0069582504970178,long,0.0685148239135742,0.2896533012390136,0.0684220790863037
2026-01-28,5,LITE,0.3773620251040265,0.0089463220675944,long,0.0272650718688964,0.1406774520874023,0.3224098682403564
2026-01-28,6,APP,0.3726171066430522,0.0109343936381709,long,-0.1688743233680725,-0.1887603998184204,-0.3408228158950805
2026-01-28,7,WDC,0.2866191632124437,0.0129224652087475,long,-0.1012176275253295,0.0424911975860595,-0.0654430389404296
2026-01-28,8,INTC,0.2742457771383918,0.014910536779324,long,-0.0450061559677124,0.0121248960494995,-0.0086312890052795
2026-01-28,9,LRCX,0.2624535029050165,0.0168986083499005,long,-0.0592738389968872,-0.0728129744529724,-0.1404682397842407
2026-01-28,10,CVNA,0.25313090316275,0.0188866799204771,long,-0.061599314212799,-0.0399588346481323,-0.1023535728454589
2026-01-28,11,DDOG,0.2480796205349058,0.0208747514910536,long,0.0088938474655151,-0.0664689540863037,-0.167342722415924
2026-01-28,12,TER,0.2450624985762816,0.0228628230616302,long,-0.0429586172103881,0.1235162019729614,0.0764681100845336
2026-01-28,13,SLB,0.2371035534649802,0.0248508946322067,long,-0.0014447569847106,0.0270380973815917,0.0218781232833862
2026-01-28,14,COHR,0.2342631268170329,0.0268389662027833,long,-0.0170481204986572,0.0617066621780395,-0.030668020248413
2026-01-28,15,SATS,0.2336999823274091,0.0288270377733598,long,-0.002115249633789,0.0119866132736206,-0.0567601323127746
2026-01-28,16,MCHP,0.2323756732892071,0.0308151093439363,long,-0.0433468222618103,-0.0340221524238586,-0.0166330337524414
2026-01-28,17,ORCL,0.227323171078707,0.0328031809145129,long,-0.0262114405632019,-0.0848470330238342,-0.192473828792572
2026-01-28,18,LULU,0.2142466395491661,0.0347912524850894,long,0.011359691619873,-0.0056217908859252,-0.0141996145248413
2026-01-28,19,CNC,0.1942277009027066,0.036779324055666,long,-0.0064219832420349,-0.024999976158142,-0.0844036936759948
2026-01-28,20,FCX,0.1921698229304955,0.0387673956262425,long,-0.0752341151237487,-0.0070627927780151,-0.0907415151596069
2026-01-28,21,NCLH,0.1917722524899784,0.040755467196819,long,-0.0418848395347595,-0.0178883075714111,-0.0532286167144775
2026-01-28,22,NEM,0.1881022812359656,0.0427435387673956,long,-0.1148664951324462,-0.0771291255950927,-0.1449617743492126
2026-01-28,23,Q,0.1846535451820729,0.0447316103379721,long,-0.037333607673645,-0.0003003478050231,-0.0714643597602844
2026-01-28,24,STX,0.1812874446915691,0.0467196819085487,long,-0.0870636105537414,-0.0047472715377807,-0.0920796394348144
2026-01-28,25,HOOD,0.1805753016056908,0.0487077534791252,long,-0.0173843502998352,-0.1399644017219543,-0.2821019291877746
2026-01-28,26,COIN,0.1708732216963261,0.0506958250497017,long,-0.0222913026809692,-0.0980017781257629,-0.2663922309875488
2026-01-28,27,AMAT,0.168622530949124,0.0526838966202783,long,-0.0557215213775634,-0.0664146542549133,-0.1094217300415039
2026-01-28,28,DLTR,0.1523008613117376,0.0546719681908548,long,0.0023868083953857,0.0202881097793579,0.019520878791809
2026-01-28,29,NOW,0.140404107805553,0.0566600397614314,long,0.0023987293243408,-0.0596248507499694,-0.1207916140556335
2026-01-28,30,KLAC,0.1377922412553237,0.0586481113320079,long,-0.1524119973182678,-0.1953867077827453,-0.209935188293457
2026-01-28,474,EMR,-0.4605001523867547,0.941351888667992,short,-0.0249468684196472,0.0091561079025268,0.0014597177505493
2026-01-28,475,EOG,-0.4605001523867547,0.9433399602385686,short,0.000446081161499,-0.0147216320037841,0.0036580562591552
2026-01-28,476,TMO,-0.4605001523867547,0.9453280318091452,short,-0.0228822827339172,-0.0372702479362487,-0.0840988755226135
2026-01-28,477,DOV,-0.4605001523867547,0.9473161033797216,short,-0.0051349997520446,0.0450797080993652,0.0741618871688842
2026-01-28,478,TROW,-0.4605001523867547,0.9493041749502982,short,0.0082045793533325,-0.0206066966056823,-0.1221141219139099
2026-01-28,479,TSCO,-0.4605001523867547,0.9512922465208749,short,-0.0015698075294494,0.0492544174194335,0.0690737962722778
2026-01-28,480,WTW,-0.4605001523867547,0.9532803180914512,short,0.0038577318191528,0.0596047639846801,0.0350040197372436
2026-01-28,481,WMT,-0.4605001523867547,0.955268389662028,short,0.0147346258163452,0.0877267122268676,0.081168532371521
2026-01-28,482,DGX,-0.4605001523867547,0.9572564612326044,short,0.0256649255752563,0.0154646635055542,0.0545654296875
2026-01-28,483,HLT,-0.4605001523867547,0.9592445328031808,short,-0.0025728344917297,0.0177760124206542,0.031542420387268
2026-01-28,484,HIG,-0.4605001523867547,0.9612326043737576,short,0.0203218460083007,0.0458563566207885,0.0750170946121215
2026-01-28,485,HAS,-0.4605001523867547,0.963220675944334,short,-0.0127128362655639,0.0464293956756591,0.0549414157867431
2026-01-28,486,XEL,-0.4605001523867547,0.9652087475149106,short,0.0011845827102661,-0.0002633333206176,0.0019744634628295
2026-01-28,487,TRV,-0.4605001523867547,0.967196819085487,short,0.0007739067077636,0.0138591527938842,0.056350827217102
2026-01-28,488,TFC,-0.4605001523867547,0.9691848906560636,short,0.0019484758377075,0.0528059005737304,0.0744348764419555
2026-01-28,489,TJX,-0.4605001523867547,0.9711729622266402,short,0.0158675909042358,0.0311927795410156,0.0537736415863037
2026-01-28,490,APD,-0.4605001523867547,0.9731610337972167,short,0.0643700361251831,0.0856964588165283,0.1073354482650756
2026-01-28,491,AVY,-0.4605001523867547,0.9751491053677932,short,0.0007011890411376,0.0077677965164184,0.0404574871063232
2026-01-28,492,WM,-0.4605001523867547,0.9771371769383698,short,-0.0039886832237243,0.0087840557098388,0.0155514478683471
2026-01-28,493,YUM,-0.4605001523867547,0.9791252485089464,short,0.0001286268234252,0.0209673643112182,0.0360817909240722
2026-01-28,494,WAT,-0.4605001523867547,0.9811133200795228,short,-0.0118876099586486,0.010048508644104,0.0045578479766845
2026-01-28,495,ATO,-0.4605001523867547,0.9831013916500994,short,0.0020481348037719,0.0169277191162109,0.0331325531005859
2026-01-28,496,WAB,-0.4605001523867547,0.985089463220676,short,-0.0107037425041198,0.0156471729278564,0.0321969985961914
2026-01-28,497,ACGL,-0.4605001523867547,0.9870775347912524,short,0.0033431053161621,0.0114918947219848,0.0653990507125854
2026-01-28,498,AMZN,-0.4605001523867547,0.989065606361829,short,-0.0100525021553039,-0.0128656029701232,-0.0787655115127563
2026-01-28,499,AMP,-0.4605001523867547,0.9910536779324056,short,0.0111823081970214,0.0166679620742797,0.0262007713317871
2026-01-28,500,ABNB,-0.4605001523867547,0.993041749502982,short,-0.0182136297225952,-0.0735751986503601,-0.0796843767166137
2026-01-28,501,AME,-0.4605001523867547,0.9950298210735586,short,-0.0116494297981262,0.0101491212844848,0.0139881372451782
2026-01-28,502,AMCR,-0.4605001523867547,0.9970178926441352,short,0.008202314376831,0.0234677791595459,0.0658464431762695
2026-01-28,503,ALLE,-0.4605001523867547,0.9990059642147118,short,0.0056548118591308,0.0205520391464233,0.069135308265686
2026-01-29,1,ALB,0.4010565378240905,0.0009940357852882,long,-0.0334056615829467,-0.0115454792976379,-0.0425482392311096
2026-01-29,2,MRNA,0.3966624123844783,0.0029821073558648,long,-0.0344905853271484,-0.0294985175132751,-0.0694350004196167
2026-01-29,3,LRCX,0.3936888054681955,0.0049701789264413,long,0.0173048973083496,-0.1014306545257568,-0.0104943513870239
2026-01-29,4,SNDK,0.3936888054681955,0.0069582504970178,long,0.1544294357299804,0.0144034624099731,0.0376572608947753
2026-01-29,5,SATS,0.3868319118248762,0.0089463220675944,long,0.0294117927551269,-0.0223458409309387,-0.014220118522644
2026-01-29,6,MU,0.3751073338181448,0.0109343936381709,long,0.0552448034286499,-0.0855187177658081,-0.0486646890640258
2026-01-29,7,APP,0.3625867239584243,0.0129224652087475,long,0.0209043025970459,-0.1812897324562072,-0.1403267383575439
2026-01-29,8,WDC,0.3517347608705699,0.014910536779324,long,0.0799264907836914,0.0766495466232299,0.1292810440063476
2026-01-29,9,NEM,0.3466171587027729,0.0168986083499005,long,0.0044503211975097,0.040053367614746,0.0264352560043334
2026-01-29,10,LITE,0.3319207512020518,0.0188866799204771,long,0.0805941820144653,0.188086986541748,0.4087127447128296
2026-01-29,11,DLTR,0.3307447006953775,0.0208747514910536,long,-0.003146469593048,0.0360575914382934,0.0530657768249511
2026-01-29,12,COHR,0.3170879510835754,0.0228628230616302,long,0.048355221748352,-0.0055612921714782,0.0730512142181396
2026-01-29,13,MCHP,0.316195986405025,0.0248508946322067,long,0.0284510850906372,0.0304268598556518,0.0011855363845825
2026-01-29,14,COIN,0.311231686106295,0.0268389662027833,long,-0.0353291630744934,-0.1341276168823242,-0.1521002650260925
2026-01-29,15,DDOG,0.3045676233415864,0.0288270377733598,long,-0.0020878911018371,-0.1052428483963012,-0.1363285183906555
2026-01-29,16,INTC,0.2854418559171826,0.0308151093439363,long,0.0503550767898559,0.0458359718322753,0.0886592864990234
2026-01-29,17,LULU,0.268014233785583,0.0328031809145129,long,0.026246428489685,0.0200573205947875,-0.0094555616378784
2026-01-29,18,ORCL,0.2626932946806193,0.0347912524850894,long,-0.0274638533592224,-0.1088224649429321,-0.1322153210639953
2026-01-29,19,NCLH,0.25316294513491,0.036779324055666,long,0.0765027999877929,0.0150274038314819,0.061930775642395
2026-01-29,20,CVNA,0.2516731311433909,0.0387673956262425,long,0.0169031620025634,-0.0201191306114196,0.0063823461532592
2026-01-29,21,KLAC,0.24760970654143,0.040755467196819,long,-0.0122483968734741,-0.0845413208007812,0.0105116367340087
2026-01-29,22,FCX,0.2406097394083227,0.0427435387673956,long,0.0087995529174804,0.0270628929138183,0.0073052644729614
2026-01-29,23,STX,0.2405227068125318,0.0447316103379721,long,0.061958909034729,0.0268341302871704,0.0530550479888916
2026-01-29,24,TER,0.2393265824936545,0.0467196819085487,long,0.0351793766021728,0.116241455078125,0.2450113296508789
2026-01-29,25,HOOD,0.2119867583694574,0.0487077534791252,long,-0.0962002277374267,-0.1895858645439148,-0.1674708724021911
2026-01-29,26,Q,0.205932598049626,0.0506958250497017,long,0.0466833114624023,-0.0069661140441894,0.0212101936340332
2026-01-29,27,TTD,0.2058868686391393,0.0526838966202783,long,-0.0191229581832885,-0.1008902192115783,-0.1084734201431274
2026-01-29,28,SLB,0.1995085066175254,0.0546719681908548,long,-0.0068210363388061,0.0613889694213867,0.047953724861145
2026-01-29,29,CEG,0.1908091772372178,0.0566600397614314,long,-0.0349151492118835,-0.1076670289039611,-0.0686190128326416
2026-01-29,30,CNC,0.1882807044361988,0.0586481113320079,long,-0.0120037198066711,-0.0544782876968383,-0.1121883988380432
2026-01-29,474,APD,-0.4686694743128496,0.941351888667992,short,-0.0055413246154785,0.0517064332962036,0.0389724969863891
2026-01-29,475,BKNG,-0.4686694743128496,0.9433399602385686,short,0.0240731239318847,-0.0789129137992858,-0.108893871307373
2026-01-29,476,BDX,-0.4686694743128496,0.9453280318091452,short,-0.0077157020568847,0.0215746164321899,0.0321408510208129
2026-01-29,477,AXP,-0.4686694743128496,0.9473161033797216,short,0.0018739700317382,0.0042593479156494,0.0198199748992919
2026-01-29,478,BAC,-0.4686694743128496,0.9493041749502982,short,0.0156015157699584,0.0409774780273437,0.062593936920166
2026-01-29,479,BALL,-0.4686694743128496,0.9512922465208749,short,-0.0031651258468627,0.1396166086196899,0.1688060760498047
2026-01-29,480,TROW,-0.4686694743128496,0.9532803180914512,short,0.0091786384582519,-0.0819455385208129,-0.105034053325653
2026-01-29,481,TMUS,-0.4686694743128496,0.955268389662028,short,-0.0112570524215698,0.023223876953125,0.0009126663208007
2026-01-29,482,TJX,-0.4686694743128496,0.9572564612326044,short,0.0024030208587646,0.0275683403015136,0.0403845310211181
2026-01-29,483,TRV,-0.4686694743128496,0.9592445328031808,short,0.0039365291595458,0.0376436710357666,0.0596815347671508
2026-01-29,484,TFC,-0.4686694743128496,0.9612326043737576,short,0.0241152048110961,0.0717619657516479,0.085375428199768
2026-01-29,485,CAG,-0.4686694743128496,0.963220675944334,short,-0.007023274898529,0.0696920156478881,0.0453808307647705
2026-01-29,486,UDR,-0.4686694743128496,0.9652087475149106,short,-0.0107672214508056,0.01238214969635,0.0107671022415161
2026-01-29,487,AVY,-0.4686694743128496,0.967196819085487,short,0.0085170269012451,0.0410760641098022,0.0323432683944702
2026-01-29,488,AMGN,-0.4686694743128496,0.9691848906560636,short,0.0081899166107177,0.0711361169815063,0.1241371631622314
2026-01-29,489,AME,-0.4686694743128496,0.9711729622266402,short,0.0166980028152465,0.0171890258789062,0.0354050397872924
2026-01-29,490,AMCR,-0.4686694743128496,0.9731610337972167,short,-0.0112994313240051,0.0974011421203613,0.0885875225067138
2026-01-29,491,ALLE,-0.4686694743128496,0.9751491053677932,short,0.0007860660552978,0.046254277229309,0.0869460105895996
2026-01-29,492,ALL,-0.4686694743128496,0.9771371769383698,short,0.008894920349121,0.0408562421798706,0.0430172681808471
2026-01-29,493,AIZ,-0.4686694743128496,0.9791252485089464,short,0.0094906091690063,0.0133540630340576,0.0217528343200683
2026-01-29,494,USB,-0.4686694743128496,0.9811133200795228,short,0.0222777128219604,0.0589911937713623,0.0816253423690795
2026-01-29,495,UNP,-0.4686694743128496,0.9831013916500994,short,0.0005528926849365,0.0623563528060913,0.0745214223861694
2026-01-29,496,AWK,-0.4686694743128496,0.985089463220676,short,-0.0198250412940979,-0.037404179573059,-0.0371718406677246
2026-01-29,497,VTR,-0.4686694743128496,0.9870775347912524,short,-0.0033473968505859,0.0007725954055786,0.0628299713134765
2026-01-29,498,VRSK,-0.4686694743128496,0.989065606361829,short,-0.0152212381362915,-0.1285294294357299,-0.1764002442359924
2026-01-29,499,VMC,-0.4686694743128496,0.9910536779324056,short,0.0179011821746826,0.0364344120025634,0.0771278142929077
2026-01-29,500,VICI,-0.4686694743128496,0.993041749502982,short,-0.0046296119689941,0.0274217128753662,0.0242165327072143
2026-01-29,501,VRTX,-0.4686694743128496,0.9950298210735586,short,0.0044903755187988,0.001319408416748,0.017067551612854
2026-01-29,502,WAB,-0.4686694743128496,0.9970178926441352,short,0.0154254436492919,0.0462762117385864,0.0703051090240478
2026-01-29,503,YUM,-0.4686694743128496,0.9990059642147118,short,0.0043087005615234,0.026173710823059,0.0477813482284545
2026-01-30,1,MRNA,0.3334677206862864,0.0009940357852882,long,-0.0082255601882934,-0.0394829511642456,-0.0141010284423828
2026-01-30,2,SATS,0.3291017528709442,0.0029821073558648,long,-0.014843463897705,-0.0817675590515136,-0.0116688013076782
2026-01-30,3,WDC,0.3264914288022996,0.0049701789264413,long,0.0740479230880737,-0.0371535420417785,0.0583206415176391
2026-01-30,4,MU,0.3264914288022996,0.0069582504970178,long,-0.0419369339942932,-0.1254225373268127,-0.1240292191505432
2026-01-30,5,INTC,0.3222141351126102,0.0089463220675944,long,0.0090144872665405,-0.0116779208183288,0.0292972326278686
2026-01-30,6,NEM,0.3221254609869574,0.0109343936381709,long,0.0380151271820068,-0.0382809042930603,0.0698271989822387
2026-01-30,7,FCX,0.3221254609869574,0.0129224652087475,long,0.0643515586853027,-0.0253455638885498,0.0469058752059936
2026-01-30,8,MCHP,0.3208697116647286,0.014910536779324,long,-0.0181864500045776,-0.0005123019218444,-0.0470030307769775
2026-01-30,9,SNDK,0.3208565410779435,0.0168986083499005,long,0.0455024242401123,-0.1338464021682739,-0.1230232119560241
2026-01-30,10,ALB,0.3146711043458242,0.0188866799204771,long,0.0346207618713378,-0.0512338280677795,0.0050324201583862
2026-01-30,11,LRCX,0.3089158426238163,0.0208747514910536,long,-0.0311578512191772,-0.1018526554107666,-0.0346105098724365
2026-01-30,12,KLAC,0.2776847997275764,0.0228628230616302,long,-0.0389307737350463,-0.0563082098960876,0.021064281463623
2026-01-30,13,COHR,0.276546664474022,0.0248508946322067,long,0.0303002595901489,-0.0593418478965759,0.0900018215179443
2026-01-30,14,STX,0.266716383742369,0.0268389662027833,long,0.0265619754791259,-0.0635177493095398,-0.0183624029159545
2026-01-30,15,COIN,0.2662616427346596,0.0288270377733598,long,-0.0436494946479797,-0.2221867442131042,-0.1097093820571899
2026-01-30,16,LITE,0.2616766972146955,0.0308151093439363,long,0.0275849103927612,0.1912994384765625,0.3630673885345459
2026-01-30,17,APP,0.248163015446841,0.0328031809145129,long,-0.0439130067825317,-0.2231262922286987,-0.046832263469696
2026-01-30,18,TTD,0.2443525213665229,0.0347912524850894,long,-0.0863865613937377,-0.1179832220077514,-0.0910924077033996
2026-01-30,19,CVNA,0.2428092623129969,0.036779324055666,long,0.006055474281311,-0.0593297481536865,0.0091199874877929
2026-01-30,20,ORCL,0.2382635033333003,0.0387673956262425,long,-0.0336748957633972,-0.1473197937011718,-0.021679401397705
2026-01-30,21,TER,0.2319157300112472,0.040755467196819,long,0.134052038192749,0.0865627527236938,0.2423757314682006
2026-01-30,22,NCLH,0.225643799963414,0.0427435387673956,long,-0.0478003025054931,-0.0820642709732055,-0.0334178805351257
2026-01-30,23,LMT,0.2085235134183247,0.0447316103379721,long,-0.0121697783470153,-0.0421698093414306,0.0036005973815917
2026-01-30,24,AMAT,0.1899440270400247,0.0467196819085487,long,-0.0296284556388854,-0.0743300914764404,0.0066078901290893
2026-01-30,25,AMD,0.1807927823099943,0.0487077534791252,long,-0.0168920159339904,-0.218337595462799,-0.1229138970375061
2026-01-30,26,HOOD,0.1669507014050568,0.0506958250497017,long,-0.0315871834754943,-0.1916360855102539,-0.0372595191001892
2026-01-30,27,Q,0.1629896349636619,0.0526838966202783,long,-0.0078474283218383,-0.078474223613739,0.0449985265731811
2026-01-30,28,PODD,0.1579288792218422,0.0546719681908548,long,-0.0210427641868591,-0.0524900555610656,-0.0430597066879272
2026-01-30,29,CCL,0.1433185925055182,0.0566600397614314,long,-0.0157164931297302,-0.0308166146278381,0.0110939741134643
2026-01-30,30,AXON,0.126417250955703,0.0586481113320079,long,-0.0189133882522583,-0.1311767697334289,-0.0570012331008911
2026-01-30,474,GOOG,-0.4038423216823904,0.941351888667992,short,-0.0121774077415466,-0.0393447875976562,-0.0594375133514404
2026-01-30,475,CBOE,-0.4038423216823904,0.9433399602385686,short,0.0180356502532959,0.0430432558059692,0.0642619132995605
2026-01-30,476,CBRE,-0.4038423216823904,0.9453280318091452,short,-0.0354865193367004,-0.0187765955924987,0.0095653533935546
2026-01-30,477,TJX,-0.4038423216823904,0.9473161033797216,short,0.0126523971557617,0.0348271131515502,0.0404208898544311
2026-01-30,478,TRV,-0.4038423216823904,0.9493041749502982,short,0.0091027021408081,0.0513951778411865,0.025172472000122
2026-01-30,479,GWW,-0.4038423216823904,0.9512922465208749,short,0.0536589622497558,0.0793391466140747,0.0857249498367309
2026-01-30,480,BAC,-0.4038423216823904,0.9532803180914512,short,0.0077735185623168,0.0168424844741821,0.0440496206283569
2026-01-30,481,BALL,-0.4038423216823904,0.955268389662028,short,0.08961021900177,0.1675781011581421,0.1756924390792846
2026-01-30,482,ABBV,-0.4038423216823904,0.9572564612326044,short,8.869171142578125e-05,-0.0293387770652771,-0.0105478167533874
2026-01-30,483,BDX,-0.4038423216823904,0.9592445328031808,short,0.0227328538894653,0.0227823257446289,0.027140736579895
2026-01-30,484,IEX,-0.4038423216823904,0.9612326043737576,short,0.0171022415161132,0.0742609500885009,0.0632126331329345
2026-01-30,485,INCY,-0.4038423216823904,0.963220675944334,short,-0.0170449018478393,0.0008766651153564,0.0619460344314575
2026-01-30,486,ITW,-0.4038423216823904,0.9652087475149106,short,0.0556375980377197,0.0911396741867065,0.0998069047927856
2026-01-30,487,CB,-0.4038423216823904,0.967196819085487,short,0.0068434476852416,0.0643534660339355,0.0479358434677124
2026-01-30,488,HLT,-0.4038423216823904,0.9691848906560636,short,0.0055128335952758,0.0191133022308349,0.0366421937942504
2026-01-30,489,HST,-0.4038423216823904,0.9711729622266402,short,0.0107123851776123,0.0176753997802734,0.0465989112854003
2026-01-30,490,BK,-0.4038423216823904,0.9731610337972167,short,-0.0188307166099548,-0.0090453028678894,0.0493381023406982
2026-01-30,491,ICE,-0.4038423216823904,0.9751491053677932,short,-0.0583784580230712,-0.0282365083694458,-0.0213650465011596
2026-01-30,492,BMY,-0.4038423216823904,0.9771371769383698,short,0.0017892122268676,0.0649490356445312,0.0873143672943115
2026-01-30,493,UDR,-0.4038423216823904,0.9791252485089464,short,-0.0032652616500854,0.0103402137756347,0.0272108316421508
2026-01-30,494,UNP,-0.4038423216823904,0.9811133200795228,short,0.0266122817993164,0.0689537525177002,0.0812397003173828
2026-01-30,495,USB,-0.4038423216823904,0.9831013916500994,short,0.0231868028640747,0.0305091142654418,0.0521268844604492
2026-01-30,496,VICI,-0.4038423216823904,0.985089463220676,short,0.003577709197998,0.0282647609710693,0.0397137403488159
2026-01-30,497,ATO,-0.4038423216823904,0.9870775347912524,short,0.0137521028518676,0.0299062728881835,0.0296660661697387
2026-01-30,498,AVB,-0.4038423216823904,0.989065606361829,short,-0.0058750510215759,-0.0320557355880737,-0.0106091499328613
2026-01-30,499,AVY,-0.4038423216823904,0.9910536779324056,short,-0.0014430880546569,0.0309476852416992,0.0126677751541137
2026-01-30,500,AWK,-0.4038423216823904,0.993041749502982,short,-0.0053725242614746,-0.0070316791534423,-0.0286008119583129
2026-01-30,501,ALL,-0.4038423216823904,0.9950298210735586,short,0.0050309896469116,0.0718768835067749,-0.0040844678878784
2026-01-30,502,ALLE,-0.4038423216823904,0.9970178926441352,short,0.0140163898468017,0.0622885227203369,0.0750362873077392
2026-01-30,503,ABNB,-0.4038423216823904,0.9990059642147118,short,-0.0703297853469848,-0.0764603018760681,-0.0761556625366211
2026-02-02,1,MU,0.3831513409831208,0.0009940357852882,long,-0.0954606533050537,-0.0590072274208068,-0.1101230382919311
2026-02-02,2,MRNA,0.3831513409831208,0.0029821073558648,long,0.0135071277618408,-0.0281991362571716,-0.0048578381538391
2026-02-02,3,NEM,0.3831513409831208,0.0049701789264413,long,-0.0024756789207458,-0.0155369639396667,0.0374765396118164
2026-02-02,4,LRCX,0.3776274006448826,0.0069582504970178,long,-0.0883094668388366,0.0039547681808471,-0.0151673555374145
2026-02-02,5,WDC,0.3762047693620772,0.0089463220675944,long,-0.0717681646347045,-0.0263919830322265,-0.0953693389892578
2026-02-02,6,SNDK,0.3691088370720595,0.0109343936381709,long,-0.1595376133918762,-0.1402711868286132,-0.2212333083152771
2026-02-02,7,ALB,0.3611952132308486,0.0129224652087475,long,-0.0116033554077148,-0.0426043272018432,-0.0121893882751464
2026-02-02,8,APP,0.3499779067373351,0.014910536779324,long,-0.1612204909324646,-0.1192533373832702,0.0241018533706665
2026-02-02,9,SATS,0.3429241128791329,0.0168986083499005,long,-0.0359693169593811,-0.0279567837715148,0.0074028968811035
2026-02-02,10,LITE,0.3348320883364682,0.0188866799204771,long,0.0699609518051147,0.2686508893966675,0.2896575927734375
2026-02-02,11,INTC,0.3301403810662546,0.0208747514910536,long,-0.0131980180740356,0.0272080898284912,-0.0430456399917602
2026-02-02,12,STX,0.3289765627834452,0.0228628230616302,long,-0.0580942630767822,-0.0340420603752136,-0.1084936261177063
2026-02-02,13,CVNA,0.3251725513574973,0.0248508946322067,long,-0.0422067642211914,-0.0163027048110961,-0.0454965829849243
2026-02-02,14,COHR,0.2844555827949193,0.0268389662027833,long,-0.0793262720108032,-0.006545066833496,-0.0035343170166015
2026-02-02,15,LMT,0.2620487901412091,0.0288270377733598,long,-0.0405883193016052,-0.0074491500854492,0.0020692348480224
2026-02-02,16,FCX,0.2425499043301278,0.0308151093439363,long,-0.0434513092041015,-0.0618524551391601,-0.0218030214309692
2026-02-02,17,COIN,0.2358536719376069,0.0328031809145129,long,-0.0614494681358337,-0.0809307098388671,-0.0954581499099731
2026-02-02,18,NCLH,0.2326747129597941,0.0347912524850894,long,-0.0097734332084655,0.0359840393066406,0.0466458797454834
2026-02-02,19,LULU,0.2218818157853279,0.036779324055666,long,0.0374773740768432,0.0074604749679565,0.0527480840682983
2026-02-02,20,DECK,0.2038158922863506,0.0387673956262425,long,-0.0096170306205749,0.0186165571212768,0.0191459655761718
2026-02-02,21,LUV,0.1989947190480322,0.040755467196819,long,0.0273491144180297,0.0599726438522338,0.0562610626220703
2026-02-02,22,CIEN,0.196719959996333,0.0427435387673956,long,-0.0832489132881164,-0.0188050866127014,0.0802112817764282
2026-02-02,23,KLAC,0.1963159990199403,0.0447316103379721,long,-0.035646378993988,0.0644834041595459,0.0555497407913208
2026-02-02,24,DDOG,0.1946547369477982,0.0467196819085487,long,-0.0330102443695068,-0.0666053891181945,0.0836536884307861
2026-02-02,25,MCHP,0.1842323316032044,0.0487077534791252,long,0.0204800367355346,-0.0084789991378784,0.0026088953018188
2026-02-02,26,AMAT,0.1830118463522277,0.0506958250497017,long,-0.0661185979843139,0.0120500326156616,0.0326355695724487
2026-02-02,27,TTD,0.1784290870651144,0.0526838966202783,long,0.003311276435852,-0.0051507949829101,0.034952163696289
2026-02-02,28,HOOD,0.1661329819427173,0.0546719681908548,long,-0.0740783214569091,-0.0488113164901733,-0.0168829560279846
2026-02-02,29,TXN,0.1628624870131576,0.0566600397614314,long,-0.0101683139801025,-0.0167399644851684,-0.0190489292144775
2026-02-02,30,ORCL,0.152090226287736,0.0586481113320079,long,-0.0517230033874511,-0.0766146779060363,0.0337492227554321
2026-02-02,474,EA,-0.4527072708532733,0.941351888667992,short,-0.0225930213928222,-0.0069020390510559,0.0059089660644531
2026-02-02,475,ECL,-0.4527072708532733,0.9433399602385686,short,0.0203243494033813,0.0280078649520874,0.0609021186828613
2026-02-02,476,EG,-0.4527072708532733,0.9453280318091452,short,0.0108845233917236,-0.0043658018112182,0.0019707679748535
2026-02-02,477,IEX,-0.4527072708532733,0.9473161033797216,short,0.0527751445770263,0.0484102964401245,0.0643321275711059
2026-02-02,478,INVH,-0.4527072708532733,0.9493041749502982,short,0.0110771656036376,0.0061115026473999,0.0458364486694335
2026-02-02,479,BK,-0.4527072708532733,0.9512922465208749,short,0.0167616605758667,0.0419040918350219,0.0597552061080932
2026-02-02,480,BLK,-0.4527072708532733,0.9532803180914512,short,0.0056818723678588,-0.0128027200698852,0.0165408849716186
2026-02-02,481,TAP,-0.4527072708532733,0.955268389662028,short,0.0403487682342529,0.0494728088378906,0.0549472570419311
2026-02-02,482,TJX,-0.4527072708532733,0.9572564612326044,short,0.0122969150543212,0.0249227285385131,0.0080225467681884
2026-02-02,483,TROW,-0.4527072708532733,0.9592445328031808,short,-0.0549386739730834,-0.0787064433097839,-0.05864018201828
2026-02-02,484,TRV,-0.4527072708532733,0.9612326043737576,short,0.0242514610290527,0.0460048913955688,0.0360127687454223
2026-02-02,485,VICI,-0.4527072708532733,0.963220675944334,short,0.0285205841064453,0.0253119468688964,0.0427807569503784
2026-02-02,486,VMC,-0.4527072708532733,0.9652087475149106,short,0.0015432834625244,0.0408668518066406,0.0622487068176269
2026-02-02,487,VRSK,-0.4527072708532733,0.967196819085487,short,-0.0154813528060913,-0.0695620775222778,-0.1195906400680542
2026-02-02,488,VRTX,-0.4527072708532733,0.9691848906560636,short,0.0105453729629516,0.0264384746551513,-0.0045745968818664
2026-02-02,489,VTR,-0.4527072708532733,0.9711729622266402,short,0.0005148649215698,0.0625562667846679,0.0799330472946167
2026-02-02,490,HRL,-0.4527072708532733,0.9731610337972167,short,0.02761971950531,0.0125913619995117,-0.0129976272583007
2026-02-02,491,HSIC,-0.4527072708532733,0.9751491053677932,short,0.0289855003356933,0.0899645090103149,0.1077384948730468
2026-02-02,492,HST,-0.4527072708532733,0.9771371769383698,short,0.0233173370361328,0.0254372358322143,0.0561738014221191
2026-02-02,493,XEL,-0.4527072708532733,0.9791252485089464,short,0.0032916069030761,-0.0006582736968994,0.0204081535339355
2026-02-02,494,XYL,-0.4527072708532733,0.9811133200795228,short,0.0084433555603027,0.0256186723709106,-0.0696399807929992
2026-02-02,495,EXPD,-0.4527072708532733,0.9831013916500994,short,0.01664400100708,0.0173836946487426,-0.0031438469886779
2026-02-02,496,EXR,-0.4527072708532733,0.985089463220676,short,0.0259919166564941,0.013683795928955,0.0240371227264404
2026-02-02,497,F,-0.4527072708532733,0.9870775347912524,short,0.0065549612045288,0.0050983428955078,-0.0116533041000366
2026-02-02,498,FE,-0.4527072708532733,0.989065606361829,short,-0.0104499459266662,-0.0055448412895202,0.0164214372634887
2026-02-02,499,FOX,-0.4527072708532733,0.9910536779324056,short,-0.0376701951026916,-0.0764482617378234,-0.0902184247970581
2026-02-02,500,FOXA,-0.4527072708532733,0.993041749502982,short,-0.0361462235450744,-0.0781272053718566,-0.0981926321983337
2026-02-02,501,FRT,-0.4527072708532733,0.9950298210735586,short,0.0322837829589843,0.0538063049316406,0.0726385116577148
2026-02-02,502,ATO,-0.4527072708532733,0.9970178926441352,short,0.0178899765014648,0.0152242183685302,0.0317516326904296
2026-02-02,503,ZTS,-0.4527072708532733,0.9990059642147118,short,0.035046100616455,0.0409280061721801,0.0467282533645629
2026-02-03,1,WDC,0.3831513409831208,0.0009940357852882,long,-0.0342229604721069,0.0615417957305908,0.0160721540451049
2026-02-03,2,ALB,0.3831513409831208,0.0029821073558648,long,-0.0722163319587707,-0.017194390296936,0.0401399135589599
2026-02-03,3,MRNA,0.3831513409831208,0.0049701789264413,long,-0.0444236993789672,-0.0191723108291625,-0.0528408288955688
2026-02-03,4,LITE,0.3765523419016223,0.0069582504970178,long,0.0835158824920654,0.2397431135177612,0.2332129478454589
2026-02-03,5,SNDK,0.3762047693620772,0.0089463220675944,long,-0.0142844319343566,-0.0019672513008117,0.0253015756607055
2026-02-03,6,LRCX,0.3717907778166303,0.0109343936381709,long,0.01682710647583,0.0929545164108276,0.1207932233810424
2026-02-03,7,NEM,0.3656093356476181,0.0129224652087475,long,-0.0712023973464965,0.0332050323486328,0.0663243532180786
2026-02-03,8,STX,0.3656093356476181,0.014910536779324,long,-0.0314836502075195,0.0152162313461303,-0.0271839499473571
2026-02-03,9,MU,0.3586619480250204,0.0168986083499005,long,0.009198784828186,0.0108065605163574,0.0815497636795044
2026-02-03,10,KLAC,0.3557177709673533,0.0188866799204771,long,0.0182142257690429,0.1016967296600341,0.1317911148071289
2026-02-03,11,FCX,0.3539265802827359,0.0208747514910536,long,-0.0426769852638244,0.0282896757125854,0.058195948600769
2026-02-03,12,CVNA,0.3407559835984481,0.0228628230616302,long,-0.0237889289855957,0.0472470521926879,-0.0737075209617614
2026-02-03,13,SATS,0.3356264654445127,0.0248508946322067,long,-0.0331557393074035,0.0406540632247924,-0.0056915879249572
2026-02-03,14,INTC,0.3273666505830486,0.0268389662027833,long,-0.0074073672294616,0.0337449312210083,-0.0063785314559936
2026-02-03,15,DDOG,0.3124401565845231,0.0288270377733598,long,-0.0776077508926391,-0.0146918892860412,0.1004234552383422
2026-02-03,16,SNPS,0.2876367235097877,0.0308151093439363,long,-0.0203828811645507,0.0475440025329589,0.0458971261978149
2026-02-03,17,LMT,0.2623933445148887,0.0328031809145129,long,0.0106509923934936,0.0589454174041748,0.0430353879928588
2026-02-03,18,TER,0.255242289094092,0.0347912524850894,long,0.0076559782028198,0.152153730392456,0.194670557975769
2026-02-03,19,ORCL,0.2549705728309339,0.036779324055666,long,-0.0694757103919982,0.0676348209381103,0.0715211629867553
2026-02-03,20,NCLH,0.2521973394494537,0.0387673956262425,long,-0.0264692902565002,0.0251233577728271,0.0296096801757812
2026-02-03,21,COIN,0.2469046296294504,0.040755467196819,long,-0.1334361433982849,-0.0081247687339782,-0.0914482474327087
2026-02-03,22,AMAT,0.2461254705879077,0.0427435387673956,long,0.0214717388153076,0.1107863187789917,0.142069935798645
2026-02-03,23,COHR,0.2384169341895869,0.0447316103379721,long,-0.0083411931991577,0.149099588394165,0.0601421594619751
2026-02-03,24,DLTR,0.2329154355140384,0.0467196819085487,long,-0.0183042287826538,0.0109988451004028,0.026019811630249
2026-02-03,25,DECK,0.2038158922863506,0.0487077534791252,long,-0.0096213817596435,0.0200445652008056,0.0277060270309448
2026-02-03,26,CIEN,0.2038158922863506,0.0506958250497017,long,-0.002051293849945,0.1427218914031982,0.1725838184356689
2026-02-03,27,APP,0.2037501226179343,0.0526838966202783,long,-0.0312644839286804,0.1885682344436645,0.1793514490127563
2026-02-03,28,CEG,0.2004125172371696,0.0546719681908548,long,-0.0135750770568847,0.0866005420684814,0.1053661108016967
2026-02-03,29,TTD,0.1943306899094033,0.0566600397614314,long,-0.0377704501152038,-0.0084341764450073,-0.0014668703079223
2026-02-03,30,AXON,0.1656046287292739,0.0586481113320079,long,-0.0719842314720153,0.0072448253631591,0.0088238716125488
2026-02-03,474,DUK,-0.4527072708532733,0.941351888667992,short,0.0098191499710083,-0.0040094852447509,0.0244660377502441
2026-02-03,475,EA,-0.4527072708532733,0.9433399602385686,short,0.0055375099182128,0.0204734802246093,0.0274335145950317
2026-02-03,476,O,-0.4527072708532733,0.9453280318091452,short,0.0144093036651611,0.0100864171981811,0.032660961151123
2026-02-03,477,ESS,-0.4527072708532733,0.9473161033797216,short,-0.0042760372161865,0.0207070112228393,0.035000205039978
2026-02-03,478,ETR,-0.4527072708532733,0.9493041749502982,short,0.0006196498870849,0.0136321783065795,0.0348032712936401
2026-02-03,479,EW,-0.4527072708532733,0.9512922465208749,short,-0.0209351778030395,-0.0372319817543029,-0.0055158138275146
2026-02-03,480,EQR,-0.4527072708532733,0.9532803180914512,short,-0.0207672715187072,0.0252059698104858,0.0248889923095703
2026-02-03,481,MNST,-0.4527072708532733,0.955268389662028,short,0.0038064718246459,-0.0066306591033935,-0.0079813599586486
2026-02-03,482,MCK,-0.4527072708532733,0.9572564612326044,short,0.1652067899703979,0.1707055568695068,0.1595985889434814
2026-02-03,483,MAR,-0.4527072708532733,0.9592445328031808,short,0.0058232545852661,0.02048921585083,0.1053426265716552
2026-02-03,484,FRT,-0.4527072708532733,0.9612326043737576,short,0.0120656490325927,0.0242278575897216,0.032335877418518
2026-02-03,485,NI,-0.4527072708532733,0.963220675944334,short,-0.0022711157798767,0.0095390081405639,0.0143084526062011
2026-02-03,486,MSI,-0.4527072708532733,0.9652087475149106,short,0.0020418167114257,0.0151093006134033,0.0116022825241088
2026-02-03,487,REG,-0.4527072708532733,0.967196819085487,short,0.0165656805038452,0.0243771076202392,0.0298990011215209
2026-02-03,488,CI,-0.4527072708532733,0.9691848906560636,short,0.0471826791763305,0.0835081338882446,0.0847227573394775
2026-02-03,489,SRE,-0.4527072708532733,0.9711729622266402,short,0.0003464221954345,0.0098118782043457,0.0525223016738891
2026-02-03,490,CPT,-0.4527072708532733,0.9731610337972167,short,-0.0196853876113891,-0.0076349973678588,0.0188575983047485
2026-02-03,491,ROL,-0.4527072708532733,0.9751491053677932,short,0.015115737915039,0.0125964879989624,0.0329082012176513
2026-02-03,492,RTX,-0.4527072708532733,0.9771371769383698,short,-0.0039138197898864,-0.0027955770492553,-0.0011690855026245
2026-02-03,493,RSG,-0.4527072708532733,0.9791252485089464,short,0.0023831129074096,0.0269477367401123,0.0356096029281616
2026-02-03,494,ROK,-0.4527072708532733,0.9811133200795228,short,-0.0538339614868164,-0.0446212291717529,-0.05367112159729
2026-02-03,495,CMS,-0.4527072708532733,0.9831013916500994,short,0.0175977945327758,0.0170391798019409,0.04078209400177
2026-02-03,496,PLD,-0.4527072708532733,0.985089463220676,short,0.0096410512924194,0.0180954933166503,0.0373777151107788
2026-02-03,497,BMY,-0.4527072708532733,0.9870775347912524,short,0.0329747200012207,0.0546685457229614,0.0400903224945068
2026-02-03,498,CB,-0.4527072708532733,0.989065606361829,short,0.0055546760559082,-0.0099560022354125,-0.0011534690856933
2026-02-03,499,CCI,-0.4527072708532733,0.9910536779324056,short,-0.0898849964141845,-0.035187542438507,-0.0004645586013793
2026-02-03,500,ALL,-0.4527072708532733,0.993041749502982,short,0.0389629602432251,-0.0346658825874328,-0.0115392208099365
2026-02-03,501,ALLE,-0.4527072708532733,0.9950298210735586,short,0.0161235332489013,0.0283172130584716,0.0366967916488647
2026-02-03,502,VICI,-0.4527072708532733,0.9970178926441352,short,-0.0038128495216369,0.0072790384292602,0.0110918283462524
2026-02-03,503,AVY,-0.4527072708532733,0.9990059642147118,short,-0.0012944936752319,-0.0190027356147766,-0.0018122792243957
2026-02-04,1,ALB,0.3831513409831208,0.0009940357852882,long,0.0440311431884765,0.0771983861923217,0.0156569480895996
2026-02-04,2,STX,0.3831513409831208,0.0029821073558648,long,0.0588728189468383,-0.0227401852607727,0.063435673713684
2026-02-04,3,MRNA,0.3831513409831208,0.0049701789264413,long,0.0034254789352416,0.0275262594223022,-0.0185955166816711
2026-02-04,4,MU,0.3831513409831208,0.0069582504970178,long,0.030818223953247,-0.025177001953125,0.0811721086502075
2026-02-04,5,WDC,0.3831513409831208,0.0089463220675944,long,0.0860524177551269,0.0091086626052856,0.0918943881988525
2026-02-04,6,LRCX,0.3776274006448826,0.0109343936381709,long,0.0829777717590332,0.0623506307601928,0.0842905044555664
2026-02-04,7,SATS,0.3710284015633841,0.0129224652087475,long,0.0428892374038696,0.0808260440826416,0.0326107740402221
2026-02-04,8,KLAC,0.3673649363710661,0.014910536779324,long,0.0840852260589599,0.0749869346618652,0.0900204181671142
2026-02-04,9,CVNA,0.3647823762656708,0.0168986083499005,long,0.0520733594894409,0.0208501815795898,-0.1030779480934143
2026-02-04,10,NEM,0.3600853953093799,0.0188866799204771,long,0.0625633001327514,0.1197825670242309,0.0883626937866211
2026-02-04,11,SNDK,0.3594631015166153,0.0208747514910536,long,0.0377472639083862,-0.0599791407585144,0.0938736200332641
2026-02-04,12,INTC,0.3547090069198547,0.0228628230616302,long,0.0487147569656372,-0.0230099558830261,-0.0364843010902404
2026-02-04,13,AMAT,0.3546337125818168,0.0248508946322067,long,0.0609230995178222,0.0825027227401733,0.0802658796310424
2026-02-04,14,FCX,0.3539265802827359,0.0268389662027833,long,0.0244848728179931,0.0682201385498046,0.0476189851760864
2026-02-04,15,LITE,0.3396137453996756,0.0288270377733598,long,0.0943062305450439,0.1124261617660522,0.1566948890686035
2026-02-04,16,COHR,0.3367927720289027,0.0308151093439363,long,0.0881284475326538,0.0914260149002075,0.0327852964401245
2026-02-04,17,TER,0.3102130562107782,0.0328031809145129,long,0.1068859100341796,0.1245158910751342,0.1471618413925171
2026-02-04,18,DDOG,0.3045875303202275,0.0347912524850894,long,0.046472430229187,0.2149348258972168,0.1817669868469238
2026-02-04,19,LUV,0.2618518045298498,0.036779324055666,long,0.0333269834518432,0.0297086238861084,-0.0319938659667968
2026-02-04,20,LMT,0.2537929271314195,0.0387673956262425,long,0.023638367652893,0.0334547758102417,0.0463738441467285
2026-02-04,21,SNPS,0.2480943659949853,0.040755467196819,long,0.0400545597076416,0.0658074617385864,0.0314540863037109
2026-02-04,22,NCLH,0.2480429617946976,0.0427435387673956,long,0.0746543407440185,0.0857142210006713,0.0714285373687744
2026-02-04,23,HII,0.2342638660245552,0.0447316103379721,long,0.0768585205078125,0.0811901092529296,0.1011966466903686
2026-02-04,24,DLTR,0.2294866211232984,0.0467196819085487,long,0.0353679656982421,0.0193979740142822,0.0738294124603271
2026-02-04,25,CIEN,0.2132841038501494,0.0487077534791252,long,0.0724959373474121,0.1807258129119873,0.1580362319946289
2026-02-04,26,TTD,0.2105992725226086,0.0506958250497017,long,0.0304878950119018,0.0720274448394775,-0.0038110017776489
2026-02-04,27,COIN,0.2016858909676328,0.0526838966202783,long,0.1300301551818847,0.1121680736541748,-0.0344237685203552
2026-02-04,28,CNC,0.1928426288383752,0.0546719681908548,long,-0.0365731120109558,-0.0077654719352722,-0.0185370445251464
2026-02-04,29,DECK,0.1906629562143929,0.0566600397614314,long,0.0384995937347412,0.0390393733978271,0.0436269044876098
2026-02-04,30,ODFL,0.1887629129334924,0.0586481113320079,long,0.0016325712203979,-0.0378450155258178,-0.0822697281837463
2026-02-04,474,SRE,-0.4527072708532733,0.941351888667992,short,0.0080775022506713,0.0350795984268188,0.0707361698150634
2026-02-04,475,SO,-0.4527072708532733,0.9433399602385686,short,-0.0109793543815612,-0.0039525628089904,0.0162494182586669
2026-02-04,476,JNJ,-0.4527072708532733,0.9453280318091452,short,0.0092519521713256,0.0023550987243652,0.0284284353256225
2026-02-04,477,ES,-0.4527072708532733,0.9473161033797216,short,-0.0054628849029541,0.0231802463531494,0.0382399559020996
2026-02-04,478,LDOS,-0.4527072708532733,0.9493041749502982,short,0.0371345281600952,0.0464316606521606,-0.0786758065223693
2026-02-04,479,LNT,-0.4527072708532733,0.9512922465208749,short,-0.0020948648452758,0.0176568031311035,0.0426454544067382
2026-02-04,480,PH,-0.4527072708532733,0.9532803180914512,short,0.0091668367385864,0.0247514247894287,0.0150783061981201
2026-02-04,481,PFG,-0.4527072708532733,0.955268389662028,short,0.0192669630050659,-0.0194764733314514,-0.0522512793540954
2026-02-04,482,EVRG,-0.4527072708532733,0.9572564612326044,short,-0.0105711221694946,0.015212059020996,0.0402218103408813
2026-02-04,483,D,-0.4527072708532733,0.9592445328031808,short,-0.003039002418518,0.0203135013580322,0.0415867567062377
2026-02-04,484,PNW,-0.4527072708532733,0.9612326043737576,short,-0.0113119482994079,0.0064488649368286,0.0288614034652709
2026-02-04,485,PLD,-0.4527072708532733,0.963220675944334,short,0.0059497356414794,0.0318789482116699,0.0017629861831665
2026-02-04,486,CMS,-0.4527072708532733,0.9652087475149106,short,-0.0002745389938354,0.012215256690979,0.0256656408309936
2026-02-04,487,CNP,-0.4527072708532733,0.967196819085487,short,-0.004226803779602,0.0186474323272705,0.0358030796051025
2026-02-04,488,CRH,-0.4527072708532733,0.9691848906560636,short,0.0440174341201782,0.0606060028076171,0.0088691711425781
2026-02-04,489,ETR,-0.4527072708532733,0.9711729622266402,short,0.0110434293746948,0.0291051864624023,0.0523273944854736
2026-02-04,490,SCHW,-0.4527072708532733,0.9731610337972167,short,0.0301960706710815,-0.0269607901573181,-0.0678431391716003
2026-02-04,491,ROL,-0.4527072708532733,0.9751491053677932,short,0.0057389736175537,0.0077555179595947,-0.0896541476249694
2026-02-04,492,HD,-0.4527072708532733,0.9771371769383698,short,0.0072704553604125,0.0191175937652587,0.0205298662185668
2026-02-04,493,BXP,-0.4527072708532733,0.9791252485089464,short,0.0245369672775268,0.0463827848434448,-0.0649042129516601
2026-02-04,494,INCY,-0.4527072708532733,0.9811133200795228,short,0.0547878742218017,-0.0263721346855163,-0.019560158252716
2026-02-04,495,EXPD,-0.4527072708532733,0.9831013916500994,short,0.0076931715011596,-0.0126388669013977,-0.1417755484580993
2026-02-04,496,STE,-0.4527072708532733,0.985089463220676,short,0.0342479944229126,0.003527283668518,0.0016816854476928
2026-02-04,497,HLT,-0.4527072708532733,0.9870775347912524,short,0.0183337926864624,0.04852294921875,0.0435670614242553
2026-02-04,498,STT,-0.4527072708532733,0.989065606361829,short,0.0282806158065795,0.0273481607437133,-0.0186466574668884
2026-02-04,499,HCA,-0.4527072708532733,0.9910536779324056,short,-0.023493468761444,-0.0227927565574646,0.0417704582214355
2026-02-04,500,GL,-0.4527072708532733,0.993041749502982,short,-0.0029942393302917,-0.0340251922607421,-0.0193942785263061
2026-02-04,501,WRB,-0.4527072708532733,0.9950298210735586,short,-0.0123438835144042,-0.019217312335968,0.0050498247146606
2026-02-04,502,XEL,-0.4527072708532733,0.9970178926441352,short,-0.0028901696205139,0.0181292295455932,0.0375722646713256
2026-02-04,503,V,-0.4527072708532733,0.9990059642147118,short,0.0074437856674194,-0.0029167532920837,-0.0150396823883056
2026-02-05,1,STX,0.3214614443062188,0.0009940357852882,long,-0.0100624561309814,-0.0514069199562072,-0.0077564716339111
2026-02-05,2,LRCX,0.3214614443062188,0.0029821073558648,long,-0.0074888467788696,0.0177913904190063,0.0195662975311279
2026-02-05,3,INTC,0.3214614443062188,0.0049701789264413,long,-0.0069183111190795,-0.0454635024070739,-0.0751136541366577
2026-02-05,4,MU,0.3214614443062188,0.0069582504970178,long,-0.0283513665199279,0.0396513938903808,0.042995810508728
2026-02-05,5,WDC,0.3171186412666645,0.0089463220675944,long,0.012067437171936,-0.0312831401824951,-0.0035388469696044
2026-02-05,6,MRNA,0.3158608274553982,0.0109343936381709,long,0.0229213237762451,-0.0121921300888061,0.0297489166259765
2026-02-05,7,AMAT,0.3144780771711009,0.0129224652087475,long,0.0249915122985839,0.0538587570190429,0.1004619598388671
2026-02-05,8,TER,0.3103404741947747,0.014910536779324,long,0.0329879522323608,0.0711073875427246,0.0484822988510131
2026-02-05,9,SNDK,0.310064770619952,0.0168986083499005,long,-0.024333119392395,0.0023245811462402,0.0478467941284179
2026-02-05,10,COHR,0.3078246803567186,0.0188866799204771,long,0.0649157762527465,-0.0175245404243469,-0.0458977222442626
2026-02-05,11,CVNA,0.3019854090906123,0.0208747514910536,long,0.0196694135665893,-0.098099946975708,-0.1506181359291076
2026-02-05,12,LITE,0.2894052366058977,0.0228628230616302,long,0.0455806255340576,0.0400731563568115,0.019474983215332
2026-02-05,13,KLAC,0.2861079048478129,0.0248508946322067,long,-0.0019334554672241,0.0253300666809082,0.0146783590316772
2026-02-05,14,NEM,0.2824913039127855,0.0268389662027833,long,0.0469130277633667,0.0804717540740966,0.0908775329589843
2026-02-05,15,SATS,0.264036945005355,0.0288270377733598,long,0.0320760011672973,-0.0138876438140869,0.0137979984283447
2026-02-05,16,DOW,0.250759702063566,0.0308151093439363,long,0.0094399452209472,0.0698552131652832,0.0223411321640014
2026-02-05,17,ODFL,0.246130821058962,0.0328031809145129,long,-0.0314120650291442,-0.03956139087677,-0.0457351207733154
2026-02-05,18,NCLH,0.2404108068967552,0.0347912524850894,long,-0.0201543569564819,-0.0158661603927612,-0.0784733891487121
2026-02-05,19,ALB,0.2330413609101053,0.036779324055666,long,0.0146293640136718,0.0738201141357421,0.0182409286499023
2026-02-05,20,HII,0.2223112226880835,0.0387673956262425,long,0.020237922668457,-0.012745976448059,0.0528194904327392
2026-02-05,21,FCX,0.2209928404389643,0.040755467196819,long,0.0484589338302612,0.0789517164230346,0.0357673168182373
2026-02-05,22,LMT,0.2197337907805737,0.0427435387673956,long,0.0235894918441772,0.0082106590270996,0.0465056896209716
2026-02-05,23,DDOG,0.2145309831260505,0.0447316103379721,long,0.0207717418670654,0.1400303840637207,0.1209597587585449
2026-02-05,24,TXN,0.209382498587761,0.0467196819085487,long,-0.0120574235916137,0.0231213569641113,0.0213149785995483
2026-02-05,25,CIEN,0.2083802750241134,0.0487077534791252,long,0.0676691532135009,0.0955697298049926,0.1201533079147338
2026-02-05,26,PSKY,0.2005267908686361,0.0506958250497017,long,0.0113636255264282,0.0426136255264282,-0.0227273106575012
2026-02-05,27,DECK,0.198653640990664,0.0526838966202783,long,-0.0082286596298217,-0.0007795095443725,0.0024253129959106
2026-02-05,28,SNPS,0.1979291620062951,0.0546719681908548,long,0.0281577110290527,0.0265413522720336,0.0239176750183105
2026-02-05,29,TTD,0.1904676905519617,0.0566600397614314,long,0.0,0.0070265531539916,-0.0454882383346557
2026-02-05,30,DLTR,0.1870095686878744,0.0586481113320079,long,-0.0053299069404602,0.0094484090805053,0.0180084705352783
2026-02-05,474,SBAC,-0.3930918809701743,0.941351888667992,short,0.0215226411819458,0.0565453767776489,0.1108222007751464
2026-02-05,475,SCHW,-0.3930918809701743,0.9433399602385686,short,0.0202702283859252,-0.0916445255279541,-0.108108103275299
2026-02-05,476,RJF,-0.3930918809701743,0.9453280318091452,short,0.0088881254196167,-0.0786568522453308,-0.0781922340393066
2026-02-05,477,ROL,-0.3930918809701743,0.9473161033797216,short,-0.0081739425659179,0.011721134185791,-0.1045650243759155
2026-02-05,478,ROST,-0.3930918809701743,0.9493041749502982,short,0.0197126865386962,0.0094368457794189,0.0304077863693237
2026-02-05,479,RSG,-0.3930918809701743,0.9512922465208749,short,0.0188232660293579,0.0274165868759155,0.0146857500076293
2026-02-05,480,CBRE,-0.3930918809701743,0.9532803180914512,short,0.0077208280563354,-0.1189367175102233,-0.1612542271614074
2026-02-05,481,PPL,-0.3930918809701743,0.955268389662028,short,-0.0066814422607421,0.0022271871566772,0.0528954267501831
2026-02-05,482,PM,-0.3930918809701743,0.9572564612326044,short,-0.005360722541809,0.0189267396926879,0.0257097482681274
2026-02-05,483,FE,-0.3930918809701743,0.9592445328031808,short,0.0040745735168457,0.027878999710083,0.0744155645370483
2026-02-05,484,EXC,-0.3930918809701743,0.9612326043737576,short,-0.0081209540367126,0.0027070045471191,0.0936160087585449
2026-02-05,485,KIM,-0.3930918809701743,0.963220675944334,short,-0.0032066106796264,0.0073293447494506,0.0403114557266235
2026-02-05,486,INVH,-0.3930918809701743,0.9652087475149106,short,0.0037965774536132,0.0326499938964843,0.0246772766113281
2026-02-05,487,SRE,-0.3930918809701743,0.967196819085487,short,0.0013736486434936,0.043727159500122,0.0849359035491943
2026-02-05,488,BK,-0.3930918809701743,0.9691848906560636,short,0.0264639854431152,-0.0210746526718139,-0.0529279708862304
2026-02-05,489,TJX,-0.3930918809701743,0.9711729622266402,short,0.0024380683898925,-0.0327858328819274,-0.0089823603630065
2026-02-05,490,BDX,-0.3930918809701743,0.9731610337972167,short,-0.0125226378440856,-0.1399866938591003,-0.1625083684921264
2026-02-05,491,BAC,-0.3930918809701743,0.9751491053677932,short,-0.0021227598190307,-0.0474084615707397,-0.0704050660133361
2026-02-05,492,EXR,-0.3930918809701743,0.9771371769383698,short,0.0024998188018798,0.0176416635513305,0.045353889465332
2026-02-05,493,EXPD,-0.3930918809701743,0.9791252485089464,short,-0.0084827542304992,-0.0190862417221069,-0.1123363375663757
2026-02-05,494,SYK,-0.3930918809701743,0.9811133200795228,short,-0.006168246269226,0.0150995254516601,0.0216584205627441
2026-02-05,495,CBOE,-0.3930918809701743,0.9831013916500994,short,0.0275095701217651,-0.0172665119171142,0.006401777267456
2026-02-05,496,GE,-0.3930918809701743,0.985089463220676,short,-0.0132710337638854,-0.0226479172706604,-0.0174143314361572
2026-02-05,497,HRL,-0.3930918809701743,0.9870775347912524,short,-0.0208584070205688,-0.0393100380897522,-0.0461291670799255
2026-02-05,498,HD,-0.3930918809701743,0.989065606361829,short,-0.0107750296592712,0.0143580436706542,0.0153186321258544
2026-02-05,499,HLT,-0.3930918809701743,0.9910536779324056,short,-0.0011132955551147,0.0341942310333251,0.0007634162902832
2026-02-05,500,UDR,-0.3930918809701743,0.993041749502982,short,0.0053262710571289,0.0591212511062622,0.0143808126449584
2026-02-05,501,ATO,-0.3930918809701743,0.9950298210735586,short,0.0004668235778808,0.0267825126647949,0.0459213256835937
2026-02-05,502,XYL,-0.3930918809701743,0.9970178926441352,short,-0.0135800242424011,-0.1080073118209838,-0.0987193584442138
2026-02-05,503,ZTS,-0.3930918809701743,0.9990059642147118,short,-0.0009417533874511,0.0098100900650024,-0.0060429573059082
2026-02-06,1,STX,0.3664416088917541,0.0009940357852882,long,-0.067694067955017,0.0145176649093627,-0.0213176608085632
2026-02-06,2,MU,0.3664416088917541,0.0029821073558648,long,-0.0267274975776672,0.0794523954391479,0.0424511432647705
2026-02-06,3,SNDK,0.3664416088917541,0.0049701789264413,long,-0.0715804100036621,0.0803736448287963,0.0123243331909179
2026-02-06,4,LRCX,0.3664416088917541,0.0069582504970178,long,-0.0116451382637023,0.0087665319442749,0.0274773836135864
2026-02-06,5,MRNA,0.3664416088917541,0.0089463220675944,long,0.0010726451873779,-0.0438617467880249,0.047199010848999
2026-02-06,6,SATS,0.349774687598925,0.0109343936381709,long,0.0041669607162475,-0.0406285524368286,-0.0190120935440063
2026-02-06,7,DDOG,0.3434808391311867,0.0129224652087475,long,0.1373562812805175,0.1063064336776733,0.0749933719635009
2026-02-06,8,CVNA,0.3423174599955858,0.014910536779324,long,-0.0483952760696411,-0.1639172434806823,-0.1473967432975769
2026-02-06,9,WDC,0.3368864892586828,0.0168986083499005,long,-0.0819259285926818,-0.0066085457801818,-0.0065736770629882
2026-02-06,10,INTC,0.3314678601660534,0.0188866799204771,long,-0.0619028806686401,-0.0748407840728759,-0.0808121562004089
2026-02-06,11,NEM,0.3145585447837425,0.0208747514910536,long,0.0066263675689697,-0.0216184854507446,0.0130870342254638
2026-02-06,12,COHR,0.3101536542912531,0.0228628230616302,long,-0.0581127405166626,-0.108718991279602,-0.0927988290786743
2026-02-06,13,KLAC,0.3082027602467126,0.0248508946322067,long,-0.006471574306488,0.0074228048324584,0.020851731300354
2026-02-06,14,LITE,0.306470881913811,0.0268389662027833,long,-0.0277571082115173,0.0109330415725708,0.0403187274932861
2026-02-06,15,ALB,0.3046571600610097,0.0288270377733598,long,0.0168919563293457,-0.0412041544914245,0.0190637111663818
2026-02-06,16,TER,0.2965087480501622,0.0308151093439363,long,-0.0165155529975891,0.0032901763916015,-0.0144512057304382
2026-02-06,17,LUV,0.2891628441579487,0.0328031809145129,long,0.0133057832717895,-0.0474137663841247,0.0168665647506713
2026-02-06,18,ODFL,0.2379916237707748,0.0347912524850894,long,-0.0082606673240661,-0.0540513396263122,-0.0142266750335693
2026-02-06,19,TXN,0.2343389153248247,0.036779324055666,long,0.0098276138305664,0.019335389137268,0.0316313505172729
2026-02-06,20,TTD,0.2253430876059809,0.0387673956262425,long,0.0403106212615966,-0.0332840681076049,-0.0658284425735473
2026-02-06,21,SNPS,0.2234080306299888,0.040755467196819,long,-0.0033036470413208,-0.0354294776916503,-0.0386192202568054
2026-02-06,22,DOW,0.2233230715658354,0.0427435387673956,long,0.0473814010620117,0.0177680253982543,-0.020573616027832
2026-02-06,23,NCLH,0.2141455574226068,0.0447316103379721,long,0.0310721397399902,0.017505407333374,0.0547045469284057
2026-02-06,24,CIEN,0.2077683964563144,0.0467196819085487,long,0.0311378240585327,0.0113228559494018,0.0436688661575317
2026-02-06,25,AMAT,0.2059100119646922,0.0487077534791252,long,-0.0045376420021057,-0.0065946578979492,0.0863962173461914
2026-02-06,26,PSKY,0.2023112474806922,0.0506958250497017,long,0.0149812698364257,-0.040262222290039,0.0140448808670043
2026-02-06,27,WDAY,0.1967154807420441,0.0526838966202783,long,-0.0086050629615783,-0.0680642127990722,-0.0740165710449218
2026-02-06,28,GLW,0.1830179059231664,0.0546719681908548,long,-0.0250399112701416,0.0008372068405151,-0.0066214799880981
2026-02-06,29,CRL,0.1809254220930667,0.0566600397614314,long,-0.0240172147750854,-0.145180344581604,-0.1463112235069275
2026-02-06,30,FIX,0.1804407160639302,0.0586481113320079,long,-0.0109220147132873,0.0127526521682739,0.0421453714370727
2026-02-06,474,LOW,-0.428119664301367,0.941351888667992,short,0.0280977487564086,0.0312036275863647,0.0154212713241577
2026-02-06,475,SCHW,-0.428119664301367,0.9433399602385686,short,-0.0742468237876892,-0.1131424307823181,-0.1317973732948303
2026-02-06,476,ROL,-0.428119664301367,0.9453280318091452,short,0.0102628469467163,-0.0873891711235046,-0.0657750964164733
2026-02-06,477,RTX,-0.428119664301367,0.9473161033797216,short,-0.0050970911979675,0.0252306461334228,0.037259817123413
2026-02-06,478,ROST,-0.428119664301367,0.9493041749502982,short,-0.0111567974090576,0.001799464225769,0.0190745592117309
2026-02-06,479,RSG,-0.428119664301367,0.9512922465208749,short,-0.004507303237915,-0.0143252611160278,-0.0128971934318542
2026-02-06,480,PPL,-0.428119664301367,0.9532803180914512,short,0.0109304189682006,0.0260649919509887,0.0529708862304687
2026-02-06,481,CBRE,-0.428119664301367,0.955268389662028,short,-0.0038015842437744,-0.2029476761817932,-0.1739383935928344
2026-02-06,482,PFG,-0.428119664301367,0.9572564612326044,short,-0.0238716006278991,-0.0564995408058166,-0.0411758422851562
2026-02-06,483,PG,-0.428119664301367,0.9592445328031808,short,0.0111230611801147,0.0246615409851074,0.0141104459762573
2026-02-06,484,PEG,-0.428119664301367,0.9612326043737576,short,0.0248829126358032,0.0413894653320312,0.0710766315460205
2026-02-06,485,PH,-0.428119664301367,0.963220675944334,short,0.0129741430282592,0.003412127494812,0.0317304134368896
2026-02-06,486,HD,-0.428119664301367,0.9652087475149106,short,0.0227820873260498,0.0241994857788085,0.0053544044494628
2026-02-06,487,ETR,-0.428119664301367,0.967196819085487,short,0.0158940553665161,0.0388181209564209,0.0640856027603149
2026-02-06,488,STT,-0.428119664301367,0.9691848906560636,short,-0.0152666568756103,-0.0593535900115966,-0.0467679500579834
2026-02-06,489,SRE,-0.428119664301367,0.9711729622266402,short,0.0253771543502807,0.0606995820999145,0.0624142885208129
2026-02-06,490,SOLV,-0.428119664301367,0.9731610337972167,short,0.0306135416030883,-0.0271551609039306,-0.0555911064147949
2026-02-06,491,TJX,-0.428119664301367,0.9751491053677932,short,-0.0188812613487243,-0.013184905052185,0.0046722888946533
2026-02-06,492,GL,-0.428119664301367,0.9771371769383698,short,0.0037477016448974,0.0189507007598876,0.0317494869232177
2026-02-06,493,GD,-0.428119664301367,0.9791252485089464,short,-0.0035268664360046,-0.053735077381134,-0.0488198399543762
2026-02-06,494,AXP,-0.428119664301367,0.9811133200795228,short,0.0098426342010498,-0.0466551780700683,-0.042067527770996
2026-02-06,495,BK,-0.428119664301367,0.9831013916500994,short,-0.00909024477005,-0.0995219349861145,-0.069038450717926
2026-02-06,496,AON,-0.428119664301367,0.985089463220676,short,0.0244249105453491,0.0133724212646484,0.0503318309783935
2026-02-06,497,ATO,-0.428119664301367,0.9870775347912524,short,0.0158053636550903,0.0368015766143798,0.0512073040008544
2026-02-06,498,EXPD,-0.428119664301367,0.989065606361829,short,-0.0117941498756408,-0.1410413384437561,-0.1007088422775268
2026-02-06,499,F,-0.428119664301367,0.9910536779324056,short,-0.0014716982841491,0.0301692485809326,0.0397350788116455
2026-02-06,500,EXC,-0.428119664301367,0.993041749502982,short,0.0152375698089599,0.0814191102981567,0.0925631523132324
2026-02-06,501,FE,-0.428119664301367,0.9950298210735586,short,0.0179409980773925,0.0431439876556396,0.0540367364883422
2026-02-06,502,AIZ,-0.428119664301367,0.9970178926441352,short,0.0048444271087646,-0.0885602831840515,-0.0606833696365356
2026-02-06,503,YUM,-0.428119664301367,0.9990059642147118,short,-0.0003145933151245,0.027564525604248,0.0144116878509521
2026-02-09,1,SNDK,0.507613205631948,0.0009940357852882,long,0.1065282821655273,0.1567831039428711,0.1084853410720825
2026-02-09,2,STX,0.507613205631948,0.0029821073558648,long,0.027812123298645,0.0751078128814697,0.0704388618469238
2026-02-09,3,MU,0.507613205631948,0.0049701789264413,long,0.0993703603744506,0.1029069423675537,0.1277964115142822
2026-02-09,4,ALB,0.4987903221849364,0.0069582504970178,long,0.0407569408416748,-0.0131109952926635,0.0157808065414428
2026-02-09,5,WDC,0.4977847627234145,0.0089463220675944,long,0.0425807237625122,0.072440505027771,0.1294941902160644
2026-02-09,6,DDOG,0.4695408228562983,0.0109343936381709,long,-0.0180457830429077,-0.034472107887268,-0.0608467459678649
2026-02-09,7,CVNA,0.4462644485900512,0.0129224652087475,long,-0.0705149173736572,-0.1246393918991088,-0.0769996643066406
2026-02-09,8,MRNA,0.4339352377390122,0.014910536779324,long,-0.0353613495826721,0.0055959224700927,0.1096558570861816
2026-02-09,9,ORCL,0.4337069747393604,0.0168986083499005,long,-0.0170742273330688,0.001563549041748,-0.0232660174369812
2026-02-09,10,SATS,0.4238607598456849,0.0188866799204771,long,-0.0485000610351562,-0.021786093711853,-0.0104607939720153
2026-02-09,11,TER,0.4148388430224153,0.0208747514910536,long,0.0543146133422851,0.0320442914962768,0.0325690507888793
2026-02-09,12,INTC,0.4029618782955857,0.0228628230616302,long,0.0246127843856811,-0.007214069366455,-0.0354339480400085
2026-02-09,13,LRCX,0.3935110249412611,0.0248508946322067,long,0.0375534296035766,0.0393627882003784,0.0594854354858398
2026-02-09,14,COHR,0.3869313728546736,0.0268389662027833,long,-0.0204930305480957,-0.0487805008888244,-0.0196172595024108
2026-02-09,15,LITE,0.3560252506242518,0.0288270377733598,long,0.0231318473815917,0.0028691291809082,0.0590416193008422
2026-02-09,16,NEM,0.3207541276303425,0.0308151093439363,long,0.0252612829208374,0.0351353883743286,0.0260018110275268
2026-02-09,17,ODFL,0.3176374985838909,0.0328031809145129,long,-0.0001542568206787,-0.0065813064575195,-0.0034963488578796
2026-02-09,18,DOW,0.3059770254276556,0.0347912524850894,long,0.0119048357009887,-0.0330356359481811,-0.0601190328598022
2026-02-09,19,AXON,0.3049029341797256,0.036779324055666,long,-0.0280107855796813,-0.0387050509452819,-0.0376982688903808
2026-02-09,20,COIN,0.2964940096066294,0.0387673956262425,long,-0.0572887659072876,0.011137843132019,0.0094764232635498
2026-02-09,21,HOOD,0.2912178589077079,0.040755467196819,long,-0.089135468006134,-0.1124999523162841,-0.121378481388092
2026-02-09,22,EL,0.2856027674980132,0.0427435387673956,long,0.0402724742889404,0.0684039592742919,0.1015694141387939
2026-02-09,23,CIEN,0.2825869950005816,0.0447316103379721,long,-0.0048543810844421,0.0174757242202758,0.0410444736480712
2026-02-09,24,CRWD,0.2731836584991063,0.0467196819085487,long,0.0058540105819702,0.0393091440200805,0.0057331323623657
2026-02-09,25,PLTR,0.2642699178181131,0.0487077534791252,long,-0.0274532437324523,-0.0580602884292602,-0.0296035408973693
2026-02-09,26,GLW,0.2476592060141189,0.0506958250497017,long,0.0374705791473388,0.0418423414230346,0.0305229425430297
2026-02-09,27,MPWR,0.2311151599111852,0.0526838966202783,long,0.0479062795639038,0.0257875919342041,0.0405421257019043
2026-02-09,28,WDAY,0.2286796638545334,0.0546719681908548,long,-0.0566468238830566,-0.0574952363967895,-0.069176971912384
2026-02-09,29,PSKY,0.2240417474722371,0.0566600397614314,long,0.0156826972961425,-0.0479705333709716,0.0258302688598632
2026-02-09,30,FIX,0.2164794312420266,0.0586481113320079,long,0.0543622970581054,0.0538109540939331,0.0392554998397827
2026-02-09,474,MA,-0.5581810886896972,0.941351888667992,short,-0.0054219961166381,-0.0407668948173522,-0.0229649543762207
2026-02-09,475,DTE,-0.5581810886896972,0.9433399602385686,short,0.0135664939880371,0.0515090227127075,0.0346778631210327
2026-02-09,476,DUK,-0.5581810886896972,0.9453280318091452,short,0.0126172304153442,0.0368812084197998,0.012940764427185
2026-02-09,477,SNA,-0.5581810886896972,0.9473161033797216,short,0.0139635801315307,0.0190773010253906,0.0184149742126464
2026-02-09,478,SOLV,-0.5581810886896972,0.9493041749502982,short,0.0128014087677001,-0.0610240697860717,-0.0689783096313476
2026-02-09,479,SHW,-0.5581810886896972,0.9512922465208749,short,0.0063623189926147,0.0116276741027832,0.0030440092086791
2026-02-09,480,SO,-0.5581810886896972,0.9532803180914512,short,0.0015431642532348,0.0466269254684448,0.003527283668518
2026-02-09,481,TJX,-0.5581810886896972,0.955268389662028,short,-0.0165698528289794,0.0076327323913574,0.025702953338623
2026-02-09,482,TMUS,-0.5581810886896972,0.9572564612326044,short,0.050694465637207,0.1006368398666381,0.0692975521087646
2026-02-09,483,EXC,-0.5581810886896972,0.9592445328031808,short,-0.004256248474121,0.0860215425491333,0.0582437515258789
2026-02-09,484,HLT,-0.5581810886896972,0.9612326043737576,short,0.0044176578521728,-0.0280507206916809,-0.0241581797599792
2026-02-09,485,FFIV,-0.5581810886896972,0.963220675944334,short,0.0010269880294799,-0.0299242734909057,-0.0166088342666625
2026-02-09,486,EVRG,-0.5581810886896972,0.9652087475149106,short,0.0071110725402832,0.0500317811965942,0.0209523439407348
2026-02-09,487,ETR,-0.5581810886896972,0.967196819085487,short,0.0049142837524414,0.0537558794021606,0.026877999305725
2026-02-09,488,UDR,-0.5581810886896972,0.9691848906560636,short,0.0099034309387207,-0.0327577590942382,-0.0286948084831237
2026-02-09,489,FE,-0.5581810886896972,0.9711729622266402,short,0.0056651830673217,0.0511959791183471,0.0268568992614746
2026-02-09,490,HD,-0.5581810886896972,0.9731610337972167,short,0.0025662183761596,0.0035157203674316,-0.0158078670501709
2026-02-09,491,GRMN,-0.5581810886896972,0.9751491053677932,short,-0.0087807774543762,0.0303728580474853,0.1393886804580688
2026-02-09,492,EXPD,-0.5581810886896972,0.9771371769383698,short,0.0011130571365356,-0.0940573215484619,-0.0750108361244201
2026-02-09,493,EXR,-0.5581810886896972,0.9791252485089464,short,0.0073529481887817,0.0347850322723388,0.0264422893524169
2026-02-09,494,F,-0.5581810886896972,0.9811133200795228,short,0.0206338167190551,0.0405305624008178,0.0206338167190551
2026-02-09,495,HCA,-0.5581810886896972,0.9831013916500994,short,0.0585997104644775,0.0761677026748657,0.0656708478927612
2026-02-09,496,XEL,-0.5581810886896972,0.985089463220676,short,0.005419373512268,0.0527741909027099,0.0281289815902709
2026-02-09,497,XYL,-0.5581810886896972,0.9870775347912524,short,-0.0166770219802856,-0.006438136100769,0.0024821758270263
2026-02-09,498,ATO,-0.5581810886896972,0.989065606361829,short,0.0103347301483154,0.0291669368743896,0.0226789712905883
2026-02-09,499,GD,-0.5581810886896972,0.9910536779324056,short,-0.0348075628280639,-0.0311846137046813,-0.0260290503501892
2026-02-09,500,AVB,-0.5581810886896972,0.993041749502982,short,0.0135265588760375,-0.0069886445999145,0.0035507678985595
2026-02-09,501,AVY,-0.5581810886896972,0.9950298210735586,short,0.011066198348999,0.0269051790237426,0.0248597860336303
2026-02-09,502,AXP,-0.5581810886896972,0.9970178926441352,short,-0.0253028869628906,-0.0707599520683288,-0.0466960668563842
2026-02-09,503,ZTS,-0.5581810886896972,0.9990059642147118,short,0.0042144060134887,-0.0115507841110229,0.0078046321868896
2026-02-10,1,MU,0.5039391037085311,0.0009940357852882,long,0.0088462829589843,-0.0257347226142883,0.0170834064483642
2026-02-10,2,ORCL,0.4908700456734,0.0029821073558648,long,-0.0043268799781799,-0.0202978253364563,-0.0039451122283935
2026-02-10,3,TER,0.4902150919891627,0.0049701789264413,long,-0.0324156284332275,-0.0495256185531616,-0.0172655582427978
2026-02-10,4,ALB,0.4706410412572849,0.0069582504970178,long,-0.094054639339447,-0.0371087789535522,-0.0400158762931823
2026-02-10,5,LITE,0.4704468459608058,0.0089463220675944,long,0.0162861347198486,0.0458275079727172,0.1071746349334716
2026-02-10,6,WDC,0.4675261801989112,0.0109343936381709,long,0.0378462076187133,0.0378826856613159,0.0399284362792968
2026-02-10,7,DDOG,0.4616255176928349,0.0129224652087475,long,-0.0094243884086608,-0.0374617576599121,-0.052854835987091
2026-02-10,8,SNDK,0.4453037944970968,0.014910536779324,long,0.0516400337219238,-0.0145993828773498,0.0362899303436279
2026-02-10,9,STX,0.4423897062499981,0.0168986083499005,long,0.0587354898452758,0.0213382244110107,0.0042234659194946
2026-02-10,10,COHR,0.4371422987882661,0.0188866799204771,long,-0.0339308977127075,-0.0166748166084289,0.0392954349517822
2026-02-10,11,LRCX,0.4305285285736853,0.0208747514910536,long,-0.0162895917892456,0.0019564628601074,0.0096546411514282
2026-02-10,12,MRNA,0.4287110318416213,0.0228628230616302,long,-0.0098740458488464,0.0844236612319946,0.2268576622009277
2026-02-10,13,SATS,0.3721427481601101,0.0248508946322067,long,0.0040887594223022,0.0267127752304077,0.0434308052062988
2026-02-10,14,COIN,0.3680996880724653,0.0268389662027833,long,-0.0790470242500305,0.0836814641952514,0.083159327507019
2026-02-10,15,CVNA,0.3473459825261031,0.0288270377733598,long,-0.0547422170639038,-0.0360645055770874,-0.0859175324440002
2026-02-10,16,AXON,0.3116724854878853,0.0308151093439363,long,0.0031303167343139,-0.0057774186134338,0.015352725982666
2026-02-10,17,EL,0.3004797830305005,0.0328031809145129,long,0.0097732543945312,0.0640478134155273,0.0602524280548095
2026-02-10,18,MPWR,0.2994179822640356,0.0347912524850894,long,-0.0340928435325622,-0.0196785926818847,-0.0179739594459533
2026-02-10,19,INTC,0.2936272471960187,0.036779324055666,long,-0.0374819040298461,-0.0436943769454956,-0.0759992003440857
2026-02-10,20,TTD,0.2904682218973417,0.0387673956262425,long,-0.0400294065475463,-0.0723466277122497,-0.0730811357498169
2026-02-10,21,DOW,0.2899089424677375,0.040755467196819,long,-0.0397058129310607,-0.0758823752403259,-0.076764702796936
2026-02-10,22,CNC,0.2878001243184707,0.0427435387673956,long,-0.0309176445007324,0.019787311553955,0.0803858041763305
2026-02-10,23,NCLH,0.2796027613082864,0.0447316103379721,long,0.0130718946456909,0.0501089096069335,0.0344226360321044
2026-02-10,24,CRWD,0.273629975212137,0.0467196819085487,long,-0.0102691054344177,-0.0036675333976745,0.0152233839035034
2026-02-10,25,CIEN,0.271359965111109,0.0487077534791252,long,-0.0144323110580444,0.0170899629592895,0.071185827255249
2026-02-10,26,GLW,0.2685684318782517,0.0506958250497017,long,-0.0105341672897338,-0.0179080963134765,-0.0218960642814636
2026-02-10,27,SNPS,0.2594780763734069,0.0526838966202783,long,-0.0339106321334838,-0.0371054410934448,0.0096529722213745
2026-02-10,28,HOOD,0.2511708029038075,0.0546719681908548,long,-0.087854266166687,-0.0324483513832092,-0.0297550559043884
2026-02-10,29,CRL,0.2426120020957773,0.0566600397614314,long,-0.0436196327209472,-0.0448849201202392,-0.0104831457138061
2026-02-10,30,FIX,0.2394838898590248,0.0586481113320079,long,-0.028857409954071,-0.0006723403930664,0.0260486602783203
2026-02-10,474,HCA,-0.5581810886896972,0.941351888667992,short,0.0070558786392211,0.0062280893325805,-0.005287230014801
2026-02-10,475,DPZ,-0.5581810886896972,0.9433399602385686,short,-0.0057812333106994,-0.02734375,0.002942681312561
2026-02-10,476,BRK.B,-0.5581810886896972,0.9453280318091452,short,-1.996755599975586e-05,0.0067797899246215,-0.0061597228050231
2026-02-10,477,RTX,-0.5581810886896972,0.9473161033797216,short,0.0235611200332641,0.035570740699768,0.0452903509140014
2026-02-10,478,HIG,-0.5581810886896972,0.9493041749502982,short,-0.0009154081344604,0.0106322765350341,-0.0120406150817871
2026-02-10,479,HRL,-0.5581810886896972,0.9512922465208749,short,-0.021294355392456,-0.021294355392456,0.0250520706176757
2026-02-10,480,PSA,-0.5581810886896972,0.9532803180914512,short,-0.005002737045288,0.0277702808380126,0.0158590078353881
2026-02-10,481,ROST,-0.5581810886896972,0.955268389662028,short,0.0119975805282592,0.0294485092163085,0.0407189130783081
2026-02-10,482,O,-0.5581810886896972,0.9572564612326044,short,0.0043411254882812,0.0308526754379272,0.0155038833618164
2026-02-10,483,PH,-0.5581810886896972,0.9592445328031808,short,-0.0136770009994506,0.0141589641571044,0.0166795253753662
2026-02-10,484,KDP,-0.5581810886896972,0.9612326043737576,short,0.0006691217422485,-0.0254265666007995,-0.0264301896095275
2026-02-10,485,KMB,-0.5581810886896972,0.963220675944334,short,0.0061339139938354,-0.0007435083389282,0.0100371837615966
2026-02-10,486,KVUE,-0.5581810886896972,0.9652087475149106,short,0.0005393028259277,-0.0070119500160217,0.0064724683761596
2026-02-10,487,L,-0.5581810886896972,0.967196819085487,short,-0.0014522671699523,0.0029046535491943,-0.0165199041366577
2026-02-10,488,PG,-0.5581810886896972,0.9691848906560636,short,0.007562518119812,-0.0028125047683715,-0.0090000033378601
2026-02-10,489,OXY,-0.5581810886896972,0.9711729622266402,short,-0.037044882774353,-0.0275191068649292,0.0908128023147583
2026-02-10,490,CTVA,-0.5581810886896972,0.9731610337972167,short,-0.0160647630691528,0.0030536651611328,0.0225703716278076
2026-02-10,491,TMUS,-0.5581810886896972,0.9751491053677932,short,0.0245299339294433,0.0480576753616333,0.0274888277053833
2026-02-10,492,AZO,-0.5581810886896972,0.9771371769383698,short,0.0141493082046508,0.0016461610794067,0.0025804042816162
2026-02-10,493,SPG,-0.5581810886896972,0.9791252485089464,short,-0.0171484947204589,0.0371719598770141,0.0254145860671997
2026-02-10,494,SO,-0.5581810886896972,0.9811133200795228,short,0.0187100172042846,0.0125467777252197,0.0461149215698242
2026-02-10,495,GD,-0.5581810886896972,0.9831013916500994,short,-0.0161402225494384,-0.0110296607017517,0.0230987071990966
2026-02-10,496,EOG,-0.5581810886896972,0.985089463220676,short,-0.0031297802925109,0.0129419565200805,0.0477923154830932
2026-02-10,497,TSCO,-0.5581810886896972,0.9870775347912524,short,-0.0022006034851074,-0.0337429046630859,-0.0471299886703491
2026-02-10,498,ATO,-0.5581810886896972,0.989065606361829,short,0.0102289915084838,0.0242655277252197,0.0170483589172363
2026-02-10,499,EXPD,-0.5581810886896972,0.9910536779324056,short,-0.1317561268806457,-0.0909876823425293,-0.0691210031509399
2026-02-10,500,AVY,-0.5581810886896972,0.993041749502982,short,0.0143687725067138,0.008351445198059,0.0042536258697509
2026-02-10,501,F,-0.5581810886896972,0.9950298210735586,short,0.010830283164978,0.0202165842056274,-0.0050541758537292
2026-02-10,502,AIZ,-0.5581810886896972,0.9970178926441352,short,-0.0070829987525939,0.0232859849929809,0.0319893360137939
2026-02-10,503,ZTS,-0.5581810886896972,0.9990059642147118,short,-0.0235486030578613,-0.0241703391075134,-0.0108028054237365
2026-02-11,1,WDC,0.507613205631948,0.0009940357852882,long,-0.0088701844215393,0.0438578128814697,0.0049982070922851
2026-02-11,2,MRNA,0.5042143887118782,0.0029821073558648,long,0.0528546571731567,0.1618050336837768,0.2433308362960815
2026-02-11,3,SNDK,0.5027074836323059,0.0049701789264413,long,-0.0059179067611694,-0.0474225282669067,0.0312236547470092
2026-02-11,4,MU,0.4981618861858752,0.0069582504970178,long,-0.0055801272392272,0.0168612003326416,0.0343019962310791
2026-02-11,5,ORCL,0.4974276742979975,0.0089463220675944,long,0.0233895778656005,-0.0019810795783996,-0.0536809563636779
2026-02-11,6,STX,0.4951856676219274,0.0109343936381709,long,-0.0120138525962829,-0.0163044929504394,-0.0465246438980102
2026-02-11,7,TER,0.4916038261757974,0.0129224652087475,long,0.0116709470748901,0.0121853351593017,0.0444329977035522
2026-02-11,8,LITE,0.4743040927204591,0.014910536779324,long,-0.0355123281478881,0.0185102224349975,0.1445000171661377
2026-02-11,9,CVNA,0.4712384153865848,0.0168986083499005,long,-0.0036904215812683,0.0505317449569702,-0.0218515992164611
2026-02-11,10,DDOG,0.4673370364768467,0.0188866799204771,long,-0.0073733329772949,-0.0344882011413574,-0.0830095410346984
2026-02-11,11,LUV,0.4540617541122982,0.0208747514910536,long,0.005508542060852,0.0781034231185913,0.024788498878479
2026-02-11,12,COHR,0.436927393245591,0.0228628230616302,long,0.0052289962768554,0.0360480546951293,0.1484497785568237
2026-02-11,13,ALB,0.4335985769407046,0.0248508946322067,long,0.046687364578247,0.0773297548294067,0.0597118139266967
2026-02-11,14,LRCX,0.4317170909631466,0.0268389662027833,long,0.0183320045471191,0.0380474328994751,0.0589303970336914
2026-02-11,15,SATS,0.4031751105628313,0.0288270377733598,long,0.0238891839981079,0.0357433557510376,-0.0013573765754699
2026-02-11,16,CRL,0.3224701960443403,0.0308151093439363,long,0.0164419412612915,-0.004661738872528,0.0641299486160278
2026-02-11,17,KLAC,0.3176374985838909,0.0328031809145129,long,0.0091532468795776,0.0202984809875488,0.0311197042465209
2026-02-11,18,AXON,0.3165782074875273,0.0347912524850894,long,-0.0140886902809143,-0.0130561590194702,-0.0043596625328063
2026-02-11,19,COIN,0.3125191330185215,0.036779324055666,long,0.1646467447280883,0.1627330780029297,0.2144731283187866
2026-02-11,20,CIEN,0.3119847823485647,0.0387673956262425,long,0.0374113321304321,0.0614417791366577,0.1433302164077758
2026-02-11,21,DOW,0.3041112860273118,0.040755467196819,long,-0.0049004554748535,-0.03277188539505,-0.0652374029159545
2026-02-11,22,EL,0.3021670127224903,0.0427435387673956,long,0.0171020030975341,0.0486750602722168,0.0733884572982788
2026-02-11,23,GLW,0.3018810872913489,0.0447316103379721,long,0.0149049758911132,0.0038782358169555,0.0609124898910522
2026-02-11,24,TTD,0.2962218038346475,0.0467196819085487,long,-0.0126243233680725,-0.0244835019111633,-0.0397857427597045
2026-02-11,25,INTC,0.2936272471960187,0.0487077534791252,long,0.0066695213317871,-0.0219449400901794,-0.0509896278381347
2026-02-11,26,SNPS,0.2902682469402177,0.0506958250497017,long,0.0324554443359375,0.0447856187820434,0.0391874313354492
2026-02-11,27,CSGP,0.2891327481711015,0.0526838966202783,long,-0.0008882284164428,0.0868309736251831,0.1074838638305664
2026-02-11,28,ODFL,0.2760167730483753,0.0546719681908548,long,0.0415072441101074,0.0447415113449096,0.0856019258499145
2026-02-11,29,RCL,0.2593675850155165,0.0566600397614314,long,-0.0396333932876586,-0.0420071482658386,-0.0532151460647583
2026-02-11,30,MPWR,0.2586833716025514,0.0586481113320079,long,0.0134435892105102,0.0280206203460693,0.0416719913482666
2026-02-11,474,ED,-0.5581810886896972,0.941351888667992,short,0.0179018974304199,-0.0009846091270446,-0.0170963406562805
2026-02-11,475,EA,-0.5581810886896972,0.9433399602385686,short,0.0007981061935424,-0.0011473894119262,-0.0002993941307067
2026-02-11,476,DUK,-0.5581810886896972,0.9453280318091452,short,0.0165728330612182,-0.0068987607955932,0.0053128004074096
2026-02-11,477,SO,-0.5581810886896972,0.9473161033797216,short,0.0258210897445678,-0.0164217352867126,0.0187987089157104
2026-02-11,478,SPG,-0.5581810886896972,0.9493041749502982,short,0.02820885181427,0.0428355932235717,0.053648829460144
2026-02-11,479,CMS,-0.5581810886896972,0.9512922465208749,short,0.0268967151641845,0.0050849914550781,0.0151211023330688
2026-02-11,480,ROST,-0.5581810886896972,0.9532803180914512,short,0.0086733102798461,0.0283807516098022,0.0338721275329589
2026-02-11,481,PPL,-0.5581810886896972,0.955268389662028,short,0.0330510139465332,0.0054630041122436,0.0226713418960571
2026-02-11,482,REG,-0.5581810886896972,0.9572564612326044,short,0.0072722434997558,0.0011900663375854,0.0161311626434326
2026-02-11,483,ROL,-0.5581810886896972,0.9592445328031808,short,-0.0107343196868896,0.0265803337097167,0.0453228950500488
2026-02-11,484,RTX,-0.5581810886896972,0.9612326043737576,short,-0.0053694248199462,0.0182459354400634,0.0187928676605224
2026-02-11,485,ORLY,-0.5581810886896972,0.963220675944334,short,0.01522958278656,-0.0258376002311706,-0.0179603099822998
2026-02-11,486,DOC,-0.5581810886896972,0.9652087475149106,short,0.0257985591888427,0.0515971183776855,0.0436117649078369
2026-02-11,487,CTAS,-0.5581810886896972,0.967196819085487,short,-0.0135645270347595,0.0015808343887329,0.0199898481369018
2026-02-11,488,PG,-0.5581810886896972,0.9691848906560636,short,-0.0070714950561523,-0.0269834995269775,-0.0026673674583435
2026-02-11,489,OTIS,-0.5581810886896972,0.9711729622266402,short,-0.0209264159202575,0.0111171007156372,0.0100271701812744
2026-02-11,490,SHW,-0.5581810886896972,0.9731610337972167,short,-0.0099570155143737,-0.0183574557304382,-0.0321255922317504
2026-02-11,491,CPRT,-0.5581810886896972,0.9751491053677932,short,0.0209695100784301,0.0280500650405883,-0.0065360069274902
2026-02-11,492,COST,-0.5581810886896972,0.9771371769383698,short,0.0196423530578613,-0.0027831196784973,-0.0136054754257202
2026-02-11,493,CNP,-0.5581810886896972,0.9791252485089464,short,0.0206433534622192,0.0064810514450073,0.0321651697158813
2026-02-11,494,SBUX,-0.5581810886896972,0.9811133200795228,short,-0.0306944847106933,-0.0103348493576049,0.0075443983078002
2026-02-11,495,SYK,-0.5581810886896972,0.9831013916500994,short,0.0005465745925903,0.0313516855239868,0.0393056869506835
2026-02-11,496,TSCO,-0.5581810886896972,0.985089463220676,short,0.01139497756958,-0.0343686342239379,-0.026649534702301
2026-02-11,497,BRK.B,-0.5581810886896972,0.9870775347912524,short,-0.004919946193695,-0.0018799901008605,-0.003619909286499
2026-02-11,498,INVH,-0.5581810886896972,0.989065606361829,short,0.0055886507034301,0.0,-0.0573770999908447
2026-02-11,499,V,-0.5581810886896972,0.9910536779324056,short,-0.031155526638031,-0.0119686722755432,-0.0099635124206542
2026-02-11,500,VICI,-0.5581810886896972,0.993041749502982,short,0.0082588195800781,0.0227116346359252,0.035443902015686
2026-02-11,501,ATO,-0.5581810886896972,0.9950298210735586,short,0.0083253383636474,0.0019687414169311,0.0180007219314575
2026-02-11,502,YUM,-0.5581810886896972,0.9970178926441352,short,-0.0165972113609313,-0.002265989780426,0.0003062486648559
2026-02-11,503,ZTS,-0.5581810886896972,0.9990059642147118,short,0.0080388784408569,0.0277777910232543,0.0249919891357421
2026-02-12,1,TER,0.5046263278079892,0.0009940357852882,long,-0.0290154814720153,0.0039407014846801,0.0122036933898925
2026-02-12,2,MU,0.5046263278079892,0.0029821073558648,long,-0.0288587808609008,0.0138220787048339,0.0226157903671264
2026-02-12,3,ALB,0.492477327146226,0.0049701789264413,long,0.0154492855072021,0.0123834609985351,0.0671476125717163
2026-02-12,4,MRNA,0.4921467625585229,0.0069582504970178,long,0.0402557849884033,0.1768884658813476,0.1908595561981201
2026-02-12,5,ORCL,0.4908482097268348,0.0089463220675944,long,-0.0385288000106811,-0.0224803686141967,-0.1175846457481384
2026-02-12,6,SNDK,0.4903340960342066,0.0109343936381709,long,-0.0574086904525756,-0.0087301731109619,0.063728928565979
2026-02-12,7,DDOG,0.4893329824415605,0.0129224652087475,long,-0.0210862755775451,-0.0367411971092224,-0.1803913712501526
2026-02-12,8,STX,0.4654891615784353,0.014910536779324,long,-0.0235920548439025,-0.0399539470672607,-0.0436395406723022
2026-02-12,9,LITE,0.4618967455312948,0.0168986083499005,long,0.0669580698013305,0.1295447349548339,0.1990084648132324
2026-02-12,10,COHR,0.4609973055659922,0.0188866799204771,long,0.012567400932312,0.0702021121978759,0.1457442045211792
2026-02-12,11,ODFL,0.4178891118923716,0.0208747514910536,long,0.0005693435668945,0.0101443529129028,0.0034676790237426
2026-02-12,12,DOW,0.3854828870327973,0.0228628230616302,long,-0.032933235168457,-0.0338566303253173,-0.0674054026603698
2026-02-12,13,ARES,0.3842664933358875,0.0248508946322067,long,-0.0259187221527099,-0.0301015973091125,-0.1442337036132812
2026-02-12,14,KLAC,0.3829790728007334,0.0268389662027833,long,0.0041389465332031,0.0039409399032592,0.0160709619522094
2026-02-12,15,LUV,0.3725367746786094,0.0288270377733598,long,0.0616316795349121,0.0189787149429321,-0.0041087865829467
2026-02-12,16,SATS,0.3600607575661583,0.0308151093439363,long,-0.0013256669044494,0.0149358510971069,-0.0506407618522644
2026-02-12,17,CVNA,0.360033484624588,0.0328031809145129,long,0.0235366821289062,-0.0293988585472106,-0.0518271923065185
2026-02-12,18,WDC,0.3573877061195182,0.0347912524850894,long,0.0089850425720214,0.0109739303588867,-0.0041195154190063
2026-02-12,19,GLW,0.3522024580734041,0.036779324055666,long,-0.0220291018486022,-0.0260003209114074,0.0883409976959228
2026-02-12,20,CIEN,0.3317396488542793,0.0387673956262425,long,-0.0052317380905151,0.0476770401000976,0.1346405744552612
2026-02-12,21,INTC,0.3303598834403283,0.040755467196819,long,-0.0130369663238525,-0.0463774800300598,-0.0675358176231384
2026-02-12,22,KKR,0.3018544942875193,0.0427435387673956,long,0.0080605745315551,-0.0008847117424011,-0.0937776565551757
2026-02-12,23,CSGP,0.2926286426289458,0.0447316103379721,long,0.0166703462600708,0.0906867980957031,0.064014196395874
2026-02-12,24,VTRS,0.2915023441149718,0.0467196819085487,long,-0.0019024014472961,0.0133163928985595,0.0114140510559082
2026-02-12,25,RCL,0.2816533744630867,0.0487077534791252,long,0.0128908157348632,-0.0289727449417114,-0.0530958771705627
2026-02-12,26,CRL,0.2791025568448498,0.0506958250497017,long,-0.0174775719642639,0.0179113149642944,0.01344895362854
2026-02-12,27,SNPS,0.2739888509613223,0.0526838966202783,long,-0.0346381664276123,0.0122400522232055,-0.0372234582901001
2026-02-12,28,TTD,0.2715634350277641,0.0546719681908548,long,-0.0213095545768737,-0.0220844745635986,-0.0635412335395813
2026-02-12,29,COIN,0.2687805550573805,0.0566600397614314,long,0.0103456974029541,0.0098587274551391,-0.024829626083374
2026-02-12,30,CNC,0.268313958425056,0.0586481113320079,long,0.0160176753997802,0.0763922929763794,0.0680137872695922
2026-02-12,474,XEL,-0.5601791347820793,0.941351888667992,short,-0.0102953314781188,-0.0094373822212219,0.0215712785720825
2026-02-12,475,VMC,-0.5601791347820793,0.9433399602385686,short,-0.0776132941246032,-0.0756905078887939,-0.0514572858810424
2026-02-12,476,CNP,-0.5601791347820793,0.9453280318091452,short,0.0030573606491088,0.0028221607208251,0.0087018013000488
2026-02-12,477,TJX,-0.5601791347820793,0.9473161033797216,short,0.0162501335144042,0.0132719278335571,0.0209115743637084
2026-02-12,478,WEC,-0.5601791347820793,0.9493041749502982,short,-0.0029363632202148,-0.0135590434074401,8.64267349243164e-05
2026-02-12,479,V,-0.5601791347820793,0.9512922465208749,short,0.017256736755371,0.01544189453125,-0.0240703225135803
2026-02-12,480,SO,-0.5601791347820793,0.9532803180914512,short,-0.0310689806938171,0.0010532140731811,0.0024223327636718
2026-02-12,481,KHC,-0.5601791347820793,0.955268389662028,short,-0.0411289930343627,-0.0326612591743469,-0.0104838013648986
2026-02-12,482,NVR,-0.5631564454578402,0.9572564612326044,short,-0.0115126371383667,0.0024921894073486,-0.0067399740219116
2026-02-12,483,AFL,-0.5631564454578402,0.9592445328031808,short,0.0044381618499755,-0.0187103152275085,-0.0222783684730529
2026-02-12,484,PFE,-0.5631564454578402,0.9612326043737576,short,-0.0076141953468322,-0.0261058211326599,-0.0188542604446411
2026-02-12,485,PGR,-0.5631564454578402,0.963220675944334,short,0.0164767503738403,-0.0134943127632141,-0.0041069388389587
2026-02-12,486,MDLZ,-0.5631564454578402,0.9652087475149106,short,-0.0436171889305114,-0.0631091594696044,-0.0353091359138488
2026-02-12,487,PSA,-0.5631564454578402,0.967196819085487,short,0.0054935216903686,-0.006159484386444,0.0163476467132568
2026-02-12,488,HD,-0.5631564454578402,0.9691848906560636,short,-0.0204832553863525,-0.0318884849548339,-0.035954475402832
2026-02-12,489,L,-0.5631564454578402,0.9711729622266402,short,0.0157197713851928,-0.0039529204368591,-0.0006434917449951
2026-02-12,490,SHW,-0.5631564454578402,0.9731610337972167,short,-0.0025753378868103,-0.0305783152580261,-0.012524127960205
2026-02-12,491,ROST,-0.5631564454578402,0.9751491053677932,short,0.0084971189498901,0.0195380449295043,0.0272209644317626
2026-02-12,492,MNST,-0.5631564454578402,0.9771371769383698,short,0.0174275636672973,0.0062590837478637,0.0393961668014526
2026-02-12,493,MDT,-0.5631564454578402,0.9791252485089464,short,-0.030957818031311,-0.0191978812217712,-0.0088450908660888
2026-02-12,494,DRI,-0.5631564454578402,0.9811133200795228,short,0.0338534116744995,0.0069975852966308,0.0130496025085449
2026-02-12,495,EG,-0.5631564454578402,0.9831013916500994,short,0.023666501045227,0.0144957304000854,-0.0007691979408264
2026-02-12,496,TRV,-0.5631564454578402,0.985089463220676,short,0.0170626640319824,0.0193399190902709,0.0380001068115234
2026-02-12,497,CMS,-0.5631564454578402,0.9870775347912524,short,-0.0091216564178466,-0.0115975737571716,-0.0057335495948791
2026-02-12,498,BRK.B,-0.5631564454578402,0.989065606361829,short,0.0117777585983276,-0.0012259483337402,-0.0069540739059448
2026-02-12,499,VICI,-0.5631564454578402,0.9910536779324056,short,0.0191127061843872,0.019454002380371,0.0313993692398071
2026-02-12,500,ATO,-0.5631564454578402,0.993041749502982,short,0.0055230855941772,-0.0015620589256286,0.0137796401977539
2026-02-12,501,ALL,-0.5631564454578402,0.9950298210735586,short,0.0231796503067016,-0.0206736922264099,-0.0065056681632995
2026-02-12,502,AVY,-0.5631564454578402,0.9970178926441352,short,-0.0072012543678283,-0.0112359523773193,0.0041879415512084
2026-02-12,503,VRTX,-0.5631564454578402,0.9990059642147118,short,-0.0287911891937255,-0.0451706647872924,-0.0212830901145935
2026-02-13,1,MU,0.2240785525547872,0.0009940357852882,long,0.0529541969299316,0.0710140466690063,0.0456000566482543
2026-02-13,2,LITE,0.2240785525547872,0.0029821073558648,long,-0.0102594494819641,0.1121715307235717,0.146314263343811
2026-02-13,3,COHR,0.2240785525547872,0.0049701789264413,long,0.0178668498992919,0.1282960176467895,0.1586651802062988
2026-02-13,4,TER,0.2240785525547872,0.0069582504970178,long,0.0304062366485595,0.0632344484329223,0.0771118402481079
2026-02-13,5,SNDK,0.2240785525547872,0.0089463220675944,long,0.0166105031967163,0.1005433797836303,0.0811561346054077
2026-02-13,6,DDOG,0.2199499127335656,0.0109343936381709,long,-0.0063642263412475,-0.0562989115715026,-0.1479275226593017
2026-02-13,7,ORCL,0.2199499127335656,0.0129224652087475,long,0.0142884254455566,-0.0382542014122009,-0.0508540868759155
2026-02-13,8,ALB,0.2193535200557215,0.014910536779324,long,0.0136159658432006,-0.0029599666595458,0.1060265302658081
2026-02-13,9,ODFL,0.2162065129534039,0.0168986083499005,long,0.0025346279144287,0.0417442321777343,0.0174839496612548
2026-02-13,10,CVNA,0.2132767082299929,0.0188866799204771,long,0.030176043510437,-0.0408047437667846,-0.0734598636627197
2026-02-13,11,CEG,0.2128762534312401,0.0208747514910536,long,-0.0295700430870056,-0.0269628763198852,0.0317811965942382
2026-02-13,12,GLW,0.2105701727189635,0.0228628230616302,long,0.0114158391952514,0.0688782930374145,0.161431074142456
2026-02-13,13,COIN,0.1996357206801201,0.0248508946322067,long,-0.0118660330772399,0.0321046113967895,-0.0240333080291748
2026-02-13,14,FIX,0.1979870081718216,0.0268389662027833,long,-0.0136647820472717,0.093051791191101,0.097798466682434
2026-02-13,15,STX,0.1972136600987517,0.0288270377733598,long,0.01971435546875,-0.0116122961044311,-0.0478915572166442
2026-02-13,16,GNRC,0.1938482813763625,0.0308151093439363,long,-0.0218881368637084,-0.018290102481842,0.0073245763778686
2026-02-13,17,PLTR,0.1931746100399282,0.0328031809145129,long,0.0177416801452636,0.0166891813278198,-0.0314239263534545
2026-02-13,18,MRNA,0.1925854609348011,0.0347912524850894,long,0.0607784986495971,0.1352150440216064,0.1500114202499389
2026-02-13,19,INTC,0.1925613984937524,0.036779324055666,long,-0.0155912041664123,-0.0448246002197265,-0.0012993216514587
2026-02-13,20,KLAC,0.191977190659775,0.0387673956262425,long,0.0068767070770263,0.0175555944442749,0.0247995853424072
2026-02-13,21,TPL,0.1912006664146997,0.040755467196819,long,0.0335115194320678,0.1722714900970459,0.24747896194458
2026-02-13,22,TPR,0.1848327638473538,0.0427435387673956,long,0.0074747800827026,0.0210593938827514,0.0042898654937744
2026-02-13,23,WDC,0.1846672927379904,0.0447316103379721,long,0.043821096420288,0.0049629211425781,-0.0476575493812561
2026-02-13,24,NCLH,0.1836710807129021,0.0467196819085487,long,0.0103734731674194,0.0087136030197143,-0.0058091878890991
2026-02-13,25,GEV,0.1828319939674328,0.0487077534791252,long,-0.0019533038139343,0.0136605501174926,0.073954701423645
2026-02-13,26,VRT,0.1814225837470206,0.0506958250497017,long,-0.0013139843940734,0.0009033679962158,0.0395022630691528
2026-02-13,27,APP,0.1811569070114633,0.0526838966202783,long,0.0744194984436035,0.1123863458633422,0.0447419881820678
2026-02-13,28,CIEN,0.1806800517733303,0.0546719681908548,long,0.0285450220108032,0.1078954935073852,0.1335296630859375
2026-02-13,29,LYB,0.1777727944044367,0.0566600397614314,long,-0.000178575515747,0.0123257637023925,0.0418006181716918
2026-02-13,30,CAT,0.1764945072656415,0.0586481113320079,long,-0.0167242288589477,-0.0065641999244689,0.0045373439788818
2026-02-13,474,SNA,-0.2821753730121171,0.941351888667992,short,0.0069952011108398,0.0109775066375732,0.0140166282653808
2026-02-13,475,GL,-0.2821753730121171,0.9433399602385686,short,-0.0158316493034362,-0.0104174017906188,-0.0248098969459533
2026-02-13,476,GM,-0.2821753730121171,0.9453280318091452,short,0.0301649570465087,0.003570556640625,0.0008618831634521
2026-02-13,477,CNP,-0.2821753730121171,0.9473161033797216,short,-0.0168816447257995,0.0082062482833862,0.0035169124603271
2026-02-13,478,CPT,-0.2821753730121171,0.9493041749502982,short,0.0018454790115356,-0.0107964277267456,0.0035064220428466
2026-02-13,479,TJX,-0.2821753730121171,0.9512922465208749,short,0.0016562938690185,0.0080269575119018,0.0043957233428955
2026-02-13,480,ECL,-0.2821753730121171,0.9532803180914512,short,-0.0039828419685363,0.0011850595474243,0.0143516063690185
2026-02-13,481,ESS,-0.2821753730121171,0.955268389662028,short,0.0111702680587768,0.0046181678771972,0.0199328660964965
2026-02-13,482,CTVA,-0.2821753730121171,0.9572564612326044,short,0.0137655735015869,0.0100594758987426,0.032031774520874
2026-02-13,483,TRV,-0.2821753730121171,0.9592445328031808,short,-0.0025733113288879,0.0190488100051879,0.0207197666168212
2026-02-13,484,DRI,-0.2821753730121171,0.9612326043737576,short,-0.0102899670600891,-0.0063568949699401,-0.0216774940490722
2026-02-13,485,EA,-0.2821753730121171,0.963220675944334,short,0.0035082101821899,0.0043601989746093,0.0073673725128173
2026-02-13,486,EG,-0.2821753730121171,0.9652087475149106,short,-0.0015027523040771,-0.010259211063385,-0.0184377431869506
2026-02-13,487,CINF,-0.2821753730121171,0.967196819085487,short,-0.0169808268547058,-0.018486201763153,-0.032155156135559
2026-02-13,488,BRK.B,-0.2821753730121171,0.9691848906560636,short,-0.0086212158203125,-0.0103493928909301,-0.0176793932914733
2026-02-13,489,BLK,-0.2821753730121171,0.9711729622266402,short,0.0182628631591796,0.0195493698120117,0.0078122615814208
2026-02-13,490,USB,-0.2821753730121171,0.9731610337972167,short,0.0101426839828491,0.0084235668182373,-0.0539796948432922
2026-02-13,491,VICI,-0.2821753730121171,0.9751491053677932,short,-0.004688560962677,0.0077025890350341,0.0140656232833862
2026-02-13,492,UDR,-0.2821753730121171,0.9771371769383698,short,0.0065789222717285,-0.0218421816825866,-0.0121052265167236
2026-02-13,493,CI,-0.2821753730121171,0.9791252485089464,short,-0.0020294785499572,-0.0357744693756103,-0.0334009528160095
2026-02-13,494,CAH,-0.2821753730121171,0.9811133200795228,short,-0.0026154518127441,-0.0050536394119262,0.0017288923263549
2026-02-13,495,CBOE,-0.2821753730121171,0.9831013916500994,short,0.0041872262954711,0.015763521194458,0.0307528972625732
2026-02-13,496,ALLE,-0.2821753730121171,0.985089463220676,short,-0.0004917979240417,-0.0032581090927124,-0.0234216451644897
2026-02-13,497,ALL,-0.2821753730121171,0.9870775347912524,short,-0.013611614704132,-0.0280237793922424,-0.0117746591567993
2026-02-13,498,AZO,-0.2821753730121171,0.989065606361829,short,0.0007054805755615,0.0017423629760742,0.0113362073898315
2026-02-13,499,AXP,-0.2821753730121171,0.9910536779324056,short,0.0049632787704467,0.004789113998413,-0.0698052048683166
2026-02-13,500,AVB,-0.2821753730121171,0.993041749502982,short,0.0023078918457031,-0.0014072656631469,-0.0003939867019653
2026-02-13,501,AVY,-0.2821753730121171,0.9950298210735586,short,0.0052472352981567,0.0130150318145751,0.0157415866851806
2026-02-13,502,ATO,-0.2821753730121171,0.9970178926441352,short,-0.0117621421813964,0.0040501356124877,0.0098756551742553
2026-02-13,503,AME,-0.2821753730121171,0.9990059642147118,short,0.0042001008987426,0.0007714033126831,0.015043020248413
2026-02-17,1,TER,0.2306384439466727,0.0009940357852882,long,0.0034304857254028,0.0116891860961914,0.0889396667480468
2026-02-17,2,COHR,0.2306384439466727,0.0029821073558648,long,0.0383670330047607,0.1116620302200317,0.1965696811676025
2026-02-17,3,WDC,0.2306384439466727,0.0049701789264413,long,-0.0400930047035217,-0.054423987865448,-0.0189168453216552
2026-02-17,4,ALB,0.2306384439466727,0.0069582504970178,long,-0.0164116024971008,0.0367947816848754,0.143966794013977
2026-02-17,5,GLW,0.2306384439466727,0.0089463220675944,long,-0.015301764011383,0.1002954244613647,0.2152867317199707
2026-02-17,6,DOW,0.2306384439466727,0.0109343936381709,long,-0.0060164928436279,-0.0405319929122924,-0.0493983626365661
2026-02-17,7,STX,0.2306384439466727,0.0129224652087475,long,-0.0357665419578552,-0.0394681692123413,-0.0053991675376892
2026-02-17,8,DDOG,0.2252234011047202,0.014910536779324,long,-0.0096896290779113,-0.1573739647865295,-0.0940219759941101
2026-02-17,9,CVNA,0.2252234011047202,0.0168986083499005,long,-0.0794954299926757,-0.1007661819458007,-0.0736867785453796
2026-02-17,10,SNDK,0.2239186905705551,0.0188866799204771,long,0.0344603061676025,0.1100765466690063,0.0532644987106323
2026-02-17,11,ORCL,0.2171981491594909,0.0208747514910536,long,0.0023691654205322,-0.095152735710144,-0.0530191659927368
2026-02-17,12,MU,0.2111952768577386,0.0228628230616302,long,-0.008552074432373,4.744529724121094e-05,0.0191234350204467
2026-02-17,13,CIEN,0.2108274865278205,0.0248508946322067,long,0.0239580869674682,0.1089528799057006,0.1362555027008056
2026-02-17,14,INTC,0.2059683466287549,0.0268389662027833,long,-0.0184777975082397,-0.0402551293373107,0.0312362909317016
2026-02-17,15,KLAC,0.201475544175828,0.0288270377733598,long,-0.0070255994796752,0.0049719810485839,0.04484224319458
2026-02-17,16,VRT,0.2003916510745988,0.0308151093439363,long,-0.0006167888641357,0.0090867280960083,0.078039526939392
2026-02-17,17,FIX,0.2003916510745988,0.0328031809145129,long,0.0409634113311767,0.0713164806365966,0.0993808507919311
2026-02-17,18,GNRC,0.1992671145653345,0.0347912524850894,long,-0.0038537383079528,-0.0039413571357727,0.0360411405563354
2026-02-17,19,ARES,0.1989069158465718,0.036779324055666,long,-0.0307531356811523,-0.1448085308074951,-0.1103978753089904
2026-02-17,20,AXON,0.1989069158465718,0.0387673956262425,long,0.0255742073059082,-0.015530526638031,0.2093833684921264
2026-02-17,21,ODFL,0.1962513051169963,0.040755467196819,long,0.0070171356201171,0.0003612041473388,-0.0108869671821594
2026-02-17,22,GEV,0.1935303676709072,0.0427435387673956,long,0.0208672285079956,0.0173078775405883,0.071506381034851
2026-02-17,23,TPL,0.193223274722772,0.0447316103379721,long,0.1040366888046264,0.1409997940063476,0.1579042673110962
2026-02-17,24,RCL,0.1912208415349036,0.0467196819085487,long,-0.026566743850708,-0.0507495999336242,-0.018254816532135
2026-02-17,25,LYB,0.1906387468823557,0.0487077534791252,long,-0.0114346742630004,0.012328028678894,0.0139360427856445
2026-02-17,26,CRWD,0.1893267465698765,0.0506958250497017,long,0.0153454542160034,-0.1573745012283325,-0.1261545419692993
2026-02-17,27,TPR,0.1869122017864963,0.0526838966202783,long,-0.0174193382263183,-0.0130967497825622,0.0123870372772216
2026-02-17,28,ON,0.1819952387258826,0.0546719681908548,long,-0.0363714694976806,-0.0168412327766418,-0.013869285583496
2026-02-17,29,ADSK,0.178844052078401,0.0566600397614314,long,-0.0027857422828674,-0.0483155250549316,-0.0214591026306152
2026-02-17,30,MRNA,0.1755329997888557,0.0586481113320079,long,0.0665236711502075,0.0791846513748169,0.1023604869842529
2026-02-17,474,TRV,-0.2839999237464684,0.941351888667992,short,0.0048247575759887,0.0232192277908325,0.0211083889007568
2026-02-17,475,TKO,-0.2839999237464684,0.9433399602385686,short,-0.021567940711975,-0.0343679785728454,-0.0284602046012878
2026-02-17,476,CTAS,-0.2839999237464684,0.9453280318091452,short,0.0079425573348999,0.0097755193710327,0.0018837451934814
2026-02-17,477,CTVA,-0.2839999237464684,0.9473161033797216,short,0.0056142807006835,-0.001697301864624,0.0141010284423828
2026-02-17,478,EA,-0.2839999237464684,0.9493041749502982,short,-0.0017479658126831,0.0012485980987548,0.008739948272705
2026-02-17,479,DUK,-0.2839999237464684,0.9512922465208749,short,0.0090227127075195,0.0203609466552734,0.0294634103775024
2026-02-17,480,ECL,-0.2839999237464684,0.9532803180914512,short,-0.0052546262741088,0.010178804397583,0.0129878520965576
2026-02-17,481,ED,-0.2839999237464684,0.955268389662028,short,0.0027774572372436,0.0047487020492553,-0.0054654479026794
2026-02-17,482,COST,-0.2839999237464684,0.9572564612326044,short,-0.0082924962043762,-0.0100995898246765,-0.0013251900672912
2026-02-17,483,USB,-0.2839999237464684,0.9592445328031808,short,-0.0148059725761413,-0.0502041578292846,-0.0461198091506958
2026-02-17,484,CME,-0.2839999237464684,0.9612326043737576,short,0.0044951438903808,0.0378450155258178,0.0158982276916503
2026-02-17,485,CINF,-0.2839999237464684,0.963220675944334,short,-0.0052067637443542,-0.0143338441848754,0.0030628442764282
2026-02-17,486,CPT,-0.2839999237464684,0.9652087475149106,short,0.0001841783523559,-0.0034079551696777,0.0024868249893188
2026-02-17,487,COR,-0.2839999237464684,0.967196819085487,short,-0.0031092166900634,0.0161007642745971,0.0077728033065795
2026-02-17,488,CAH,-0.2839999237464684,0.9691848906560636,short,-0.0099115967750549,-0.0007556080818176,0.005289077758789
2026-02-17,489,V,-0.2839999237464684,0.9711729622266402,short,-0.004277229309082,-0.0430221557617187,-0.0228223204612731
2026-02-17,490,VICI,-0.2839999237464684,0.9731610337972167,short,0.0050472021102905,0.0168236494064331,0.0174967050552368
2026-02-17,491,C,-0.2839999237464684,0.9751491053677932,short,-0.0061924457550048,-0.0474756956100463,-0.0165992975234985
2026-02-17,492,ATO,-0.2839999237464684,0.9771371769383698,short,0.0047720670700073,0.0202111005783081,0.0221198797225952
2026-02-17,493,AVY,-0.2839999237464684,0.9791252485089464,short,-0.0092625617980957,0.0061920881271362,-0.0134077668190002
2026-02-17,494,BRK.B,-0.2839999237464684,0.9811133200795228,short,-0.004267930984497,-0.0099785923957824,-0.0101789832115173
2026-02-17,495,BK,-0.2839999237464684,0.9831013916500994,short,-0.0111305713653564,-0.033057153224945,0.0068625211715698
2026-02-17,496,AXP,-0.2839999237464684,0.985089463220676,short,-0.010368525981903,-0.0722042322158813,-0.05530846118927
2026-02-17,497,AWK,-0.2839999237464684,0.9870775347912524,short,0.001524806022644,0.0134186744689941,0.0233302116394042
2026-02-17,498,ALL,-0.2839999237464684,0.989065606361829,short,-0.0296518802642822,-0.0156137347221374,-0.0004774332046508
2026-02-17,499,BAC,-0.2839999237464684,0.9910536779324056,short,-0.0110569596290588,-0.0429160594940185,-0.0312969088554382
2026-02-17,500,AME,-0.2839999237464684,0.993041749502982,short,-0.0066578388214111,-0.0122060775756835,-0.0055055022239685
2026-02-17,501,WBD,-0.2839999237464684,0.9950298210735586,short,-0.0090309381484985,0.0045154094696044,0.003820776939392
2026-02-17,502,WEC,-0.2839999237464684,0.9970178926441352,short,0.0043967962265014,0.0182905197143554,0.0149489641189575
2026-02-17,503,ZTS,-0.2839999237464684,0.9990059642147118,short,-0.0143266916275024,-0.0258654356002807,-0.0013940334320068
2026-02-18,1,MRNA,0.2306384439466727,0.0009940357852882,long,0.0034204721450805,0.0164990425109863,0.0404425859451293
2026-02-18,2,INTC,0.2306384439466727,0.0029821073558648,long,-0.0114297866821289,0.0336172580718994,0.0188256502151489
2026-02-18,3,GLW,0.2306384439466727,0.0049701789264413,long,0.073236346244812,0.1661665439605713,0.1562427282333374
2026-02-18,4,TER,0.2306384439466727,0.0069582504970178,long,0.0283317565917968,0.0417537689208984,0.0531814098358154
2026-02-18,5,WDC,0.2306384439466727,0.0089463220675944,long,0.0029858350753784,-0.0495310425758361,-0.00850111246109
2026-02-18,6,SNDK,0.2306384439466727,0.0109343936381709,long,0.0464987754821777,0.0280635356903076,0.0496063232421875
2026-02-18,7,CSGP,0.2252234011047202,0.0129224652087475,long,0.0163031816482543,0.0016303062438964,-0.0829427242279052
2026-02-18,8,CVNA,0.2252234011047202,0.014910536779324,long,0.0115087032318115,-0.0229274034500122,0.0634334087371826
2026-02-18,9,DOW,0.2186944515117233,0.0168986083499005,long,-0.0277158021926879,-0.0108314752578735,-0.0474673509597778
2026-02-18,10,DDOG,0.2185396614730654,0.0188866799204771,long,-0.0409618020057678,-0.1340795755386352,-0.0343283414840698
2026-02-18,11,ORCL,0.2171981491594909,0.0208747514910536,long,-0.0540436506271362,-0.0664366483688354,-0.039798080921173
2026-02-18,12,MU,0.2111952768577386,0.0228628230616302,long,0.0259255170822143,0.0015814304351806,-0.0042889714241027
2026-02-18,13,COHR,0.2108274865278205,0.0248508946322067,long,0.0675326585769653,0.0962663888931274,0.0759634971618652
2026-02-18,14,CIEN,0.2079127736049923,0.0268389662027833,long,0.051945686340332,0.0762853622436523,0.071448802947998
2026-02-18,15,GNRC,0.2060008693293335,0.0288270377733598,long,0.007561445236206,0.0338505506515502,0.0302457809448242
2026-02-18,16,VRT,0.2003916510745988,0.0308151093439363,long,0.0028388500213623,0.0415123701095581,0.0665268898010253
2026-02-18,17,ON,0.2003916510745988,0.0328031809145129,long,0.0149801969528198,0.028491735458374,0.0010281801223754
2026-02-18,18,SW,0.2003916510745988,0.0347912524850894,long,-0.0208918452262878,-0.0779429078102111,-0.0664924979209899
2026-02-18,19,ADSK,0.1998264522100726,0.036779324055666,long,-0.0092536211013793,-0.0357486009597778,0.0189872980117797
2026-02-18,20,FIX,0.1936718976984811,0.0387673956262425,long,0.06458580493927,0.0692089796066284,0.0471124649047851
2026-02-18,21,TPL,0.193223274722772,0.040755467196819,long,0.0273759365081787,0.0932875871658325,0.0533952713012695
2026-02-18,22,AMAT,0.192828696039449,0.0427435387673956,long,0.0150068998336792,0.0219019651412963,0.0159262418746948
2026-02-18,23,NCLH,0.1927290843883992,0.0447316103379721,long,0.0240100622177124,0.009266972541809,0.0539175271987915
2026-02-18,24,AXON,0.1916596472199114,0.0467196819085487,long,-0.0163447260856628,0.0031510591506958,0.2472569942474365
2026-02-18,25,RCL,0.1912208415349036,0.0487077534791252,long,0.015273094177246,0.0198162794113159,0.027678370475769
2026-02-18,26,CRWD,0.1893267465698765,0.0506958250497017,long,-0.0794523358345031,-0.1702989935874939,-0.0972189307212829
2026-02-18,27,VTRS,0.1808284782406255,0.0526838966202783,long,-0.0037546753883361,0.0053192377090454,-0.0456820726394653
2026-02-18,28,STX,0.1755329997888557,0.0546719681908548,long,0.0052325725555419,-0.0316649675369262,0.0017116069793701
2026-02-18,29,SATS,0.1724052721977465,0.0566600397614314,long,-0.0390107631683349,-0.070184588432312,-0.0563392043113708
2026-02-18,30,LUV,0.170308760730024,0.0586481113320079,long,0.0001919269561767,-0.0276498198509216,-0.022081434726715
2026-02-18,474,C,-0.2839999237464684,0.941351888667992,short,0.0038944482803344,-0.0518390536308288,0.0055387020111083
2026-02-18,475,TSN,-0.2839999237464684,0.9433399602385686,short,-0.0073060989379882,-0.0141458511352539,-0.0111923217773437
2026-02-18,476,TSCO,-0.2839999237464684,0.9453280318091452,short,0.0192456245422363,0.0252116918563842,-0.0150115489959716
2026-02-18,477,CI,-0.2839999237464684,0.9473161033797216,short,-0.0196209549903869,-0.0172076821327209,0.0101426839828491
2026-02-18,478,CME,-0.2839999237464684,0.9493041749502982,short,0.0137540102005004,0.0497515201568603,0.0412622690200805
2026-02-18,479,TRV,-0.2839999237464684,0.9512922465208749,short,0.0167722702026367,0.0184395313262939,0.0211403369903564
2026-02-18,480,CFG,-0.2839999237464684,0.9532803180914512,short,0.0108376741409301,-0.0390152931213378,-0.0113019943237304
2026-02-18,481,CINF,-0.2839999237464684,0.955268389662028,short,0.0036946535110473,-0.0102832317352294,0.017241358757019
2026-02-18,482,TJX,-0.2839999237464684,0.9572564612326044,short,0.0109896659851074,0.007347822189331,0.0139288902282714
2026-02-18,483,D,-0.2839999237464684,0.9592445328031808,short,0.0076382160186767,-0.0262755751609802,-0.0322334170341491
2026-02-18,484,COST,-0.2839999237464684,0.9612326043737576,short,-0.0025814175605773,0.0107407569885253,-0.0010933279991149
2026-02-18,485,COR,-0.2839999237464684,0.963220675944334,short,0.0054857730865478,0.0146752595901489,0.0209963321685791
2026-02-18,486,CPRT,-0.2839999237464684,0.9652087475149106,short,-0.0310757756233215,-0.0629482865333557,-0.0132802128791809
2026-02-18,487,CPT,-0.2839999237464684,0.967196819085487,short,-0.0128004550933837,0.0014734268188476,0.0151947736740112
2026-02-18,488,AVY,-0.2839999237464684,0.9691848906560636,short,0.017148733139038,0.0198863744735717,-0.0034090876579284
2026-02-18,489,AVB,-0.2839999237464684,0.9711729622266402,short,-0.000957429409027,5.626678466796875e-05,0.0118262767791748
2026-02-18,490,ATO,-0.2839999237464684,0.9731610337972167,short,0.0111750364303588,0.0170419216156005,0.0260379314422607
2026-02-18,491,APTV,-0.2839999237464684,0.9751491053677932,short,-0.0110613703727722,-0.034426987171173,-0.0425055623054504
2026-02-18,492,V,-0.2839999237464684,0.9771371769383698,short,0.0063337087631225,-0.0367165207862854,-0.0069920420646667
2026-02-18,493,VICI,-0.2839999237464684,0.9791252485089464,short,0.0073652267456054,0.0137261152267456,-0.0030130743980407
2026-02-18,494,BRK.B,-0.2839999237464684,0.9811133200795228,short,0.0025355815887451,-0.0048899054527282,0.0115306377410888
2026-02-18,495,USB,-0.2839999237464684,0.9831013916500994,short,0.013301134109497,-0.0494040250778198,-0.0108827352523803
2026-02-18,496,BK,-0.2839999237464684,0.985089463220676,short,0.0002539157867431,-0.0136256217956542,0.0291976928710937
2026-02-18,497,AXP,-0.2839999237464684,0.9870775347912524,short,0.0103020668029785,-0.0647015571594238,-0.0213920474052429
2026-02-18,498,AZO,-0.2839999237464684,0.989065606361829,short,0.0008089542388916,0.0103938579559326,-0.0228247642517089
2026-02-18,499,BAC,-0.2839999237464684,0.9910536779324056,short,0.005495548248291,-0.0447223782539367,-0.008906602859497
2026-02-18,500,AME,-0.2839999237464684,0.993041749502982,short,0.0032652616500854,0.0175725221633911,0.0180881023406982
2026-02-18,501,VRTX,-0.2839999237464684,0.9950298210735586,short,0.0162593126296997,0.0386984348297119,0.0231423377990722
2026-02-18,502,WEC,-0.2839999237464684,0.9970178926441352,short,0.001050591468811,0.0147085189819335,0.0137454271316528
2026-02-18,503,WBD,-0.2839999237464684,0.9990059642147118,short,0.0077111721038818,0.0217314958572387,0.0094636678695678
2026-02-19,1,MRNA,0.2306384439466727,0.0009940357852882,long,0.0084218978881835,0.0300781726837158,0.0741928815841674
2026-02-19,2,LITE,0.2306384439466727,0.0029821073558648,long,0.0104227066040039,0.0832921266555786,0.0496277809143066
2026-02-19,3,STX,0.2306384439466727,0.0049701789264413,long,-0.0090243220329284,0.0261244773864746,-0.0079540610313415
2026-02-19,4,SNDK,0.2306384439466727,0.0069582504970178,long,0.025416612625122,-0.027062714099884,-0.0224779248237609
2026-02-19,5,GLW,0.2306384439466727,0.0089463220675944,long,0.0411440134048461,0.1499533653259277,0.0779156684875488
2026-02-19,6,ALB,0.225414204887841,0.0109343936381709,long,0.0540316104888916,0.1629853248596191,0.0608597993850708
2026-02-19,7,CVNA,0.2252234011047202,0.0129224652087475,long,-0.0342225432395935,-0.0051392912864685,-0.0073079466819763
2026-02-19,8,WDC,0.2239046891826737,0.014910536779324,long,-0.0178620815277099,0.0190180540084838,-0.0203837752342224
2026-02-19,9,LUV,0.2175636091556769,0.0168986083499005,long,-0.0228450298309326,-0.0422345995903015,-0.0543290972709655
2026-02-19,10,CIEN,0.2079127736049923,0.0188866799204771,long,0.0295267105102539,0.0548738241195678,0.041050910949707
2026-02-19,11,TER,0.2059683466287549,0.0208747514910536,long,-0.0195475220680236,0.0553178787231445,-0.014837622642517
2026-02-19,12,ON,0.2003916510745988,0.0228628230616302,long,0.0052090883255004,0.0082477331161499,-0.0380552411079406
2026-02-19,13,CSGP,0.1994224614307559,0.0248508946322067,long,-0.0401042699813842,-0.1020653843879699,-0.1050731539726257
2026-02-19,14,MU,0.1992345918647559,0.0268389662027833,long,-0.0168157815933227,0.0019384622573852,-0.0369012951850891
2026-02-19,15,COHR,0.1975696171029997,0.0288270377733598,long,0.0028609037399291,0.079458475112915,0.0433152914047241
2026-02-19,16,RCL,0.1951674120157671,0.0308151093439363,long,-0.0395124554634094,-0.0066330432891845,-0.0131073594093322
2026-02-19,17,FIX,0.193707911442944,0.0328031809145129,long,-0.0332779884338378,-0.0079535841941833,-0.0224725008010864
2026-02-19,18,LYB,0.1895175503529973,0.0347912524850894,long,-0.0001764297485351,0.0014116764068603,0.0149991512298583
2026-02-19,19,SW,0.1856466457532519,0.036779324055666,long,-0.0502667427062988,-0.0568321943283081,-0.0354945063591003
2026-02-19,20,CRWD,0.1841025075110448,0.0387673956262425,long,-0.0984817743301391,-0.0650798082351684,-0.0427688956260681
2026-02-19,21,TPL,0.1834755898671745,0.040755467196819,long,0.0059413909912109,0.0208449363708496,0.0488317012786865
2026-02-19,22,GEV,0.1800509183828047,0.0427435387673956,long,0.0016378164291381,0.0550014972686767,0.0520991086959838
2026-02-19,23,VRT,0.1785190117242046,0.0447316103379721,long,0.006851315498352,0.0756512880325317,0.045702576637268
2026-02-19,24,ARES,0.1772803825173951,0.0467196819085487,long,-0.0697466731071472,-0.0323157310485839,-0.0905326604843139
2026-02-19,25,SATS,0.1724052721977465,0.0487077534791252,long,-0.0266401171684265,-0.0303552150726318,0.0468466281890869
2026-02-19,26,INTC,0.1723991650059871,0.0506958250497017,long,-0.0108819007873535,0.0627975463867187,0.0340058803558349
2026-02-19,27,AXON,0.1700158992740284,0.0526838966202783,long,-0.0241294503211975,0.1988199949264526,0.2500288486480713
2026-02-19,28,DOW,0.1691864927531054,0.0546719681908548,long,-0.0072084069252014,-0.0163826942443847,0.006880760192871
2026-02-19,29,EME,0.1686146357035373,0.0566600397614314,long,-0.0075419545173645,-0.0135213136672973,-0.1084781885147094
2026-02-19,30,DDOG,0.1669841221640346,0.0586481113320079,long,-0.1127875447273254,-0.046083390712738,-0.0319903492927551
2026-02-19,474,CFG,-0.2839999237464684,0.941351888667992,short,-0.0428856015205383,-0.0341553092002868,-0.0781130790710449
2026-02-19,475,CI,-0.2839999237464684,0.9433399602385686,short,0.0102386474609375,0.0147336721420288,0.0339267253875732
2026-02-19,476,TSN,-0.2839999237464684,0.9453280318091452,short,-0.0140933394432067,-0.0195740461349487,0.0176949501037597
2026-02-19,477,TKO,-0.2839999237464684,0.9473161033797216,short,-0.0244884490966796,-0.0185202360153198,0.060392141342163
2026-02-19,478,TRV,-0.2839999237464684,0.9493041749502982,short,0.0015085935592651,-0.0005574226379394,0.0121668577194213
2026-02-19,479,TSCO,-0.2839999237464684,0.9512922465208749,short,0.0175604820251464,-0.0224697589874267,-0.0211480259895324
2026-02-19,480,COR,-0.2839999237464684,0.9532803180914512,short,0.0137089490890502,0.005400538444519,0.0306304693222045
2026-02-19,481,CPT,-0.2839999237464684,0.955268389662028,short,0.0093283653259277,0.0152984857559204,0.0106343030929565
2026-02-19,482,SYK,-0.2839999237464684,0.9572564612326044,short,0.011834979057312,0.0099939107894897,0.0190147161483764
2026-02-19,483,VICI,-0.2839999237464684,0.9592445328031808,short,0.0043203830718994,0.004984974861145,0.0039880275726318
2026-02-19,484,USB,-0.2839999237464684,0.9612326043737576,short,-0.0485850572586059,-0.0444936752319335,-0.0681895613670349
2026-02-19,485,C,-0.2839999237464684,0.963220675944334,short,-0.0452586412429809,-0.0143103599548339,-0.0500862002372741
2026-02-19,486,CASY,-0.2839999237464684,0.9652087475149106,short,0.0067894458770751,0.0127694606781005,0.0275322198867797
2026-02-19,487,CAH,-0.2839999237464684,0.967196819085487,short,0.0016931295394897,0.0077525377273559,0.0213419198989868
2026-02-19,488,ATO,-0.2839999237464684,0.9691848906560636,short,0.0041443109512329,0.0060230493545532,0.0321599245071411
2026-02-19,489,BRK.B,-0.2839999237464684,0.9711729622266402,short,-0.0082497596740722,-0.008450448513031,0.013548731803894
2026-02-19,490,BLK,-0.2839999237464684,0.9731610337972167,short,-0.0206923484802246,0.0001280307769775,-0.027806282043457
2026-02-19,491,BK,-0.2839999237464684,0.9751491053677932,short,-0.0224215388298034,0.0179371833801269,0.0076994895935058
2026-02-19,492,V,-0.2839999237464684,0.9771371769383698,short,-0.0449603199958801,-0.0248014330863952,-0.0025237202644348
2026-02-19,493,AZO,-0.2839999237464684,0.9791252485089464,short,0.0215418338775634,-0.0204613804817199,0.0018833875656127
2026-02-19,494,AVB,-0.2839999237464684,0.9811133200795228,short,-0.0058624148368835,0.0049042701721191,-0.0009582638740539
2026-02-19,495,AVY,-0.2839999237464684,0.9831013916500994,short,-0.0015234947204589,-0.0209730267524719,-0.0028945207595825
2026-02-19,496,AME,-0.2839999237464684,0.985089463220676,short,-0.0088219046592712,-0.0020983815193176,0.0244529247283935
2026-02-19,497,BAC,-0.2839999237464684,0.9870775347912524,short,-0.0375047326087951,-0.0258198976516723,-0.0608744621276855
2026-02-19,498,AXP,-0.2839999237464684,0.989065606361829,short,-0.0720434784889221,-0.055144727230072,-0.107689619064331
2026-02-19,499,AMT,-0.2839999237464684,0.9910536779324056,short,0.0146281719207763,-0.0257861614227294,0.0242912769317626
2026-02-19,500,VRTX,-0.2839999237464684,0.993041749502982,short,0.0086182355880737,0.0128958225250244,0.0417907238006591
2026-02-19,501,VMC,-0.2839999237464684,0.9950298210735586,short,0.0180156230926513,0.0007860660552978,0.0154279470443725
2026-02-19,502,WEC,-0.2839999237464684,0.9970178926441352,short,0.0127689838409423,0.0094455480575561,0.022914171218872
2026-02-19,503,AAPL,-0.2839999237464684,0.9990059642147118,short,0.0060473680496215,0.0364730358123779,-0.001511812210083
2026-02-20,1,WDC,0.136449584557515,0.0009940357852882,long,-0.0351259112358093,0.0065258741378784,-0.0368733406066894
2026-02-20,2,MU,0.136449584557515,0.0029821073558648,long,-0.0070313811302185,-0.0128512978553771,-0.0197163224220275
2026-02-20,3,STX,0.136449584557515,0.0049701789264413,long,-0.0279332399368286,0.005571961402893,-0.0684340000152587
2026-02-20,4,DOW,0.136449584557515,0.0069582504970178,long,0.0247524976730346,-0.0132012963294982,0.0099010467529296
2026-02-20,5,GNRC,0.136449584557515,0.0089463220675944,long,0.0339415073394775,0.0303363800048828,0.0128819942474365
2026-02-20,6,INTC,0.136449584557515,0.0109343936381709,long,0.0570707321166992,0.0419435501098632,0.0428603887557983
2026-02-20,7,Q,0.132070829532164,0.0129224652087475,long,0.0466929674148559,0.1183007955551147,0.1119376420974731
2026-02-20,8,APP,0.1309626314440127,0.014910536779324,long,0.0331039428710937,0.1689611673355102,0.137565016746521
2026-02-20,9,ORCL,0.1309626314440127,0.0168986083499005,long,0.0341801643371582,0.0636897087097168,0.0561885833740234
2026-02-20,10,DDOG,0.1309626314440127,0.0188866799204771,long,0.017687439918518,0.1349217891693115,0.0827852487564086
2026-02-20,11,CVNA,0.1309626314440127,0.0208747514910536,long,0.0001845359802246,0.0885881185531616,-0.006121277809143
2026-02-20,12,LITE,0.1289917196903902,0.0228628230616302,long,0.0200673341751098,0.0033643245697021,0.160834789276123
2026-02-20,13,GLW,0.1289917196903902,0.0248508946322067,long,0.0436488389968872,0.0347676277160644,0.0868158340454101
2026-02-20,14,DE,0.1278913271855649,0.0268389662027833,long,-0.0035558342933654,-0.0423288941383361,-0.0246738195419311
2026-02-20,15,ON,0.1278913271855649,0.0288270377733598,long,0.0080610513687133,-0.0188570022583007,-0.0430401563644409
2026-02-20,16,RCL,0.1278913271855649,0.0308151093439363,long,0.0457969903945922,0.0538593530654907,-0.0059477090835571
2026-02-20,17,NCLH,0.1245947361543344,0.0328031809145129,long,0.0200084447860717,0.0651341676712036,-0.0557683706283569
2026-02-20,18,VRT,0.1245265850165995,0.0347912524850894,long,0.0314970016479492,0.056270956993103,0.0502403974533081
2026-02-20,19,CIEN,0.1238492540877648,0.036779324055666,long,-0.0062057375907897,-0.0106716156005859,0.0257800817489624
2026-02-20,20,CSGP,0.1226145135161183,0.0387673956262425,long,0.0267391204833984,-0.0599540472030639,-0.0564028024673461
2026-02-20,21,MRNA,0.1206436017624958,0.040755467196819,long,0.0045734643936157,0.0282361507415771,0.0508053302764892
2026-02-20,22,FIX,0.1204334623184402,0.0427435387673956,long,0.0389156341552734,0.0174452066421508,0.0174522399902343
2026-02-20,23,COHR,0.1195432092576705,0.0447316103379721,long,0.0239864587783813,0.0050222873687744,0.200972318649292
2026-02-20,24,DVA,0.1171014498538861,0.0467196819085487,long,-0.0024457573890686,0.0083289146423339,0.0178476572036743
2026-02-20,25,SW,0.1170504916387699,0.0487077534791252,long,-0.0084251165390014,0.0038884878158569,0.0114495754241943
2026-02-20,26,AMAT,0.1162294253038212,0.0506958250497017,long,0.0117253065109252,0.0058091878890991,-0.0036674737930297
2026-02-20,27,AMD,0.1154978351515047,0.0526838966202783,long,0.0876907110214233,0.0360121726989746,0.0102746486663818
2026-02-20,28,COIN,0.1147619302560273,0.0546719681908548,long,0.011170744895935,0.1299300193786621,0.1560159921646118
2026-02-20,29,SNDK,0.1139728516338163,0.0566600397614314,long,-0.0419660806655883,-0.0218907594680786,-0.0711337924003601
2026-02-20,30,HAS,0.1122354962238292,0.0586481113320079,long,0.0155694484710693,0.0212680101394653,0.0079374313354492
2026-02-20,474,CPT,-0.1704280318583141,0.941351888667992,short,0.0050832033157348,0.018854022026062,0.0099815130233764
2026-02-20,475,COST,-0.1704280318583141,0.9433399602385686,short,0.0125858783721923,0.0007301568984985,0.0169874429702758
2026-02-20,476,COO,-0.1704280318583141,0.9453280318091452,short,0.0074752569198608,0.0129008293151855,0.0118156671524047
2026-02-20,477,COR,-0.1704280318583141,0.9473161033797216,short,-0.004507839679718,0.001693844795227,0.0180859565734863
2026-02-20,478,CMS,-0.1704280318583141,0.9493041749502982,short,0.0062909126281738,0.0098296403884887,0.0233289003372192
2026-02-20,479,CNP,-0.1704280318583141,0.9512922465208749,short,-0.0020983815193176,0.0027978420257568,0.0104919672012329
2026-02-20,480,TRV,-0.1704280318583141,0.9532803180914512,short,0.0001308917999267,0.0027832984924316,0.017289400100708
2026-02-20,481,TSN,-0.1704280318583141,0.955268389662028,short,0.0073062181472778,0.0103240013122558,0.0228717327117919
2026-02-20,482,CTVA,-0.1704280318583141,0.9572564612326044,short,0.0197489261627197,0.0308657884597778,0.0530996322631835
2026-02-20,483,CTAS,-0.1704280318583141,0.9592445328031808,short,0.00110924243927,-0.0002521276473999,0.016487717628479
2026-02-20,484,CVS,-0.1704280318583141,0.9612326043737576,short,-0.0366233587265014,0.0131169557571411,0.0605195760726928
2026-02-20,485,D,-0.1704280318583141,0.963220675944334,short,-0.007628858089447,-0.0137008428573608,-0.0183715224266052
2026-02-20,486,C,-0.1704280318583141,0.9652087475149106,short,-0.0107449293136596,0.0491197109222412,0.0063204765319824
2026-02-20,487,CME,-0.1704280318583141,0.967196819085487,short,0.0160191059112548,0.0078026056289672,0.0396815538406372
2026-02-20,488,ATO,-0.1704280318583141,0.9691848906560636,short,0.0016509294509887,0.0105106830596923,0.0294408798217773
2026-02-20,489,BK,-0.1704280318583141,0.9711729622266402,short,0.0087416172027587,0.0525358915328979,0.0340142250061035
2026-02-20,490,VICI,-0.1704280318583141,0.9731610337972167,short,0.0019854307174682,-0.0145598649978637,0.0046327114105224
2026-02-20,491,V,-0.1704280318583141,0.9751491053677932,short,0.0022836923599243,0.0332115888595581,0.0456414222717285
2026-02-20,492,CAH,-0.1704280318583141,0.9771371769383698,short,0.0051151514053344,0.0102748870849609,0.022506833076477
2026-02-20,493,CASY,-0.1704280318583141,0.9791252485089464,short,0.0144845247268676,0.0157796144485473,0.0227167606353759
2026-02-20,494,CB,-0.1704280318583141,0.9811133200795228,short,0.0103782415390014,0.0135877132415771,0.0281052589416503
2026-02-20,495,UDR,-0.1704280318583141,0.9831013916500994,short,0.0045491456985473,0.0192668437957763,0.0021407604217529
2026-02-20,496,BRK.B,-0.1704280318583141,0.985089463220676,short,0.0008500814437866,0.0173653364181518,-0.0281729698181152
2026-02-20,497,AME,-0.1704280318583141,0.9870775347912524,short,0.0232880115509033,0.0238064527511596,0.0432491302490234
2026-02-20,498,AVB,-0.1704280318583141,0.989065606361829,short,0.0069177150726318,0.0187684297561645,0.0150260925292968
2026-02-20,499,AXP,-0.1704280318583141,0.9910536779324056,short,-0.00236576795578,0.0438301563262939,-0.0429896712303161
2026-02-20,500,AMT,-0.1704280318583141,0.993041749502982,short,0.0007365942001342,-0.0265193581581115,0.0007892847061157
2026-02-20,501,WBD,-0.1704280318583141,0.9950298210735586,short,0.0079529285430908,-0.0041493773460388,-0.0145228505134582
2026-02-20,502,ABBV,-0.1704280318583141,0.9970178926441352,short,-0.004531979560852,-0.0208732485771179,0.0208296775817871
2026-02-20,503,YUM,-0.1704280318583141,0.9990059642147118,short,-0.0030038952827453,-0.004445731639862,-0.021207571029663
2026-02-23,1,LITE,0.1172765372415228,0.0009940357852882,long,0.0510264635086059,0.0183647871017456,0.0089499950408935
2026-02-23,2,GLW,0.1172765372415228,0.0029821073558648,long,0.0583151578903198,-0.0079820156097412,-0.0265188217163085
2026-02-23,3,CRL,0.1172765372415228,0.0049701789264413,long,0.0090328454971313,0.0748524665832519,0.0579911470413208
2026-02-23,4,SNDK,0.1172765372415228,0.0069582504970178,long,-0.0096160173416137,-0.0049489736557006,-0.1144992113113403
2026-02-23,5,INTC,0.1172765372415228,0.0089463220675944,long,0.0164787769317626,-0.0110580921173095,-0.0654813647270202
2026-02-23,6,MRNA,0.1172765372415228,0.0109343936381709,long,0.0168249607086181,0.0603721141815185,-0.0136579275131225
2026-02-23,7,MU,0.1172765372415228,0.0129224652087475,long,0.0262912511825561,-0.0134925246238708,-0.0916963815689086
2026-02-23,8,WDC,0.1172765372415228,0.014910536779324,long,0.0753225088119506,0.0337436199188232,-0.0737702250480651
2026-02-23,9,GNRC,0.1172765372415228,0.0168986083499005,long,0.0059956312179565,-0.0416719913482666,-0.0593612790107727
2026-02-23,10,LUV,0.1172765372415228,0.0188866799204771,long,-0.0148104429244995,-0.0272511839866638,-0.0570694804191589
2026-02-23,11,HOOD,0.1104284578988682,0.0208747514910536,long,0.0564109086990356,0.0335195064544677,0.0365172624588012
2026-02-23,12,ALB,0.1081333092800517,0.0228628230616302,long,0.0483862161636352,-0.0436760783195495,-0.1182894110679626
2026-02-23,13,CIEN,0.1072076970341383,0.0248508946322067,long,0.0310182571411132,0.0175080299377441,-0.0281003713607788
2026-02-23,14,ON,0.1072076970341383,0.0268389662027833,long,-0.0049978494644165,-0.0506924986839294,-0.0943881273269653
2026-02-23,15,IP,0.1072076970341383,0.0288270377733598,long,-0.0081781148910522,-0.0106769800186157,-0.0447524189949035
2026-02-23,16,COHR,0.1072076970341383,0.0308151093439363,long,0.0511653423309326,0.0159695148468017,0.1018205881118774
2026-02-23,17,DE,0.1072076970341383,0.0328031809145129,long,-0.0324727892875671,-0.0230085849761962,-0.0392838716506958
2026-02-23,18,CCL,0.1072076970341383,0.0347912524850894,long,0.0028471946716308,-0.001898169517517,-0.0974375009536743
2026-02-23,19,FIX,0.1072076970341383,0.036779324055666,long,-0.0122430920600891,-0.0266992449760437,-0.0527175664901733
2026-02-23,20,SW,0.1072076970341383,0.0387673956262425,long,0.0015250444412231,0.024182915687561,-0.0152505636215209
2026-02-23,21,NCLH,0.1072076970341383,0.040755467196819,long,-0.0062603950500488,0.034641146659851,-0.1122704148292541
2026-02-23,22,DASH,0.1035509103195462,0.0427435387673956,long,0.0528044700622558,0.0735490322113037,0.0674047470092773
2026-02-23,23,CVNA,0.1028042171255623,0.0447316103379721,long,0.0299237966537475,0.0276787281036376,-0.0189753174781799
2026-02-23,24,ADSK,0.1021200166876391,0.0467196819085487,long,0.0176541805267334,0.1129871606826782,0.1470733880996704
2026-02-23,25,ORCL,0.1020862221057576,0.0487077534791252,long,0.011974811553955,-0.0050636529922485,0.0196386575698852
2026-02-23,26,RCL,0.0999762090665217,0.0506958250497017,long,-0.0110584497451782,-0.0175039768218994,-0.0479936599731445
2026-02-23,27,CHRW,0.0991333221608998,0.0526838966202783,long,-0.008119523525238,0.0445446968078613,0.0900479555130004
2026-02-23,28,BLDR,0.0971032585638613,0.0546719681908548,long,-0.0642779469490051,-0.0491429567337036,-0.1115062236785888
2026-02-23,29,ARES,0.0959266695462402,0.0566600397614314,long,0.017241358757019,-0.0439569950103759,-0.0384944081306457
2026-02-23,30,CRWD,0.0944619813324516,0.0586481113320079,long,0.0372875928878784,0.0620414018630981,0.1175446510314941
2026-02-23,474,TSN,-0.1421022406289062,0.941351888667992,short,-0.0127719640731811,0.0247555971145629,-0.0066224932670593
2026-02-23,475,TRV,-0.1421022406289062,0.9433399602385686,short,-0.0021935701370239,0.0105098485946655,0.0181384086608886
2026-02-23,476,DLR,-0.1421022406289062,0.9453280318091452,short,0.0075739622116088,-0.0058348774909973,-0.0006171464920043
2026-02-23,477,DIS,-0.1421022406289062,0.9473161033797216,short,-0.0094295144081115,-9.429454803466796e-05,-0.025931179523468
2026-02-23,478,COST,-0.1421022406289062,0.9493041749502982,short,-0.0036757588386535,0.0123794078826904,0.0093547105789184
2026-02-23,479,CMS,-0.1421022406289062,0.9512922465208749,short,-0.0024746060371398,0.0168012380599975,0.0132848024368286
2026-02-23,480,CINF,-0.1421022406289062,0.9532803180914512,short,0.0187892913818359,0.0202202796936035,0.0485285520553588
2026-02-23,481,CI,-0.1421022406289062,0.955268389662028,short,0.0122419595718383,0.0313879251480102,0.0104269981384277
2026-02-23,482,UDR,-0.1421022406289062,0.9572564612326044,short,0.0034629106521606,-0.0010655522346496,-0.0021311044692993
2026-02-23,483,CMI,-0.1421022406289062,0.9592445328031808,short,-0.0101085901260375,-0.0276612043380737,-0.0672627687454223
2026-02-23,484,VICI,-0.1421022406289062,0.9612326043737576,short,-0.0013210177421569,-0.0023118257522583,-0.0026419758796691
2026-02-23,485,CPT,-0.1421022406289062,0.963220675944334,short,0.0008275508880615,-0.0037701725959777,-0.0051494240760803
2026-02-23,486,CNP,-0.1421022406289062,0.9652087475149106,short,0.0091121196746826,0.0163551568984985,0.0137850046157836
2026-02-23,487,COR,-0.1421022406289062,0.967196819085487,short,-0.0037049651145935,0.0212965011596679,0.0193753242492675
2026-02-23,488,CB,-0.1421022406289062,0.9691848906560636,short,-0.0068576335906982,0.0119043588638305,0.0043045282363891
2026-02-23,489,CASY,-0.1421022406289062,0.9711729622266402,short,-0.0084228515625,0.0060310363769531,-0.0047837495803833
2026-02-23,490,CAH,-0.1421022406289062,0.9731610337972167,short,0.0009292364120483,0.0144267082214355,0.0016816854476928
2026-02-23,491,CBOE,-0.1421022406289062,0.9751491053677932,short,-0.0057008862495422,0.0231447219848632,0.0392230749130249
2026-02-23,492,ATO,-0.1421022406289062,0.9771371769383698,short,0.000219702720642,0.0262058973312377,0.0218657255172729
2026-02-23,493,AVB,-0.1421022406289062,0.9791252485089464,short,0.0038856267929077,-0.0019710063934326,-0.0014640688896179
2026-02-23,494,CCI,-0.1421022406289062,0.9811133200795228,short,-0.0293321013450622,0.0101534128189086,0.0182762145996093
2026-02-23,495,BRK.B,-0.1421022406289062,0.9831013916500994,short,-0.0010516047477722,0.0211118459701538,-0.0265920162200927
2026-02-23,496,AWK,-0.1421022406289062,0.985089463220676,short,0.0010441541671752,0.0145435333251953,0.0129027366638183
2026-02-23,497,AVY,-0.1421022406289062,0.9870775347912524,short,-0.0236009359359741,-0.0055710077285766,-0.0344897508621215
2026-02-23,498,ALL,-0.1421022406289062,0.989065606361829,short,-0.0023353695869445,0.0224001407623291,0.0180630683898925
2026-02-23,499,AME,-0.1421022406289062,0.9910536779324056,short,-0.0161290168762207,0.0100489854812622,-0.0067133903503417
2026-02-23,500,WBD,-0.1421022406289062,0.993041749502982,short,-0.0085763335227966,-0.033619225025177,-0.0325900316238403
2026-02-23,501,WEC,-0.1421022406289062,0.9950298210735586,short,-0.0041415095329284,0.0091457366943359,0.001898169517517
2026-02-23,502,ABBV,-0.1421022406289062,0.9970178926441352,short,-0.0066538453102111,0.0159341096878051,0.0237261056900024
2026-02-23,503,AAPL,-0.1421022406289062,0.9990059642147118,short,0.0076798200607299,-0.0292497277259826,-0.0308297872543334
2026-02-24,1,WDC,0.1172765372415228,0.0009940357852882,long,-0.0299021005630493,-0.0717306137084961,-0.1019076108932495
2026-02-24,2,ALB,0.1172765372415228,0.0029821073558648,long,-0.0558533668518066,-0.090315043926239,-0.140501320362091
2026-02-24,3,STX,0.1172765372415228,0.0049701789264413,long,-0.028872787952423,-0.1003437638282775,-0.1110346913337707
2026-02-24,4,CIEN,0.1172765372415228,0.0069582504970178,long,-0.0344436764717102,0.0011321306228637,-0.0276795029640197
2026-02-24,5,GLW,0.1172765372415228,0.0089463220675944,long,-0.063142716884613,-0.0160194039344787,-0.0971763134002685
2026-02-24,6,INTC,0.1172765372415228,0.0109343936381709,long,-0.0302901268005371,-0.0294368863105773,-0.0277303457260131
2026-02-24,7,GNRC,0.1172765372415228,0.0129224652087475,long,-0.0094259977340698,-0.0262067914009094,-0.0663200616836547
2026-02-24,8,MU,0.1172765372415228,0.014910536779324,long,-0.0313286781311035,-0.0380652546882629,-0.0658042430877685
2026-02-24,9,MRNA,0.1172765372415228,0.0168986083499005,long,0.0066186189651489,0.0287133455276489,0.125170350074768
2026-02-24,10,DOW,0.1172765372415228,0.0188866799204771,long,-0.0039973855018615,0.0193204879760742,0.0772818326950073
2026-02-24,11,CSGP,0.1172765372415228,0.0208747514910536,long,0.0049129724502563,0.0087091922760009,0.0629745721817016
2026-02-24,12,LITE,0.1172765372415228,0.0228628230616302,long,-0.0641286373138427,0.0827492475509643,-0.0588756203651428
2026-02-24,13,VRT,0.1121906605760345,0.0248508946322067,long,-0.0112894773483276,-0.0169342756271362,-0.0416110754013061
2026-02-24,14,CVNA,0.1104284578988682,0.0268389662027833,long,0.0567648410797119,-0.0351758003234863,-0.0556302070617675
2026-02-24,15,CRL,0.1103989896622008,0.0288270377733598,long,0.0471473932266235,0.0659465789794921,0.0717355012893676
2026-02-24,16,SNDK,0.1092335977988755,0.0308151093439363,long,0.030867576599121,-0.0210316181182861,-0.0526898503303527
2026-02-24,17,COHR,0.1072076970341383,0.0328031809145129,long,-0.0662933588027954,0.1157522201538086,0.0259797573089599
2026-02-24,18,FIX,0.1072076970341383,0.0347912524850894,long,-0.0085275173187255,-0.0085206031799316,-0.0139390230178833
2026-02-24,19,NCLH,0.1072076970341383,0.036779324055666,long,0.0508190393447876,-0.068458616733551,-0.1133976578712463
2026-02-24,20,CHRW,0.1072076970341383,0.0387673956262425,long,0.0464441776275634,0.0644079446792602,0.079358696937561
2026-02-24,21,AMD,0.1072076970341383,0.040755467196819,long,-0.0340510606765747,-0.0580480098724365,-0.0416864156723022
2026-02-24,22,RCL,0.1072076970341383,0.0427435387673956,long,0.0189776420593261,-0.0388498306274414,-0.0823962092399597
2026-02-24,23,AMAT,0.1072076970341383,0.0447316103379721,long,-0.0486897230148315,-0.0576528906822204,-0.0941638350486755
2026-02-24,24,DASH,0.1035509103195462,0.0467196819085487,long,0.0424708127975463,0.0193574428558349,0.0271004438400268
2026-02-24,25,ORCL,0.1035509103195462,0.0487077534791252,long,0.016363501548767,0.0091960430145263,0.0302927494049072
2026-02-24,26,ARES,0.1035509103195462,0.0506958250497017,long,-0.0092297196388244,-0.0488336682319641,-0.0249202847480773
2026-02-24,27,HOOD,0.1028042171255623,0.0526838966202783,long,0.0247645378112792,0.016122817993164,0.06036376953125
2026-02-24,28,TPL,0.1004353605216432,0.0546719681908548,long,0.0043895244598388,0.0407408475875854,0.0505781173706054
2026-02-24,29,FICO,0.0959266695462402,0.0566600397614314,long,0.0672590732574462,0.0819407701492309,0.1253478527069091
2026-02-24,30,SATS,0.0939736616555174,0.0586481113320079,long,0.0127091407775878,0.1090551614761352,0.0656013488769531
2026-02-24,474,KO,-0.1421022406289062,0.941351888667992,short,0.0003727674484252,-0.0031067728996276,-0.0294520258903503
2026-02-24,475,BEN,-0.1421022406289062,0.9433399602385686,short,0.00623619556427,-0.0095378160476684,-0.0249449610710144
2026-02-24,476,TJX,-0.1421022406289062,0.9453280318091452,short,0.0184186697006225,0.0264407396316528,0.0379283428192138
2026-02-24,477,TRV,-0.1421022406289062,0.9473161033797216,short,0.0048562288284301,0.0193923711776733,0.0238548517227172
2026-02-24,478,TSCO,-0.1421022406289062,0.9493041749502982,short,-0.011396586894989,0.0098512172698974,-0.0227931141853332
2026-02-24,479,TSN,-0.1421022406289062,0.9512922465208749,short,0.0159718990325927,0.0285897254943847,0.0049512386322021
2026-02-24,480,FRT,-0.1421022406289062,0.9532803180914512,short,0.0041670799255371,0.0217612981796264,0.0204648971557617
2026-02-24,481,GD,-0.1421022406289062,0.955268389662028,short,0.0220900774002075,0.0630645751953125,0.0669696331024169
2026-02-24,482,GEHC,-0.1421022406289062,0.9572564612326044,short,-0.0013090372085571,-0.0460548996925354,-0.0596215724945068
2026-02-24,483,GL,-0.1421022406289062,0.9592445328031808,short,0.0133888721466064,0.0151232481002807,0.0041624307632446
2026-02-24,484,IEX,-0.1421022406289062,0.9612326043737576,short,0.0165389776229858,0.0259966850280761,0.012222409248352
2026-02-24,485,INCY,-0.1421022406289062,0.963220675944334,short,0.0011001825332641,0.0006000995635986,-0.0112022757530212
2026-02-24,486,INVH,-0.1421022406289062,0.9652087475149106,short,0.0265417098999023,0.0206868648529052,0.0472286939620971
2026-02-24,487,EXR,-0.1421022406289062,0.967196819085487,short,0.0052427053451538,0.0393545627593994,0.0237625837326049
2026-02-24,488,ABBV,-0.1421022406289062,0.9691848906560636,short,-0.0098272562026977,0.0323461294174194,0.0408514738082885
2026-02-24,489,HIG,-0.1421022406289062,0.9711729622266402,short,7.092952728271484e-05,0.0056713819503784,0.007869005203247
2026-02-24,490,HLT,-0.1421022406289062,0.9731610337972167,short,0.0142970085144042,-0.0272858142852783,-0.0269347429275512
2026-02-24,491,HST,-0.1421022406289062,0.9751491053677932,short,0.0299340486526489,-0.0005072951316833,0.0208016633987426
2026-02-24,492,AVB,-0.1421022406289062,0.9771371769383698,short,0.0078532695770263,0.0041509866714477,-0.0009536147117614
2026-02-24,493,AVY,-0.1421022406289062,0.9791252485089464,short,0.0007780790328979,0.0113077163696289,-0.0289952754974365
2026-02-24,494,AWK,-0.1421022406289062,0.9811133200795228,short,0.0007450580596923,0.0090895891189575,0.016316533088684
2026-02-24,495,AZO,-0.1421022406289062,0.9831013916500994,short,-0.0032191276550292,0.0573693513870239,0.0123045444488525
2026-02-24,496,UDR,-0.1421022406289062,0.985089463220676,short,0.011149525642395,-0.0058401226997375,0.0021237134933471
2026-02-24,497,USB,-0.1421022406289062,0.9870775347912524,short,0.02158784866333,-0.0253344774246215,-0.0305084586143493
2026-02-24,498,AEP,-0.1421022406289062,0.989065606361829,short,-0.0027177929878234,0.0062659978866577,0.0080024003982543
2026-02-24,499,WBD,-0.1421022406289062,0.9910536779324056,short,-0.0034602284431457,-0.0138407945632934,-0.0328719615936279
2026-02-24,500,YUM,-0.1421022406289062,0.993041749502982,short,0.0029051303863525,-0.0139805078506469,-0.0377655029296875
2026-02-24,501,AEE,-0.1421022406289062,0.9950298210735586,short,0.0052943229675292,0.0131012201309204,0.0169597864151
2026-02-24,502,ACGL,-0.1421022406289062,0.9970178926441352,short,0.0029187202453613,0.0171095132827758,-0.0094605684280395
2026-02-24,503,ABT,-0.1421022406289062,0.9990059642147118,short,0.0130707025527954,-0.0055768489837646,-0.0144649744033813
2026-02-25,1,GLW,0.1172765372415228,0.0009940357852882,long,0.0005322694778442,-0.0181636214256286,-0.10352623462677
2026-02-25,2,GNRC,0.1172765372415228,0.0029821073558648,long,-0.0383188128471374,-0.0560699701309204,-0.0663111209869384
2026-02-25,3,MRNA,0.1172765372415228,0.0049701789264413,long,0.035969853401184,-0.0363565683364868,0.0409979820251464
2026-02-25,4,TER,0.1172765372415228,0.0069582504970178,long,-0.0380824208259582,-0.0856027007102966,-0.0815149545669555
2026-02-25,5,VRT,0.1172765372415228,0.0089463220675944,long,-0.016741931438446,-0.0570536255836486,-0.0365698933601379
2026-02-25,6,SNDK,0.1172765372415228,0.0109343936381709,long,-0.02537202835083,-0.1326737999916076,-0.1323975920677185
2026-02-25,7,SATS,0.1172765372415228,0.0129224652087475,long,0.0660699605941772,0.0787117481231689,0.0228844881057739
2026-02-25,8,FIX,0.1172765372415228,0.014910536779324,long,-0.0061603188514709,-0.0327277183532714,-0.0625838637351989
2026-02-25,9,LITE,0.1172765372415228,0.0168986083499005,long,0.0353175401687622,0.0257458686828613,-0.0386705994606018
2026-02-25,10,DOW,0.1172765372415228,0.0188866799204771,long,0.0277591943740844,0.0280936956405639,0.1277592182159423
2026-02-25,11,TPL,0.1172765372415228,0.0208747514910536,long,0.0229250192642211,0.0216568708419799,0.0210130214691162
2026-02-25,12,ALB,0.1121906605760345,0.0228628230616302,long,-0.033850610256195,-0.1092305183410644,-0.1135565042495727
2026-02-25,13,CVNA,0.1104284578988682,0.0248508946322067,long,-0.0557784438133239,-0.0986437201499939,-0.06425541639328
2026-02-25,14,DASH,0.1103989896622008,0.0268389662027833,long,-0.0218391418457031,-0.0274375081062316,0.0170167684555053
2026-02-25,15,AXON,0.1103989896622008,0.0288270377733598,long,-0.0141587257385253,0.0525273084640502,0.0368963479995727
2026-02-25,16,CIEN,0.1100450492739063,0.0308151093439363,long,0.0221010446548461,-0.0237132310867309,-0.1226990818977356
2026-02-25,17,IP,0.1072076970341383,0.0328031809145129,long,0.0097379684448242,-0.0250406265258789,-0.0421980023384094
2026-02-25,18,IRM,0.1072076970341383,0.0347912524850894,long,-0.0093278288841247,-0.014357566833496,-0.0187470912933349
2026-02-25,19,AMAT,0.1072076970341383,0.036779324055666,long,-0.0091025829315185,-0.0649419426918029,-0.077690839767456
2026-02-25,20,RCL,0.1072076970341383,0.0387673956262425,long,-0.0250204205513,-0.055276870727539,-0.1124976873397827
2026-02-25,21,COHR,0.1072076970341383,0.040755467196819,long,0.0351402759552001,0.1226112842559814,0.0149116516113281
2026-02-25,22,CHRW,0.1072076970341383,0.0427435387673956,long,0.006355881690979,0.050195574760437,0.0039656162261962
2026-02-25,23,SW,0.1072076970341383,0.0447316103379721,long,0.011620283126831,-0.0273294448852539,-0.0404562354087829
2026-02-25,24,ORCL,0.1035509103195462,0.0467196819085487,long,-0.0326658487319946,-0.0086488127708435,0.0298050642013549
2026-02-25,25,ARES,0.1035509103195462,0.0487077534791252,long,-0.0514058470726013,-0.0459857583045959,-0.0088075995445251
2026-02-25,26,FICO,0.1035509103195462,0.0506958250497017,long,0.0150673389434814,0.0429115295410156,0.0624082088470459
2026-02-25,27,COF,0.0993775865232418,0.0526838966202783,long,-0.0615436434745788,-0.0707056522369384,-0.0681152939796447
2026-02-25,28,AMD,0.0991333221608998,0.0546719681908548,long,-0.0170364379882812,-0.0625,-0.020767867565155
2026-02-25,29,TTD,0.0955079708768988,0.0566600397614314,long,-0.0054280161857604,0.0438413619995117,0.243841290473938
2026-02-25,30,LUV,0.0939736616555174,0.0586481113320079,long,-0.0327901244163513,-0.0624386668205261,-0.1380325555801391
2026-02-25,474,CMS,-0.1421022406289062,0.941351888667992,short,0.0132380723953247,0.0097339153289794,0.0019466876983642
2026-02-25,475,COO,-0.1421022406289062,0.9433399602385686,short,-0.004047155380249,-0.0076181292533874,-0.0453518033027648
2026-02-25,476,COP,-0.1421022406289062,0.9453280318091452,short,0.0249322652816772,0.0706413984298706,0.0552846193313598
2026-02-25,477,COR,-0.1421022406289062,0.9473161033797216,short,0.0149735212326049,0.0130642652511596,-0.0201008915901184
2026-02-25,478,COST,-0.1421022406289062,0.9493041749502982,short,0.024373173713684,0.0213125944137573,-0.0042260289192199
2026-02-25,479,CPT,-0.1421022406289062,0.9512922465208749,short,-0.0172351598739624,-0.0185957551002502,-0.0145137906074523
2026-02-25,480,UDR,-0.1421022406289062,0.9532803180914512,short,-0.015489637851715,-0.0165398120880126,-0.0110265612602233
2026-02-25,481,ULTA,-0.1421022406289062,0.955268389662028,short,-0.0155830383300781,-0.0383537411689758,-0.0603625178337097
2026-02-25,482,USB,-0.1421022406289062,0.9572564612326044,short,-0.0454068779945373,-0.0571078658103942,-0.0585050582885742
2026-02-25,483,V,-0.1421022406289062,0.9592445328031808,short,0.0108619928359985,0.0130406618118286,0.0097883939743042
2026-02-25,484,VLTO,-0.1421022406289062,0.9612326043737576,short,-0.006019115447998,-0.0242807269096374,-0.0288715958595275
2026-02-25,485,CFG,-0.1421022406289062,0.963220675944334,short,-0.0574694871902465,-0.065455675125122,-0.0676479935646057
2026-02-25,486,CI,-0.1421022406289062,0.9652087475149106,short,0.0034623146057128,-0.0169309973716735,-0.0261409282684326
2026-02-25,487,CINF,-0.1421022406289062,0.967196819085487,short,-0.0073850154876708,0.0201573371887207,0.006900668144226
2026-02-25,488,CAH,-0.1421022406289062,0.9691848906560636,short,0.009245753288269,-0.0034341216087341,-0.0489147305488586
2026-02-25,489,CASY,-0.1421022406289062,0.9711729622266402,short,0.0047483444213867,-0.0060526132583618,-0.0167655944824218
2026-02-25,490,CB,-0.1421022406289062,0.9731610337972167,short,0.0087002515792846,0.0011245012283325,-0.0161577463150024
2026-02-25,491,CBOE,-0.1421022406289062,0.9751491053677932,short,0.0253849029541015,0.0414984226226806,0.0177557468414306
2026-02-25,492,BEN,-0.1421022406289062,0.9771371769383698,short,-0.0324462056159973,-0.033904492855072,-0.0185927748680114
2026-02-25,493,BRK.B,-0.1421022406289062,0.9791252485089464,short,0.0045357942581176,-0.042393684387207,-0.0045159459114074
2026-02-25,494,AVB,-0.1421022406289062,0.9811133200795228,short,-0.0135804414749145,-0.0130794644355773,-0.0021150112152099
2026-02-25,495,AWK,-0.1421022406289062,0.9831013916500994,short,0.0127307176589965,0.0110927820205688,0.0023078918457031
2026-02-25,496,ALL,-0.1421022406289062,0.985089463220676,short,0.0082722902297973,0.0039951801300048,-0.0053581595420837
2026-02-25,497,AME,-0.1421022406289062,0.9870775347912524,short,0.0095374584197998,-0.007216453552246,-0.0427076816558837
2026-02-25,498,APD,-0.1421022406289062,0.989065606361829,short,-0.0020272731781005,-0.0115483403205871,0.000434398651123
2026-02-25,499,VRTX,-0.1421022406289062,0.9910536779324056,short,0.0347821712493896,-0.0122050642967224,-0.0402182936668396
2026-02-25,500,WBD,-0.1421022406289062,0.993041749502982,short,-0.0218749642372131,-0.0208332538604736,-0.0277777314186096
2026-02-25,501,WEC,-0.1421022406289062,0.9950298210735586,short,0.0101045370101928,0.00285005569458,0.0025908946990966
2026-02-25,502,AAPL,-0.1421022406289062,0.9970178926441352,short,-0.032130479812622,-0.0337058305740356,-0.0463821291923522
2026-02-25,503,ZTS,-0.1421022406289062,0.9990059642147118,short,0.010326862335205,-0.0295159816741943,-0.0580301284790039
2026-02-26,1,ALB,0.162118739092379,0.0009940357852882,long,-0.0027425289154052,-0.0577600598335266,-0.0916774272918701
2026-02-26,2,AMAT,0.162118739092379,0.0029821073558648,long,-0.0003222823143005,-0.0390544533729553,-0.1277464628219604
2026-02-26,3,GLW,0.162118739092379,0.0049701789264413,long,0.0497406721115112,-0.0368400812149047,-0.180143654346466
2026-02-26,4,FIX,0.162118739092379,0.0069582504970178,long,0.0062055587768554,0.0007065534591674,-0.1051581501960754
2026-02-26,5,CVNA,0.162118739092379,0.0089463220675944,long,-0.0330680608749389,-0.0535671114921569,-0.0492578148841857
2026-02-26,6,VRT,0.162118739092379,0.0109343936381709,long,0.0112205743789672,-0.0141629576683044,-0.0514339804649353
2026-02-26,7,Q,0.1582996851427791,0.0129224652087475,long,-0.0212212204933166,-0.0530924797058105,-0.1311139464378357
2026-02-26,8,AXON,0.1557128308183739,0.014910536779324,long,0.0546091794967651,0.0505346059799194,0.0582779645919799
2026-02-26,9,SNDK,0.1553078839432385,0.0168986083499005,long,-0.0256232023239135,-0.0571329593658447,-0.1700295209884643
2026-02-26,10,CIEN,0.1553078839432385,0.0188866799204771,long,0.0144250392913818,-0.0147691965103149,-0.1563808321952819
2026-02-26,11,TER,0.1553078839432385,0.0208747514910536,long,0.0181232690811157,-0.0463393926620483,-0.1467987895011901
2026-02-26,12,TPL,0.1550245708052122,0.0228628230616302,long,0.012969970703125,0.0225447416305542,0.0014115571975708
2026-02-26,13,KEYS,0.1536695794984078,0.0248508946322067,long,0.0193277597427368,-0.0208569765090942,-0.1135587096214294
2026-02-26,14,COHR,0.1536695794984078,0.0268389662027833,long,0.1544047594070434,0.061522364616394,-0.0896381139755249
2026-02-26,15,IP,0.1536695794984078,0.0288270377733598,long,-0.015155017375946,-0.0222731828689575,-0.0923076868057251
2026-02-26,16,SW,0.1536695794984078,0.0308151093439363,long,-0.0040416717529296,-0.0387151837348938,-0.0884917974472045
2026-02-26,17,CHRW,0.1514888299936386,0.0328031809145129,long,0.0107423067092895,0.0249392986297607,-0.0302833914756774
2026-02-26,18,GEV,0.1514888299936386,0.0347912524850894,long,0.0086767673492431,-0.0370077490806579,-0.0965774059295654
2026-02-26,19,CRWD,0.1482941063657461,0.036779324055666,long,0.0346254110336303,0.0959728956222534,0.1532608270645141
2026-02-26,20,XYZ,0.1482941063657461,0.0387673956262425,long,0.0117738246917724,0.0241757631301879,0.0412873029708862
2026-02-26,21,FICO,0.1475537610578167,0.040755467196819,long,-0.0012913346290588,0.0387765169143676,0.0472838878631591
2026-02-26,22,DDOG,0.1469405216492357,0.0427435387673956,long,-0.007591962814331,0.05689537525177,0.1231689453125
2026-02-26,23,LUV,0.1425802317603588,0.0447316103379721,long,-0.0200973749160766,-0.0428338646888732,-0.1563133597373962
2026-02-26,24,PYPL,0.141888198091741,0.0467196819085487,long,-0.0125513672828674,0.0116858482360839,0.0164467096328735
2026-02-26,25,CEG,0.141888198091741,0.0487077534791252,long,-0.0082454085350036,-0.0213107466697692,-0.0327998399734497
2026-02-26,26,NDAQ,0.1413075722934676,0.0506958250497017,long,0.0058231353759765,0.017698049545288,0.0097054243087768
2026-02-26,27,ORCL,0.1410735297784893,0.0526838966202783,long,0.0264787673950195,0.0479366779327392,0.0519945621490478
2026-02-26,28,HOOD,0.1410735297784893,0.0546719681908548,long,0.0386289358139038,0.0838496685028076,0.0163480043411254
2026-02-26,29,TTWO,0.1406997029899802,0.0566600397614314,long,0.0113486051559448,0.0202856063842773,9.453296661376952e-05
2026-02-26,30,IBM,0.1406997029899802,0.0586481113320079,long,-0.0034970045089721,0.0410057306289672,0.0775988101959228
2026-02-26,474,CI,-0.2105854126010557,0.941351888667992,short,0.0035538673400878,-0.0175281763076782,-0.0627630949020385
2026-02-26,475,CINF,-0.2105854126010557,0.9433399602385686,short,0.0365898609161376,0.0243322849273681,0.0085986852645874
2026-02-26,476,CFG,-0.2105854126010557,0.9453280318091452,short,0.0149526596069335,0.0001661777496337,-0.0357201695442199
2026-02-26,477,TJX,-0.2105854126010557,0.9473161033797216,short,-0.0106396079063415,0.0004329681396484,-0.0144129991531372
2026-02-26,478,TRV,-0.2105854126010557,0.9493041749502982,short,0.0065772533416748,0.0109835863113403,-0.0075492858886718
2026-02-26,479,TSN,-0.2105854126010557,0.9512922465208749,short,-0.0090782642364501,-0.031851053237915,-0.0547776222229003
2026-02-26,480,COST,-0.2105854126010557,0.9532803180914512,short,-0.0079343318939208,-0.0040067434310913,-0.0125545263290405
2026-02-26,481,CPB,-0.2105854126010557,0.955268389662028,short,-0.0233766436576843,-0.069016695022583,-0.0426716804504394
2026-02-26,482,COR,-0.2105854126010557,0.9572564612326044,short,0.0013704299926757,-0.0106143355369567,-0.0367604494094848
2026-02-26,483,UPS,-0.2105854126010557,0.9592445328031808,short,-0.01328045129776,-0.047085165977478,-0.1172817945480346
2026-02-26,484,CASY,-0.2105854126010557,0.9612326043737576,short,0.0020711421966552,-0.002479612827301,-0.0306160449981689
2026-02-26,485,ULTA,-0.2105854126010557,0.963220675944334,short,-0.0113757252693176,-0.0342440009117126,-0.0561485290527343
2026-02-26,486,CB,-0.2105854126010557,0.9652087475149106,short,0.0055742263793945,-0.0197147727012634,-0.0377280712127685
2026-02-26,487,CBOE,-0.2105854126010557,0.967196819085487,short,-0.0074403285980224,0.0030027627944946,0.0051714181900024
2026-02-26,488,BK,-0.2105854126010557,0.9691848906560636,short,0.0031067132949829,-0.0059613585472106,-0.0324936509132385
2026-02-26,489,BAC,-0.2105854126010557,0.9711729622266402,short,-0.0004013776779174,0.0094319581985473,-0.0238812565803527
2026-02-26,490,V,-0.2105854126010557,0.9731610337972167,short,0.0011557340621948,0.0010308027267456,-0.0086838006973266
2026-02-26,491,AVB,-0.2105854126010557,0.9751491053677932,short,0.0100433826446533,0.0049089193344116,0.0037239789962768
2026-02-26,492,AXP,-0.2105854126010557,0.9771371769383698,short,-0.0047588348388671,0.00747811794281,-0.0255746245384216
2026-02-26,493,AZO,-0.2105854126010557,0.9791252485089464,short,0.0337870121002197,-0.010272741317749,-0.0304320454597473
2026-02-26,494,AWK,-0.2105854126010557,0.9811133200795228,short,-0.0043372511863708,0.002793550491333,0.0107330083847045
2026-02-26,495,AVY,-0.2105854126010557,0.9831013916500994,short,-0.0070282816886901,-0.0466005206108093,-0.085103154182434
2026-02-26,496,AON,-0.2105854126010557,0.985089463220676,short,0.0069454908370971,0.01702082157135,0.0152920484542846
2026-02-26,497,ALL,-0.2105854126010557,0.9870775347912524,short,-0.0082044005393981,-0.0015850067138671,-0.0102554559707641
2026-02-26,498,VRTX,-0.2105854126010557,0.989065606361829,short,-0.0217378139495849,-0.0381216406822204,-0.0807921886444091
2026-02-26,499,VMC,-0.2105854126010557,0.9910536779324056,short,-0.0122580528259277,-0.0452257990837097,-0.1129355430603027
2026-02-26,500,WBD,-0.2105854126010557,0.993041749502982,short,0.0117145776748657,-0.0078096985816955,-0.0078096985816955
2026-02-26,501,YUM,-0.2105854126010557,0.9950298210735586,short,-0.031160831451416,-0.0545313954353332,-0.0485252141952514
2026-02-26,502,AAPL,-0.2105854126010557,0.9970178926441352,short,0.0020440816879272,-0.0062835812568664,-0.0254372358322143
2026-02-26,503,ZTS,-0.2105854126010557,0.9990059642147118,short,-0.0163233876228332,-0.0392067432403564,-0.0737605094909668
2026-02-27,1,WDAY,0.0263511922764415,0.0009940357852882,long,0.0716364383697509,0.0982762575149536,0.1054399013519287
2026-02-27,2,VRT,0.0263511922764415,0.0029821073558648,long,-0.0516391992568969,-0.0310378074645996,0.0256062746047973
2026-02-27,3,VRSK,0.0263511922764415,0.0049701789264413,long,-0.0001862049102783,-0.0166208744049072,-0.0209972262382507
2026-02-27,4,AMAT,0.0263511922764415,0.0069582504970178,long,-0.0560480952262878,-0.068918228149414,-0.0893115997314453
2026-02-27,5,APP,0.0263511922764415,0.0089463220675944,long,0.013649582862854,0.1745576858520507,0.1945816278457641
2026-02-27,6,AXON,0.0263511922764415,0.0109343936381709,long,0.0123597383499145,-0.0026747584342956,-0.0226565599441528
2026-02-27,7,ALB,0.0263511922764415,0.0129224652087475,long,-0.0754854679107666,-0.0799753069877624,-0.0483218431472778
2026-02-27,8,TTD,0.0263511922764415,0.014910536779324,long,0.0279605388641357,0.2249177694320678,0.1743421554565429
2026-02-27,9,TPL,0.0263511922764415,0.0168986083499005,long,-0.0140277743339538,-0.0146491527557373,0.0163812637329101
2026-02-27,10,CRL,0.0263511922764415,0.0188866799204771,long,-0.0163484811782836,0.0151727199554443,-0.0090700387954711
2026-02-27,11,COHR,0.0263511922764415,0.0208747514910536,long,-0.0605533719062805,-0.1506808400154113,-0.1558663249015808
2026-02-27,12,COIN,0.0263511922764415,0.0228628230616302,long,-0.0155473947525024,0.1105053424835205,0.0785466432571411
2026-02-27,13,CEG,0.0263511922764415,0.0248508946322067,long,-0.0069996714591979,0.0150079727172851,-0.0127460956573486
2026-02-27,14,CIEN,0.0263511922764415,0.0268389662027833,long,-0.058406114578247,-0.1538744568824768,-0.0994826555252075
2026-02-27,15,SW,0.0263511922764415,0.0288270377733598,long,-0.034600555896759,-0.0476292371749877,-0.1010251641273498
2026-02-27,16,TER,0.0263511922764415,0.0308151093439363,long,-0.0663228631019592,-0.0621489882469177,-0.0902003645896911
2026-02-27,17,SNDK,0.0263511922764415,0.0328031809145129,long,-0.0866932272911071,-0.0864023566246032,-0.0490244030952453
2026-02-27,18,PSKY,0.0263511922764415,0.0347912524850894,long,-0.0667166709899902,-0.1199400424957275,-0.1611694693565368
2026-02-27,19,CRM,0.0263511922764415,0.036779324055666,long,0.0160663127899169,0.0437419414520263,0.0302668809890747
2026-02-27,20,PWR,0.0263511922764415,0.0387673956262425,long,-0.0116298794746398,-0.0409318208694458,-0.0080676078796386
2026-02-27,21,Q,0.0263511922764415,0.040755467196819,long,-0.0640767216682434,-0.0656887292861938,-0.0791488885879516
2026-02-27,22,GLW,0.0263511922764415,0.0427435387673956,long,-0.0651842951774597,-0.1464588642120361,-0.1825034618377685
2026-02-27,23,GEV,0.0263511922764415,0.0447316103379721,long,-0.0444630980491638,-0.0750924944877624,-0.057967722415924
2026-02-27,24,EXPE,0.0263511922764415,0.0467196819085487,long,0.008910059928894,0.1796097755432129,0.1327142715454101
2026-02-27,25,NFLX,0.0263511922764415,0.0487077534791252,long,0.0062828063964843,0.0214234590530395,0.0126687288284301
2026-02-27,26,FDS,0.0263511922764415,0.0506958250497017,long,0.0133217573165893,0.0226424932479858,0.0050013065338134
2026-02-27,27,FIS,0.0263511922764415,0.0526838966202783,long,0.0054000616073608,0.0116000175476074,0.0324000120162963
2026-02-27,28,FIX,0.0263511922764415,0.0546719681908548,long,-0.0327343940734863,-0.0625904202461242,-0.0457781553268432
2026-02-27,29,EPAM,0.0263511922764415,0.0566600397614314,long,0.0115693807601928,0.0389479398727417,0.0510203838348388
2026-02-27,30,EME,0.0263511922764415,0.0586481113320079,long,0.000706672668457,-0.0227921605110168,-0.0225611329078674
2026-02-27,474,COO,-0.0238749111690121,0.941351888667992,short,-0.006553828716278,-0.044327974319458,-0.0965204834938049
2026-02-27,475,COR,-0.0238749111690121,0.9433399602385686,short,-0.0032469630241394,-0.0358781814575195,-0.0291157960891723
2026-02-27,476,CNP,-0.0238749111690121,0.9453280318091452,short,0.0011537075042724,0.0013843774795532,0.0032302141189575
2026-02-27,477,CMS,-0.0238749111690121,0.9473161033797216,short,-0.0035860538482666,-0.0112705826759338,-0.0107582211494445
2026-02-27,478,STE,-0.0238749111690121,0.9493041749502982,short,-0.0178391337394714,-0.0373734235763549,-0.0809218287467956
2026-02-27,479,CMI,-0.0238749111690121,0.9512922465208749,short,-0.0349431633949279,-0.0418698191642761,-0.0520012974739074
2026-02-27,480,SO,-0.0238749111690121,0.9532803180914512,short,-0.0045253634452819,-0.0003086328506469,0.000205636024475
2026-02-27,481,SRE,-0.0238749111690121,0.955268389662028,short,-0.0032402873039245,-0.0180829763412475,-0.0225775837898254
2026-02-27,482,SPG,-0.0238749111690121,0.9572564612326044,short,-0.0059559345245361,-0.0104843974113464,-0.0508466362953186
2026-02-27,483,SYK,-0.0238749111690121,0.9592445328031808,short,-0.0062787532806396,-0.0426850914955139,-0.0545190572738647
2026-02-27,484,CI,-0.0238749111690121,0.9612326043737576,short,-0.0237923860549926,-0.032938003540039,-0.0728554129600524
2026-02-27,485,STZ,-0.0238749111690121,0.963220675944334,short,-0.0034491419792175,-0.0591466426849365,-0.048543632030487
2026-02-27,486,CINF,-0.0238749111690121,0.9652087475149106,short,-0.0085303783416748,-0.0214142799377441,-0.0391809940338134
2026-02-27,487,CME,-0.0238749111690121,0.967196819085487,short,-0.0040739774703979,-0.0295594930648803,-0.0225754976272583
2026-02-27,488,TXT,-0.0238749111690121,0.9691848906560636,short,-0.0211561322212219,-0.0425109267234802,-0.0649582743644714
2026-02-27,489,BA,-0.0238749111690121,0.9711729622266402,short,-0.0244624614715576,-0.0334291458129882,-0.0206320285797119
2026-02-27,490,TJX,-0.0238749111690121,0.9731610337972167,short,-0.001438021659851,0.0061897039413452,-0.0112542510032653
2026-02-27,491,TRV,-0.0238749111690121,0.9751491053677932,short,0.0009655952453613,-0.0129719376564025,-0.0240770578384399
2026-02-27,492,CB,-0.0238749111690121,0.9771371769383698,short,-0.0130121111869812,-0.0300502181053161,-0.0535652041435241
2026-02-27,493,BRK.B,-0.0238749111690121,0.9791252485089464,short,0.0024782419204711,0.0421308279037475,0.0354665517807006
2026-02-27,494,CAH,-0.0238749111690121,0.9811133200795228,short,-0.0153558254241943,-0.0602923035621643,-0.0330607295036315
2026-02-27,495,CASY,-0.0238749111690121,0.9831013916500994,short,-0.0127946138381958,-0.0234349370002746,-0.0327069759368896
2026-02-27,496,ALL,-0.0238749111690121,0.985089463220676,short,0.0039951801300048,-0.0053581595420837,-0.0238296389579772
2026-02-27,497,APD,-0.0238749111690121,0.9870775347912524,short,-0.0122634172439575,-0.0002893805503845,-0.0073436498641967
2026-02-27,498,UPS,-0.0238749111690121,0.989065606361829,short,-0.0104002356529235,-0.0904561877250671,-0.1265512704849243
2026-02-27,499,AME,-0.0238749111690121,0.9910536779324056,short,-0.0257185697555542,-0.0605483651161193,-0.0678787231445312
2026-02-27,500,VLTO,-0.0238749111690121,0.993041749502982,short,-0.016251802444458,-0.0208804607391357,-0.0325036644935607
2026-02-27,501,AON,-0.0238749111690121,0.9950298210735586,short,0.0037596225738525,0.0028715133666992,-0.0146832466125488
2026-02-27,502,WBD,-0.0238749111690121,0.9970178926441352,short,-0.0105262994766235,-0.0175438523292541,-0.0263158082962036
2026-02-27,503,VMC,-0.0238749111690121,0.9990059642147118,short,-0.0202482342720031,-0.0619529485702514,-0.1040824055671691
2026-03-02,1,VRT,0.1526308167380995,0.0009940357852882,long,0.0279823541641235,-0.010882019996643,0.1048109531402587
2026-03-02,2,STX,0.1526308167380995,0.0029821073558648,long,0.0486270189285278,-0.0134780406951904,0.0745763778686523
2026-03-02,3,TPL,0.1526308167380995,0.0049701789264413,long,0.0238139629364013,0.0026545524597167,-0.0054999589920043
2026-03-02,4,BKNG,0.1526308167380995,0.0069582504970178,long,0.0240041017532348,0.0954675674438476,0.0524570941925048
2026-03-02,5,HOOD,0.1526308167380995,0.0089463220675944,long,0.0807151794433593,0.0134086608886718,0.0323386192321777
2026-03-02,6,FDS,0.1526308167380995,0.0109343936381709,long,0.0113519430160522,0.0134607553482055,-0.0487279891967773
2026-03-02,7,GLW,0.1526308167380995,0.0129224652087475,long,-0.0184997916221618,-0.1645321249961853,-0.0769127011299133
2026-03-02,8,WDC,0.1526308167380995,0.014910536779324,long,0.0426558256149292,-0.0213878154754638,0.0622880458831787
2026-03-02,9,LUV,0.1526308167380995,0.0168986083499005,long,-0.0125654339790344,-0.1296334862709045,-0.1032460927963256
2026-03-02,10,CRL,0.1526308167380995,0.0188866799204771,long,0.0221412181854248,-0.0070009231567382,-0.0473561882972717
2026-03-02,11,CEG,0.1526308167380995,0.0208747514910536,long,-0.0062178373336791,-0.017884075641632,-0.0239480137825012
2026-03-02,12,INTU,0.1526308167380995,0.0228628230616302,long,0.0156686305999755,0.1103496551513671,0.0475366115570068
2026-03-02,13,SW,0.1495230569009323,0.0248508946322067,long,-0.000221312046051,-0.0519912242889404,-0.05442476272583
2026-03-02,14,EME,0.1495230569009323,0.0268389662027833,long,0.0062067508697509,-0.0414369106292724,-0.0175471901893615
2026-03-02,15,TTWO,0.145784636955593,0.0288270377733598,long,-0.0058972239494323,-0.0255701541900634,-0.0367196798324584
2026-03-02,16,PSKY,0.145784636955593,0.0308151093439363,long,-0.0321285128593444,-0.0369477868080139,-0.1702811121940612
2026-03-02,17,CIEN,0.145784636955593,0.0328031809145129,long,0.0314648151397705,-0.1167922616004943,0.0128800868988037
2026-03-02,18,GEV,0.145784636955593,0.0347912524850894,long,-0.000866949558258,-0.0626722574234008,-0.0033254027366638
2026-03-02,19,Q,0.1457209968801799,0.036779324055666,long,0.0336719751358032,-0.0514984726905822,-0.0185153484344482
2026-03-02,20,ALB,0.1457209968801799,0.0387673956262425,long,0.0219753980636596,-0.0148121118545532,0.010987639427185
2026-03-02,21,FIX,0.1454511363912747,0.040755467196819,long,0.0281922817230224,-0.0805802345275878,-0.0054199695587158
2026-03-02,22,BKR,0.1443623454038578,0.0427435387673956,long,-0.0265430212020874,-0.043652057647705,-0.0511672496795654
2026-03-02,23,SNDK,0.1400446054510827,0.0447316103379721,long,0.0595144033432006,-0.0673492550849914,0.0945862531661987
2026-03-02,24,IT,0.139867128425313,0.0467196819085487,long,0.012865662574768,0.0256099700927734,-0.0347129702568054
2026-03-02,25,EPAM,0.139867128425313,0.0487077534791252,long,0.0009233951568603,0.0362292528152465,0.0100162029266357
2026-03-02,26,CRWD,0.1396223011052644,0.0506958250497017,long,0.0415409803390502,0.0959837436676025,0.1147359609603881
2026-03-02,27,PWR,0.1393680159723948,0.0526838966202783,long,0.0042049884796142,-0.0456007122993469,-0.0034452676773071
2026-03-02,28,WDAY,0.1391137025543306,0.0546719681908548,long,-0.003969132900238,0.0517373085021972,-0.0077988505363464
2026-03-02,29,XYZ,0.1390117011023812,0.0566600397614314,long,0.0372018814086914,0.0545309782028198,0.0429252386093139
2026-03-02,30,APP,0.1386777620699917,0.0586481113320079,long,0.1000705957412719,0.144113540649414,0.0877213478088378
2026-03-02,474,ESS,-0.2004423216478679,0.941351888667992,short,0.0022310018539428,-0.0014480948448181,-0.0047358274459838
2026-03-02,475,EQR,-0.2004423216478679,0.9433399602385686,short,0.0009565353393554,0.0,-0.0197704434394836
2026-03-02,476,AVB,-0.2004423216478679,0.9453280318091452,short,0.0043988227844238,0.0032144784927368,-0.0161854624748229
2026-03-02,477,AVY,-0.2004423216478679,0.9473161033797216,short,-0.0180444717407226,-0.0577003955841064,-0.0857112407684326
2026-03-02,478,AOS,-0.2004423216478679,0.9493041749502982,short,-0.0301467776298522,-0.0610868334770202,-0.0768213272094726
2026-03-02,479,APD,-0.2004423216478679,0.9512922465208749,short,0.0042484998703002,-0.0031498074531555,0.0076178312301635
2026-03-02,480,SYK,-0.2004423216478679,0.9532803180914512,short,-0.0070204138755798,-0.0520814061164855,-0.0674484372138977
2026-03-02,481,TAP,-0.2004423216478679,0.955268389662028,short,-0.0151893496513366,-0.0295464396476745,-0.0455681085586547
2026-03-02,482,DRI,-0.2004423216478679,0.9572564612326044,short,-0.0341405868530273,-0.0352327227592468,-0.0338556766510009
2026-03-02,483,DTE,-0.2004423216478679,0.9592445328031808,short,0.0135034322738647,0.0136384963989257,-0.0023631453514099
2026-03-02,484,EA,-0.2004423216478679,0.9612326043737576,short,0.0025345087051391,-0.0160024166107177,-0.0057151317596435
2026-03-02,485,DUK,-0.2004423216478679,0.963220675944334,short,0.0034239292144775,0.008141279220581,-0.0132389068603515
2026-03-02,486,ED,-0.2004423216478679,0.9652087475149106,short,0.0011569261550903,-0.0007120370864868,-0.0094339251518249
2026-03-02,487,EG,-0.2004423216478679,0.967196819085487,short,-0.0030436515808105,-0.0030436515808105,-0.0227673053741455
2026-03-02,488,GIS,-0.2004423216478679,0.9691848906560636,short,-0.0220026969909667,-0.0056129097938537,-0.0507409572601318
2026-03-02,489,GD,-0.2004423216478679,0.9711729622266402,short,0.0038936138153076,-0.0033178329467773,-0.0249794721603393
2026-03-02,490,UDR,-0.2004423216478679,0.9731610337972167,short,0.0077415704727172,-0.005605936050415,-0.0181527137756347
2026-03-02,491,TSN,-0.2004423216478679,0.9751491053677932,short,-0.0012698769569396,-0.024920642375946,-0.0438094735145568
2026-03-02,492,AWK,-0.2004423216478679,0.9771371769383698,short,0.0044180154800415,0.012370228767395,-0.0218688249588012
2026-03-02,493,TJX,-0.2004423216478679,0.9791252485089464,short,0.0126478672027587,-0.0023793578147888,-0.0011270642280578
2026-03-02,494,TRV,-0.2004423216478679,0.9811133200795228,short,0.003408670425415,-0.0149853825569152,-0.0274302959442138
2026-03-02,495,GWW,-0.2004423216478679,0.9831013916500994,short,-0.0025621652603149,-0.0335415005683898,-0.0390912294387817
2026-03-02,496,FE,-0.2004423216478679,0.985089463220676,short,0.0045481920242309,0.0053391456604003,0.0017796754837036
2026-03-02,497,EXC,-0.2004423216478679,0.9870775347912524,short,0.0059232711791992,0.0081700086593627,0.0010212659835815
2026-03-02,498,HD,-0.2004423216478679,0.989065606361829,short,0.0059685707092285,-0.0245285034179687,-0.0266271233558654
2026-03-02,499,WST,-0.2004423216478679,0.9910536779324056,short,-0.0101042389869689,-0.0219588279724121,-0.0698146224021911
2026-03-02,500,ALL,-0.2004423216478679,0.993041749502982,short,0.0026683807373046,-0.006039023399353,-0.0286035537719726
2026-03-02,501,UPS,-0.2004423216478679,0.9950298210735586,short,-0.0241102576255798,-0.0959993004798889,-0.1087167859077453
2026-03-02,502,AMT,-0.2004423216478679,0.9970178926441352,short,0.0028909444808959,-0.0087254047393798,-0.0217083096504211
2026-03-02,503,ZTS,-0.2004423216478679,0.9990059642147118,short,0.0002381801605224,-0.0357341170310974,-0.0431986451148986
2026-03-03,1,NOW,0.1526308167380995,0.0009940357852882,long,0.0572632551193237,0.0708764791488647,0.01554536819458
2026-03-03,2,AMAT,0.1526308167380995,0.0029821073558648,long,-0.0313897728919982,-0.0526050925254821,-0.0186997056007385
2026-03-03,3,MRNA,0.1526308167380995,0.0049701789264413,long,-0.0686850547790527,-0.0356401205062866,-0.0316608548164367
2026-03-03,4,LUV,0.1526308167380995,0.0069582504970178,long,-0.0689289569854736,-0.0873807668685913,-0.1124072670936584
2026-03-03,5,PSKY,0.1526308167380995,0.0089463220675944,long,-0.0257261991500854,-0.0713693499565124,-0.1751037836074829
2026-03-03,6,PYPL,0.1526308167380995,0.0109343936381709,long,0.0190373659133911,-0.0126203298568725,-0.0252406597137451
2026-03-03,7,INTU,0.1526308167380995,0.0129224652087475,long,0.0605489015579223,0.0761803388595581,0.000704288482666
2026-03-03,8,HOOD,0.1526308167380995,0.014910536779324,long,-0.0200705528259277,-0.034788966178894,-0.0428171157836914
2026-03-03,9,EXPE,0.1526308167380995,0.0168986083499005,long,0.1344428062438964,0.0893428325653076,0.0388761758804321
2026-03-03,10,FICO,0.1526308167380995,0.0188866799204771,long,0.0075682401657104,-0.0155805349349975,-0.2040833234786987
2026-03-03,11,FIX,0.1526308167380995,0.0208747514910536,long,-0.0574393272399902,-0.0405346751213073,-0.0161216259002685
2026-03-03,12,STX,0.1526308167380995,0.0228628230616302,long,-0.0204527974128723,-0.0018133521080017,0.0292258262634277
2026-03-03,13,TER,0.1526308167380995,0.0248508946322067,long,0.0012450218200683,-0.0287024974822998,-0.0105177760124206
2026-03-03,14,DDOG,0.1526308167380995,0.0268389662027833,long,0.0340572595596313,0.0864530801773071,0.0774105787277221
2026-03-03,15,CRL,0.1526308167380995,0.0288270377733598,long,0.0096893310546875,-0.0144225358963012,-0.0594164133071899
2026-03-03,16,CRWD,0.1526308167380995,0.0308151093439363,long,0.0453296899795532,0.064879298210144,0.0842572450637817
2026-03-03,17,TPL,0.1526308167380995,0.0328031809145129,long,-0.0238756537437438,0.0068641901016235,-0.0210403800010681
2026-03-03,18,CEG,0.1526308167380995,0.0347912524850894,long,0.0285581350326538,0.0004335641860961,-0.0686386823654174
2026-03-03,19,VRT,0.1526308167380995,0.036779324055666,long,-0.0060887932777404,0.0520137548446655,0.0675740242004394
2026-03-03,20,VTRS,0.1526308167380995,0.0387673956262425,long,-0.0122365951538085,-0.0333106517791748,-0.0503059029579162
2026-03-03,21,WDC,0.1526308167380995,0.040755467196819,long,-0.0086873173713684,0.0029085874557495,0.0287410020828247
2026-03-03,22,EME,0.1495230569009323,0.0427435387673956,long,-0.0295058488845825,-0.0292763710021972,-0.0279266238212585
2026-03-03,23,COHR,0.1495230569009323,0.0447316103379721,long,-0.076366126537323,-0.0820053219795227,-0.0853161215782165
2026-03-03,24,FDS,0.1462141957549013,0.0467196819085487,long,-0.0021295547485351,-0.0193433761596679,-0.0881100296974182
2026-03-03,25,IQV,0.1459598823368371,0.0487077534791252,long,0.0034854412078857,0.0037665367126464,-0.0354171395301818
2026-03-03,26,MU,0.1458578808848877,0.0506958250497017,long,-0.009282112121582,-0.0285699367523193,0.0447139739990234
2026-03-03,27,SNDK,0.145784636955593,0.0526838966202783,long,-0.0558708310127258,-0.0172436833381652,0.0940973758697509
2026-03-03,28,GEV,0.145784636955593,0.0546719681908548,long,-0.0312147140502929,-0.0132775902748107,0.007583737373352
2026-03-03,29,GLW,0.145784636955593,0.0566600397614314,long,-0.0697320699691772,-0.1090167760848999,-0.0903065800666809
2026-03-03,30,SATS,0.145784636955593,0.0586481113320079,long,-0.0278874039649963,-0.0360431671142578,-0.0162237882614135
2026-03-03,474,GD,-0.2004423216478679,0.941351888667992,short,-0.0148038268089294,-0.0113077163696289,-0.0335135459899902
2026-03-03,475,GIS,-0.2004423216478679,0.9433399602385686,short,0.0002294778823852,-0.0036730766296386,-0.0665748715400695
2026-03-03,476,ROL,-0.2004423216478679,0.9453280318091452,short,0.002930998802185,-0.0074138045310974,-0.0331034064292907
2026-03-03,477,RMD,-0.2004423216478679,0.9473161033797216,short,-0.0143986940383911,-0.0236247777938842,-0.0729588866233825
2026-03-03,478,SBAC,-0.2004423216478679,0.9493041749502982,short,-0.003767192363739,-0.002545416355133,-0.0400651693344116
2026-03-03,479,GWW,-0.2004423216478679,0.9512922465208749,short,-0.0023944973945617,-0.0288907885551452,-0.0330616235733032
2026-03-03,480,MDT,-0.2004423216478679,0.9532803180914512,short,-0.0270920395851135,-0.0445606708526611,-0.0693514347076416
2026-03-03,481,MCD,-0.2004423216478679,0.955268389662028,short,-0.0129317641258239,-0.0028335452079772,-0.0196840763092041
2026-03-03,482,LH,-0.2004423216478679,0.9572564612326044,short,-0.0175538063049316,-0.0257789492607116,-0.0371372103691101
2026-03-03,483,PSA,-0.2004423216478679,0.9592445328031808,short,-0.0122924447059631,-0.0137726664543151,-0.0349144339561462
2026-03-03,484,KDP,-0.2004423216478679,0.9612326043737576,short,-0.0284032225608825,-0.0235538482666015,-0.0422584414482116
2026-03-03,485,JNJ,-0.2004423216478679,0.963220675944334,short,-0.0231145620346069,-0.0110477209091186,-0.0094170570373535
2026-03-03,486,EA,-0.2004423216478679,0.9652087475149106,short,-0.0048084259033203,-0.0121944546699523,-0.0089724063873291
2026-03-03,487,DIS,-0.2004423216478679,0.967196819085487,short,-0.00611412525177,-0.0133928060531616,-0.0208656787872314
2026-03-03,488,CME,-0.2004423216478679,0.9691848906560636,short,-0.0099687576293945,-0.0028437376022338,-0.0520938038825988
2026-03-03,489,CPT,-0.2004423216478679,0.9711729622266402,short,-0.0010114908218383,-0.0334712862968444,-0.0635402798652648
2026-03-03,490,COST,-0.2004423216478679,0.9731610337972167,short,-0.0240081548690795,-0.001430332660675,-0.0144128799438476
2026-03-03,491,TKO,-0.2004423216478679,0.9751491053677932,short,-0.0207186341285705,-0.0562363862991333,-0.0656707882881164
2026-03-03,492,CTAS,-0.2004423216478679,0.9771371769383698,short,0.0220367908477783,0.0032480955123901,-0.0088946819305419
2026-03-03,493,DXCM,-0.2004423216478679,0.9791252485089464,short,-0.0303154587745666,-0.0570645332336425,-0.090397834777832
2026-03-03,494,CB,-0.2004423216478679,0.9811133200795228,short,-0.0050278902053833,-0.0291495323181152,-0.0340576171875
2026-03-03,495,BRK.B,-0.2004423216478679,0.9831013916500994,short,0.026503562927246,0.0199393033981323,0.0124927759170532
2026-03-03,496,BF.B,-0.2004423216478679,0.985089463220676,short,-0.00533127784729,-0.0525514483451843,-0.0776847004890441
2026-03-03,497,AVB,-0.2004423216478679,0.9870775347912524,short,0.0066815614700317,-0.0078045725822448,-0.0352610945701599
2026-03-03,498,AON,-0.2004423216478679,0.989065606361829,short,-0.0070637464523315,-0.024444580078125,-0.0711647868156433
2026-03-03,499,VLTO,-0.2004423216478679,0.9910536779324056,short,0.0051742792129516,-0.0067581534385681,-0.0351636409759521
2026-03-03,500,WBD,-0.2004423216478679,0.993041749502982,short,0.001788854598999,-0.0071556568145751,-0.0050089955329895
2026-03-03,501,YUM,-0.2004423216478679,0.9950298210735586,short,-0.0023272633552551,0.0054091215133666,-0.015032410621643
2026-03-03,502,AAPL,-0.2004423216478679,0.9970178926441352,short,-0.00849449634552,-0.0100563168525695,-0.006513774394989
2026-03-03,503,ZTS,-0.2004423216478679,0.9990059642147118,short,-0.0296125411987304,-0.0285804867744445,-0.0489838123321533
2026-03-04,1,NOW,0.1526308167380995,0.0009940357852882,long,0.032895803451538,-0.0313174724578857,-0.0615550279617309
2026-03-04,2,MRNA,0.1526308167380995,0.0029821073558648,long,-0.0243359208106994,0.0213634967803955,-0.0081739425659179
2026-03-04,3,AMAT,0.1526308167380995,0.0049701789264413,long,-0.0628805756568908,-0.0018756985664367,-0.0267220735549926
2026-03-04,4,PLTR,0.1526308167380995,0.0069582504970178,long,0.0294098854064941,-0.0100216269493103,0.0054365396499633
2026-03-04,5,LUV,0.1526308167380995,0.0089463220675944,long,-0.0533029437065124,-0.024601399898529,-0.120501160621643
2026-03-04,6,PSKY,0.1526308167380995,0.0109343936381709,long,0.0212947130203247,-0.1201022267341613,-0.1652469635009765
2026-03-04,7,HOOD,0.1526308167380995,0.0129224652087475,long,-0.0430734753608703,-0.0251985788345336,-0.0551141500473022
2026-03-04,8,EXPE,0.1526308167380995,0.014910536779324,long,-0.0076329708099365,-0.0790331363677978,-0.094974935054779
2026-03-04,9,FDS,0.1526308167380995,0.0168986083499005,long,0.0042237043380737,-0.0573982000350952,-0.0947892069816589
2026-03-04,10,STX,0.1526308167380995,0.0188866799204771,long,-0.0395818948745727,0.046142578125,0.018075942993164
2026-03-04,11,TER,0.1526308167380995,0.0208747514910536,long,-0.1064532995223999,-0.0157405734062194,-0.0620786547660827
2026-03-04,12,DDOG,0.1526308167380995,0.0228628230616302,long,0.0277050733566284,0.0058842897415161,0.0392285585403442
2026-03-04,13,CRL,0.1526308167380995,0.0248508946322067,long,-0.0378336906433105,-0.0769358873367309,-0.1580631136894226
2026-03-04,14,TPL,0.1526308167380995,0.0268389662027833,long,0.0032868385314941,-0.0048727989196777,0.0108157396316528
2026-03-04,15,COHR,0.1526308167380995,0.0288270377733598,long,-0.0714932680130004,0.0266672372817993,-0.049631655216217
2026-03-04,16,BKNG,0.1526308167380995,0.0308151093439363,long,-0.0136237740516662,-0.0523510575294494,-0.0857459306716919
2026-03-04,17,VRT,0.1526308167380995,0.0328031809145129,long,-0.0319119095802307,0.0813213586807251,0.0625826120376586
2026-03-04,18,WDC,0.1526308167380995,0.0347912524850894,long,-0.0531984567642211,0.0277574062347412,0.0083001852035522
2026-03-04,19,KEYS,0.1495230569009323,0.036779324055666,long,-0.0424590110778808,0.0036202669143676,-0.006080687046051
2026-03-04,20,APP,0.1462141957549013,0.0387673956262425,long,-0.0126238465309143,-0.0612906813621521,-0.1164661049842834
2026-03-04,21,INTU,0.1462141957549013,0.040755467196819,long,0.0308061838150024,-0.0275070071220397,-0.0678249597549438
2026-03-04,22,FICO,0.1462141957549013,0.0427435387673956,long,0.0006169080734252,-0.1287649869918823,-0.2586079239845276
2026-03-04,23,KKR,0.1459598823368371,0.0447316103379721,long,-0.0445652604103088,-0.0588973760604858,-0.122502326965332
2026-03-04,24,ON,0.145784636955593,0.0467196819085487,long,-0.0654067397117614,-0.0207066535949707,-0.0519309639930725
2026-03-04,25,RCL,0.145784636955593,0.0487077534791252,long,-0.017593502998352,0.0069596767425537,-0.0585388541221618
2026-03-04,26,SATS,0.145784636955593,0.0506958250497017,long,-0.0415877103805542,-0.0211998224258422,-0.0283265709877014
2026-03-04,27,TTWO,0.145784636955593,0.0526838966202783,long,-0.0048463940620422,-0.0162329673767089,-0.0156683921813964
2026-03-04,28,CIEN,0.145784636955593,0.0546719681908548,long,-0.0171399116516113,0.1271634101867675,0.1253925561904907
2026-03-04,29,PANW,0.145784636955593,0.0566600397614314,long,0.0115836858749389,0.0148320198059082,0.0303995609283447
2026-03-04,30,XYZ,0.145784636955593,0.0586481113320079,long,-0.0155832171440124,-0.0264173150062561,-0.1110121011734008
2026-03-04,474,TXT,-0.2004423216478679,0.941351888667992,short,-0.0149377584457397,-0.0403527021408081,-0.0504149198532104
2026-03-04,475,UDR,-0.2004423216478679,0.9433399602385686,short,-0.0111494064331054,-0.0236262083053588,-0.0432704091072082
2026-03-04,476,USB,-0.2004423216478679,0.9453280318091452,short,-0.0285661220550537,-0.0363568663597106,-0.0450751185417175
2026-03-04,477,V,-0.2004423216478679,0.9473161033797216,short,-0.0076297521591186,-0.0167917013168334,-0.0415884852409362
2026-03-04,478,VICI,-0.2004423216478679,0.9493041749502982,short,-0.0006736516952514,-0.0127989649772644,-0.0340182185173034
2026-03-04,479,BRK.B,-0.2004423216478679,0.9512922465208749,short,-0.0028377175331115,-0.0125099420547485,-0.0170063376426696
2026-03-04,480,C,-0.2004423216478679,0.9532803180914512,short,-0.0222120285034179,0.0001835823059082,-0.0316658616065979
2026-03-04,481,CAG,-0.2004423216478679,0.955268389662028,short,0.0220311880111694,-0.0284793376922607,-0.1311123371124267
2026-03-04,482,CAH,-0.2004423216478679,0.9572564612326044,short,0.0081473588943481,0.0047217607498168,0.0142116546630859
2026-03-04,483,CB,-0.2004423216478679,0.9592445328031808,short,-0.0134150981903076,-0.0217168927192688,-0.0087228417396545
2026-03-04,484,CBOE,-0.2004423216478679,0.9612326043737576,short,0.0127062797546386,-0.0402366518974304,-0.0243369340896606
2026-03-04,485,BEN,-0.2004423216478679,0.963220675944334,short,-0.0252600312232971,-0.0631501078605651,-0.1170133352279663
2026-03-04,486,BK,-0.2004423216478679,0.9652087475149106,short,-0.0126809477806091,-0.0110530257225036,0.0035129785537719
2026-03-04,487,BLK,-0.2004423216478679,0.967196819085487,short,-0.0768598914146423,-0.0653526782989502,-0.1083091497421264
2026-03-04,488,APD,-0.2004423216478679,0.9691848906560636,short,-0.0150896310806274,-0.0044509172439575,0.0511307716369628
2026-03-04,489,AVB,-0.2004423216478679,0.9711729622266402,short,-0.0078085660934448,-0.0269953608512878,-0.0460148453712463
2026-03-04,490,AVY,-0.2004423216478679,0.9731610337972167,short,-0.0222609043121337,-0.0513252615928649,-0.0692320466041565
2026-03-04,491,AWK,-0.2004423216478679,0.9751491053677932,short,0.0212434530258178,-0.0132957696914672,0.0268884897232055
2026-03-04,492,ALL,-0.2004423216478679,0.9771371769383698,short,0.003307819366455,-0.0194688439369201,-0.0311406850814819
2026-03-04,493,AME,-0.2004423216478679,0.9791252485089464,short,-0.0214247703552246,-0.0023804903030395,-0.0496825575828552
2026-03-04,494,AMT,-0.2004423216478679,0.9811133200795228,short,0.0050628185272216,-0.0081006288528442,-0.0414623618125915
2026-03-04,495,AON,-0.2004423216478679,0.9831013916500994,short,0.0054019689559936,-0.0525725483894348,-0.0674793720245361
2026-03-04,496,VLTO,-0.2004423216478679,0.985089463220676,short,-0.0090345740318298,-0.035718023777008,-0.0570437908172607
2026-03-04,497,VMC,-0.2004423216478679,0.9870775347912524,short,-0.0426139831542968,-0.0530237555503845,-0.0815374851226806
2026-03-04,498,VRTX,-0.2004423216478679,0.989065606361829,short,-0.0089622735977172,0.0832211971282959,0.0375634431838989
2026-03-04,499,WBD,-0.2004423216478679,0.9910536779324056,short,-0.0017856955528259,-0.008571445941925,-0.0203571319580078
2026-03-04,500,YUM,-0.2004423216478679,0.993041749502982,short,0.0087000131607055,0.0036565065383911,-0.0010086297988891
2026-03-04,501,ABBV,-0.2004423216478679,0.9950298210735586,short,-0.009640634059906,-0.0229825973510742,-0.0300409197807312
2026-03-04,502,AAPL,-0.2004423216478679,0.9970178926441352,short,-0.0108725428581237,0.0020744800567626,-0.0174037218093872
2026-03-04,503,ZTS,-0.2004423216478679,0.9990059642147118,short,-0.006545066833496,-0.014235496520996,-0.0553874373435974
2026-03-05,1,AMAT,0.1684212613645761,0.0009940357852882,long,0.0437272787094116,0.0810803174972534,0.0517029762268066
2026-03-05,2,WDC,0.1684212613645761,0.0029821073558648,long,0.0685422420501709,0.0960652828216552,0.1102548837661743
2026-03-05,3,TER,0.1684212613645761,0.0049701789264413,long,0.0856620073318481,0.1059879064559936,0.0489654541015625
2026-03-05,4,GNRC,0.1684212613645761,0.0069582504970178,long,0.0151455402374267,0.0421526432037353,-0.0171061754226684
2026-03-05,5,COHR,0.1684212613645761,0.0089463220675944,long,0.0704225301742553,0.0665620565414428,0.0298658609390258
2026-03-05,6,MRNA,0.1684212613645761,0.0109343936381709,long,0.0613100528717041,0.0656893253326416,0.0007616281509399
2026-03-05,7,STX,0.1684212613645761,0.0129224652087475,long,0.0610260963439941,0.0940192937850952,0.0876133441925048
2026-03-05,8,CSGP,0.1684212613645761,0.014910536779324,long,0.0008267164230346,-0.0628358721733093,-0.0981810688972473
2026-03-05,9,SNDK,0.1612052165447691,0.0168986083499005,long,0.1164355278015136,0.2429218292236328,0.2546602487564087
2026-03-05,10,GLW,0.1612052165447691,0.0188866799204771,long,0.0467191934585571,0.0686997175216674,0.0472868680953979
2026-03-05,11,KEYS,0.1585469927063408,0.0208747514910536,long,0.0352016687393188,0.0434240102767944,0.0269794464111328
2026-03-05,12,PSKY,0.1585469927063408,0.0228628230616302,long,-0.0667222738265991,-0.1709758043289184,-0.1893243789672851
2026-03-05,13,CVNA,0.1529935579664712,0.0248508946322067,long,0.0332388877868652,-0.0258734822273254,-0.0552408695220947
2026-03-05,14,AXON,0.1529935579664712,0.0268389662027833,long,-0.0260448455810546,-0.0983257889747619,-0.1355900168418884
2026-03-05,15,ALB,0.1516032379832913,0.0288270377733598,long,0.0448580980300903,0.0351840257644653,-0.025078535079956
2026-03-05,16,LRCX,0.1475701743849786,0.0308151093439363,long,0.0592986345291137,0.0980283021926879,0.0645662546157836
2026-03-05,17,GEV,0.1443200047019561,0.0328031809145129,long,0.0517846345901489,0.074021577835083,0.0200068950653076
2026-03-05,18,DE,0.1421546442248508,0.0347912524850894,long,0.0164639949798584,0.0072400569915771,-0.0208047628402709
2026-03-05,19,DDOG,0.1394879540745745,0.036779324055666,long,0.0223459005355834,0.0138369798660278,-0.0097813606262207
2026-03-05,20,DOW,0.1393748308674247,0.0387673956262425,long,0.030949592590332,0.0327523946762084,0.100360631942749
2026-03-05,21,LYB,0.1389704865092972,0.040755467196819,long,-0.004321277141571,0.0038743019104003,0.0773357152938842
2026-03-05,22,RCL,0.1387808548700111,0.0427435387673956,long,0.0448431968688964,0.0303510427474975,-0.0199222564697265
2026-03-05,23,LITE,0.1376733136263019,0.0447316103379721,long,0.1472853422164917,0.2033522129058838,0.1147123575210571
2026-03-05,24,Q,0.1376733136263019,0.0467196819085487,long,0.0373162031173706,0.0556564331054687,-0.0098964571952819
2026-03-05,25,ADI,0.1375083042402765,0.0487077534791252,long,0.0123491287231445,0.0107976198196411,-0.0308412909507751
2026-03-05,26,CIEN,0.1374874414415587,0.0506958250497017,long,0.0828431844711303,0.1556242704391479,0.1468877792358398
2026-03-05,27,ARES,0.1372391328231373,0.0526838966202783,long,-0.0105445384979248,-0.0595400929450988,-0.0749931931495666
2026-03-05,28,SATS,0.1353750461525677,0.0546719681908548,long,0.0346385240554809,0.0559111833572387,0.0197665691375732
2026-03-05,29,ON,0.1339703582346704,0.0566600397614314,long,0.0414981842041015,0.0416740179061889,0.029541015625
2026-03-05,30,CAT,0.1336808469888181,0.0586481113320079,long,0.0351299047470092,0.0391981601715087,0.0192245244979858
2026-03-05,474,DOC,-0.2106321461887282,0.941351888667992,short,0.0081018209457397,-0.0121528506278991,-0.0173611640930175
2026-03-05,475,DPZ,-0.2106321461887282,0.9433399602385686,short,0.0180455446243286,-0.0370216369628906,-0.0166132450103759
2026-03-05,476,DLR,-0.2106321461887282,0.9453280318091452,short,0.0196378231048584,0.0249730348587036,0.0194108486175537
2026-03-05,477,ED,-0.2106321461887282,0.9473161033797216,short,-0.0042749643325805,-0.0048094391822814,0.0231564044952392
2026-03-05,478,CPT,-0.2106321461887282,0.9493041749502982,short,-0.0133295655250549,-0.044025182723999,-0.0555711984634399
2026-03-05,479,CMS,-0.2106321461887282,0.9512922465208749,short,0.0010367631912231,-0.0171074271202087,0.0086832046508789
2026-03-05,480,CME,-0.2106321461887282,0.9532803180914512,short,0.0062755346298217,-0.0434248447418212,-0.0179754495620727
2026-03-05,481,CINF,-0.2106321461887282,0.955268389662028,short,-0.0125158429145812,-0.0084043741226196,-0.0094926953315734
2026-03-05,482,USB,-0.2106321461887282,0.9572564612326044,short,-0.0045827627182006,-0.0026732683181762,-0.0261600017547607
2026-03-05,483,UDR,-0.2106321461887282,0.9592445328031808,short,-0.0010738372802734,-0.0319463014602661,-0.0493959784507751
2026-03-05,484,VICI,-0.2106321461887282,0.9612326043737576,short,-0.0057296752929687,-0.0421301126480102,-0.0421301126480102
2026-03-05,485,CI,-0.2106321461887282,0.963220675944334,short,-0.0072525143623352,-0.0396127700805664,-0.0163457989692688
2026-03-05,486,COST,-0.2106321461887282,0.9652087475149106,short,0.0072137117385864,-0.0058811902999877,0.0103496313095092
2026-03-05,487,CNP,-0.2106321461887282,0.967196819085487,short,-0.0029810070991516,-0.0151341557502746,0.0091722011566162
2026-03-05,488,CCI,-0.2106321461887282,0.9691848906560636,short,-0.0077407360076904,-0.0317372679710388,-0.0327324867248535
2026-03-05,489,CB,-0.2106321461887282,0.9711729622266402,short,-0.0109755992889404,-0.0159755945205688,0.0029573440551757
2026-03-05,490,CAG,-0.2106321461887282,0.9731610337972167,short,-0.0189274549484252,-0.1072555780410766,-0.137224018573761
2026-03-05,491,BRK.B,-0.2106321461887282,0.9751491053677932,short,-0.0035672783851623,-0.0108421444892883,-0.0179365873336792
2026-03-05,492,AVB,-0.2106321461887282,0.9771371769383698,short,-0.0066332817077636,-0.0341221690177917,-0.0501995086669921
2026-03-05,493,AVY,-0.2106321461887282,0.9791252485089464,short,-0.0176463723182678,-0.0282787680625915,-0.0493764877319335
2026-03-05,494,AWK,-0.2106321461887282,0.9811133200795228,short,0.0017454624176025,-0.0229108333587646,0.0160011053085327
2026-03-05,495,ATO,-0.2106321461887282,0.9831013916500994,short,0.0010808706283569,-0.0039990544319152,0.019131064414978
2026-03-05,496,BAC,-0.2106321461887282,0.985089463220676,short,-0.0152137875556945,-0.0024670958518981,-0.0394736528396606
2026-03-05,497,ALL,-0.2106321461887282,0.9870775347912524,short,-0.0218067169189453,-0.0316975116729736,-0.0289657711982727
2026-03-05,498,AON,-0.2106321461887282,0.989065606361829,short,-0.02278333902359,-0.0695831179618835,-0.0563417673110961
2026-03-05,499,AMT,-0.2106321461887282,0.9910536779324056,short,-0.0103398561477661,-0.0304363369941711,-0.0221644639968872
2026-03-05,500,APD,-0.2106321461887282,0.993041749502982,short,0.008156418800354,0.0202440023422241,0.0580499172210693
2026-03-05,501,WBD,-0.2106321461887282,0.9950298210735586,short,-0.0071556568145751,-0.0050089955329895,-0.0289803743362426
2026-03-05,502,WEC,-0.2106321461887282,0.9970178926441352,short,-0.001554787158966,-0.0213353633880615,0.0136477947235107
2026-03-05,503,AAPL,-0.2106321461887282,0.9990059642147118,short,0.0093995332717895,0.0130118131637573,-0.0285092592239379
2026-03-06,1,LUV,0.4431977040270145,0.0009940357852882,long,-0.0048803091049194,-0.1027190089225769,-0.0650708675384521
2026-03-06,2,COHR,0.4431977040270145,0.0029821073558648,long,0.0329740047454834,-0.0437936186790466,-0.0196179747581481
2026-03-06,3,AMAT,0.4363416887379862,0.0049701789264413,long,0.0204756259918212,-0.0049271583557128,0.0213606357574462
2026-03-06,4,KEYS,0.4322320441231359,0.0069582504970178,long,0.0124814510345458,0.0026948451995849,0.013899803161621
2026-03-06,5,GNRC,0.4167804900742001,0.0089463220675944,long,0.0173821449279785,-0.0145333409309387,-0.022355318069458
2026-03-06,6,STX,0.4053067527836618,0.0109343936381709,long,0.0266076326370239,-0.0009349584579467,0.0653166770935058
2026-03-06,7,VRT,0.4001875123731444,0.0129224652087475,long,0.0216001272201538,0.0038963556289672,0.0014752149581909
2026-03-06,8,MRNA,0.3916417122605012,0.014910536779324,long,-0.0136347413063049,-0.0421600937843322,-0.0435952544212341
2026-03-06,9,LITE,0.3909943293917211,0.0168986083499005,long,0.0488691329956054,-0.0383960604667663,-0.0247389078140258
2026-03-06,10,FIX,0.3858492656143999,0.0188866799204771,long,0.0081754922866821,0.0009909868240356,0.0303846597671508
2026-03-06,11,AXON,0.3838966918254731,0.0208747514910536,long,-0.0520338416099548,-0.1067148447036743,-0.1241726875305175
2026-03-06,12,Q,0.3603612989937231,0.0228628230616302,long,-0.0024507641792297,-0.0631071925163269,-0.0175054669380188
2026-03-06,13,PSKY,0.3555307155312077,0.0248508946322067,long,-0.0768542885780334,-0.1242179870605468,-0.1510276794433593
2026-03-06,14,ALB,0.3362305443752459,0.0268389662027833,long,-0.0178688168525695,-0.0334965586662292,-0.0420475602149963
2026-03-06,15,CIEN,0.3361021716408721,0.0288270377733598,long,0.05908203125,0.0574181079864501,0.1423368453979492
2026-03-06,16,TER,0.3338785351300047,0.0308151093439363,long,0.0146065950393676,-0.0331602096557617,0.0061732530593872
2026-03-06,17,LRCX,0.3292966998197118,0.0328031809145129,long,0.0193227529525756,-0.0078616738319396,0.0390717983245849
2026-03-06,18,WDC,0.3197355820646155,0.0347912524850894,long,0.0158742666244506,-0.0033580064773559,0.0921545028686523
2026-03-06,19,FOXA,0.3151160536373853,0.036779324055666,long,-0.0185622572898864,-0.025649607181549,-0.0295308828353881
2026-03-06,20,APP,0.3148437947393103,0.0387673956262425,long,-0.0770256519317627,-0.1312761902809143,-0.1236007213592529
2026-03-06,21,TPL,0.313443865808457,0.040755467196819,long,-0.035254418849945,-0.0200448632240295,-0.0238981246948242
2026-03-06,22,TTD,0.3087053515487392,0.0427435387673956,long,-0.0315126180648803,-0.071253478527069,-0.051820695400238
2026-03-06,23,GLW,0.3016733267677571,0.0447316103379721,long,0.0555598735809326,0.0055792331695556,0.0232467651367187
2026-03-06,24,EXPE,0.275134011175108,0.0467196819085487,long,-0.04090416431427,-0.0575060248374938,-0.0417321920394897
2026-03-06,25,COIN,0.273364413914914,0.0487077534791252,long,-0.0163671374320983,-0.0328344702720642,0.017668604850769
2026-03-06,26,LYB,0.2656650833806159,0.0506958250497017,long,-0.0181083083152771,0.1123915910720825,0.0637533664703369
2026-03-06,27,CEG,0.2613616097362757,0.0526838966202783,long,-0.0182667970657348,-0.0663797855377197,-0.0539026260375976
2026-03-06,28,MU,0.2537366962705987,0.0546719681908548,long,0.0354206562042236,0.041174292564392,0.1347991228103637
2026-03-06,29,INTC,0.2459266397995247,0.0566600397614314,long,0.0263272523880004,-0.0072400569915771,0.0039490461349487
2026-03-06,30,FSLR,0.2447715994237879,0.0586481113320079,long,0.0123860836029052,0.011157751083374,0.0209846496582031
2026-03-06,474,TSCO,-0.5048151114044306,0.941351888667992,short,-0.006512701511383,-0.0507203340530395,-0.037300169467926
2026-03-06,475,TSN,-0.5048151114044306,0.9433399602385686,short,-0.0177727341651916,-0.0048916339874267,0.0081526041030883
2026-03-06,476,TRV,-0.5048151114044306,0.9453280318091452,short,-0.0024737119674682,-0.0038919448852539,0.0047825574874877
2026-03-06,477,DUK,-0.5048151114044306,0.9473161033797216,short,-0.0106042027473449,0.0056453943252563,0.018156886100769
2026-03-06,478,ED,-0.5048151114044306,0.9493041749502982,short,-0.0044722557067871,0.0118961334228515,0.0327370166778564
2026-03-06,479,DIS,-0.5048151114044306,0.9512922465208749,short,-0.0033445358276367,-0.0219358801841735,-0.0295101404190063
2026-03-06,480,EA,-0.5048151114044306,0.9532803180914512,short,0.0040146112442016,-0.0009534955024719,0.0047172307968139
2026-03-06,481,EXR,-0.5048151114044306,0.955268389662028,short,0.0026658773422241,-0.041766345500946,-0.0464146137237548
2026-03-06,482,FRT,-0.5048151114044306,0.9572564612326044,short,0.0024404525756835,-0.0111695528030395,-0.0017833709716796
2026-03-06,483,TJX,-0.5048151114044306,0.9592445328031808,short,0.0087896585464477,-0.0148602724075317,-0.0134057998657226
2026-03-06,484,EQT,-0.5048151114044306,0.9612326043737576,short,-0.0064277052879333,0.0387272834777832,0.0334243774414062
2026-03-06,485,CNP,-0.5048151114044306,0.963220675944334,short,-0.0073596835136413,-0.0018398761749267,0.0151793956756591
2026-03-06,486,COR,-0.5048151114044306,0.9652087475149106,short,-0.0265616178512573,-0.0252901911735534,-0.0440021753311157
2026-03-06,487,CMS,-0.5048151114044306,0.967196819085487,short,-0.0104867815971374,-0.0059554576873779,0.0133349895477294
2026-03-06,488,VLTO,-0.5048151114044306,0.9691848906560636,short,-0.0241335034370422,-0.0457154512405395,-0.0302997827529907
2026-03-06,489,BRO,-0.5048151114044306,0.9711729622266402,short,-0.0346283912658691,-0.0477195978164672,-0.0260416269302368
2026-03-06,490,V,-0.5048151114044306,0.9731610337972167,short,-0.0048739314079284,-0.0299711823463439,-0.0185461044311523
2026-03-06,491,VICI,-0.5048151114044306,0.9751491053677932,short,-0.0064406991004943,-0.0277966260910034,-0.0298304557800292
2026-03-06,492,ULTA,-0.5048151114044306,0.9771371769383698,short,0.0078010559082031,-0.0272803306579589,-0.1953847408294677
2026-03-06,493,UDR,-0.5048151114044306,0.9791252485089464,short,-0.0115560293197631,-0.0314431190490722,-0.0424616336822509
2026-03-06,494,CPT,-0.5048151114044306,0.9811133200795228,short,-0.0142707824707031,-0.0320616960525512,-0.0411949753761291
2026-03-06,495,CME,-0.5048151114044306,0.9831013916500994,short,-0.0399574041366577,-0.0247578620910644,-0.0164843797683715
2026-03-06,496,AMT,-0.5048151114044306,0.985089463220676,short,-0.0027861595153808,-0.0363265872001647,-0.0103407502174377
2026-03-06,497,ATO,-0.5048151114044306,0.9870775347912524,short,-0.0097171664237976,0.0083674192428588,0.013927936553955
2026-03-06,498,APD,-0.5048151114044306,0.989065606361829,short,0.0026239156723022,0.0586006641387939,0.0537900924682617
2026-03-06,499,AON,-0.5048151114044306,0.9910536779324056,short,-0.035692811012268,-0.0508652329444885,-0.0182970762252807
2026-03-06,500,WBD,-0.5048151114044306,0.993041749502982,short,0.000360369682312,-0.0115315318107604,-0.0086486339569091
2026-03-06,501,WEC,-0.5048151114044306,0.9950298210735586,short,-0.0094298720359802,-0.0046716332435607,0.019984483718872
2026-03-06,502,ABBV,-0.5048151114044306,0.9970178926441352,short,-0.00193452835083,-0.009144902229309,-0.0263794064521789
2026-03-06,503,AAPL,-0.5048151114044306,0.9990059642147118,short,0.0036554336547851,-0.0158535242080688,-0.0271663665771484
2026-03-09,1,GNRC,0.5530829258111664,0.0009940357852882,long,0.0090645551681518,-0.0483129024505615,-0.0262446403503417
2026-03-09,2,KEYS,0.5228980260786179,0.0029821073558648,long,-0.0044827461242675,-0.0201723575592041,0.006443977355957
2026-03-09,3,LITE,0.5186192853275167,0.0049701789264413,long,0.0,-0.0736607313156127,-0.03339284658432
2026-03-09,4,CIEN,0.4894387089583838,0.0069582504970178,long,0.0076773166656494,5.936622619628906e-05,0.0968995094299316
2026-03-09,5,MRNA,0.4723744076930283,0.0089463220675944,long,0.0180065631866455,-0.0440159440040588,-0.0190978646278381
2026-03-09,6,TER,0.4620199781831254,0.0109343936381709,long,0.0040562152862548,-0.0477107763290405,-0.0045549869537353
2026-03-09,7,LUV,0.4589331570778504,0.0129224652087475,long,-0.0226529836654663,-0.0950490236282348,-0.0397011041641235
2026-03-09,8,COHR,0.453974668842193,0.014910536779324,long,-0.035412847995758,-0.0686004161834716,-0.0569368004798889
2026-03-09,9,APP,0.4529267665114057,0.0168986083499005,long,-0.0333898663520813,-0.0392132401466369,-0.0383334755897522
2026-03-09,10,FIX,0.4506333306845009,0.0188866799204771,long,0.0171289443969726,-0.0132117271423339,0.0295166969299316
2026-03-09,11,AMAT,0.4490658869348473,0.0208747514910536,long,0.0150052309036254,-0.0125766396522521,0.0190238952636718
2026-03-09,12,PSKY,0.4335336637361969,0.0228628230616302,long,-0.0377541184425354,-0.0590512752532959,-0.1064860224723815
2026-03-09,13,VRT,0.4316717493629552,0.0248508946322067,long,-0.0066651105880737,-0.0413981676101684,-0.0061097145080566
2026-03-09,14,GLW,0.4258971815547454,0.0268389662027833,long,-0.0327411890029907,-0.0521216392517089,-0.04646897315979
2026-03-09,15,AXON,0.4134452702264389,0.0288270377733598,long,-0.0233975052833557,-0.0637583136558532,-0.0441533923149108
2026-03-09,16,Q,0.4097160931949502,0.0308151093439363,long,0.0201807022094726,-0.0431692600250244,-0.0035097002983093
2026-03-09,17,EXPE,0.4042533603408778,0.0328031809145129,long,-0.0056548118591308,-0.0142018795013427,0.0413968563079834
2026-03-09,18,LRCX,0.3991138558699589,0.0347912524850894,long,0.0169121026992797,-0.0140779614448547,0.0522232055664062
2026-03-09,19,STX,0.3961952816681581,0.036779324055666,long,0.0043716430664062,-0.0015093088150024,0.0957609415054321
2026-03-09,20,SNDK,0.3882517794645458,0.0387673956262425,long,0.059041142463684,0.0690429210662841,0.1636477708816528
2026-03-09,21,FSLR,0.3765394418213013,0.040755467196819,long,0.0123862028121948,-0.0087462067604064,0.0132457017898559
2026-03-09,22,TPL,0.3542140156610106,0.0427435387673956,long,0.0078154802322387,0.0199131965637207,0.0161685943603515
2026-03-09,23,WDC,0.3381571018757704,0.0447316103379721,long,0.0097287893295288,0.0228006839752197,0.1787619590759277
2026-03-09,24,ON,0.3358938045301079,0.0467196819085487,long,-0.0058734416961669,-0.017452597618103,0.02332603931427
2026-03-09,25,VTRS,0.3303442440716739,0.0487077534791252,long,-0.0078125,-0.0404829382896423,-0.0198863744735717
2026-03-09,26,DASH,0.326481637008332,0.0506958250497017,long,-0.002648115158081,-0.0504325032234191,-0.000706136226654
2026-03-09,27,CVNA,0.3185628758339753,0.0526838966202783,long,-0.029143214225769,-0.0584120154380798,-0.0126423239707946
2026-03-09,28,COIN,0.3143322862643188,0.0546719681908548,long,0.0107368230819702,-0.0050376653671264,0.0697638988494873
2026-03-09,29,SW,0.311912190707857,0.0566600397614314,long,-0.0126345753669738,-0.0699579119682312,-0.0622367858886718
2026-03-09,30,MU,0.3092175592568815,0.0586481113320079,long,0.038649559020996,0.0571060180664062,0.145320177078247
2026-03-09,474,EXE,-0.5935641115709858,0.941351888667992,short,0.0373555421829223,0.0224515199661254,0.0165281295776367
2026-03-09,475,EQT,-0.5935641115709858,0.9433399602385686,short,0.0323467254638671,0.041080355644226,0.0420507192611694
2026-03-09,476,EA,-0.5966045280314705,0.9453280318091452,short,-0.0007497668266296,-0.0041485428810119,0.0002999305725097
2026-03-09,477,MO,-0.5966045280314705,0.9473161033797216,short,-0.0119154453277587,0.011170744895935,-0.0025320053100585
2026-03-09,478,RSG,-0.5966045280314705,0.9493041749502982,short,0.0011631250381469,0.0033552646636962,0.0055474042892456
2026-03-09,479,EG,-0.5966045280314705,0.9512922465208749,short,-0.018381655216217,-0.0218015909194946,-0.0152671933174133
2026-03-09,480,WMT,-0.5966045280314705,0.9532803180914512,short,-0.013027548789978,0.0111892223358154,-0.0003197193145751
2026-03-09,481,PG,-0.5966045280314705,0.955268389662028,short,-0.017242431640625,-0.0343567728996276,-0.0290365815162658
2026-03-09,482,WEC,-0.5966045280314705,0.9572564612326044,short,-0.0104803442955017,0.0248907804489135,0.0243668556213378
2026-03-09,483,XEL,-0.5966045280314705,0.9592445328031808,short,-0.0107473731040954,0.0003664493560791,-0.0057400465011596
2026-03-09,484,COR,-0.5966045280314705,0.9612326043737576,short,-0.0053664445877075,-0.0063601732254028,-0.0496323108673095
2026-03-09,485,CME,-0.5966045280314705,0.963220675944334,short,-0.0098257064819335,0.0165176391601562,0.0228177309036254
2026-03-09,486,O,-0.5966045280314705,0.9652087475149106,short,-0.0026202201843261,-0.0067816972732543,-0.0121763348579406
2026-03-09,487,ORLY,-0.5966045280314705,0.967196819085487,short,-0.0033787488937377,-0.0334705710411071,-0.0561714768409729
2026-03-09,488,KO,-0.5966045280314705,0.9691848906560636,short,-0.0032100677490234,-0.0069337487220764,-0.0038520097732543
2026-03-09,489,KMB,-0.5966045280314705,0.9711729622266402,short,-0.016419231891632,-0.0282174944877624,-0.012093186378479
2026-03-09,490,KHC,-0.5966045280314705,0.9731610337972167,short,-0.0219780206680297,-0.0456466674804687,-0.0325443744659423
2026-03-09,491,JNJ,-0.5966045280314705,0.9751491053677932,short,-0.002954363822937,-0.0089861154556274,-0.022978127002716
2026-03-09,492,CB,-0.5966045280314705,0.9771371769383698,short,-0.0076251029968261,0.0114685297012329,0.0173102617263793
2026-03-09,493,CBOE,-0.5966045280314705,0.9791252485089464,short,-0.005323588848114,0.0153404474258422,0.0258126258850097
2026-03-09,494,SO,-0.5966045280314705,0.9811133200795228,short,-0.0001038312911987,0.0180742740631103,0.0207749605178833
2026-03-09,495,LIN,-0.5966045280314705,0.9831013916500994,short,0.007553219795227,0.0334352254867553,0.0337071418762207
2026-03-09,496,MCD,-0.5966045280314705,0.985089463220676,short,-0.0083247423171997,-0.0045130252838134,-0.0050009489059448
2026-03-09,497,GIS,-0.5966045280314705,0.9870775347912524,short,-0.0383159518241882,-0.0685902833938598,-0.083727478981018
2026-03-09,498,KVUE,-0.5966045280314705,0.989065606361829,short,-0.0172605514526367,-0.0261692404747009,-0.0105789899826049
2026-03-09,499,TRV,-0.5966045280314705,0.9910536779324056,short,-0.0100516080856323,0.0001652240753173,0.0128619670867919
2026-03-09,500,V,-0.5966045280314705,0.993041749502982,short,-0.0173965692520141,-0.0231847167015075,-0.0189867615699768
2026-03-09,501,ATO,-0.5966045280314705,0.9950298210735586,short,0.0046881437301635,0.0280200242996215,0.0192978382110595
2026-03-09,502,AEP,-0.5966045280314705,0.9970178926441352,short,-0.0079359412193298,0.0098254680633544,0.0099009275436401
2026-03-09,503,AEE,-0.5966045280314705,0.9990059642147118,short,-0.009421169757843,0.0149470567703247,0.0166682004928588
2026-03-10,1,KEYS,0.4823604772781295,0.0009940357852882,long,-0.0052065253257751,0.005910038948059,-0.0004925727844238
2026-03-10,2,APP,0.4689857392677725,0.0029821073558648,long,-0.0262650847434997,-0.0176617503166198,-0.0409145355224609
2026-03-10,3,LUV,0.4631366671118717,0.0049701789264413,long,-0.0774192810058593,-0.0387096405029296,-0.0396654605865478
2026-03-10,4,MRNA,0.4502909463094206,0.0069582504970178,long,-0.0460961461067199,-0.0475254654884338,-0.0637841820716857
2026-03-10,5,LITE,0.4444518853406159,0.0089463220675944,long,-0.0831993818283081,-0.0701785087585449,0.0428720712661743
2026-03-10,6,GNRC,0.4433936769154153,0.0109343936381709,long,-0.040071427822113,-0.0476906895637512,-0.0580847859382629
2026-03-10,7,CIEN,0.441212999416968,0.0129224652087475,long,-0.0091779232025146,0.0703927278518676,0.133284330368042
2026-03-10,8,TER,0.4323860012031903,0.014910536779324,long,-0.0509288311004638,-0.0123183131217956,-0.0063577890396118
2026-03-10,9,GLW,0.4294236208440375,0.0168986083499005,long,-0.0151031613349914,0.0022010803222656,-0.0144200921058654
2026-03-10,10,SNDK,0.4161966564054679,0.0188866799204771,long,-0.0558564662933349,0.0735394954681396,0.1499168872833252
2026-03-10,11,VRT,0.4161348020747599,0.0208747514910536,long,-0.0107358694076538,-0.0131216645240783,-0.013233482837677
2026-03-10,12,LRCX,0.4131758205895759,0.0228628230616302,long,-0.0428564548492431,0.002421498298645,0.0266826152801513
2026-03-10,13,Q,0.4076582139288023,0.0248508946322067,long,-0.0793841481208801,-0.0345746874809265,-0.0196954607963562
2026-03-10,14,COHR,0.4005751965490707,0.0268389662027833,long,-0.0403324961662292,-0.0160694122314453,0.0230698585510253
2026-03-10,15,TTD,0.3975903572039689,0.0288270377733598,long,-0.027675986289978,-0.0073314309120178,-0.1367302536964416
2026-03-10,16,EXPE,0.3883965236550445,0.0308151093439363,long,-0.0117213726043701,0.0048187971115112,0.0420663356781005
2026-03-10,17,AMAT,0.3850881071667581,0.0328031809145129,long,-0.0393084287643432,-0.0139288902282714,-0.0045574903488159
2026-03-10,18,LYB,0.3781189468424482,0.0347912524850894,long,0.1033101081848144,0.0550689697265625,0.1162236928939819
2026-03-10,19,PSKY,0.3764233682738617,0.036779324055666,long,-0.0140844583511352,-0.0442655682563781,-0.0945673584938049
2026-03-10,20,TPL,0.3656990219775634,0.0387673956262425,long,0.0078881978988647,0.003925085067749,0.0100032091140747
2026-03-10,21,COIN,0.3487056589164806,0.040755467196819,long,-0.0271862745285034,0.0236117839813232,0.0184261798858642
2026-03-10,22,STX,0.3485205581302973,0.0427435387673956,long,-0.0310645699501037,0.033189058303833,0.0538901090621948
2026-03-10,23,PLTR,0.3434511288882484,0.0447316103379721,long,0.0125329494476318,0.0073878765106201,0.0077176094055175
2026-03-10,24,ON,0.3317441267745999,0.0467196819085487,long,-0.0261648297309875,0.0108034610748291,0.0205941200256347
2026-03-10,25,AXON,0.3316817912646589,0.0487077534791252,long,-0.035106360912323,-0.0539637207984924,-0.0176981091499328
2026-03-10,26,WDC,0.3298335295080196,0.0506958250497017,long,-0.0283843874931335,0.0647296905517578,0.1342583894729614
2026-03-10,27,CF,0.3170405657546031,0.0526838966202783,long,0.1321069002151489,0.0183135271072387,0.0549405813217163
2026-03-10,28,FIX,0.3115599460865738,0.0546719681908548,long,-0.023846685886383,0.0048177242279052,0.0111417770385742
2026-03-10,29,SW,0.308710781312781,0.0566600397614314,long,-0.059004783630371,-0.0658768415451049,-0.085781991481781
2026-03-10,30,NOW,0.3011050879571866,0.0586481113320079,long,-0.0230043530464172,-0.006486177444458,-0.0166046619415283
2026-03-10,474,EA,-0.5990940342109156,0.941351888667992,short,-0.0042016506195068,0.0014506578445434,0.0034513473510742
2026-03-10,475,DTE,-0.5990940342109156,0.9433399602385686,short,0.0076439380645751,0.0187004804611206,0.003344178199768
2026-03-10,476,NEE,-0.5990940342109156,0.9453280318091452,short,0.0007636547088623,0.0126553773880004,-0.0076369643211364
2026-03-10,477,DIS,-0.5990940342109156,0.9473161033797216,short,-0.0144711732864379,-0.0221032500267028,-0.0145703554153442
2026-03-10,478,ETR,-0.5990940342109156,0.9493041749502982,short,0.0067423582077026,0.0226353406906127,0.0042381286621093
2026-03-10,479,EQT,-0.5990940342109156,0.9512922465208749,short,0.0126899480819702,0.0075199604034423,-0.0048566460609436
2026-03-10,480,MA,-0.5990940342109156,0.9532803180914512,short,-0.0132738351821899,0.0089285373687744,-0.0308135151863098
2026-03-10,481,MAA,-0.5990940342109156,0.955268389662028,short,-0.0013289451599121,-0.0121169090270996,-0.0165728330612182
2026-03-10,482,META,-0.5990940342109156,0.9572564612326044,short,-0.0254710912704467,-0.0418562293052673,-0.0598295927047729
2026-03-10,483,MCD,-0.5990940342109156,0.9592445328031808,short,-0.0039973855018615,0.0044279098510742,-0.0291503071784973
2026-03-10,484,TRV,-0.5990940342109156,0.9612326043737576,short,0.0087175369262695,0.0175017118453979,-0.0005009770393371
2026-03-10,485,TSN,-0.5990940342109156,0.963220675944334,short,0.0203979015350341,0.03377366065979,0.0235745906829834
2026-03-10,486,FE,-0.5990940342109156,0.9652087475149106,short,0.0033563375473022,0.0219150781631469,0.000197410583496
2026-03-10,487,ES,-0.5990940342109156,0.967196819085487,short,-0.0098729133605957,-0.0100082159042358,-0.0162294507026672
2026-03-10,488,JNJ,-0.5990940342109156,0.9691848906560636,short,-0.0039096474647521,0.0008230209350585,-0.0234989523887634
2026-03-10,489,LLY,-0.5990940342109156,0.9711729622266402,short,-0.02259361743927,-0.010721743106842,-0.0818031430244445
2026-03-10,490,LH,-0.5990940342109156,0.9731610337972167,short,-0.0277716517448425,-0.0132017135620117,-0.0169366598129272
2026-03-10,491,KVUE,-0.5990940342109156,0.9751491053677932,short,-0.0147308707237243,0.00339937210083,-0.0079319477081298
2026-03-10,492,GWW,-0.5990940342109156,0.9771371769383698,short,-0.0254932045936584,-0.0450522303581237,-0.0582355856895446
2026-03-10,493,FRT,-0.5990940342109156,0.9791252485089464,short,-0.0154205560684204,-0.0060747861862182,-0.0135513544082641
2026-03-10,494,GD,-0.5990940342109156,0.9811133200795228,short,0.0038999319076538,0.0014412403106689,-0.0013848543167114
2026-03-10,495,FTV,-0.5990940342109156,0.9831013916500994,short,-0.025217592716217,-0.0452851057052612,-0.026105523109436
2026-03-10,496,BIIB,-0.5990940342109156,0.985089463220676,short,-0.0292944312095642,-0.0379042625427246,-0.0428916215896606
2026-03-10,497,INVH,-0.5990940342109156,0.9870775347912524,short,-0.0039666295051574,-0.0039666295051574,-0.0099167227745056
2026-03-10,498,HIG,-0.5990940342109156,0.989065606361829,short,-0.004075288772583,-0.0015560388565063,-0.016671597957611
2026-03-10,499,ATO,-0.5990940342109156,0.9910536779324056,short,0.0135105848312377,0.0190993547439575,0.0051546096801757
2026-03-10,500,AAPL,-0.5990940342109156,0.993041749502982,short,-0.0193627476692199,-0.0306352972984313,-0.0416778326034545
2026-03-10,501,AEP,-0.5990940342109156,0.9950298210735586,short,0.0073137283325195,0.0220173597335815,-0.0022093057632446
2026-03-10,502,ACGL,-0.5990940342109156,0.9970178926441352,short,-0.0062229633331298,-0.011707603931427,-0.0204619169235229
2026-03-10,503,AEE,-0.5990940342109156,0.9990059642147118,short,0.0059442520141601,0.0320987701416015,0.0128029584884643
2026-03-11,1,XYZ,0.1387991128301809,0.0009940357852882,long,-0.0018364191055297,-0.0018364191055297,-0.0151919722557067
2026-03-11,2,VRT,0.1387991128301809,0.0029821073558648,long,-0.0244931578636169,0.0114176273345947,0.0142813920974731
2026-03-11,3,TTD,0.1387991128301809,0.0049701789264413,long,0.0307257175445556,-0.0548539161682128,-0.1136663556098938
2026-03-11,4,ALB,0.1387991128301809,0.0069582504970178,long,-0.0345963835716247,0.014827013015747,-0.0038440823554992
2026-03-11,5,STX,0.1387991128301809,0.0089463220675944,long,0.026017427444458,0.1259692907333374,0.162094235420227
2026-03-11,6,TER,0.1387991128301809,0.0109343936381709,long,-0.0006628036499023,0.0446251630783081,0.0550923347473144
2026-03-11,7,GNRC,0.1387991128301809,0.0129224652087475,long,-0.0174914598464965,0.00529146194458,-0.0159235596656799
2026-03-11,8,WDC,0.1387991128301809,0.014910536779324,long,0.0425378084182739,0.2015085220336914,0.2134543657302856
2026-03-11,9,CIEN,0.1387991128301809,0.0168986083499005,long,0.0016329288482666,0.0986254215240478,0.2248909473419189
2026-03-11,10,CF,0.1387991128301809,0.0188866799204771,long,-0.0472793579101562,-0.0934558510780334,-0.076764702796936
2026-03-11,11,MRNA,0.1387991128301809,0.0208747514910536,long,-0.0155459642410278,0.010114312171936,-0.0191047191619873
2026-03-11,12,LYB,0.1387991128301809,0.0228628230616302,long,-0.0273106098175048,-0.0421095490455627,0.0032287836074829
2026-03-11,13,COHR,0.1387991128301809,0.0248508946322067,long,0.0061756372451782,0.0187755823135375,0.1421643495559692
2026-03-11,14,LRCX,0.1387991128301809,0.0268389662027833,long,0.0129361152648925,0.0810539722442627,0.1169506311416626
2026-03-11,15,ODFL,0.1387991128301809,0.0288270377733598,long,0.0255900621414184,0.0464706420898437,0.0347253084182739
2026-03-11,16,ON,0.1387991128301809,0.0308151093439363,long,0.0149072408676147,0.0570290088653564,0.0277345180511474
2026-03-11,17,FIX,0.1387991128301809,0.0328031809145129,long,-0.0061292052268981,0.0369060039520263,0.0515664815902709
2026-03-11,18,GLW,0.1328755121373501,0.0347912524850894,long,-0.0050089359283447,0.0009247064590454,0.0255066156387329
2026-03-11,19,GRMN,0.1328099739496125,0.036779324055666,long,-0.0093750953674316,-0.0026724934577941,-0.0026301145553588
2026-03-11,20,CCL,0.1327134862047511,0.0387673956262425,long,0.0029263496398925,0.0489130020141601,0.0426421165466308
2026-03-11,21,CEG,0.1324920075821632,0.040755467196819,long,0.0007295608520507,0.0203615427017211,0.0494776964187622
2026-03-11,22,EXPE,0.1324920075821632,0.0427435387673956,long,0.0031627416610717,0.0597409009933471,0.0516582727432251
2026-03-11,23,APP,0.1324920075821632,0.0447316103379721,long,0.0207865238189697,0.0217212438583374,-0.020942211151123
2026-03-11,24,MU,0.1256713984417146,0.0467196819085487,long,0.0512642860412597,0.1389909982681274,0.0960156917572021
2026-03-11,25,FCX,0.1256713984417146,0.0487077534791252,long,-0.0477959513664245,-0.0189157128334045,-0.094409704208374
2026-03-11,26,DDOG,0.1252701466312382,0.0506958250497017,long,-0.0207613110542297,0.0134475231170654,0.0218622684478759
2026-03-11,27,ORCL,0.1252701466312382,0.0526838966202783,long,-0.0254461169242858,-0.0280849337577819,-0.0228700637817382
2026-03-11,28,AXON,0.1252701466312382,0.0546719681908548,long,-0.0064477324485778,0.0143572092056274,0.0055667161941528
2026-03-11,29,LUV,0.1200804565035785,0.0566600397614314,long,0.0036259889602661,0.0650089979171752,0.058534026145935
2026-03-11,30,VLO,0.1194342502298915,0.0586481113320079,long,-0.0221364498138427,0.0006361007690429,0.026546835899353
2026-03-11,474,ED,-0.1836059051196764,0.941351888667992,short,0.015468955039978,0.0156457424163818,-0.0127286911010742
2026-03-11,475,ECL,-0.1836059051196764,0.9433399602385686,short,-0.006198227405548,-0.0119613409042358,-0.0623074173927307
2026-03-11,476,DTE,-0.1836059051196764,0.9453280318091452,short,0.0130723714828491,0.0115144252777099,-0.0033866167068481
2026-03-11,477,EA,-0.1836059051196764,0.9473161033797216,short,0.0008037090301513,0.0052742958068847,0.008087158203125
2026-03-11,478,AVY,-0.1836059051196764,0.9493041749502982,short,-0.0014033913612365,0.0005848407745361,-0.0468977689743042
2026-03-11,479,TGT,-0.1836059051196764,0.9512922465208749,short,0.0137364864349365,0.0087257623672485,-0.0110583305358886
2026-03-11,480,TRV,-0.1836059051196764,0.9532803180914512,short,0.001589298248291,0.0143040418624877,-0.0171186923980712
2026-03-11,481,TSN,-0.1836059051196764,0.955268389662028,short,-0.0116336345672607,0.0170408487319946,-0.0312960743904113
2026-03-11,482,FRT,-0.1836059051196764,0.9572564612326044,short,-0.0081632733345031,0.0139534473419189,0.0089226961135864
2026-03-11,483,FE,-0.1836059051196764,0.9592445328031808,short,0.0066902637481689,0.0076740980148315,-0.0222353339195251
2026-03-11,484,FTV,-0.1836059051196764,0.9612326043737576,short,-0.0112953186035156,0.0173074007034301,0.0120240449905395
2026-03-11,485,GD,-0.1836059051196764,0.963220675944334,short,-0.0104439854621887,0.0029839277267456,-0.0157644748687744
2026-03-11,486,TJX,-0.1836059051196764,0.9652087475149106,short,-0.0023108124732971,-0.002631664276123,-0.0071249604225158
2026-03-11,487,AWK,-0.1836059051196764,0.967196819085487,short,0.0104159116744995,-0.0001447200775146,-0.0083182454109191
2026-03-11,488,ES,-0.1836059051196764,0.9691848906560636,short,-0.001502513885498,-0.0105176568031311,-0.0490369796752929
2026-03-11,489,XEL,-0.1836059051196764,0.9711729622266402,short,0.0134868621826171,0.0073002576828002,-0.0159614086151123
2026-03-11,490,ESS,-0.1836059051196764,0.9731610337972167,short,-0.0056886076927185,-0.001272976398468,-0.0202880501747131
2026-03-11,491,ETN,-0.1836059051196764,0.9751491053677932,short,0.0193895101547241,0.0439134836196899,0.0332434177398681
2026-03-11,492,EVRG,-0.1836059051196764,0.9771371769383698,short,0.0108882188796997,0.0130902528762817,-0.008319079875946
2026-03-11,493,ETR,-0.1836059051196764,0.9791252485089464,short,0.0101416110992431,0.0148297548294067,-0.005549132823944
2026-03-11,494,ULTA,-0.1836059051196764,0.9811133200795228,short,-0.1424364447593689,-0.1626861095428466,-0.1450296640396118
2026-03-11,495,UNP,-0.1836059051196764,0.9831013916500994,short,-0.0068005323410034,-0.007292091846466,-0.0406391620635986
2026-03-11,496,AIZ,-0.1836059051196764,0.985089463220676,short,0.0150022506713867,0.0093822479248046,-0.0159777402877807
2026-03-11,497,ALL,-0.1836059051196764,0.9870775347912524,short,0.0055601596832275,0.01092529296875,-0.004682183265686
2026-03-11,498,AME,-0.1836059051196764,0.989065606361829,short,-0.0050100088119506,-4.64320182800293e-05,-0.0188801884651184
2026-03-11,499,AMGN,-0.1836059051196764,0.9910536779324056,short,-0.0042960047721862,-0.0181081891059875,-0.0485875010490417
2026-03-11,500,YUM,-0.1836059051196764,0.993041749502982,short,0.0122427940368652,0.0330051183700561,-0.0139467716217041
2026-03-11,501,ABBV,-0.1836059051196764,0.9950298210735586,short,-0.0252473950386047,-0.0248923897743225,-0.0849270224571228
2026-03-11,502,AAPL,-0.1836059051196764,0.9970178926441352,short,-0.0220519304275512,-0.0059821605682373,-0.0265873670578002
2026-03-11,503,ZTS,-0.1836059051196764,0.9990059642147118,short,0.0013858079910278,0.0538715124130249,0.0045902729034423
2026-03-12,1,AMAT,0.1859880348537201,0.0009940357852882,long,0.0136151313781738,0.0232483148574829,0.0454717874526977
2026-03-12,2,TER,0.1859880348537201,0.0029821073558648,long,0.0413727760314941,0.0476572513580322,0.0153968334197998
2026-03-12,3,STX,0.1859880348537201,0.0049701789264413,long,0.0392744541168212,0.0600974559783935,0.0717208385467529
2026-03-12,4,AXON,0.1859880348537201,0.0069582504970178,long,-0.013180673122406,0.0246483087539672,0.0001814365386962
2026-03-12,5,COHR,0.1859880348537201,0.0089463220675944,long,0.0189899206161499,0.0595238208770751,0.0447767972946167
2026-03-12,6,LRCX,0.1859880348537201,0.0109343936381709,long,0.0339301824569702,0.0589538812637329,0.0761545896530151
2026-03-12,7,KEYS,0.1859880348537201,0.0129224652087475,long,0.0220173597335815,0.0155122280120849,-0.00804203748703
2026-03-12,8,GNRC,0.1859880348537201,0.014910536779324,long,0.0097242593765258,-0.0012965202331542,-0.0060839056968688
2026-03-12,9,GLW,0.1781680505188337,0.0168986083499005,long,0.0226920843124389,0.0057311058044433,-0.035161018371582
2026-03-12,10,SNDK,0.1708086811426934,0.0188866799204771,long,0.0634956359863281,0.1391584873199463,0.0726852416992187
2026-03-12,11,MRNA,0.1703452772863541,0.0208747514910536,long,0.0142693519592285,-0.0030441284179687,-0.022450566291809
2026-03-12,12,GRMN,0.1679463969877861,0.0228628230616302,long,0.0056097507476806,-0.0082219839096069,-0.004967451095581
2026-03-12,13,CIEN,0.1658190847441124,0.0248508946322067,long,0.078546404838562,0.1419171094894409,0.1378564834594726
2026-03-12,14,DOW,0.1643099491992644,0.0268389662027833,long,-0.0169306397438049,0.0292190313339233,0.0008193254470825
2026-03-12,15,VLO,0.1643099491992644,0.0288270377733598,long,0.0085867643356323,0.0341298580169677,0.040201187133789
2026-03-12,16,BKR,0.1640662006759384,0.0308151093439363,long,0.0171396732330322,0.059343934059143,0.1122373342514038
2026-03-12,17,WDC,0.1640662006759384,0.0328031809145129,long,0.0511219501495361,0.1197619438171386,0.0764259099960327
2026-03-12,18,ALB,0.1608532148450184,0.0347912524850894,long,0.0266717672348022,0.0480976104736328,-0.0096068978309631
2026-03-12,19,CF,0.1575674687325094,0.036779324055666,long,-0.055877149105072,-0.0219186544418334,-0.0360423326492309
2026-03-12,20,OXY,0.1568960980127241,0.0387673956262425,long,-0.0108845829963684,0.0086386203765869,0.0488942861557006
2026-03-12,21,MPC,0.1550749652407118,0.040755467196819,long,0.0122027397155761,0.0444779396057128,0.0280749797821044
2026-03-12,22,VRT,0.1508863611240447,0.0427435387673956,long,0.0226359367370605,0.0225200653076171,-0.0115883946418762
2026-03-12,23,TTD,0.1498231040617932,0.0447316103379721,long,-0.0095098614692687,-0.1386247873306274,-0.1181418895721435
2026-03-12,24,RCL,0.1451900575049164,0.0467196819085487,long,0.0303441286087036,-0.011081039905548,-0.0326191186904907
2026-03-12,25,FIX,0.1430663767891583,0.0487077534791252,long,0.035712718963623,0.0422313213348388,-0.0062914490699768
2026-03-12,26,FCX,0.1412393026311892,0.0506958250497017,long,0.0274920463562011,-0.0164952278137207,-0.0760908126831054
2026-03-12,27,Q,0.1409668741369841,0.0526838966202783,long,0.0293443202972412,0.0452085733413696,-0.0133883953094482
2026-03-12,28,ADI,0.1393426660910649,0.0546719681908548,long,0.0158460140228271,0.0082334280014038,0.0109778642654418
2026-03-12,29,DASH,0.1383664034019531,0.0566600397614314,long,0.0397868156433105,0.0224963426589965,-0.0292513966560363
2026-03-12,30,LYB,0.1366230822363619,0.0586481113320079,long,-0.0168741345405578,0.0401105880737304,0.0141078233718872
2026-03-12,474,REG,-0.2333572775168717,0.941351888667992,short,0.0105770826339721,-0.0023505091667175,-0.022329568862915
2026-03-12,475,ROST,-0.2333572775168717,0.9433399602385686,short,0.0081442594528198,0.0045568943023681,0.023802638053894
2026-03-12,476,PSA,-0.2333572775168717,0.9453280318091452,short,-0.0266022086143493,-0.0676138997077941,-0.1072820425033569
2026-03-12,477,PEG,-0.2333572775168717,0.9473161033797216,short,0.0137345790863037,0.0057326555252075,-0.0512361526489257
2026-03-12,478,PEP,-0.2333572775168717,0.9493041749502982,short,-0.0135101675987243,-0.039654791355133,-0.0615462064743042
2026-03-12,479,PFE,-0.2333572775168717,0.9512922465208749,short,0.0011286735534667,0.0278404951095581,0.0146726369857788
2026-03-12,480,BMY,-0.2333572775168717,0.9532803180914512,short,0.0106635093688964,0.0049085617065429,-0.0270819664001464
2026-03-12,481,SPG,-0.2333572775168717,0.955268389662028,short,0.0134353637695312,0.0164864063262939,-0.0123113393783569
2026-03-12,482,STT,-0.2333572775168717,0.9572564612326044,short,-0.0092301964759826,-0.0020603537559509,0.0051920413970947
2026-03-12,483,BIIB,-0.2333572775168717,0.9592445328031808,short,0.0094188451766967,0.0041861534118652,-0.0004957318305969
2026-03-12,484,ESS,-0.2333572775168717,0.9612326043737576,short,-0.0034006237983703,-0.0130025744438171,-0.0390477776527404
2026-03-12,485,BK,-0.2333572775168717,0.963220675944334,short,-0.0068004131317138,-0.0129981637001037,-0.0105878710746765
2026-03-12,486,STZ,-0.2333572775168717,0.9652087475149106,short,0.0058612823486328,0.0129878520965576,-0.0034634470939636
2026-03-12,487,ES,-0.2333572775168717,0.967196819085487,short,0.0013679265975952,-0.0049247741699218,-0.0879616737365722
2026-03-12,488,TJX,-0.2333572775168717,0.9691848906560636,short,0.0037959814071655,-0.0164704322814941,-0.002895176410675
2026-03-12,489,TGT,-0.2333572775168717,0.9711729622266402,short,-0.002471387386322,-0.0195158720016479,-0.0347707271575927
2026-03-12,490,EXE,-0.2333572775168717,0.9731610337972167,short,0.006447434425354,-0.0140160918235778,0.0028032064437866
2026-03-12,491,FRT,-0.2333572775168717,0.9751491053677932,short,0.0178008079528808,0.0101445913314819,-0.0128241777420043
2026-03-12,492,XEL,-0.2333572775168717,0.9771371769383698,short,-0.0034184455871582,-0.0230742096900939,-0.0627518892288208
2026-03-12,493,FE,-0.2333572775168717,0.9791252485089464,short,0.0117279291152954,-0.0097732543945312,-0.0512118339538574
2026-03-12,494,EXR,-0.2333572775168717,0.9811133200795228,short,-0.013227641582489,-0.0353682041168212,-0.0785881280899047
2026-03-12,495,ABBV,-0.2333572775168717,0.9831013916500994,short,0.0080572366714477,-0.0516205430030822,-0.0665057897567749
2026-03-12,496,AVB,-0.2333572775168717,0.985089463220676,short,0.0010652542114257,-0.0168679356575012,-0.0449219346046447
2026-03-12,497,UNP,-0.2333572775168717,0.9870775347912524,short,-0.0009486675262451,-0.0242121815681457,-0.0310180187225341
2026-03-12,498,AVGO,-0.2333572775168717,0.989065606361829,short,0.0085672140121459,-0.0193382501602172,-0.0361621379852294
2026-03-12,499,TXT,-0.2333572775168717,0.9910536779324056,short,0.0088962316513061,-0.0214168429374694,-0.0250412821769714
2026-03-12,500,WBD,-0.2333572775168717,0.993041749502982,short,0.0136330127716064,0.0077376365661621,0.0103168487548828
2026-03-12,501,ACGL,-0.2333572775168717,0.9950298210735586,short,0.0024605989456176,-0.0064191818237304,-0.0125173926353454
2026-03-12,502,AEE,-0.2333572775168717,0.9970178926441352,short,0.0073188543319702,-0.0115137696266174,-0.0533738136291503
2026-03-12,503,AAPL,-0.2333572775168717,0.9990059642147118,short,0.0107948780059814,-0.0007196068763732,-0.0085158944129943
2026-03-13,1,COHR,0.6178870699557392,0.0009940357852882,long,-0.0063467621803283,0.1139993667602539,0.0310466289520263
2026-03-13,2,KEYS,0.5978390066132566,0.0029821073558648,long,0.0050359964370727,0.0149331092834472,0.0105615854263305
2026-03-13,3,LITE,0.5544105429003267,0.0049701789264413,long,0.0395621061325073,0.2357243299484253,0.1666185855865478
2026-03-13,4,MRNA,0.5235612435428478,0.0069582504970178,long,0.0116300582885742,-0.017632782459259,-0.0380792021751403
2026-03-13,5,GLW,0.5166912962914081,0.0089463220675944,long,-0.0163574814796447,0.0078001022338867,-0.0081787109375
2026-03-13,6,TER,0.4959168229400076,0.0109343936381709,long,0.0037884712219238,0.0138465166091918,0.0189425945281982
2026-03-13,7,CIEN,0.489865710987749,0.0129224652087475,long,0.016956090927124,0.1338353157043457,0.1209739446640014
2026-03-13,8,LUV,0.4814014146258514,0.014910536779324,long,0.0221227407455444,0.0159084796905517,0.0029828548431396
2026-03-13,9,GNRC,0.4695134672239517,0.0168986083499005,long,0.0133346319198608,-0.0080501437187194,-0.0031113624572753
2026-03-13,10,STX,0.4644753196194,0.0188866799204771,long,0.0559456348419189,0.0898239612579345,0.0131400823593139
2026-03-13,11,AXON,0.4584420594755492,0.0208747514910536,long,0.034576416015625,0.0256105661392211,0.0360264778137207
2026-03-13,12,TTD,0.4563184252613605,0.0228628230616302,long,-0.0742245316505432,-0.1318315863609314,-0.1155834197998046
2026-03-13,13,CF,0.43213606360065,0.0248508946322067,long,0.0078476667404174,0.0264039039611816,-0.0175754427909851
2026-03-13,14,PSKY,0.4271289541740798,0.0268389662027833,long,-0.0284211039543151,-0.0568420886993408,-0.0378947257995605
2026-03-13,15,LRCX,0.4097785464603991,0.0288270377733598,long,0.0322242975234985,0.0664995908737182,0.0634001493453979
2026-03-13,16,WDC,0.3843033488819476,0.0308151093439363,long,0.0964326858520507,0.1073337793350219,0.0299780368804931
2026-03-13,17,LYB,0.3766608233478251,0.0328031809145129,long,0.0016881227493286,0.0490995645523071,0.0054867267608642
2026-03-13,18,Q,0.3659470218647709,0.0347912524850894,long,0.0117595195770263,-0.0027616620063781,0.023786187171936
2026-03-13,19,APP,0.3598085596516306,0.036779324055666,long,0.0127730369567871,-0.0295168161392211,0.012464165687561
2026-03-13,20,VRT,0.3530186383072389,0.0387673956262425,long,0.0138627290725708,0.0167335271835327,-0.0330134630203247
2026-03-13,21,TPL,0.3461995083296683,0.040755467196819,long,0.0043462514877319,0.0106853246688842,0.0018599033355712
2026-03-13,22,COIN,0.3409370015101949,0.0427435387673956,long,0.0339857339859008,-0.002016544342041,-0.0132796168327331
2026-03-13,23,DOW,0.3178903447997927,0.0447316103379721,long,0.0252777338027954,0.041388988494873,0.0011111497879028
2026-03-13,24,FIX,0.3083544431663544,0.0467196819085487,long,0.0073262453079223,0.0215685367584228,-0.0041368603706359
2026-03-13,25,FSLR,0.3045886117505783,0.0487077534791252,long,0.0047122240066528,0.0008522272109985,-0.0479245781898498
2026-03-13,26,FCX,0.2939938115285061,0.0506958250497017,long,0.002761960029602,-0.0744001865386962,-0.0516140460968017
2026-03-13,27,SNDK,0.2896355114167299,0.0526838966202783,long,0.0235066413879394,0.0972955226898193,-0.0016201734542846
2026-03-13,28,BKR,0.2819243686476551,0.0546719681908548,long,0.0327957868576049,0.1000181436538696,0.1329951286315918
2026-03-13,29,IP,0.2804807891808777,0.0566600397614314,long,-0.0039957761764526,-0.0942994356155395,-0.0527437329292297
2026-03-13,30,ALB,0.2726274532799009,0.0586481113320079,long,0.0238857269287109,0.0050479173660278,0.0315192937850952
2026-03-13,474,ES,-0.6478262407141249,0.941351888667992,short,-0.0103824138641357,-0.0489070415496826,-0.0758196115493774
2026-03-13,475,ETR,-0.6478262407141249,0.9433399602385686,short,-0.0009418725967407,-0.0210040211677551,-0.0454930663108825
2026-03-13,476,NI,-0.6478262407141249,0.9453280318091452,short,-0.0044239163398742,-0.0164315104484558,-0.0421319007873535
2026-03-13,477,FE,-0.6478262407141249,0.9473161033797216,short,-0.0106259584426879,-0.0399922728538513,-0.0577665567398071
2026-03-13,478,NEE,-0.6478262407141249,0.9493041749502982,short,-0.0031243562698364,-0.0044171214103698,-0.0279034376144409
2026-03-13,479,MO,-0.6478262407141249,0.9512922465208749,short,-0.0082925558090209,-0.0364282131195068,-0.0464978218078613
2026-03-13,480,KO,-0.6478262407141249,0.9532803180914512,short,-0.0030840039253234,-0.0291698575019836,-0.0348239541053772
2026-03-13,481,MCD,-0.6478262407141249,0.955268389662028,short,-0.0010715126991271,-0.0522577762603759,-0.0556558966636657
2026-03-13,482,PGR,-0.6478262407141249,0.9572564612326044,short,-0.0044942498207092,-0.0099165439605712,0.001905083656311
2026-03-13,483,OKE,-0.6478262407141249,0.9592445328031808,short,0.014533519744873,0.0359821319580078,0.0539146661758422
2026-03-13,484,EA,-0.6478262407141249,0.9612326043737576,short,-0.0003995895385742,0.0023974180221557,0.0045951604843139
2026-03-13,485,PNW,-0.6478262407141249,0.963220675944334,short,-0.0046566128730773,-0.0292006134986877,-0.0534536242485046
2026-03-13,486,PEG,-0.6478262407141249,0.9652087475149106,short,-0.0016493797302246,-0.0247408151626586,-0.0596135258674621
2026-03-13,487,PEP,-0.6478262407141249,0.967196819085487,short,-0.007735252380371,-0.0315749049186706,-0.0433679819107055
2026-03-13,488,CNP,-0.6478262407141249,0.9691848906560636,short,-0.0108745098114013,-0.0201631188392639,-0.0539193749427795
2026-03-13,489,CMS,-0.6478262407141249,0.9711729622266402,short,0.0002555847167968,-0.010476529598236,-0.0466333627700805
2026-03-13,490,SO,-0.6478262407141249,0.9731610337972167,short,-0.0084754824638366,-0.0290585756301879,-0.0540813207626342
2026-03-13,491,D,-0.6478262407141249,0.9751491053677932,short,-0.0061494708061218,-0.0378429293632507,-0.0567644238471984
2026-03-13,492,CVS,-0.6478262407141249,0.9771371769383698,short,-0.0135812163352966,-0.0524788498878479,-0.0599946975708007
2026-03-13,493,PPL,-0.6478262407141249,0.9791252485089464,short,-0.0080021023750305,-0.0281363129615783,-0.0474961400032043
2026-03-13,494,RSG,-0.6478262407141249,0.9811133200795228,short,0.0028555393218994,-0.0049524903297424,-0.0330166220664978
2026-03-13,495,CSCO,-0.6478262407141249,0.9831013916500994,short,0.0046894550323486,-0.0049429535865783,-0.0010139942169189
2026-03-13,496,TMUS,-0.6478262407141249,0.985089463220676,short,-0.0068429708480834,-0.0383111834526062,-0.0282097458839416
2026-03-13,497,TGT,-0.6478262407141249,0.9870775347912524,short,-0.0024775862693786,-0.0220418572425842,-0.0181119441986084
2026-03-13,498,CB,-0.6478262407141249,0.989065606361829,short,0.0022718906402587,-0.0196291804313659,-0.0113595128059387
2026-03-13,499,BRK.B,-0.6478262407141249,0.9910536779324056,short,0.0007517337799072,-0.021799623966217,-0.0248470902442932
2026-03-13,500,COR,-0.6478262407141249,0.993041749502982,short,-0.0322944521903991,-0.0408812761306762,-0.0730600953102111
2026-03-13,501,CMCSA,-0.6478262407141249,0.9950298210735586,short,-0.0085695385932922,-0.0448253154754638,-0.0438365340232849
2026-03-13,502,CINF,-0.6478262407141249,0.9970178926441352,short,-0.0108062624931335,-0.0522903800010681,-0.0383022427558898
2026-03-13,503,XEL,-0.6478262407141249,0.9990059642147118,short,-0.0026950240135192,-0.0257258415222167,-0.0573318600654602
2026-03-16,1,TER,0.3622734413256826,0.0009940357852882,long,0.0022377967834472,-0.0286239385604858,0.0692719221115112
2026-03-16,2,CIEN,0.3569137570496358,0.0029821073558648,long,0.041102647781372,0.037400484085083,0.1603296995162964
2026-03-16,3,STX,0.3492165824521639,0.0049701789264413,long,-0.0340070128440856,-0.0234153866767883,0.0091904401779174
2026-03-16,4,CF,0.3408181661175349,0.0069582504970178,long,0.0279017686843872,0.0130586624145507,0.0294427871704101
2026-03-16,5,COHR,0.3405900581410757,0.0089463220675944,long,0.0464198589324951,0.0318552255630493,0.1079331636428833
2026-03-16,6,AXON,0.3335846143857034,0.0109343936381709,long,0.0036323070526123,-0.0203328728675842,-0.0986438393592834
2026-03-16,7,LITE,0.3212983612512016,0.0129224652087475,long,0.0788996219635009,0.087428331375122,0.2346665859222412
2026-03-16,8,MRNA,0.304433960754804,0.014910536779324,long,-0.0283700823783874,-0.0472835302352905,-0.0480251908302307
2026-03-16,9,TTD,0.2981094108470516,0.0168986083499005,long,-0.0606302618980407,-0.0382927656173706,-0.1088950634002685
2026-03-16,10,Q,0.2796222201205104,0.0188866799204771,long,0.0036101341247558,-0.0526548027992248,0.0420005321502685
2026-03-16,11,LYB,0.2782359402308231,0.0208747514910536,long,0.0561797618865966,0.0297752618789672,0.0675562620162963
2026-03-16,12,BLDR,0.2714630385005881,0.0228628230616302,long,-0.0447728037834167,-0.1043229103088378,-0.0743272900581359
2026-03-16,13,GLW,0.2700090622110682,0.0248508946322067,long,-0.0002309679985046,-0.0408807396888732,0.0933096408843994
2026-03-16,14,APP,0.2624818178906285,0.0268389662027833,long,-0.0359842181205749,-0.0363762974739074,-0.0504911541938781
2026-03-16,15,WDC,0.2380886710320113,0.0288270377733598,long,-0.0283929705619812,-0.0659953355789184,-0.0406615734100341
2026-03-16,16,VRT,0.2371942528544139,0.0308151093439363,long,-0.0137849450111389,-0.0466822981834411,0.0092396736145019
2026-03-16,17,CVNA,0.2258770565910828,0.0328031809145129,long,-0.0748871564865112,-0.106309950351715,-0.0437503457069397
2026-03-16,18,LULU,0.2218685974877547,0.0347912524850894,long,0.038425326347351,0.0222891569137573,0.0105481147766113
2026-03-16,19,COIN,0.2199840442338238,0.036779324055666,long,-0.0377681851387023,-0.0605527162551879,-0.1388479471206665
2026-03-16,20,NEM,0.2134095365767184,0.0387673956262425,long,-0.0405259132385253,-0.1372478008270263,-0.1082493066787719
2026-03-16,21,FICO,0.2078561513553656,0.040755467196819,long,0.0031417608261108,-0.0602619051933288,-0.1707850098609924
2026-03-16,22,TECH,0.2067495906699221,0.0427435387673956,long,-0.0048962235450744,0.0082255601882934,0.0268311500549316
2026-03-16,23,APA,0.2052347172904993,0.0447316103379721,long,0.0207723379135131,0.0904781818389892,0.137599229812622
2026-03-16,24,SNDK,0.1948918736879636,0.0467196819085487,long,0.0465445518493652,-0.0145242810249328,-0.0245636701583862
2026-03-16,25,DDOG,0.190341778971192,0.0487077534791252,long,0.0185458660125732,-0.0294094085693359,-0.0488864183425903
2026-03-16,26,INTU,0.1873760959188068,0.0506958250497017,long,-0.0271947383880615,-0.008099615573883,-0.0584174990653991
2026-03-16,27,BF.B,0.1849547457579095,0.0526838966202783,long,-0.0090712308883667,-0.0151187777519226,-0.0151187777519226
2026-03-16,28,HUM,0.1772067863427073,0.0546719681908548,long,-0.0020495653152465,-0.0050946474075317,0.0085494518280029
2026-03-16,29,PSKY,0.1757816562508592,0.0566600397614314,long,-0.0249186754226684,-0.0086674094200134,-0.0065004825592041
2026-03-16,30,COF,0.1667702136253328,0.0586481113320079,long,-0.0178824663162231,-0.0106858015060424,0.0066514015197753
2026-03-16,474,DUK,-0.4409694793015475,0.941351888667992,short,-0.0165475606918334,-0.0461827516555786,-0.0418954491615295
2026-03-16,475,DTE,-0.4409694793015475,0.9433399602385686,short,-0.0156019926071167,-0.0520288348197937,-0.0403106212615966
2026-03-16,476,EA,-0.4409694793015475,0.9453280318091452,short,0.0023983716964721,0.0018987655639648,0.0074450969696044
2026-03-16,477,HIG,-0.4409694793015475,0.9473161033797216,short,-0.019360065460205,-0.0198035240173339,0.0005911588668823
2026-03-16,478,EQR,-0.4409694793015475,0.9493041749502982,short,-0.0191740989685058,-0.0498197674751281,-0.0385119915008544
2026-03-16,479,ETR,-0.4409694793015475,0.9512922465208749,short,-0.0170641541481018,-0.0581691265106201,-0.03346848487854
2026-03-16,480,EVRG,-0.4409694793015475,0.9532803180914512,short,-0.015336275100708,-0.0496317148208618,-0.034778356552124
2026-03-16,481,EXC,-0.4409694793015475,0.955268389662028,short,-0.0157873630523681,-0.0719425082206726,-0.0549560189247131
2026-03-16,482,HLT,-0.4409694793015475,0.9572564612326044,short,-0.0224021673202514,-0.0289735198020935,-0.004646360874176
2026-03-16,483,TRV,-0.4409694793015475,0.9592445328031808,short,-0.0231122970581054,-0.0317630767822265,-0.0434824228286743
2026-03-16,484,ATO,-0.4409694793015475,0.9612326043737576,short,-0.0092523097991943,-0.0347095727920532,-0.0289335250854492
2026-03-16,485,AVB,-0.4409694793015475,0.963220675944334,short,-0.0261476635932922,-0.0539368987083435,-0.0410975813865661
2026-03-16,486,GL,-0.4409694793015475,0.9652087475149106,short,-0.0148890614509582,-0.0207587480545043,-0.0080171227455139
2026-03-16,487,GOOG,-0.4409694793015475,0.967196819085487,short,-0.0100514292716979,-0.0343233942985534,-0.0653178095817565
2026-03-16,488,GOOGL,-0.4409694793015475,0.9691848906560636,short,-0.0103885531425476,-0.0319053530693054,-0.0658690929412841
2026-03-16,489,XEL,-0.4409694793015475,0.9711729622266402,short,-0.017074167728424,-0.0569955110549926,-0.0423781275749206
2026-03-16,490,ABBV,-0.4409694793015475,0.9731610337972167,short,-0.0519657731056213,-0.0668455958366394,-0.0662540793418884
2026-03-16,491,FAST,-0.4409694793015475,0.9751491053677932,short,-0.0185064077377319,-0.0472458600997924,-0.0226431488990783
2026-03-16,492,FE,-0.4409694793015475,0.9771371769383698,short,-0.0107401013374328,-0.0521382093429565,-0.0400312542915344
2026-03-16,493,FRT,-0.4409694793015475,0.9791252485089464,short,-0.011889100074768,-0.0343568325042724,-0.0346376895904541
2026-03-16,494,FTNT,-0.4409694793015475,0.9811133200795228,short,0.0027656555175781,-0.021164059638977,-0.0459356307983398
2026-03-16,495,GD,-0.4409694793015475,0.9831013916500994,short,-0.0082237124443054,-0.0294984579086303,-0.0282354354858398
2026-03-16,496,UDR,-0.4409694793015475,0.985089463220676,short,-0.0131248831748962,-0.0474727749824523,-0.0474727749824523
2026-03-16,497,UNP,-0.4409694793015475,0.9870775347912524,short,-0.0237289667129516,-0.0305381417274475,-0.0109359622001647
2026-03-16,498,V,-0.4409694793015475,0.989065606361829,short,-0.0306036472320556,-0.0221746563911438,-0.0152369141578674
2026-03-16,499,VICI,-0.4409694793015475,0.9910536779324056,short,-0.0181691050529479,-0.0625436902046203,-0.0461216568946838
2026-03-16,500,ALL,-0.4409694793015475,0.993041749502982,short,-0.0139431357383728,-0.0079606771469116,0.0001929998397827
2026-03-16,501,AMGN,-0.4409694793015475,0.9950298210735586,short,-0.0267216563224792,-0.0369119644165039,-0.035167396068573
2026-03-16,502,AAPL,-0.4409694793015475,0.9970178926441352,short,-0.0168744325637817,-0.0245446562767028,-0.0101876258850097
2026-03-16,503,ACGL,-0.4409694793015475,0.9990059642147118,short,-0.0162076354026794,-0.0222457647323608,-0.008474588394165
2026-03-17,1,CF,0.3768788535094649,0.0009940357852882,long,-0.0092322826385498,-0.0516846776008605,0.0108892917633056
2026-03-17,2,GLW,0.372493851137404,0.0029821073558648,long,0.0247958898544311,0.0085476636886596,0.1269829273223877
2026-03-17,3,LITE,0.3676411715757533,0.0049701789264413,long,0.1017680168151855,0.0401535034179687,0.1089595556259155
2026-03-17,4,AXON,0.3671341668613572,0.0069582504970178,long,-0.0122539401054382,-0.0022225975990295,-0.0949234366416931
2026-03-17,5,CIEN,0.3666584436977435,0.0089463220675944,long,0.0709130764007568,0.0587654113769531,0.1361159086227417
2026-03-17,6,TTD,0.3603338937899911,0.0109343936381709,long,-0.0016984939575195,0.0169851779937744,-0.0670912861824035
2026-03-17,7,TER,0.3554796431310712,0.0129224652087475,long,0.0077648162841796,0.012830376625061,0.0776151418685913
2026-03-17,8,LYB,0.3516510505995529,0.014910536779324,long,-0.0083776116371154,-0.0496010184288024,0.0264627933502197
2026-03-17,9,COHR,0.3169133588791408,0.0168986083499005,long,0.0713814496994018,-0.0083977580070495,0.057657241821289
2026-03-17,10,MRNA,0.304433960754804,0.0188866799204771,long,-0.0005725622177124,-0.0213741064071655,0.0217556953430175
2026-03-17,11,BKR,0.3031127136760745,0.0208747514910536,long,0.056193470954895,0.087856650352478,0.0894223451614379
2026-03-17,12,DOW,0.2859219122931546,0.0228628230616302,long,-0.0053063631057739,-0.043778121471405,0.0512071847915649
2026-03-17,13,FICO,0.2632379313457053,0.0248508946322067,long,-0.0752180218696594,-0.1166154146194458,-0.1334219574928283
2026-03-17,14,WDC,0.259577473668212,0.0268389662027833,long,0.0394555330276489,-0.0331583619117736,-0.0287306904792785
2026-03-17,15,INTU,0.2580968155185677,0.0288270377733598,long,0.0189126729965209,0.0228966474533081,-0.0446071624755859
2026-03-17,16,APP,0.2580968155185677,0.0308151093439363,long,-0.0059877634048461,0.0370111465454101,-0.0132860541343688
2026-03-17,17,PSKY,0.2577934865786606,0.0328031809145129,long,-0.004444420337677,0.0155556201934814,0.0255554914474487
2026-03-17,18,CVNA,0.2512197841242766,0.0347912524850894,long,0.0103375911712646,0.0289521217346191,0.0597244501113891
2026-03-17,19,LRCX,0.2498608788834182,0.036779324055666,long,0.0412976741790771,0.0382715463638305,0.0388945341110229
2026-03-17,20,BLDR,0.2442657101398983,0.0387673956262425,long,-0.0245901942253112,-0.0226275324821472,-0.01396906375885
2026-03-17,21,TYL,0.2421146236832665,0.040755467196819,long,0.0177932977676391,0.0149439573287963,-0.0362843871116638
2026-03-17,22,LULU,0.2394436759709529,0.0427435387673956,long,0.0010883808135986,-0.0061067342758178,-0.0403289198875427
2026-03-17,23,VRT,0.237505743142798,0.0447316103379721,long,0.0168486833572387,-0.0329039096832275,0.0432549715042114
2026-03-17,24,LUV,0.2370584336239164,0.0467196819085487,long,0.0169196128845214,0.0039811134338378,0.0
2026-03-17,25,STX,0.236936427752528,0.0487077534791252,long,0.0684170722961425,-0.0067605972290039,0.0158566236495971
2026-03-17,26,Q,0.2366577310163013,0.0506958250497017,long,-0.0178979039192199,0.0082470178604125,0.0550973415374755
2026-03-17,27,GDDY,0.2250109859898756,0.0526838966202783,long,-0.0055865049362182,0.0,-0.0303101539611816
2026-03-17,28,NOW,0.2250109859898756,0.0546719681908548,long,-0.0038695335388183,-0.0242722630500793,-0.0936593413352966
2026-03-17,29,SLB,0.22438093900082,0.0566600397614314,long,0.0551632642745971,0.0867166519165039,0.14496910572052
2026-03-17,30,APO,0.2194756773343872,0.0586481113320079,long,0.0015288591384887,-0.0067446231842041,-0.0125898718833923
2026-03-17,474,HLT,-0.4409694793015475,0.941351888667992,short,0.0111012458801269,0.0207428932189941,0.0291961431503295
2026-03-17,475,TJX,-0.4409694793015475,0.9433399602385686,short,0.0118401050567626,0.0237456560134887,0.0449402332305908
2026-03-17,476,BMY,-0.4409694793015475,0.9453280318091452,short,-0.0212228298187255,-0.0399191379547119,-0.007242739200592
2026-03-17,477,BK,-0.4409694793015475,0.9473161033797216,short,0.0020930767059326,0.0148264169692993,0.029042363166809
2026-03-17,478,BIIB,-0.4409694793015475,0.9493041749502982,short,0.0060336589813232,0.0072952508926391,0.0376830101013183
2026-03-17,479,GD,-0.4409694793015475,0.9512922465208749,short,-0.0105557441711425,-0.0169515013694763,-0.0024337172508239
2026-03-17,480,TGT,-0.4409694793015475,0.9532803180914512,short,-0.0050413012504577,-0.0010430216789245,0.0114732980728149
2026-03-17,481,EVRG,-0.4409694793015475,0.955268389662028,short,-0.0058867335319519,-0.0261220932006835,-0.0191316604614257
2026-03-17,482,ETR,-0.4409694793015475,0.9572564612326044,short,-0.0030692219734191,-0.0280069708824157,-0.0143871307373046
2026-03-17,483,ESS,-0.4409694793015475,0.9592445328031808,short,-0.0017024874687194,-0.0167004466056823,-0.0184839963912963
2026-03-17,484,ES,-0.4409694793015475,0.9612326043737576,short,-0.0428924560546875,-0.069975197315216,-0.0783612728118896
2026-03-17,485,EQR,-0.4409694793015475,0.963220675944334,short,-0.0090225338935852,-0.0240601301193237,-0.0232247114181518
2026-03-17,486,UDR,-0.4409694793015475,0.9652087475149106,short,-0.0028296113014221,-0.0305603146553039,-0.0398981571197509
2026-03-17,487,ATO,-0.4409694793015475,0.967196819085487,short,-0.0018893480300903,-0.0227800607681274,-0.0199729800224304
2026-03-17,488,TRV,-0.4409694793015475,0.9691848906560636,short,-0.0080534815788269,-0.0124645233154296,-0.0289390087127685
2026-03-17,489,GL,-0.4409694793015475,0.9711729622266402,short,0.0006541013717651,-0.0017438530921936,-0.0007992982864379
2026-03-17,490,FE,-0.4409694793015475,0.9731610337972167,short,-0.0191472768783569,-0.0373075008392334,-0.0225029587745666
2026-03-17,491,AVB,-0.4409694793015475,0.9751491053677932,short,-0.0052374601364135,-0.0170970559120178,-0.0148094892501831
2026-03-17,492,APD,-0.4409694793015475,0.9771371769383698,short,0.0097007751464843,-0.0098074674606323,0.0308079719543457
2026-03-17,493,TSN,-0.4409694793015475,0.9791252485089464,short,-0.034302532672882,-0.0248284935951232,0.0037568807601928
2026-03-17,494,UNP,-0.4409694793015475,0.9811133200795228,short,-0.0101028084754943,0.0076086521148681,0.0201208591461181
2026-03-17,495,AAPL,-0.4409694793015475,0.9831013916500994,short,-0.0039209127426147,0.0062015056610107,0.0107225179672241
2026-03-17,496,WBD,-0.4409694793015475,0.985089463220676,short,0.0102375745773315,0.0018280744552612,-0.0047532320022583
2026-03-17,497,YUM,-0.4409694793015475,0.9870775347912524,short,-0.017913281917572,-0.0035198926925659,0.0003770589828491
2026-03-17,498,AIG,-0.4409694793015475,0.989065606361829,short,-0.0059195756912231,0.0102245807647705,0.0153369903564453
2026-03-17,499,VTR,-0.4409694793015475,0.9910536779324056,short,-0.0203824639320373,-0.0627505183219909,-0.0530173182487487
2026-03-17,500,ACGL,-0.4409694793015475,0.993041749502982,short,-0.0075374841690063,0.0085065364837646,0.0048454999923706
2026-03-17,501,WM,-0.4409694793015475,0.9950298210735586,short,0.0001711845397949,-0.0267761349678039,-0.0382394194602966
2026-03-17,502,WELL,-0.4409694793015475,0.9970178926441352,short,-0.0149133205413818,-0.0679222345352172,-0.0596530437469482
2026-03-17,503,WEC,-0.4409694793015475,0.9990059642147118,short,-0.0018126964569091,-0.0328009724617004,-0.0270176529884338
2026-03-18,1,CF,0.576511694299423,0.0009940357852882,long,-0.0052564144134521,0.0108314752578735,0.0557502508163452
2026-03-18,2,LITE,0.5516447462320994,0.0029821073558648,long,-0.0851929187774658,0.0386722087860107,-0.1079222559928894
2026-03-18,3,LYB,0.5378737826239969,0.0049701789264413,long,-0.0167627930641174,0.019310712814331,0.0422421693801879
2026-03-18,4,TTD,0.5213734361429543,0.0069582504970178,long,0.0255210399627685,-0.0497660636901855,-0.0752871036529541
2026-03-18,5,FICO,0.5077451202367649,0.0089463220675944,long,0.0129899978637695,-0.1061483025550842,-0.0658665895462036
2026-03-18,6,GNRC,0.4844962906356728,0.0109343936381709,long,-0.0076674818992614,0.0416231155395507,-0.0141897201538085
2026-03-18,7,COHR,0.4558963840058716,0.0129224652087475,long,-0.0796167850494384,-0.0117575526237487,-0.1171390414237976
2026-03-18,8,GLW,0.455392847660918,0.014910536779324,long,-0.0638713836669921,0.0671024322509765,0.0168319940567016
2026-03-18,9,CIEN,0.4537459570326742,0.0168986083499005,long,-0.0695379376411438,0.0407193899154663,-0.0596005320549011
2026-03-18,10,XYZ,0.4048261449086404,0.0188866799204771,long,0.0064417123794555,0.0152567625045776,0.0064417123794555
2026-03-18,11,TER,0.392159009831096,0.0208747514910536,long,-0.0382605791091918,0.0586640834808349,-0.0167328119277954
2026-03-18,12,SNDK,0.3729712816780752,0.0228628230616302,long,-0.0807936787605285,-0.090157926082611,-0.2187828421592712
2026-03-18,13,AXON,0.3686843699567734,0.0248508946322067,long,-0.0117686986923217,-0.0907642245292663,-0.102990984916687
2026-03-18,14,WDC,0.3660699566792219,0.0268389662027833,long,-0.0751900672912597,-0.0501056909561157,-0.1375066637992859
2026-03-18,15,PSKY,0.3636160749610691,0.0288270377733598,long,0.0212053060531616,0.0234375,-0.0089285373687744
2026-03-18,16,INTU,0.3489839273609591,0.0308151093439363,long,0.0007029771804809,-0.0500614643096923,-0.049841821193695
2026-03-18,17,LUV,0.3302771720758991,0.0328031809145129,long,-0.0357230305671691,-0.0254464745521545,-0.0327869057655334
2026-03-18,18,DOW,0.3161122033085248,0.0347912524850894,long,-0.022405982017517,0.0218725204467773,0.0528141260147094
2026-03-18,19,ARES,0.3138802446128305,0.036779324055666,long,-0.0196313858032226,-0.0180572271347045,-0.0006482005119323
2026-03-18,20,KKR,0.3084040401027007,0.0387673956262425,long,-0.0066224932670593,0.003421664237976,-0.0067328810691833
2026-03-18,21,STX,0.302188070500817,0.040755467196819,long,-0.0537735819816589,-0.0221813321113586,-0.1284169554710388
2026-03-18,22,LRCX,0.2992482715476659,0.0427435387673956,long,-0.0240609049797058,0.0207273960113525,-0.0956023931503295
2026-03-18,23,APO,0.2966200643036195,0.0447316103379721,long,0.0056568384170532,-0.0010775327682495,-0.0124809145927429
2026-03-18,24,CSGP,0.2905269004792994,0.0467196819085487,long,0.0018683671951293,-0.0317608714103698,-0.0354974269866943
2026-03-18,25,Q,0.2849809090414698,0.0487077534791252,long,-0.0388601422309875,0.0571733713150024,0.0075039863586425
2026-03-18,26,LULU,0.2837586017192997,0.0506958250497017,long,-0.0166093111038208,-0.02790367603302,-0.0856435894966125
2026-03-18,27,EXPE,0.2831211126327745,0.0526838966202783,long,-0.0176684856414794,-0.0101081728935241,-0.0274425148963928
2026-03-18,28,CNC,0.2693033511474887,0.0546719681908548,long,-0.0328928232192993,-0.0728141665458679,-0.0565082430839538
2026-03-18,29,BX,0.2650846313541886,0.0566600397614314,long,-0.0267912149429321,-0.048382818698883,-0.0338415503501892
2026-03-18,30,GDDY,0.2587469601481816,0.0586481113320079,long,0.0147023200988769,-0.0400431156158447,-0.0230695605278015
2026-03-18,474,KVUE,-0.6137402713625659,0.941351888667992,short,-0.0017212033271789,0.0068845748901367,0.0080320835113525
2026-03-18,475,EQR,-0.6137402713625659,0.9433399602385686,short,-0.022424578666687,-0.0107908248901367,0.0033720731735229
2026-03-18,476,ESS,-0.6137402713625659,0.9453280318091452,short,-0.0247279405593872,-0.0112879872322082,-0.0104352235794067
2026-03-18,477,ETR,-0.6137402713625659,0.9473161033797216,short,-0.0388686060905456,-0.0136618018150329,-0.0103906393051147
2026-03-18,478,EW,-0.6137402713625659,0.9493041749502982,short,0.0004850625991821,-0.009337842464447,-0.0043657422065734
2026-03-18,479,EXC,-0.6137402713625659,0.9512922465208749,short,-0.0327014923095703,-0.0149968266487121,0.0081233978271484
2026-03-18,480,ES,-0.6137402713625659,0.9532803180914512,short,-0.0423729419708251,-0.0308819413185119,-0.023843765258789
2026-03-18,481,SO,-0.6137402713625659,0.955268389662028,short,-0.0295126438140869,-0.0233814716339111,-0.0084173679351806
2026-03-18,482,SPG,-0.6137402713625659,0.9572564612326044,short,-0.0354921221733093,-0.0681616067886352,-0.0497098565101623
2026-03-18,483,SRE,-0.6137402713625659,0.9592445328031808,short,-0.0370603799819946,-0.0026246905326843,0.0030446052551269
2026-03-18,484,EG,-0.6137402713625659,0.9612326043737576,short,0.0001899003982543,0.0247182846069335,0.0250982046127319
2026-03-18,485,CB,-0.6137402713625659,0.963220675944334,short,-0.0032753348350524,0.0060869455337524,0.0020701885223388
2026-03-18,486,LNT,-0.6137402713625659,0.9652087475149106,short,-0.0365956425666809,-0.0232753157615661,-0.0148625373840332
2026-03-18,487,INVH,-0.6137402713625659,0.967196819085487,short,-0.024399995803833,0.0004000663757324,-0.0067999958992004
2026-03-18,488,ATO,-0.6137402713625659,0.9691848906560636,short,-0.023850679397583,-0.0180096626281738,-0.0093023180961608
2026-03-18,489,TSN,-0.6137402713625659,0.9711729622266402,short,-0.0158998370170593,0.0299391746520996,0.0649526119232177
2026-03-18,490,ICE,-0.6137402713625659,0.9731610337972167,short,-0.0004416704177856,-0.0169084668159484,-0.0160251855850219
2026-03-18,491,JNJ,-0.6137402713625659,0.9751491053677932,short,-0.0093855857849121,-0.0098063945770263,0.0069023370742797
2026-03-18,492,KO,-0.6137402713625659,0.9771371769383698,short,-0.010589063167572,-0.0116479992866516,-0.0113831758499145
2026-03-18,493,KIM,-0.6137402713625659,0.9791252485089464,short,-0.0324816107749938,-0.0229536890983581,-0.0359463095664978
2026-03-18,494,FE,-0.6137402713625659,0.9811133200795228,short,-0.0231434702873229,-0.0106661319732666,0.0068423748016357
2026-03-18,495,FAST,-0.6137402713625659,0.9831013916500994,short,-0.0164082646369934,0.0089907646179199,0.0139356851577758
2026-03-18,496,GD,-0.6137402713625659,0.985089463220676,short,-0.0110116600990295,-0.0097245573997497,0.0161598920822143
2026-03-18,497,FRT,-0.6137402713625659,0.9870775347912524,short,-0.029541790485382,-0.0298240780830383,-0.024367332458496
2026-03-18,498,GOOG,-0.6137402713625659,0.989065606361829,short,-0.0226997733116149,-0.054067313671112,-0.0817388296127319
2026-03-18,499,GL,-0.6137402713625659,0.9910536779324056,short,-0.0066081285476684,0.0063176155090332,0.0079151391983032
2026-03-18,500,GOOGL,-0.6137402713625659,0.993041749502982,short,-0.0199589729309082,-0.0543417930603027,-0.0853384137153625
2026-03-18,501,UDR,-0.6137402713625659,0.9950298210735586,short,-0.0320658683776855,-0.0320658683776855,-0.033200979232788
2026-03-18,502,VICI,-0.6137402713625659,0.9970178926441352,short,-0.041100800037384,-0.0243030786514282,-0.0293066501617431
2026-03-18,503,ALL,-0.6137402713625659,0.9990059642147118,short,0.007595419883728,0.0158768892288208,0.0151418447494506
2026-03-19,1,LYB,0.6532940358382989,0.0009940357852882,long,-0.0252318382263183,0.0527824163436889,0.0972448587417602
2026-03-19,2,CIEN,0.6194155117929434,0.0029821073558648,long,0.0625438690185546,0.1401703357696533,0.046159029006958
2026-03-19,3,CF,0.618997916771358,0.0049701789264413,long,-0.0377902388572692,0.025700569152832,0.0924739837646484
2026-03-19,4,LITE,0.5728750195550901,0.0069582504970178,long,0.0319955348968505,0.1002619266510009,-0.0051249265670776
2026-03-19,5,PSKY,0.5334375195452563,0.0089463220675944,long,-0.001092791557312,0.0087431669235229,-0.0393442511558532
2026-03-19,6,WDC,0.5132384094106893,0.0109343936381709,long,0.0057659149169921,0.0103719234466552,-0.0605936646461486
2026-03-19,7,GLW,0.492112750049681,0.0129224652087475,long,0.0512923002243042,0.1747472286224365,0.0981698036193847
2026-03-19,8,GNRC,0.4864931025671491,0.014910536779324,long,0.0127440690994262,0.0293512344360351,-0.0246350169181823
2026-03-19,9,APP,0.4850788846869246,0.0168986083499005,long,0.0374330282211303,-0.0128845572471618,-0.1383168697357177
2026-03-19,10,TTD,0.4499365399681478,0.0188866799204771,long,-0.0066362619400024,-0.0887598991394043,-0.1173786520957946
2026-03-19,11,TER,0.4445848207335826,0.0208747514910536,long,0.0450092554092407,0.1118522882461547,0.0164357423782348
2026-03-19,12,FICO,0.4035349777324417,0.0228628230616302,long,-0.0570139288902282,-0.0749543309211731,-0.1033681631088256
2026-03-19,13,COHR,0.4019812738808369,0.0248508946322067,long,0.0055986642837524,0.0725860595703125,-0.0400189757347106
2026-03-19,14,EXPE,0.3881795685746829,0.0268389662027833,long,0.0062505006790161,0.0045921802520751,-0.0398418307304382
2026-03-19,15,XYZ,0.3856798508391804,0.0288270377733598,long,0.0303183794021606,0.010779857635498,-0.0570995211601257
2026-03-19,16,SNDK,0.3843665311360792,0.0308151093439363,long,-0.0101732015609741,-0.0448775291442871,-0.1322793960571289
2026-03-19,17,AXON,0.3766400094447083,0.0328031809145129,long,0.0221855640411376,-0.0727829337120056,-0.1336570382118225
2026-03-19,18,LUV,0.3752154676299588,0.0347912524850894,long,0.0238517522811889,0.019791841506958,-0.0520172119140625
2026-03-19,19,ARES,0.3744730778532658,0.036779324055666,long,0.0118069648742675,0.0059506893157958,0.0038726329803466
2026-03-19,20,INTU,0.3699266107744776,0.0387673956262425,long,0.0032048225402832,-0.062999427318573,-0.0858723521232605
2026-03-19,21,DOW,0.3669715234300775,0.040755467196819,long,-0.0166439414024353,0.0810368061065673,0.1137789487838745
2026-03-19,22,CCL,0.3535630583616006,0.0427435387673956,long,0.0551409721374511,0.0667495727539062,0.0029021501541137
2026-03-19,23,CVNA,0.3425202311120443,0.0447316103379721,long,0.0651308298110961,0.0969852209091186,0.0738054513931274
2026-03-19,24,VRT,0.3423143138683434,0.0467196819085487,long,0.0004689693450927,0.0792559385299682,-0.0187978744506835
2026-03-19,25,APA,0.3387870542171607,0.0487077534791252,long,-0.0020455718040466,0.0565072298049926,0.1350038051605224
2026-03-19,26,COIN,0.3366894321194984,0.0506958250497017,long,0.0157974958419799,-0.0830379724502563,-0.1841012835502624
2026-03-19,27,CSGP,0.3365458465303065,0.0526838966202783,long,0.0002330541610717,-0.0347319841384887,-0.0729603767395019
2026-03-19,28,GDDY,0.3286193471901891,0.0546719681908548,long,-0.0089527964591979,-0.038991630077362,-0.0579573512077331
2026-03-19,29,Q,0.3217638605209951,0.0566600397614314,long,0.0681290626525878,0.1177619695663452,0.0387582778930664
2026-03-19,30,KEYS,0.3121666337304992,0.0586481113320079,long,0.041184663772583,0.0561740398406982,0.0055129528045654
2026-03-19,474,AIG,-0.6358928152324115,0.941351888667992,short,0.0094097852706909,0.0145181417465209,-0.0193575024604797
2026-03-19,475,HLT,-0.6371483644515404,0.9433399602385686,short,0.0276505947113037,0.0361610651016235,0.0049902200698852
2026-03-19,476,ABT,-0.6374099197647278,0.9453280318091452,short,-0.0057842135429382,-0.0059738159179687,-0.0139389634132385
2026-03-19,477,PPL,-0.6396432791789342,0.9473161033797216,short,0.0095759630203247,0.0166895389556884,0.0300958156585693
2026-03-19,478,HST,-0.6408285118084411,0.9493041749502982,short,0.0290322303771972,0.047311782836914,0.0129032135009765
2026-03-19,479,MS,-0.642613197380712,0.9512922465208749,short,0.0176503658294677,0.025887131690979,-0.0190747380256652
2026-03-19,480,TDG,-0.6427328721843358,0.9532803180914512,short,-0.020740807056427,-0.0177511572837829,-0.0317311882972717
2026-03-19,481,DGX,-0.642792144211435,0.955268389662028,short,0.0017412900924682,0.0061457157135009,0.0012803077697753
2026-03-19,482,AIZ,-0.6451130797127501,0.9572564612326044,short,0.0217094421386718,0.0197829008102417,0.0022085905075073
2026-03-19,483,YUM,-0.6469033801370679,0.9592445328031808,short,0.013617992401123,0.0175819396972656,-0.0156639218330383
2026-03-19,484,AON,-0.6474478079356435,0.9612326043737576,short,0.0010441541671752,-0.0128366351127624,-0.0367594957351684
2026-03-19,485,EQR,-0.6474478079356435,0.963220675944334,short,0.0074163675308227,0.0082787275314331,0.0132803916931152
2026-03-19,486,SRE,-0.6476720082113941,0.9652087475149106,short,0.0189707279205322,0.0392498970031738,0.0453554391860961
2026-03-19,487,IBKR,-0.6483057642658585,0.967196819085487,short,0.0361996889114379,0.049030065536499,-0.0193982720375061
2026-03-19,488,DUK,-0.6531195637428479,0.9691848906560636,short,0.0041794776916503,0.0106458663940429,0.0250769853591918
2026-03-19,489,CBOE,-0.6553165393552165,0.9711729622266402,short,-0.0117274522781372,-0.0243352651596069,-0.0385631918907165
2026-03-19,490,CCI,-0.6618411095264939,0.9731610337972167,short,-0.0125060677528381,-0.0655658245086669,-0.0457746982574462
2026-03-19,491,AVB,-0.6652952737920637,0.9751491053677932,short,0.0117741823196411,0.0141290426254272,-0.003470242023468
2026-03-19,492,FRT,-0.6652952737920637,0.9771371769383698,short,0.0059137344360351,0.001163363456726,-0.002714455127716
2026-03-19,493,CASY,-0.666507214504138,0.9791252485089464,short,0.0263632535934448,0.0827736854553222,0.0827888250350952
2026-03-19,494,AWK,-0.6679061000052171,0.9811133200795228,short,-0.0004418492317199,-0.0088371634483337,0.0078798532485961
2026-03-19,495,ICE,-0.6694113029274525,0.9831013916500994,short,-0.0079529881477355,-0.0100990533828735,-0.0363567471504211
2026-03-19,496,STZ,-0.669977561187347,0.985089463220676,short,0.0189814567565917,0.0129661560058593,0.0118968486785888
2026-03-19,497,KIM,-0.6714827641095824,0.9870775347912524,short,0.016114592552185,0.0031334161758422,-0.0053715705871582
2026-03-19,498,CMS,-0.6763796315198288,0.989065606361829,short,0.0026874542236328,0.013706088066101,0.0240527391433715
2026-03-19,499,UDR,-0.6778848344420643,0.9910536779324056,short,0.0043975114822387,-0.0052770376205444,-0.0155379176139831
2026-03-19,500,KVUE,-0.6795882198690589,0.993041749502982,short,0.0114942789077758,0.0149425268173217,0.0068966150283813
2026-03-19,501,INVH,-0.6795882198690589,0.9950298210735586,short,0.0151702165603637,0.0205001831054687,0.0032800436019897
2026-03-19,502,ATO,-0.6795882198690589,0.9970178926441352,short,0.0029917955398559,0.0058728456497192,0.0149592161178588
2026-03-19,503,MRSH,-0.6832835954320344,0.9990059642147118,short,-0.0147892236709594,-0.0129193067550659,-0.0414211153984069
2026-03-20,1,CF,0.3627325988836328,0.0009940357852882,long,0.0560824871063232,0.1030120849609375,0.1449493169784546
2026-03-20,2,CIEN,0.3600305543961943,0.0029821073558648,long,0.0526599884033203,-0.0488110184669494,-0.1051728129386901
2026-03-20,3,LYB,0.3599557677332528,0.0049701789264413,long,0.0635231733322143,0.087449312210083,0.1526514291763305
2026-03-20,4,COHR,0.3597710626946103,0.0069582504970178,long,0.067751407623291,-0.0461086630821228,-0.138796329498291
2026-03-20,5,PSKY,0.3593959317920996,0.0089463220675944,long,0.0032821893692016,-0.0284464359283447,-0.0240700244903564
2026-03-20,6,DOW,0.3445346277962168,0.0109343936381709,long,0.0629855394363403,0.0951720476150512,0.1617646217346191
2026-03-20,7,WDC,0.3433390386801433,0.0129224652087475,long,0.0212353467941284,-0.0727297663688659,-0.146273672580719
2026-03-20,8,LITE,0.317806630825109,0.014910536779324,long,0.1001988649368286,-0.0550792813301086,-0.1017354130744934
2026-03-20,9,AXON,0.3151564340205774,0.0168986083499005,long,-0.0999053716659545,-0.1120091676712036,-0.1817733645439148
2026-03-20,10,Q,0.314015937377014,0.0188866799204771,long,0.0297597646713256,-0.0186216235160827,-0.0679603219032287
2026-03-20,11,STX,0.3093223697131329,0.0208747514910536,long,0.0518290996551513,-0.0624473690986633,-0.1029404401779174
2026-03-20,12,DASH,0.2931593730460216,0.0228628230616302,long,-0.0328165888786315,-0.0501312017440795,-0.0748218894004821
2026-03-20,13,GNRC,0.2885951866660733,0.0248508946322067,long,0.036462664604187,-0.0190736055374145,-0.0810007452964782
2026-03-20,14,CSGP,0.2780359378159538,0.0268389662027833,long,-0.0337916612625122,-0.037520408630371,-0.0473082661628723
2026-03-20,15,CCL,0.2762164878725531,0.0288270377733598,long,0.0007858276367187,-0.0066797733306884,-0.058546245098114
2026-03-20,16,CRL,0.2754095545525177,0.0308151093439363,long,0.0075316429138183,0.0451265573501586,0.0108860731124877
2026-03-20,17,GLW,0.2752583472073151,0.0328031809145129,long,0.0842940807342529,0.03321373462677,-0.0184774994850158
2026-03-20,18,LUV,0.2717433927675639,0.0347912524850894,long,-0.0128871798515319,-0.0203222036361694,-0.1006194949150085
2026-03-20,19,SNDK,0.2637218299373349,0.036779324055666,long,-1.424551010131836e-05,-0.1413828134536743,-0.1850417852401733
2026-03-20,20,CNC,0.254325592077572,0.0387673956262425,long,0.0051813125610351,0.0228588581085205,-0.0307833552360534
2026-03-20,21,TER,0.2522672075982149,0.040755467196819,long,0.0533692836761474,-0.021650493144989,-0.090714693069458
2026-03-20,22,XYZ,0.2446807768864095,0.0427435387673956,long,-0.0209252834320068,-0.0294261574745178,-0.0676802396774292
2026-03-20,23,KEYS,0.2393862112429473,0.0447316103379721,long,0.0332918167114257,-0.0273047685623168,-0.067656397819519
2026-03-20,24,MU,0.2389469543377276,0.0467196819085487,long,-0.0218127965927124,-0.120910108089447,-0.2041548490524292
2026-03-20,25,MRNA,0.2344243957963798,0.0487077534791252,long,0.0011700391769409,0.044656753540039,-0.0594773888587951
2026-03-20,26,APP,0.233096669701383,0.0506958250497017,long,-0.0502015352249145,-0.1475977897644043,-0.1892799139022827
2026-03-20,27,FSLR,0.2321679014326797,0.0526838966202783,long,0.0154275894165039,-0.0215353369712829,-0.0274852514266967
2026-03-20,28,APA,0.2304414568738791,0.0546719681908548,long,0.0453497171401977,0.0965924263000488,0.1206765174865722
2026-03-20,29,LRCX,0.2239906372419605,0.0566600397614314,long,0.0237023830413818,-0.0929664373397827,-0.1430714726448059
2026-03-20,30,SLB,0.2220593431002976,0.0586481113320079,long,0.0255837440490722,0.0621320009231567,0.0462944507598876
2026-03-20,474,RSG,-0.4291248769896582,0.941351888667992,short,-0.0067364573478698,0.0024915933609008,0.0228394269943237
2026-03-20,475,SCHW,-0.4291248769896582,0.9433399602385686,short,0.003987431526184,-0.0087093710899353,-0.0235047936439514
2026-03-20,476,ROST,-0.4291248769896582,0.9453280318091452,short,0.0127176046371459,0.0056784152984619,-0.020179271697998
2026-03-20,477,KR,-0.4291248769896582,0.9473161033797216,short,-0.0112792253494262,-0.0125171542167663,0.0140303373336792
2026-03-20,478,EW,-0.4291248769896582,0.9493041749502982,short,-0.0040233135223388,0.0009753704071044,-0.0307241678237915
2026-03-20,479,EXE,-0.4291248769896582,0.9512922465208749,short,0.0190449953079223,0.0316797494888305,0.0353957414627075
2026-03-20,480,KO,-0.4291248769896582,0.9532803180914512,short,-0.0058581233024597,-0.0055917501449584,0.0154439210891723
2026-03-20,481,CME,-0.4291248769896582,0.955268389662028,short,-0.0126565694808959,-0.0292928218841552,-0.0292928218841552
2026-03-20,482,CDNS,-0.4291248769896582,0.9572564612326044,short,-0.0280321836471557,-0.0406809449195861,-0.0739777684211731
2026-03-20,483,CI,-0.4291248769896582,0.9592445328031808,short,0.0167502164840698,0.0404986143112182,-0.0130406618118286
2026-03-20,484,PGR,-0.4291248769896582,0.9612326043737576,short,0.0054119825363159,-0.010726511478424,-0.0180887579917907
2026-03-20,485,ICE,-0.4291248769896582,0.963220675944334,short,-0.0085893869400024,-0.0076985955238342,-0.0014633536338806
2026-03-20,486,SNA,-0.4291248769896582,0.9652087475149106,short,0.0014618635177612,-0.0015169978141784,-0.0164114832878112
2026-03-20,487,STT,-0.4291248769896582,0.967196819085487,short,0.0247504711151123,0.0197192430496215,0.0015417337417602
2026-03-20,488,TGT,-0.4291248769896582,0.9691848906560636,short,0.0086139440536499,0.0180109739303588,0.0334986448287963
2026-03-20,489,BK,-0.4291248769896582,0.9711729622266402,short,0.0132348537445068,0.0024923086166381,-0.0101409554481506
2026-03-20,490,BIIB,-0.4291248769896582,0.9731610337972167,short,0.0016336441040039,0.0404051542282104,0.0214005708694458
2026-03-20,491,STZ,-0.4291248769896582,0.9751491053677932,short,0.0014429092407226,-0.0134461522102355,-0.0095763206481933
2026-03-20,492,HIG,-0.4291248769896582,0.9771371769383698,short,-0.0001475811004638,-0.0039872527122497,-0.0073099732398986
2026-03-20,493,BRK.B,-0.4291248769896582,0.9791252485089464,short,-0.0013542771339416,-0.0098129510879516,-0.0110837817192077
2026-03-20,494,CB,-0.4291248769896582,0.9811133200795228,short,-0.0023286938667297,-0.0063118338584899,-0.003125250339508
2026-03-20,495,CBOE,-0.4291248769896582,0.9831013916500994,short,0.0088019371032714,-0.0029577016830444,0.0059866905212402
2026-03-20,496,C,-0.4291248769896582,0.985089463220676,short,0.0188103914260864,0.0068972110748291,-0.039143681526184
2026-03-20,497,TJX,-0.4291248769896582,0.9870775347912524,short,0.0120128393173217,0.0068371295928955,-0.0045368075370788
2026-03-20,498,TMUS,-0.4291248769896582,0.989065606361829,short,0.0119755268096923,0.0135562419891357,0.024813175201416
2026-03-20,499,TRV,-0.4291248769896582,0.9910536779324056,short,-0.008493423461914,-0.014855146408081,-0.0125202536582946
2026-03-20,500,GOOGL,-0.4291248769896582,0.993041749502982,short,-0.0384691357612609,-0.0699860453605651,-0.0945507287979126
2026-03-20,501,AWK,-0.4291248769896582,0.9950298210735586,short,-0.0158402323722839,0.0131142139434814,0.0227658748626709
2026-03-20,502,GL,-0.4291248769896582,0.9970178926441352,short,0.0087348222732543,0.0103362798690795,-0.0067695975303649
2026-03-20,503,ALL,-0.4291248769896582,0.9990059642147118,short,-0.0021659731864929,-0.0028879046440124,-0.0023584365844726
2026-03-23,1,COHR,0.3182799455080061,0.0009940357852882,long,-0.0010647773742675,-0.1059376001358032,-0.1252890825271606
2026-03-23,2,PSKY,0.3137859814847618,0.0029821073558648,long,0.0065430402755737,-0.0414394736289978,-0.0163576602935791
2026-03-23,3,CIEN,0.312460593700595,0.0049701789264413,long,0.0193767547607421,-0.0646746754646301,-0.0958358645439148
2026-03-23,4,LYB,0.3118413533583329,0.0069582504970178,long,0.0155242681503295,0.0584132671356201,0.0598604679107666
2026-03-23,5,CF,0.3088177090212695,0.0089463220675944,long,0.009376049041748,0.0750867128372192,0.0230065584182739
2026-03-23,6,WDC,0.2831908940575891,0.0109343936381709,long,-0.0163094997406005,-0.0854010581970214,-0.1015113592147827
2026-03-23,7,LITE,0.2809676493998698,0.0129224652087475,long,-0.0309480428695678,-0.1237671375274658,-0.1237297058105468
2026-03-23,8,DOW,0.2800795828224298,0.014910536779324,long,0.0341947078704834,0.0655181407928466,0.0871834754943847
2026-03-23,9,STX,0.2771212631008853,0.0168986083499005,long,-0.027626097202301,-0.1056334376335144,-0.0781249403953552
2026-03-23,10,APA,0.2760465316483104,0.0188866799204771,long,0.0127451419830322,0.0879901647567749,0.0401960611343383
2026-03-23,11,GLW,0.2747614622968131,0.0208747514910536,long,0.0305613279342651,-0.0366171002388,-0.0425321459770202
2026-03-23,12,CRL,0.2686634242055176,0.0228628230616302,long,0.0420880317687988,-0.0001884698867797,0.0836107730865478
2026-03-23,13,CNC,0.2647184957904893,0.0248508946322067,long,-0.0075803399085998,-0.0297149419784545,-0.0072770714759826
2026-03-23,14,EL,0.2452028567075276,0.0268389662027833,long,0.0228035449981689,-0.0594571828842163,0.0040569305419921
2026-03-23,15,AXON,0.2430917831322486,0.0288270377733598,long,0.0077748298645019,-0.0583881139755249,-0.0698861479759216
2026-03-23,16,GNRC,0.2362144222218462,0.0308151093439363,long,-0.0193585753440856,-0.0707901716232299,-0.0663448572158813
2026-03-23,17,VLO,0.230702465460074,0.0328031809145129,long,-0.0298241972923278,0.0519958734512329,0.0220475196838378
2026-03-23,18,DASH,0.2290554938175739,0.0347912524850894,long,-0.011697769165039,-0.0525431036949157,-0.0295999646186828
2026-03-23,19,OXY,0.2287959584006302,0.036779324055666,long,0.0097959041595458,0.0664489269256591,0.0612244606018066
2026-03-23,20,TER,0.2248086746580974,0.0387673956262425,long,0.010058045387268,-0.0766228437423706,-0.073967695236206
2026-03-23,21,SNDK,0.2160974505477961,0.040755467196819,long,-0.0350472331047058,-0.1233486533164978,-0.0955756306648254
2026-03-23,22,SW,0.2136581129281849,0.0427435387673956,long,0.0203210115432739,-0.0112895369529724,-0.0002509355545043
2026-03-23,23,CSGP,0.2128466017735881,0.0447316103379721,long,-0.0012059807777404,-0.0407621264457702,-0.0270139575004577
2026-03-23,24,XYZ,0.2119695027922888,0.0467196819085487,long,0.0020036697387695,-0.0652863383293151,0.0048422813415527
2026-03-23,25,DELL,0.2082242585593829,0.0487077534791252,long,0.0401333570480346,-0.0288282632827758,-0.0722401142120361
2026-03-23,26,Q,0.20511040739314,0.0506958250497017,long,0.0162245035171508,-0.0556024312973022,-0.0250126719474792
2026-03-23,27,GPC,0.2027594914595138,0.0526838966202783,long,0.0204834938049316,0.01951265335083,0.0265992879867553
2026-03-23,28,IP,0.1950040174281139,0.0546719681908548,long,0.0091311931610107,-0.0190923810005188,-0.0121748447418212
2026-03-23,29,MU,0.1932921279523239,0.0566600397614314,long,-0.0339797139167785,-0.0968573689460754,-0.1458549499511718
2026-03-23,30,CCL,0.1912841285280645,0.0586481113320079,long,0.0102081298828125,-0.0502551794052124,0.0160973072052001
2026-03-23,474,TGT,-0.3834812460659944,0.941351888667992,short,0.0038820505142211,0.0338164567947387,0.045548677444458
2026-03-23,475,BMY,-0.3834812460659944,0.9433399602385686,short,0.0270081758499145,0.020038366317749,0.0568044185638427
2026-03-23,476,BIIB,-0.3834812460659944,0.9453280318091452,short,0.0284874439239501,-0.0005437135696411,-0.0033162832260131
2026-03-23,477,BK,-0.3834812460659944,0.9473161033797216,short,0.0007632970809936,-0.0274809002876281,0.006191611289978
2026-03-23,478,MRK,-0.3834812460659944,0.9493041749502982,short,0.0257798433303833,0.028014063835144,0.0336856842041015
2026-03-23,479,EA,-0.3834812460659944,0.9512922465208749,short,0.0035710334777832,0.0019342899322509,0.0111596584320068
2026-03-23,480,SRE,-0.3834812460659944,0.9532803180914512,short,0.0033683776855468,0.0092631578445434,0.0228420495986938
2026-03-23,481,SO,-0.3834812460659944,0.955268389662028,short,0.006703495979309,0.0167056322097778,0.0270270109176635
2026-03-23,482,DOC,-0.3834812460659944,0.9572564612326044,short,0.0065867900848388,-0.0065868496894836,-0.0161677002906799
2026-03-23,483,KIM,-0.3834812460659944,0.9592445328031808,short,-0.0066488981246948,-0.0150709152221679,-0.0039893388748168
2026-03-23,484,L,-0.3834812460659944,0.9612326043737576,short,-0.0069068074226379,-0.0287474393844604,-0.0037334561347961
2026-03-23,485,KO,-0.3834812460659944,0.963220675944334,short,0.0077675580978393,0.013927936553955,0.0184813737869262
2026-03-23,486,KR,-0.3834812460659944,0.9652087475149106,short,-0.0211462974548339,0.0186421871185302,0.0066778659820556
2026-03-23,487,KVUE,-0.3834812460659944,0.967196819085487,short,0.0062677860260009,-0.0017093420028686,-0.0176637768745422
2026-03-23,488,AVB,-0.3834812460659944,0.9691848906560636,short,0.0005502700805664,-0.0168133974075317,-0.0012838840484619
2026-03-23,489,ATO,-0.3834812460659944,0.9711729622266402,short,-0.0001101493835449,0.0089221000671386,0.0173486471176147
2026-03-23,490,INVH,-0.3834812460659944,0.9731610337972167,short,-0.0047981142997741,-0.0215914249420166,-0.0063974261283874
2026-03-23,491,TMUS,-0.3834812460659944,0.9751491053677932,short,0.0004733800888061,-0.0020827054977416,-0.0058221817016601
2026-03-23,492,ICE,-0.3834812460659944,0.9771371769383698,short,0.0064817667007446,-0.0202156901359558,0.0093697309494018
2026-03-23,493,EQR,-0.3834812460659944,0.9791252485089464,short,-0.0035793185234069,0.0013636350631713,0.0081814527511596
2026-03-23,494,ESS,-0.3834812460659944,0.9811133200795228,short,-0.0055851936340332,-0.0159753561019897,-0.0061601400375366
2026-03-23,495,EVRG,-0.3834812460659944,0.9831013916500994,short,0.0006256103515625,0.0115100145339965,0.0248967409133911
2026-03-23,496,GL,-0.3834812460659944,0.985089463220676,short,-0.0077212452888488,-0.0250396728515625,0.0042574405670166
2026-03-23,497,FRT,-0.3834812460659944,0.9870775347912524,short,0.0014545917510986,-0.0024243593215942,0.0299650430679321
2026-03-23,498,FAST,-0.3834812460659944,0.989065606361829,short,0.0106928348541259,0.0013365745544433,0.0336378812789917
2026-03-23,499,FFIV,-0.3834812460659944,0.9910536779324056,short,0.0305147171020507,-0.0244256854057312,0.0010032653808593
2026-03-23,500,HIG,-0.3834812460659944,0.993041749502982,short,-0.0096743106842041,-0.0228195786476135,-0.0013293623924255
2026-03-23,501,AWK,-0.3834812460659944,0.9950298210735586,short,0.0075609683990478,0.0245546102523803,0.0187902450561523
2026-03-23,502,GOOGL,-0.3834812460659944,0.9970178926441352,short,0.0016870498657226,-0.0554331541061401,-0.0099160075187683
2026-03-23,503,ALL,-0.3834812460659944,0.9990059642147118,short,-0.0125415325164794,-0.0221889615058898,0.0001447200775146
2026-03-24,1,AXON,0.3182799455080061,0.0009940357852882,long,-0.0210583806037902,-0.09796804189682,-0.0794957876205444
2026-03-24,2,GLW,0.3182799455080061,0.0029821073558648,long,-0.075367271900177,-0.1216262578964233,-0.0271267294883728
2026-03-24,3,CF,0.3156924885442057,0.0049701789264413,long,0.0347357988357543,0.0740770101547241,-0.0010147094726562
2026-03-24,4,COHR,0.3025254399473475,0.0069582504970178,long,-0.1056830286979675,-0.1925820112228393,-0.0891045331954956
2026-03-24,5,LYB,0.3015280375276775,0.0089463220675944,long,0.0068662166595458,0.0672366619110107,-0.0062184929847717
2026-03-24,6,CIEN,0.3010918501544146,0.0109343936381709,long,-0.1135709881782531,-0.166095495223999,-0.05097097158432
2026-03-24,7,CRL,0.2879433409217332,0.0129224652087475,long,-0.004581332206726,-0.0371932983398437,0.0543130636215209
2026-03-24,8,LITE,0.2827132195427072,0.014910536779324,long,-0.113707423210144,-0.1574687957763672,-0.0161097049713134
2026-03-24,9,DOW,0.2788536358228237,0.0168986083499005,long,-0.0037859082221984,0.0567895174026489,0.0270065069198608
2026-03-24,10,WDC,0.276316114534653,0.0188866799204771,long,-0.0769568681716919,-0.1501654982566833,0.0053690671920776
2026-03-24,11,SNDK,0.2761062746213714,0.0208747514910536,long,-0.1101850271224975,-0.1554303169250488,0.0219366550445556
2026-03-24,12,APA,0.2586558931444843,0.0228628230616302,long,0.0358179807662963,0.0585672855377197,0.0007259845733642
2026-03-24,13,STX,0.2569590422699154,0.0248508946322067,long,-0.083321213722229,-0.1229127645492553,0.0239582061767578
2026-03-24,14,TER,0.2505834491640368,0.0268389662027833,long,-0.0804675817489624,-0.1453797221183776,-0.0345125198364257
2026-03-24,15,DELL,0.2469648790806243,0.0288270377733598,long,-0.0445083975791931,-0.1051572561264038,-0.079506516456604
2026-03-24,16,PSKY,0.245972525213824,0.0308151093439363,long,-0.0379197597503662,-0.0335860848426818,0.0021668672561645
2026-03-24,17,GNRC,0.2416682052926578,0.0328031809145129,long,-0.0348995923995971,-0.0958276391029357,-0.0297816395759582
2026-03-24,18,CCL,0.2340190085966064,0.0347912524850894,long,-0.0174892544746398,-0.0687913298606872,0.033035397529602
2026-03-24,19,CNC,0.2206416227466897,0.036779324055666,long,0.025359034538269,-0.0284143090248107,0.0372747182846069
2026-03-24,20,SW,0.2164717256996301,0.0387673956262425,long,-0.005655288696289,-0.0595032572746276,-0.013277530670166
2026-03-24,21,DASH,0.2160059688870719,0.040755467196819,long,-0.0062777400016784,-0.0321083068847656,-0.0158252716064453
2026-03-24,22,Q,0.2148810057400544,0.0427435387673956,long,-0.0621985793113708,-0.1093464493751525,-0.0141360759735107
2026-03-24,23,XYZ,0.2046983458493678,0.0447316103379721,long,-0.0106648802757263,-0.0496583580970764,-0.0078319907188415
2026-03-24,24,GPC,0.2027594914595138,0.0467196819085487,long,0.0015220642089843,-0.007324993610382,0.0005707740783691
2026-03-24,25,BKR,0.1971795846289021,0.0487077534791252,long,-0.0041519999504089,-0.0309804677963256,-0.0364100933074951
2026-03-24,26,MU,0.1951103819397841,0.0506958250497017,long,-0.0696956515312194,-0.1577900648117065,-0.0372686982154846
2026-03-24,27,COIN,0.1939777906210376,0.0526838966202783,long,-0.0426284074783325,-0.1121480464935302,-0.0447818636894226
2026-03-24,28,DLTR,0.1916613401879217,0.0546719681908548,long,-0.0060952901840209,-0.0084396004676818,0.0193172693252563
2026-03-24,29,CEG,0.1906965246988274,0.0566600397614314,long,-0.0268033742904663,-0.0155282020568847,-0.0786628723144531
2026-03-24,30,MRNA,0.1905749517272635,0.0586481113320079,long,0.0005602836608886,-0.0991781949996948,-0.0655584931373596
2026-03-24,474,KVUE,-0.3834812460659944,0.941351888667992,short,-0.0050962567329406,-0.0237825512886047,-0.015855073928833
2026-03-24,475,L,-0.3834812460659944,0.9433399602385686,short,0.0044173002243041,-0.0053571462631225,0.0022556781768798
2026-03-24,476,KO,-0.3834812460659944,0.9453280318091452,short,-0.0074418187141418,0.0135548114776611,0.0110299587249755
2026-03-24,477,JNJ,-0.3834812460659944,0.9473161033797216,short,-0.002875804901123,0.0106698274612426,0.0174634456634521
2026-03-24,478,MGM,-0.3834812460659944,0.9493041749502982,short,0.0021338462829589,-0.049880027770996,-0.0189384818077087
2026-03-24,479,DGX,-0.3834812460659944,0.9512922465208749,short,0.0086021423339843,0.0035630464553833,0.0062607526779174
2026-03-24,480,CSX,-0.3834812460659944,0.9532803180914512,short,-0.0005054473876953,0.0050543546676635,0.0472580194473266
2026-03-24,481,LNT,-0.3834812460659944,0.955268389662028,short,0.0070230960845947,0.0246524810791015,0.0311022996902465
2026-03-24,482,MRK,-0.3834812460659944,0.9572564612326044,short,-0.0036860108375549,-0.0106392502784729,0.0123145580291748
2026-03-24,483,MO,-0.3834812460659944,0.9592445328031808,short,0.0131703615188598,0.0507996082305908,0.0266542434692382
2026-03-24,484,SNA,-0.3834812460659944,0.9612326043737576,short,-0.0152875185012817,-0.0299766063690185,-0.0016321539878845
2026-03-24,485,HLT,-0.3834812460659944,0.963220675944334,short,-0.004815936088562,-0.0240467190742492,0.0168228149414062
2026-03-24,486,ICE,-0.3834812460659944,0.9652087475149106,short,-0.0055474042892456,0.0007014274597167,0.0079704523086547
2026-03-24,487,EA,-0.3834812460659944,0.967196819085487,short,-0.002125084400177,0.0011367797851562,0.0061283111572265
2026-03-24,488,ESS,-0.3834812460659944,0.9691848906560636,short,0.0064839124679565,0.0019410848617553,0.0038820505142211
2026-03-24,489,EQR,-0.3834812460659944,0.9711729622266402,short,0.0179610252380371,0.0020527839660644,0.0186452865600585
2026-03-24,490,TRV,-0.3834812460659944,0.9731610337972167,short,0.0018583536148071,0.0042327642440795,-0.0002064704895019
2026-03-24,491,HIG,-0.3834812460659944,0.9751491053677932,short,0.0058910846710205,0.002535343170166,0.004101276397705
2026-03-24,492,EW,-0.3834812460659944,0.9771371769383698,short,-0.0068948864936828,-0.0383452177047729,-0.0170556902885437
2026-03-24,493,EG,-0.3834812460659944,0.9791252485089464,short,-0.0001234412193298,-0.00185227394104,-0.0001851916313171
2026-03-24,494,FTV,-0.3834812460659944,0.9811133200795228,short,0.0005476474761962,-0.0211756229400634,0.0204454660415649
2026-03-24,495,GD,-0.3834812460659944,0.9831013916500994,short,0.007886528968811,-0.0332198143005371,-0.0055886507034301
2026-03-24,496,FFIV,-0.3834812460659944,0.985089463220676,short,-0.0158127546310424,-0.060867428779602,-0.0074195861816406
2026-03-24,497,FE,-0.3834812460659944,0.9870775347912524,short,0.0102988481521606,0.018174409866333,0.0290790796279907
2026-03-24,498,GL,-0.3834812460659944,0.989065606361829,short,0.0093811750411987,-0.0077084898948669,0.0212347507476806
2026-03-24,499,HAS,-0.3834812460659944,0.9910536779324056,short,-0.011172592639923,-0.0303720831871032,-0.0304805636405944
2026-03-24,500,FRT,-0.3834812460659944,0.993041749502982,short,0.0041638612747192,0.0115232467651367,0.0270165205001831
2026-03-24,501,ALL,-0.3834812460659944,0.9950298210735586,short,0.0119681358337402,0.0125055313110351,-0.0029798150062561
2026-03-24,502,ACGL,-0.3834812460659944,0.9970178926441352,short,0.0085726976394653,0.0246464014053344,0.023253321647644
2026-03-24,503,AAPL,-0.3834812460659944,0.9990059642147118,short,0.0010688304901123,-0.0237114429473876,0.0119152069091796
2026-03-25,1,AXON,0.3182799455080061,0.0009940357852882,long,-0.0455533862113952,-0.0572081804275512,-0.0835812091827392
2026-03-25,2,GLW,0.3182799455080061,0.0029821073558648,long,0.0110108852386474,0.0048034191131591,0.0931125879287719
2026-03-25,3,LITE,0.3182799455080061,0.0049701789264413,long,0.0202236175537109,0.0202671289443969,0.2004646062850952
2026-03-25,4,TTD,0.3137859814847618,0.0069582504970178,long,-0.0211591124534606,0.0436983108520507,0.0142594575881958
2026-03-25,5,CIEN,0.312460593700595,0.0089463220675944,long,0.0351040363311767,0.000618577003479,0.1540504693984985
2026-03-25,6,SNDK,0.3124515640475169,0.0109343936381709,long,0.020989179611206,0.0533349514007568,0.1631712913513183
2026-03-25,7,CNC,0.2948625742848554,0.0129224652087475,long,-0.0464839339256286,-0.0244338512420654,0.0461859703063964
2026-03-25,8,FICO,0.2890432224774443,0.014910536779324,long,-0.027677297592163,0.0266387462615966,0.0480074882507324
2026-03-25,9,CF,0.2883781895848752,0.0168986083499005,long,0.029345154762268,-0.0205190181732177,-0.0195382833480834
2026-03-25,10,WDC,0.2831908940575891,0.0188866799204771,long,0.0072799921035766,-0.0104628205299377,0.0790927410125732
2026-03-25,11,COHR,0.2809676493998698,0.0208747514910536,long,0.0007809400558471,-0.0208804011344909,0.0611205101013183
2026-03-25,12,DOW,0.277536847166727,0.0228628230616302,long,0.0342031717300415,0.0552318096160888,0.0488978624343872
2026-03-25,13,APA,0.2767614066379414,0.0248508946322067,long,0.0371495485305786,-0.0084112286567687,-0.0177569985389709
2026-03-25,14,APP,0.2681568017538392,0.0268389662027833,long,-0.0255872011184692,0.0173563957214355,-0.0123718380928039
2026-03-25,15,STX,0.255597642913197,0.0288270377733598,long,0.0033792257308959,0.0342406034469604,0.133504033088684
2026-03-25,16,TER,0.2505834491640368,0.0308151093439363,long,-0.0058183073997497,-0.0029596090316772,0.041265845298767
2026-03-25,17,DELL,0.2410863264650997,0.0328031809145129,long,-0.0228074789047241,-0.0664884448051452,-0.0082471370697021
2026-03-25,18,PSKY,0.2339465251386183,0.0347912524850894,long,-0.0101351737976074,0.0157657861709594,0.072072148323059
2026-03-25,19,CVNA,0.2293862673401263,0.036779324055666,long,0.002223253250122,0.043169617652893,0.0416100025177001
2026-03-25,20,CRL,0.2180007344913355,0.0387673956262425,long,-0.0361533164978027,0.0446314811706543,0.053049087524414
2026-03-25,21,OXY,0.2163864196889429,0.040755467196819,long,0.0149160623550415,0.0099440813064575,-0.0215972661972045
2026-03-25,22,CSGP,0.1996635747667474,0.0427435387673956,long,-0.0370459556579589,-0.023244559764862,-0.0326876044273376
2026-03-25,23,MU,0.1951103819397841,0.0447316103379721,long,0.0049513578414916,-0.049569547176361,0.0303268432617187
2026-03-25,24,EFX,0.1948474412191367,0.0467196819085487,long,-0.0152426362037658,0.0318607091903686,0.0451550483703613
2026-03-25,25,COIN,0.1939777906210376,0.0487077534791252,long,-0.0705963969230651,0.0070942640304565,-0.0110739469528198
2026-03-25,26,KEYS,0.1906869656263217,0.0506958250497017,long,-0.0071513056755065,0.0046250820159912,0.0361831188201904
2026-03-25,27,BLDR,0.1886949311193702,0.0526838966202783,long,-0.0211755633354187,0.001947283744812,-0.0371181368827819
2026-03-25,28,DASH,0.1771970546064262,0.0546719681908548,long,-0.0352724194526672,-0.0119110941886901,0.0295472145080566
2026-03-25,29,CCL,0.1738909265843857,0.0566600397614314,long,-0.0431171059608459,0.0237340927124023,0.0142405033111572
2026-03-25,30,GNRC,0.1729735951236348,0.0586481113320079,long,-0.0181818604469299,-0.0134848356246948,-0.0197474956512451
2026-03-25,474,ED,-0.3834812460659944,0.941351888667992,short,0.0014348030090332,0.0148853063583374,0.0350610017776489
2026-03-25,475,FRT,-0.3834812460659944,0.9433399602385686,short,-0.008003830909729,0.0242044925689697,0.0297975540161132
2026-03-25,476,HST,-0.3834812460659944,0.9453280318091452,short,-0.0298660993576049,-0.0133882761001586,-0.0144181847572326
2026-03-25,477,HLT,-0.3834812460659944,0.9473161033797216,short,-0.0253894925117492,0.0078885555267333,0.0107723474502563
2026-03-25,478,T,-0.3834812460659944,0.9493041749502982,short,0.0062240362167358,0.002420425415039,-0.020401120185852
2026-03-25,479,SYY,-0.3834812460659944,0.9512922465208749,short,-0.0101644992828369,-0.1368586421012878,-0.1389157176017761
2026-03-25,480,CB,-0.3834812460659944,0.9532803180914512,short,-0.0160956978797912,0.0049952268600463,0.0123955011367797
2026-03-25,481,CAH,-0.3834812460659944,0.955268389662028,short,-0.0053923726081848,0.0173808336257934,0.0305730104446411
2026-03-25,482,C,-0.3834812460659944,0.9572564612326044,short,-0.0447469353675842,0.008895993232727,0.0252646207809448
2026-03-25,483,BRK.B,-0.3834812460659944,0.9592445328031808,short,-0.0142655968666076,0.0082690715789794,0.0043765306472778
2026-03-25,484,SRE,-0.3834812460659944,0.9612326043737576,short,0.0035586357116699,0.0170608758926391,0.0383085012435913
2026-03-25,485,STT,-0.3834812460659944,0.963220675944334,short,-0.0249881148338317,0.0071620941162109,0.024988055229187
2026-03-25,486,GWW,-0.3834812460659944,0.9652087475149106,short,-0.0078932046890258,0.0237734317779541,0.0487761497497558
2026-03-25,487,HIG,-0.3834812460659944,0.967196819085487,short,-0.019052505493164,0.0025205612182617,0.0096374750137329
2026-03-25,488,EW,-0.3834812460659944,0.9691848906560636,short,-0.0336175560951232,-0.0246040821075439,-0.012789249420166
2026-03-25,489,GD,-0.3834812460659944,0.9711729622266402,short,-0.0239810347557067,-0.0339450240135192,-0.0174228549003601
2026-03-25,490,BK,-0.3834812460659944,0.9731610337972167,short,-0.0170595645904541,0.016973853111267,0.0469781160354614
2026-03-25,491,TJX,-0.3834812460659944,0.9751491053677932,short,-0.0155487060546875,0.0135177373886108,0.0236084461212158
2026-03-25,492,TMUS,-0.3834812460659944,0.9771371769383698,short,-0.0036390423774719,-0.0073727369308471,-0.0481591820716857
2026-03-25,493,TRV,-0.3834812460659944,0.9791252485089464,short,-0.0201285481452941,0.0018891096115112,0.0098237991333007
2026-03-25,494,TSN,-0.3834812460659944,0.9811133200795228,short,0.0152477025985717,0.0176302194595336,0.0265247821807861
2026-03-25,495,TT,-0.3834812460659944,0.9831013916500994,short,0.007614254951477,0.0236042737960815,0.0489770174026489
2026-03-25,496,AVB,-0.3834812460659944,0.985089463220676,short,-0.0159109234809875,-0.0003671646118164,0.0159721374511718
2026-03-25,497,ATO,-0.3834812460659944,0.9870775347912524,short,5.459785461425781e-05,0.0084071159362792,0.0316083431243896
2026-03-25,498,XEL,-0.3834812460659944,0.989065606361829,short,0.0020530223846435,0.0193763971328735,0.0360579490661621
2026-03-25,499,FAST,-0.3834812460659944,0.9910536779324056,short,-0.0035468935966491,0.0285967588424682,0.0263799428939819
2026-03-25,500,FE,-0.3834812460659944,0.993041749502982,short,0.0,0.0125924348831176,0.0255846977233886
2026-03-25,501,VICI,-0.3834812460659944,0.9950298210735586,short,-0.0202503204345703,0.0058909654617309,0.0184093713760375
2026-03-25,502,ALL,-0.3834812460659944,0.9970178926441352,short,-0.0214809775352478,0.0008689165115356,-0.00062757730484
2026-03-25,503,AMGN,-0.3834812460659944,0.9990059642147118,short,-0.0124306678771972,-0.0037093758583068,-0.0147808194160461
2026-03-26,1,GLW,0.6143250473528193,0.0009940357852882,long,-0.060375690460205,0.0407134294509887,0.0708281993865966
2026-03-26,2,AXON,0.5813693660000466,0.0029821073558648,long,-0.0345861911773681,-0.0148159861564636,-0.0392380356788635
2026-03-26,3,LITE,0.5671518596982433,0.0049701789264413,long,-0.0682196617126464,0.0881135463714599,0.0989712476730346
2026-03-26,4,APP,0.5588581493289047,0.0069582504970178,long,-0.0239245295524597,0.017418622970581,0.0825812816619873
2026-03-26,5,FICO,0.5271110403717731,0.0089463220675944,long,0.0364764928817749,0.050372838973999,0.0823491811752319
2026-03-26,6,COIN,0.5088641811652806,0.0109343936381709,long,-0.00217205286026,0.0735385417938232,0.0847089290618896
2026-03-26,7,COHR,0.5041799211814217,0.0129224652087475,long,-0.0978724956512451,0.0177427530288696,0.0400032997131347
2026-03-26,8,CIEN,0.498699615498263,0.014910536779324,long,-0.0911580324172973,0.0343120098114013,0.0812978744506836
2026-03-26,9,WDC,0.4917515618417512,0.0168986083499005,long,-0.085966408252716,0.081317663192749,0.1046342849731445
2026-03-26,10,TTD,0.4828190064823384,0.0188866799204771,long,0.0343044996261596,0.0328947305679321,0.0437029600143432
2026-03-26,11,DELL,0.4565837802480749,0.0208747514910536,long,-0.0416157245635986,-0.0141434669494628,0.0079739093780517
2026-03-26,12,PSKY,0.4500697652844582,0.0228628230616302,long,0.0147895812988281,0.0523321628570556,0.1205916404724121
2026-03-26,13,SNDK,0.4436366539717181,0.0248508946322067,long,-0.0703603625297546,0.124872088432312,0.176672101020813
2026-03-26,14,DASH,0.3917124145037299,0.0268389662027833,long,0.0096179246902465,0.0266029834747314,0.0577762126922607
2026-03-26,15,NOW,0.3794663903147612,0.0288270377733598,long,0.0559300184249877,0.0465747117996215,0.0302785634994506
2026-03-26,16,APA,0.3757209580779487,0.0308151093439363,long,-0.0146428942680358,-0.0684838891029357,-0.030862808227539
2026-03-26,17,SMCI,0.3436078323684007,0.0328031809145129,long,-0.0414201021194458,0.0245790481567382,0.0036413669586181
2026-03-26,18,TER,0.3130740348967355,0.0347912524850894,long,-0.0651533603668212,0.0561213493347168,0.0670478343963623
2026-03-26,19,GNRC,0.3122054096440099,0.036779324055666,long,-0.0457818508148193,0.0239198207855224,0.0057613849639892
2026-03-26,20,OXY,0.3072686232907603,0.0387673956262425,long,0.0140844583511352,-0.0473055839538574,-0.0361298322677612
2026-03-26,21,EL,0.3062634505825493,0.040755467196819,long,0.0111557245254516,0.051762580871582,0.0547374486923217
2026-03-26,22,CSGP,0.3047249370503706,0.0427435387673956,long,0.0279104709625244,-0.0035202503204345,0.0353281497955322
2026-03-26,23,BR,0.2978929483673289,0.0447316103379721,long,0.0382416248321533,0.0162621736526489,0.0321433544158935
2026-03-26,24,CVNA,0.2936304570430076,0.0467196819085487,long,-0.0372136831283569,0.033273696899414,0.0490332841873168
2026-03-26,25,CNC,0.2814138773167945,0.0487077534791252,long,-0.0062500238418579,0.0609375238418579,0.1062500476837158
2026-03-26,26,STX,0.2799966805505527,0.0506958250497017,long,-0.0464125275611877,0.1132686138153076,0.1926749944686889
2026-03-26,27,LYB,0.2728007003665189,0.0526838966202783,long,0.0239900350570678,-0.0464884638786315,-0.0227469801902771
2026-03-26,28,MU,0.2722552877072303,0.0546719681908548,long,-0.0991545915603637,0.0297576189041137,0.0574996471405029
2026-03-26,29,FDS,0.2685341259933193,0.0566600397614314,long,0.0313618183135986,0.1337668895721435,0.1644229888916015
2026-03-26,30,LULU,0.2656262538174277,0.0586481113320079,long,-0.0001371502876281,0.0888583660125732,0.0708260536193847
2026-03-26,474,ESS,-0.6963337493476153,0.941351888667992,short,0.0125203132629394,0.0144819021224975,0.0338050127029418
2026-03-26,475,DTE,-0.6963337493476153,0.9433399602385686,short,0.0110057592391967,0.0183428525924682,0.022149920463562
2026-03-26,476,KIM,-0.6963337493476153,0.9453280318091452,short,0.0045005083084106,0.0103510618209838,0.010801076889038
2026-03-26,477,MCD,-0.6963337493476153,0.9473161033797216,short,0.0085976123809814,0.0045440196990966,0.0126185417175292
2026-03-26,478,COST,-0.6963844026393805,0.9493041749502982,short,0.0129287242889404,0.0129083395004272,0.0352591276168823
2026-03-26,479,CDW,-0.6970413013106038,0.9512922465208749,short,0.0028772354125976,0.0273334980010986,0.0448507070541381
2026-03-26,480,UDR,-0.6970413013106038,0.9532803180914512,short,0.0023822784423828,0.0196545124053955,0.0357354879379272
2026-03-26,481,MA,-0.6970413013106038,0.955268389662028,short,0.0201553106307983,0.015302300453186,0.035643458366394
2026-03-26,482,J,-0.6970413013106038,0.9572564612326044,short,-0.0086583495140075,0.0200968980789184,0.0170783996582031
2026-03-26,483,V,-0.6970413013106038,0.9592445328031808,short,0.0136032104492187,0.0101178884506225,0.0264279842376709
2026-03-26,484,KR,-0.6979786981147497,0.9612326043737576,short,0.0068287849426269,-0.0366020202636718,-0.0025949478149414
2026-03-26,485,ICE,-0.6979786981147497,0.963220675944334,short,0.0279688835144042,0.0354359149932861,0.0898669958114624
2026-03-26,486,AEP,-0.6979786981147497,0.9652087475149106,short,0.0078400373458862,0.0120675563812255,0.0173711776733398
2026-03-26,487,RTX,-0.6979786981147497,0.967196819085487,short,-0.0134943723678588,0.0264086723327636,0.0458594560623168
2026-03-26,488,MO,-0.6979786981147497,0.9691848906560636,short,0.0081226825714111,-0.0150421261787414,0.001052975654602
2026-03-26,489,TMUS,-0.6979786981147497,0.9711729622266402,short,0.0147993564605712,-0.0311640501022338,-0.0579167604446411
2026-03-26,490,ALL,-0.6979786981147497,0.9731610337972167,short,0.022495150566101,0.0068570375442504,0.0278723239898681
2026-03-26,491,ATO,-0.6990536876809506,0.9751491053677932,short,0.0099896192550659,0.0125552415847778,0.0252196788787841
2026-03-26,492,EA,-0.6990650725257124,0.9771371769383698,short,0.0027722120285034,0.0077719688415527,0.0106431245803833
2026-03-26,493,CMS,-0.699234026345426,0.9791252485089464,short,0.0131216049194335,0.0224379301071167,0.027817964553833
2026-03-26,494,LNT,-0.6992395442098107,0.9811133200795228,short,0.0137549638748168,0.0201362371444702,0.0273680686950683
2026-03-26,495,DLR,-0.6998061783483959,0.9831013916500994,short,-0.0013681650161743,0.0286740064620971,0.0374530553817749
2026-03-26,496,REG,-0.7011639490409395,0.985089463220676,short,0.0079407691955566,0.0243606567382812,0.031359314918518
2026-03-26,497,VTR,-0.7011639490409395,0.9870775347912524,short,-0.0035404562950134,0.0012208223342895,0.0126967430114746
2026-03-26,498,PEG,-0.7011639490409395,0.989065606361829,short,0.008425235748291,0.006442904472351,0.0042126178741455
2026-03-26,499,ROST,-0.7011639490409395,0.9910536779324056,short,-0.0136992931365966,0.0390193462371826,0.0449714660644531
2026-03-26,500,NEE,-0.7011639490409395,0.993041749502982,short,0.0071116685867309,0.0158642530441284,0.0145514011383056
2026-03-26,501,BRK.B,-0.7011639490409395,0.9950298210735586,short,0.0131700038909912,0.0213665962219238,0.0168414115905761
2026-03-26,502,BK,-0.7011639490409395,0.9970178926441352,short,0.0045350790023803,0.0550322532653808,0.0782312154769897
2026-03-26,503,ETR,-0.7011639490409395,0.9990059642147118,short,0.0107389688491821,0.0336731672286987,0.0426830053329467
2026-03-27,1,LITE,0.6593745785220553,0.0009940357852882,long,0.0732601881027221,0.2628171443939209,0.2458193302154541
2026-03-27,2,GLW,0.6469128396787568,0.0029821073558648,long,0.05772066116333,0.150680661201477,0.1553480625152588
2026-03-27,3,WDC,0.6306308540691267,0.0049701789264413,long,0.0747804641723632,0.1720507144927978,0.2395597696304321
2026-03-27,4,LYB,0.5927569849441747,0.0069582504970178,long,-0.0220927596092224,-0.033746063709259,-0.0257343649864196
2026-03-27,5,COHR,0.5890796902610593,0.0089463220675944,long,0.0844981670379638,0.1753244400024414,0.1613931655883789
2026-03-27,6,SNDK,0.5462609015913908,0.0109343936381709,long,0.1097642183303833,0.2254847288131714,0.2415720224380493
2026-03-27,7,COIN,0.5438875277679248,0.0129224652087475,long,0.0859506130218505,0.0663598775863647,0.0894956588745117
2026-03-27,8,CF,0.5323248804272556,0.014910536779324,long,-0.056395411491394,-0.0554506182670593,-0.027761697769165
2026-03-27,9,CSGP,0.4973757988024664,0.0168986083499005,long,-0.0132094025611877,-0.0227495431900024,-0.0342466235160827
2026-03-27,10,NOW,0.4659301429345057,0.0188866799204771,long,-0.0040011405944824,-0.0282937884330749,-0.0421072244644165
2026-03-27,11,CRL,0.4657125743991533,0.0208747514910536,long,0.0800150632858276,0.0887176990509033,0.061482548713684
2026-03-27,12,AXON,0.4605994240795245,0.0228628230616302,long,0.0231767892837524,-0.0054448843002319,-0.1016696095466613
2026-03-27,13,CIEN,0.4601928865619236,0.0248508946322067,long,0.0636438131332397,0.226739764213562,0.227068543434143
2026-03-27,14,DOW,0.4363684344371414,0.0268389662027833,long,-0.0052542686462402,-0.0112251639366149,-0.0109863877296447
2026-03-27,15,DASH,0.4355918630692363,0.0288270377733598,long,0.0144585371017456,0.0570231676101684,0.0533071756362915
2026-03-27,16,DELL,0.4348396123898501,0.0308151093439363,long,-0.0032187700271606,0.0589699745178222,0.0791327953338623
2026-03-27,17,PSKY,0.4260339876742915,0.0328031809145129,long,0.0112107992172241,0.0672645568847656,0.2219730615615844
2026-03-27,18,APP,0.4232136014401846,0.0347912524850894,long,0.0696624517440795,0.0384057760238647,0.1030961275100708
2026-03-27,19,APA,0.4072012687824743,0.036779324055666,long,-0.0297211408615112,-0.0388660430908203,-0.0178326964378356
2026-03-27,20,LULU,0.3736936437065388,0.0387673956262425,long,0.0498526096343994,0.0678186416625976,0.0537612438201904
2026-03-27,21,TTD,0.3559272315715019,0.040755467196819,long,0.0308951139450073,0.0018173456192016,-0.0595183968544006
2026-03-27,22,FICO,0.3405438837484792,0.0427435387673956,long,0.0187034606933593,0.0399069786071777,0.0325782299041748
2026-03-27,23,SMCI,0.3277628853733013,0.0447316103379721,long,0.0811966657638549,0.1025640964508056,0.0764483213424682
2026-03-27,24,WDAY,0.3251943040694012,0.0467196819085487,long,0.0089305639266967,0.0271024703979492,-0.0097848773002624
2026-03-27,25,MU,0.3246948662172776,0.0487077534791252,long,0.0498446226119995,0.1380982398986816,0.1733374595642089
2026-03-27,26,CNC,0.3219516225293879,0.0506958250497017,long,0.029559850692749,0.1040880680084228,0.1418240070343017
2026-03-27,27,STX,0.321185703352541,0.0526838966202783,long,0.0809260606765747,0.184670090675354,0.293270468711853
2026-03-27,28,GNRC,0.3029935660310048,0.0546719681908548,long,0.0529918670654296,0.0463072061538696,0.0301886796951293
2026-03-27,29,NEM,0.2999664313779326,0.0566600397614314,long,0.0497478246688842,0.1059930324554443,0.1118115186691284
2026-03-27,30,FDS,0.299539304659488,0.0586481113320079,long,0.0608164072036743,0.1130774021148681,0.1126863956451416
2026-03-27,474,AWK,-0.6648569109323442,0.941351888667992,short,-0.0196658372879028,-0.0048984885215759,-0.0248523950576782
2026-03-27,475,GWW,-0.6652065014862922,0.9433399602385686,short,0.0317721366882324,0.0569701194763183,0.0481735467910766
2026-03-27,476,KVUE,-0.6652065014862922,0.9453280318091452,short,0.0,-0.0058004856109619,-0.0295823812484741
2026-03-27,477,ATO,-0.6652065014862922,0.9473161033797216,short,-0.0016214847564697,0.0213490724563598,0.0198897123336792
2026-03-27,478,XEL,-0.6652065014862922,0.9493041749502982,short,0.0034737586975097,0.0198950767517089,0.0173687934875488
2026-03-27,479,WMT,-0.6652065014862922,0.9512922465208749,short,0.0063158273696899,0.0185425281524658,-0.008178174495697
2026-03-27,480,DTE,-0.6669995846418525,0.9532803180914512,short,0.0010954141616821,0.0135560035705566,0.0151307582855224
2026-03-27,481,MCD,-0.6669995846418525,0.955268389662028,short,0.0073250532150268,-0.0045051574707031,-0.0119274854660034
2026-03-27,482,WM,-0.6669995846418525,0.9572564612326044,short,-0.0007393360137939,0.0237432718276977,0.0145677328109741
2026-03-27,483,HON,-0.6669995846418525,0.9592445328031808,short,0.0114104747772216,0.0267138481140136,0.0016108751296997
2026-03-27,484,AEE,-0.6669995846418525,0.9612326043737576,short,0.0021882057189941,0.0182348489761352,0.0150437355041503
2026-03-27,485,WEC,-0.6669995846418525,0.963220675944334,short,0.0038150548934936,0.0195091962814331,0.0139600038528442
2026-03-27,486,PLD,-0.6669995846418525,0.9652087475149106,short,0.0264015197753906,0.0387482643127441,0.0344774723052978
2026-03-27,487,FAST,-0.6669995846418525,0.967196819085487,short,0.0283688306808471,0.026152491569519,0.0115247964859008
2026-03-27,488,SNA,-0.6669995846418525,0.9691848906560636,short,0.018564224243164,0.0251822471618652,0.0283230543136596
2026-03-27,489,SO,-0.6669995846418525,0.9711729622266402,short,-0.0042299032211303,0.0053646564483642,-0.0011348724365234
2026-03-27,490,ROST,-0.6669995846418525,0.9731610337972167,short,0.0375497341156005,0.0535945892333984,0.0361607074737548
2026-03-27,491,CNP,-0.6669995846418525,0.9751491053677932,short,0.0039544105529785,0.0167480707168579,0.0141892433166503
2026-03-27,492,DLR,-0.6669995846418525,0.9771371769383698,short,0.0287133455276489,0.0371618270874023,0.0413289070129394
2026-03-27,493,PPL,-0.6669995846418525,0.9791252485089464,short,0.0047343969345092,0.0163072347640991,0.022093653678894
2026-03-27,494,CMS,-0.6669995846418525,0.9811133200795228,short,0.0047922134399414,0.0177438259124755,0.0178732872009277
2026-03-27,495,DGX,-0.6669995846418525,0.9831013916500994,short,-0.0059850215911865,0.0043619871139526,-0.0017752647399902
2026-03-27,496,EA,-0.6669995846418525,0.985089463220676,short,0.0064175128936767,0.0050846338272094,0.0068124532699584
2026-03-27,497,PEG,-0.6669995846418525,0.9870775347912524,short,-0.0054060816764831,0.005283236503601,0.0027030706405639
2026-03-27,498,BRK.B,-0.6669995846418525,0.989065606361829,short,0.0095647573471069,0.0056672096252441,0.0072051286697387
2026-03-27,499,CAH,-0.6669995846418525,0.9910536779324056,short,0.0242353677749633,0.0375163555145263,0.0313121080398559
2026-03-27,500,SPG,-0.6669995846418525,0.993041749502982,short,0.0229228734970092,0.0346585512161254,0.045078158378601
2026-03-27,501,JNJ,-0.6669995846418525,0.9950298210735586,short,0.008041501045227,0.0022680759429931,-0.0168254375457763
2026-03-27,502,SYY,-0.6669995846418525,0.9970178926441352,short,0.0292929410934448,0.0268398523330688,0.0568541288375854
2026-03-27,503,T,-0.6669995846418525,0.9990059642147118,short,0.0072966814041137,-0.0156359076499938,-0.0257123112678527
2026-03-30,1,CF,0.3933798483097007,0.0009940357852882,long,-0.0143252611160278,0.0087800025939941,-0.0283425450325012
2026-03-30,2,DELL,0.3933798483097007,0.0029821073558648,long,0.0319868326187133,0.0551391839981079,0.1300188302993774
2026-03-30,3,FICO,0.3917882512465724,0.0049701789264413,long,-0.0051988959312438,0.0250855684280395,0.0229499340057373
2026-03-30,4,LITE,0.3890074183876132,0.0069582504970178,long,0.0880670547485351,0.0989242792129516,0.2750014066696167
2026-03-30,5,SNDK,0.3881747020570702,0.0089463220675944,long,0.0903295278549194,0.1405389308929443,0.2291057109832763
2026-03-30,6,WDC,0.3881747020570702,0.0109343936381709,long,0.1007062196731567,0.1244407892227172,0.2524677515029907
2026-03-30,7,APP,0.3865831049939419,0.0129224652087475,long,-0.0255276560783386,0.0368844270706176,-0.0170853734016418
2026-03-30,8,COHR,0.3865831049939419,0.014910536779324,long,0.0402585268020629,0.0630116462707519,0.1829478740692138
2026-03-30,9,COIN,0.3865831049939419,0.0168986083499005,long,-0.0092778205871582,0.0010308027267456,0.002748966217041
2026-03-30,10,TTD,0.3820144754786806,0.0188866799204771,long,-0.0312913656234741,-0.021154761314392,-0.1075363755226135
2026-03-30,11,LYB,0.3813608376365285,0.0208747514910536,long,-0.0477904677391052,-0.0240813493728637,-0.0786990523338317
2026-03-30,12,GNRC,0.3786071968474884,0.0228628230616302,long,0.0190447568893432,0.0009727478027343,0.0389084815979003
2026-03-30,13,AXON,0.3713173293461195,0.0248508946322067,long,-0.0026372075080871,-0.0273610949516296,-0.0780804753303527
2026-03-30,14,MU,0.3635925527171378,0.0268389662027833,long,0.0888290405273437,0.1181625127792358,0.2039130926132202
2026-03-30,15,DASH,0.3607848899102613,0.0288270377733598,long,0.0023310184478759,0.0327672958374023,0.070196509361267
2026-03-30,16,STX,0.3601129753557215,0.0308151093439363,long,0.08004891872406,0.15708589553833,0.266847014427185
2026-03-30,17,SMCI,0.3485588083269986,0.0328031809145129,long,-0.0114185214042663,-0.0316206216812133,0.0263504981994628
2026-03-30,18,NOW,0.3478751982190766,0.0347912524850894,long,-0.0048780441284179,-0.0203730463981628,-0.0677188038825988
2026-03-30,19,GLW,0.3310322132071418,0.036779324055666,long,0.047142744064331,0.0774435997009277,0.2142385244369506
2026-03-30,20,MRNA,0.3277449477466733,0.0387673956262425,long,-0.0151574611663818,-0.0399606227874755,0.0255905389785766
2026-03-30,21,CVNA,0.2972622847456481,0.040755467196819,long,-0.0072842240333557,0.0078567266464233,0.0777084827423095
2026-03-30,22,CRL,0.2924104189631563,0.0427435387673956,long,0.0139130353927612,-0.024811565876007,0.0148985385894775
2026-03-30,23,BR,0.2877605423886774,0.0447316103379721,long,-0.0153865218162536,0.0,-0.0092934370040893
2026-03-30,24,WDAY,0.2756489664657442,0.0467196819085487,long,-0.0066964030265808,-0.001539409160614,-0.082743227481842
2026-03-30,25,FDS,0.274407666333827,0.0487077534791252,long,0.0362689495086669,0.0642886161804199,0.0275588035583496
2026-03-30,26,CSGP,0.2741667624674656,0.0506958250497017,long,-0.0176003575325012,0.0206990242004394,-0.0376797318458557
2026-03-30,27,TER,0.2719461270644319,0.0526838966202783,long,0.0530931949615478,0.063988447189331,0.2085610628128051
2026-03-30,28,NCLH,0.2705466469950041,0.0546719681908548,long,0.0363636016845703,0.0358288288116455,0.0780748128890991
2026-03-30,29,DOW,0.2673589303204631,0.0566600397614314,long,-0.0230492949485778,-0.0261704921722412,-0.0569028258323669
2026-03-30,30,MPC,0.2460767815588496,0.0586481113320079,long,-0.0246539115905761,-0.0113850235939025,-0.0499631166458129
2026-03-30,474,SCHW,-0.4536195718520838,0.941351888667992,short,-0.0172377228736877,-0.0105342268943786,0.0289422273635864
2026-03-30,475,SNA,-0.4536195718520838,0.9433399602385686,short,0.0104619264602661,0.008397102355957,0.0479048490524292
2026-03-30,476,CNP,-0.4536195718520838,0.9453280318091452,short,0.0020852088928222,0.0099629163742065,0.0120482444763183
2026-03-30,477,CMS,-0.4536195718520838,0.9473161033797216,short,0.0043824911117553,0.0096673965454101,0.0159834623336792
2026-03-30,478,COST,-0.4536195718520838,0.9493041749502982,short,0.0001304149627685,0.022199273109436,0.0339612960815429
2026-03-30,479,PPL,-0.4536195718520838,0.9512922465208749,short,0.0044502019882202,0.0136126279830932,0.0248690843582153
2026-03-30,480,REGN,-0.4536195718520838,0.9532803180914512,short,0.0059665441513061,-0.0124250054359436,0.0037404298782348
2026-03-30,481,REG,-0.4536195718520838,0.955268389662028,short,0.0059475898742675,0.0128204822540283,0.029077410697937
2026-03-30,482,D,-0.4536195718520838,0.9572564612326044,short,0.0037205219268798,0.0064704418182373,0.0223228931427001
2026-03-30,483,PLD,-0.4536195718520838,0.9592445328031808,short,0.0087003707885742,0.0012862682342529,0.0395673513412475
2026-03-30,484,DGX,-0.4536195718520838,0.9612326043737576,short,0.0087254047393798,0.0152057409286499,0.0144402980804443
2026-03-30,485,DOC,-0.4536195718520838,0.963220675944334,short,-0.0030432939529418,0.0146074295043945,0.0152161121368408
2026-03-30,486,CSX,-0.4536195718520838,0.9652087475149106,short,0.0095006227493286,0.0104750394821167,0.0265530347824096
2026-03-30,487,CHD,-0.4536195718520838,0.967196819085487,short,-0.0050364732742309,-0.0020360350608825,0.009429931640625
2026-03-30,488,XEL,-0.4536195718520838,0.9691848906560636,short,0.0033987760543823,0.0119587182998657,0.0254279375076293
2026-03-30,489,BRK.B,-0.4536195718520838,0.9711729622266402,short,-0.0014607906341552,-0.005884826183319,0.0011477470397949
2026-03-30,490,CB,-0.4536195718520838,0.9731610337972167,short,0.003773808479309,0.0029760599136352,0.0205873250961303
2026-03-30,491,CASY,-0.4536195718520838,0.9751491053677932,short,0.0127772092819213,0.0273542404174804,0.0419174432754516
2026-03-30,492,CAH,-0.4536195718520838,0.9771371769383698,short,0.0033600330352783,0.0061993598937988,0.0180777311325073
2026-03-30,493,STT,-0.4536195718520838,0.9791252485089464,short,0.0133533477783203,0.0287610292434692,0.0756163597106933
2026-03-30,494,CME,-0.4536195718520838,0.9811133200795228,short,0.0053833723068237,0.0447604656219482,0.025258183479309
2026-03-30,495,STZ,-0.4536195718520838,0.9831013916500994,short,0.0072666406631469,0.0349999666213989,0.0017333030700683
2026-03-30,496,BK,-0.4536195718520838,0.985089463220676,short,0.0197252035140991,0.0421478748321533,0.0784794092178344
2026-03-30,497,HON,-0.4536195718520838,0.9870775347912524,short,0.0096005201339721,0.0096447467803955,0.0284918546676635
2026-03-30,498,HLT,-0.4536195718520838,0.989065606361829,short,0.0137465000152587,0.0092082023620605,0.0431466102600097
2026-03-30,499,HST,-0.4536195718520838,0.9910536779324056,short,-0.0031315088272094,0.0036534070968627,0.0287055969238281
2026-03-30,500,BMY,-0.4536195718520838,0.993041749502982,short,0.0178070068359375,-0.0217642188072204,-0.0239076614379882
2026-03-30,501,VTR,-0.4536195718520838,0.9950298210735586,short,0.0028125047683715,0.0143066644668579,0.0277574062347412
2026-03-30,502,WBD,-0.4536195718520838,0.9970178926441352,short,0.0010925531387329,-0.0018208026885986,0.0032775402069091
2026-03-30,503,AAPL,-0.4536195718520838,0.9990059642147118,short,0.0072501897811889,0.0199770927429199,0.0201348066329956
2026-03-31,1,CF,0.4541923752690653,0.0009940357852882,long,0.0155493021011352,0.0453195571899414,-0.0671980381011962
2026-03-31,2,DELL,0.4541923752690653,0.0029821073558648,long,0.0294603109359741,0.0490612983703613,0.0713189840316772
2026-03-31,3,COIN,0.452600778205937,0.0049701789264413,long,-0.0088444352149963,0.0126596689224243,-0.0229493379592895
2026-03-31,4,APP,0.452600778205937,0.0069582504970178,long,-0.0037901997566223,0.0582715272903442,-0.0224319100379943
2026-03-31,5,WDC,0.4449623709765351,0.0089463220675944,long,-0.0092701911926269,0.0477949380874633,0.134853720664978
2026-03-31,6,TTD,0.4439602292037698,0.0109343936381709,long,0.0031846761703491,-0.058234691619873,-0.062329351902008
2026-03-31,7,SNDK,0.4431267984528479,0.0129224652087475,long,0.0127900838851928,0.0260852575302124,0.2292957305908203
2026-03-31,8,AXON,0.4389146570271759,0.014910536779324,long,-0.0254031419754028,-0.1196969151496887,-0.1705503463745117
2026-03-31,9,LITE,0.438888125394152,0.0168986083499005,long,0.0813835859298706,0.0668278932571411,0.1693323850631714
2026-03-31,10,FICO,0.4344841585550306,0.0188866799204771,long,0.026149034500122,0.0189173221588134,0.009755253791809
2026-03-31,11,COHR,0.4262037007757907,0.0208747514910536,long,0.0418078899383544,0.0294592380523681,0.1467716693878173
2026-03-31,12,CSGP,0.425403179180808,0.0228628230616302,long,0.0080746412277221,-0.0037850737571716,-0.0582892298698425
2026-03-31,13,SMCI,0.4116663963227444,0.0248508946322067,long,0.0315414667129516,0.0071079730987548,0.0315414667129516
2026-03-31,14,LULU,0.3943409120166685,0.0268389662027833,long,-0.0194571614265441,-0.0323657393455505,0.0484856367111206
2026-03-31,15,GLW,0.3783899874119845,0.0288270377733598,long,0.038909912109375,0.0431240797042846,0.1925832033157348
2026-03-31,16,DOW,0.3729390679423398,0.0308151093439363,long,0.0174490213394165,0.0176948308944702,-0.0651265382766723
2026-03-31,17,LYB,0.3636298907698698,0.0328031809145129,long,0.0376743078231811,0.0462782382965087,-0.0578803420066833
2026-03-31,18,NCLH,0.3339164195485583,0.0347912524850894,long,-0.0232197642326354,-0.0335397124290466,0.0299277305603027
2026-03-31,19,MU,0.3295358324037911,0.036779324055666,long,-0.0043768286705017,0.0264509916305542,0.1458747386932373
2026-03-31,20,CRL,0.3254092116970232,0.0387673956262425,long,-0.0057746767997741,-0.0306460857391357,0.0037164688110351
2026-03-31,21,PSKY,0.2933415288653363,0.040755467196819,long,0.0291892290115356,0.1783783435821533,0.1729730367660522
2026-03-31,22,CNC,0.290108672205654,0.0427435387673956,long,0.0341678857803344,0.0695140361785888,0.106038212776184
2026-03-31,23,HOOD,0.2768852441671969,0.0447316103379721,long,-0.0172585844993591,-0.0065611004829406,0.0001426935195922
2026-03-31,24,EL,0.2736490141998752,0.0467196819085487,long,-0.0224861502647399,-0.0217791199684143,0.0364871025085449
2026-03-31,25,MRNA,0.270324270989561,0.0487077534791252,long,-0.0165899991989135,0.0015990734100341,0.0249849557876586
2026-03-31,26,DASH,0.2562354659580493,0.0506958250497017,long,0.0395348072052001,0.0358803272247314,0.0269103050231933
2026-03-31,27,KEYS,0.2559681909206956,0.0526838966202783,long,0.0048302412033081,0.0371583700180053,0.1142009496688842
2026-03-31,28,WDAY,0.2551866125491017,0.0546719681908548,long,0.0248739719390869,-0.0119333863258361,-0.1239054799079895
2026-03-31,29,CIEN,0.2539400055043527,0.0566600397614314,long,0.077926754951477,0.0782155990600586,0.1733069419860839
2026-03-31,30,MPC,0.2509761372405408,0.0586481113320079,long,0.0149898529052734,0.0304837226867675,-0.0614712834358215
2026-03-31,474,CHD,-0.5119169347935649,0.941351888667992,short,0.0,-0.0032309889793395,0.0356489419937133
2026-03-31,475,INVH,-0.5119169347935649,0.9433399602385686,short,0.0281689167022705,0.030985951423645,0.046277642250061
2026-03-31,476,CNP,-0.5119169347935649,0.9453280318091452,short,0.0106358528137207,0.0080924034118652,0.0203468799591064
2026-03-31,477,RSG,-0.5119169347935649,0.9473161033797216,short,0.0115114450454711,-0.0012236237525939,-0.0165420174598693
2026-03-31,478,FE,-0.5119169347935649,0.9493041749502982,short,0.0068681240081787,0.0007849931716918,0.0186420679092407
2026-03-31,479,ORLY,-0.5119169347935649,0.9512922465208749,short,-0.0073832869529724,-0.0080347061157226,0.024972915649414
2026-03-31,480,PFE,-0.5119169347935649,0.9532803180914512,short,-0.0080560445785522,-0.0507880449295043,-0.0465849637985229
2026-03-31,481,PEG,-0.5119169347935649,0.955268389662028,short,0.0072633028030395,0.0046780109405517,0.0332388877868652
2026-03-31,482,O,-0.5119169347935649,0.9572564612326044,short,0.0053328275680541,0.0056561231613159,0.0213315486907959
2026-03-31,483,CTVA,-0.5119169347935649,0.9592445328031808,short,0.0196874141693115,0.0181362628936767,-0.0029829144477844
2026-03-31,484,COST,-0.5119169347935649,0.9612326043737576,short,0.0184634923934936,0.0167075395584106,0.0355924367904663
2026-03-31,485,CMS,-0.5119169347935649,0.963220675944334,short,0.0084702968597412,0.0085985660552978,0.0259240865707397
2026-03-31,486,D,-0.5119169347935649,0.9652087475149106,short,0.0116035938262939,0.0103142261505126,0.0331990718841552
2026-03-31,487,SO,-0.5119169347935649,0.967196819085487,short,0.005260944366455,-0.00123792886734,0.0067051649093627
2026-03-31,488,CBOE,-0.5119169347935649,0.9691848906560636,short,0.0344643592834472,0.0547647476196289,0.0518391132354736
2026-03-31,489,ICE,-0.5119169347935649,0.9711729622266402,short,0.0309969186782836,0.0519989728927612,0.02460777759552
2026-03-31,490,HIG,-0.5119169347935649,0.9731610337972167,short,0.011437177658081,0.0082435607910156,0.0427032709121704
2026-03-31,491,SRE,-0.5119169347935649,0.9751491053677932,short,0.0183758735656738,0.0107791423797607,0.024022102355957
2026-03-31,492,STZ,-0.5119169347935649,0.9771371769383698,short,0.0007280111312866,0.0181349515914917,0.0792905092239379
2026-03-31,493,CAH,-0.5119169347935649,0.9791252485089464,short,0.00957453250885,0.0035374164581298,0.0178284645080566
2026-03-31,494,T,-0.5119169347935649,0.9811133200795228,short,0.0007064342498779,-0.0095372200012207,-0.0519250631332397
2026-03-31,495,BRK.B,-0.5119169347935649,0.9831013916500994,short,-0.0024033188819885,-0.0008777976036071,0.0140020847320556
2026-03-31,496,WY,-0.5119169347935649,0.985089463220676,short,0.0095040798187255,-0.0074380040168762,0.0256197452545166
2026-03-31,497,XEL,-0.5119169347935649,0.9870775347912524,short,0.0129218101501464,0.0104128122329711,0.0383890867233276
2026-03-31,498,WMT,-0.5119169347935649,0.989065606361829,short,0.0084174871444702,-0.0180374979972839,0.0351932048797607
2026-03-31,499,WM,-0.5119169347935649,0.9910536779324056,short,0.0191341638565063,0.0099999904632568,0.0090909004211425
2026-03-31,500,BMY,-0.5119169347935649,0.993041749502982,short,-0.0345051288604736,-0.0657703280448913,-0.0366110205650329
2026-03-31,501,WBD,-0.5119169347935649,0.9950298210735586,short,-0.0061840415000915,-0.0043652057647705,0.0014550685882568
2026-03-31,502,ATO,-0.5119169347935649,0.9970178926441352,short,0.0187610387802124,0.0173054933547973,0.0366595983505249
2026-03-31,503,AVB,-0.5119169347935649,0.9990059642147118,short,0.0067920684814453,0.0171619653701782,0.0218920707702636
2026-04-01,1,SNDK,0.3933798483097007,0.0009940357852882,long,0.0328396558761596,0.113043189048767,0.2140566110610962
2026-04-01,2,CF,0.3933798483097007,0.0029821073558648,long,0.0077710151672363,-0.0293144583702087,-0.0665538311004638
2026-04-01,3,LYB,0.3933798483097007,0.0049701789264413,long,-0.0123115181922912,-0.0675879120826721,-0.0738692879676818
2026-04-01,4,APP,0.3917882512465724,0.0069582504970178,long,0.068095326423645,0.0125010013580322,0.0129668712615966
2026-04-01,5,COIN,0.3886316305515212,0.0089463220675944,long,0.0194213390350341,0.0211710929870605,-0.0210544466972351
2026-04-01,6,DELL,0.3885362375720486,0.0109343936381709,long,-0.0068245530128479,0.0636577606201171,0.0196708440780639
2026-04-01,7,FICO,0.3869446405089203,0.0129224652087475,long,0.0041843652725219,0.0020922422409057,-0.153602659702301
2026-04-01,8,LITE,0.3841638076499611,0.014910536779324,long,-0.0660313367843627,0.0836155414581298,0.0851634740829467
2026-04-01,9,OXY,0.3829396914689019,0.0168986083499005,long,-0.0001588463783264,-0.050817847251892,-0.0794028639793396
2026-04-01,10,NOW,0.3825888812465078,0.0188866799204771,long,0.0041176080703735,-0.0444117784500122,-0.1862745285034179
2026-04-01,11,TTD,0.3802305104272213,0.0208747514910536,long,0.007256269454956,-0.0816326141357421,-0.0888888239860534
2026-04-01,12,SMCI,0.3662874789337556,0.0228628230616302,long,-0.0503876209259033,0.0064600706100463,0.0878553390502929
2026-04-01,13,AXON,0.3619031921393439,0.0248508946322067,long,0.0006299018859863,-0.0515491366386413,-0.1619873642921447
2026-04-01,14,HOOD,0.3325807088743887,0.0268389662027833,long,0.0127720832824707,0.0425254106521606,0.0042090415954589
2026-04-01,15,COHR,0.331142363560498,0.0288270377733598,long,-0.0191354155540466,0.0915323495864868,0.1911218166351318
2026-04-01,16,DASH,0.3308119524806561,0.0308151093439363,long,-0.0088206529617309,0.0271013975143432,-0.0247362852096557
2026-04-01,17,DOW,0.325247614067695,0.0328031809145129,long,-0.0202898383140563,-0.0512077808380126,-0.0577295422554016
2026-04-01,18,BR,0.3187791946374669,0.0347912524850894,long,0.0096315145492553,0.0002485513687133,-0.0609581470489501
2026-04-01,19,WDC,0.2955691541633384,0.036779324055666,long,0.0311217308044433,0.1485235691070556,0.1642878055572509
2026-04-01,20,CNC,0.2875248881571631,0.0387673956262425,long,0.0082597732543945,0.0618057250976562,0.0623753070831298
2026-04-01,21,WDAY,0.2839005830600698,0.040755467196819,long,-0.019204556941986,-0.0989717245101928,-0.1494026780128479
2026-04-01,22,MPC,0.2755289662723591,0.0427435387673956,long,-0.0013651847839355,-0.0403342843055725,-0.0790551304817199
2026-04-01,23,LULU,0.2703485741739374,0.0447316103379721,long,0.0029540061950683,0.0201643705368042,0.0522732734680175
2026-04-01,24,EL,0.2497469713803498,0.0467196819085487,long,0.0258970260620117,0.033564805984497,0.0513598918914794
2026-04-01,25,MU,0.2367616533694383,0.0487077534791252,long,0.0314548015594482,0.1105560064315795,0.1483999490737915
2026-04-01,26,CSGP,0.2305836695446235,0.0506958250497017,long,0.030663251876831,-0.0282853841781616,-0.0868586301803588
2026-04-01,27,TPL,0.2288835831085401,0.0526838966202783,long,0.0103998184204101,0.00909423828125,-0.0771429538726806
2026-04-01,28,DVN,0.2279659333624706,0.0546719681908548,long,0.0032329559326171,-0.0319256782531738,-0.0343503952026367
2026-04-01,29,CIEN,0.2276880564793191,0.0566600397614314,long,-0.0301500558853149,0.1032919883728027,0.1077809333801269
2026-04-01,30,CRL,0.2222715358136794,0.0586481113320079,long,-0.0326067805290222,0.0067859888076782,0.0101213455200195
2026-04-01,474,RSG,-0.4536195718520838,0.941351888667992,short,-0.0104395151138305,-0.0299296975135803,-0.0382185578346252
2026-04-01,475,SNA,-0.4536195718520838,0.9433399602385686,short,0.0018874406814575,0.041140079498291,0.0386782884597778
2026-04-01,476,REG,-0.4536195718520838,0.9453280318091452,short,-0.0045467019081115,0.0114314556121826,0.0184463262557983
2026-04-01,477,D,-0.4536195718520838,0.9473161033797216,short,-0.0087621212005615,0.0068503618240356,0.0232595205307006
2026-04-01,478,PPL,-0.4536195718520838,0.9493041749502982,short,0.0020704269409179,0.0131988525390625,0.0261387825012207
2026-04-01,479,PNW,-0.4536195718520838,0.9512922465208749,short,-0.0022394657135009,0.0040895938873291,0.0086660385131835
2026-04-01,480,HIG,-0.4536195718520838,0.9532803180914512,short,0.0016888380050659,0.0198986530303955,0.0076363086700439
2026-04-01,481,COST,-0.4536195718520838,0.955268389662028,short,0.0035370588302612,0.0150843858718872,-0.0162469744682312
2026-04-01,482,CB,-0.4536195718520838,0.9572564612326044,short,-0.0043553709983825,0.0131270885467529,-0.0012791752815246
2026-04-01,483,INVH,-0.4536195718520838,0.9592445328031808,short,-0.003131091594696,0.0101761817932128,0.0183953046798706
2026-04-01,484,ICE,-0.4536195718520838,0.9612326043737576,short,0.0209227800369262,0.0295127630233764,-0.0146029591560363
2026-04-01,485,CME,-0.4536195718520838,0.963220675944334,short,0.0113402605056762,-0.0075381994247436,-0.0321523547172546
2026-04-01,486,BRK.B,-0.4536195718520838,0.9652087475149106,short,-0.0020320415496826,0.0050277709960937,0.0053420066833496
2026-04-01,487,CAH,-0.4536195718520838,0.967196819085487,short,-0.0066807270050048,0.0050455331802368,0.0068675279617309
2026-04-01,488,TGT,-0.4536195718520838,0.9691848906560636,short,0.0146118402481079,0.0221669673919677,0.0119551420211792
2026-04-01,489,CBOE,-0.4536195718520838,0.9711729622266402,short,0.021072506904602,0.0241421461105346,0.0206931829452514
2026-04-01,490,WY,-0.4536195718520838,0.9731610337972167,short,-0.0094146132469177,0.0192385911941528,0.0085959434509277
2026-04-01,491,XEL,-0.4536195718520838,0.9751491053677932,short,-0.0043348670005798,0.0089175701141357,0.0203120708465576
2026-04-01,492,WRB,-0.4536195718520838,0.9771371769383698,short,0.0025762319564819,0.0186392068862915,-0.0043945908546447
2026-04-01,493,TRV,-0.4536195718520838,0.9791252485089464,short,0.0053062438964843,0.0258512496948242,0.0111229419708251
2026-04-01,494,TSN,-0.4536195718520838,0.9811133200795228,short,-0.0020114183425903,0.0003094673156738,0.0156275033950805
2026-04-01,495,BBY,-0.4536195718520838,0.9831013916500994,short,-0.0046511888504028,-0.0003100037574768,-0.0330232977867126
2026-04-01,496,HST,-0.4536195718520838,0.985089463220676,short,0.0047022104263305,0.0297805070877075,0.0522465705871582
2026-04-01,497,HON,-0.4536195718520838,0.9870775347912524,short,-0.0054041743278503,0.0131618976593017,0.024362564086914
2026-04-01,498,USB,-0.4536195718520838,0.989065606361829,short,0.009253978729248,0.0455145835876464,0.051180362701416
2026-04-01,499,APD,-0.4536195718520838,0.9910536779324056,short,0.0019418001174926,0.0104241371154785,0.0175778865814209
2026-04-01,500,AVB,-0.4536195718520838,0.993041749502982,short,0.0027104616165161,0.0149378776550292,0.0226478576660156
2026-04-01,501,ATO,-0.4536195718520838,0.9950298210735586,short,-0.0061385631561279,0.0036513805389404,0.0073556900024414
2026-04-01,502,AWK,-0.4536195718520838,0.9970178926441352,short,-0.0016649365425109,-0.0128854513168334,-0.0066599249839782
2026-04-01,503,AAPL,-0.4536195718520838,0.9990059642147118,short,0.0114879608154296,0.0116442441940307,0.0178180932998657
2026-04-02,1,APP,0.357700092321963,0.0009940357852882,long,-0.0054278969764709,-0.0812735557556152,0.0115586519241333
2026-04-02,2,COIN,0.357700092321963,0.0029821073558648,long,0.0022312402725219,-0.0330109596252441,-0.0014874935150146
2026-04-02,3,OXY,0.3547669727112399,0.0049701789264413,long,-0.0003176927566528,-0.0703621506690979,-0.0778271555900573
2026-04-02,4,CF,0.3547669727112399,0.0069582504970178,long,0.0213773250579834,-0.0885631442070007,-0.0710031986236572
2026-04-02,5,FICO,0.3514722265848234,0.0089463220675944,long,-0.0111849904060363,-0.0200763940811157,-0.0853589177131652
2026-04-02,6,NOW,0.3514542653723284,0.0109343936381709,long,-0.0182580947875976,-0.1231204867362976,-0.130443274974823
2026-04-02,7,DELL,0.3464820379797562,0.0129224652087475,long,0.0260423421859741,0.0478116273880004,0.0959117412567138
2026-04-02,8,AXON,0.3440060275150832,0.014910536779324,long,-0.0973200798034668,-0.1494662165641784,-0.1293727755546569
2026-04-02,9,TTD,0.3428597118299243,0.0168986083499005,long,-0.067987322807312,-0.0720395445823669,-0.044574499130249
2026-04-02,10,LITE,0.3403250859110464,0.0188866799204771,long,0.0562878847122192,0.157779574394226,0.12806236743927
2026-04-02,11,BR,0.3301588083936105,0.0208747514910536,long,-0.0158789157867431,-0.0473288893699646,-0.0315115451812744
2026-04-02,12,SNDK,0.3266461297277418,0.0228628230616302,long,-0.0190856456756591,0.1751790046691894,0.3144639730453491
2026-04-02,13,CNC,0.3056628236019761,0.0248508946322067,long,0.0257061719894409,0.0607343912124633,0.0584745407104492
2026-04-02,14,LYB,0.2987098160528365,0.0268389662027833,long,0.0208598375320434,-0.080768346786499,-0.03955739736557
2026-04-02,15,COHR,0.2933192538394504,0.0288270377733598,long,0.0074243545532226,0.1222257614135742,0.2160571813583374
2026-04-02,16,DASH,0.2895889241237929,0.0308151093439363,long,0.0053523778915405,-0.0033533573150634,0.0292770862579345
2026-04-02,17,GEN,0.2891882685097677,0.0328031809145129,long,-0.0098090171813964,-0.0516262054443359,-0.0237480998039245
2026-04-02,18,CRL,0.2876912021129409,0.0347912524850894,long,0.0078468322753906,0.0435738563537597,0.0601593255996704
2026-04-02,19,SMCI,0.287575224770464,0.036779324055666,long,0.0281178951263427,0.0530612468719482,0.1777777671813964
2026-04-02,20,DOW,0.2867271704361163,0.0387673956262425,long,0.0209565162658691,-0.0621302127838134,-0.0110946893692016
2026-04-02,21,HOOD,0.2830751141718139,0.040755467196819,long,-0.0018629431724548,0.0048725605010986,0.0270850658416748
2026-04-02,22,PSKY,0.2780612509706657,0.0427435387673956,long,0.1065988540649414,0.1015228033065795,0.0893399715423584
2026-04-02,23,WDC,0.2705055745982755,0.0447316103379721,long,0.0256781578063964,0.1108992099761962,0.1512740850448608
2026-04-02,24,WDAY,0.269312578105589,0.0467196819085487,long,-0.0170366764068603,-0.1284304857254028,-0.0755473375320434
2026-04-02,25,TPL,0.2681884165820398,0.0487077534791252,long,0.0020719766616821,-0.1579334139823913,-0.0714921951293945
2026-04-02,26,MU,0.2639236469880615,0.0506958250497017,long,-0.0004765391349792,0.1158143281936645,0.1291824579238891
2026-04-02,27,GLW,0.2372574571630103,0.0526838966202783,long,0.0137884616851806,0.1590443849563598,0.1956996917724609
2026-04-02,28,CRWD,0.2308386504360417,0.0546719681908548,long,0.0617647171020507,-0.0098592638969421,0.0091066360473632
2026-04-02,29,CEG,0.226083476978536,0.0566600397614314,long,-0.0093764066696167,0.0184983015060424,0.0601831674575805
2026-04-02,30,CSGP,0.2222892047746329,0.0586481113320079,long,-0.0411657691001892,-0.0936247706413269,-0.099939227104187
2026-04-02,474,ALL,-0.4225525154516243,0.941351888667992,short,0.0104146003723144,0.0295642614364624,0.0322998762130737
2026-04-02,475,AVB,-0.4225525154516243,0.9433399602385686,short,0.0075689554214477,0.0122544765472412,0.018501877784729
2026-04-02,476,AEE,-0.4225525154516243,0.9453280318091452,short,-0.0009871125221252,0.0258435010910034,0.0030509233474731
2026-04-02,477,PPL,-0.4225525154516243,0.9473161033797216,short,0.0036157369613647,0.0281507968902587,0.0201445817947387
2026-04-02,478,COST,-0.4225525154516243,0.9493041749502982,short,-0.0052427053451538,0.0132344961166381,-0.0370134115219116
2026-04-02,479,PNW,-0.4225525154516243,0.9512922465208749,short,-0.0018542408943176,0.0193226337432861,0.0015614032745361
2026-04-02,480,CNP,-0.4225525154516243,0.9532803180914512,short,0.0002293586730957,0.0123882293701171,-0.0197293162345886
2026-04-02,481,PEG,-0.4225525154516243,0.955268389662028,short,0.0069092512130737,0.0355335474014282,0.0025910139083862
2026-04-02,482,PEP,-0.4225525154516243,0.9572564612326044,short,-0.0224589109420776,0.0048491954803466,-0.0054233074188232
2026-04-02,483,DGX,-0.4225525154516243,0.9592445328031808,short,-0.0108062624931335,-0.0057297945022583,-0.0304081439971923
2026-04-02,484,O,-0.4225525154516243,0.9612326043737576,short,0.0064693689346313,0.0221575498580932,0.0240982770919799
2026-04-02,485,D,-0.4225525154516243,0.963220675944334,short,0.0075538158416748,0.0303760766983032,0.0120539665222167
2026-04-02,486,ORLY,-0.4225525154516243,0.9652087475149106,short,-0.0083577036857604,0.0246391296386718,0.0204060077667236
2026-04-02,487,REG,-0.4225525154516243,0.967196819085487,short,0.0091348886489868,0.0224455595016479,0.0221846103668212
2026-04-02,488,CINF,-0.4225525154516243,0.9691848906560636,short,0.0008747577667236,0.0244314670562744,0.0227442979812622
2026-04-02,489,RSG,-0.4225525154516243,0.9711729622266402,short,-0.0021733045578002,-0.0174771547317504,-0.0334148406982421
2026-04-02,490,HIG,-0.4225525154516243,0.9731610337972167,short,-0.0048380494117736,0.0291745662689209,0.0194253921508789
2026-04-02,491,CMS,-0.4225525154516243,0.9751491053677932,short,0.0033192634582519,0.0205540657043457,0.001531958580017
2026-04-02,492,XEL,-0.4225525154516243,0.9771371769383698,short,0.0018658638000488,0.0296056270599365,0.0007463693618774
2026-04-02,493,TGT,-0.4225525154516243,0.9791252485089464,short,-0.0220113396644592,0.0148923397064208,-0.0354308485984802
2026-04-02,494,CB,-0.4225525154516243,0.9811133200795228,short,0.001529574394226,0.0184766054153442,0.009421944618225
2026-04-02,495,STZ,-0.4225525154516243,0.9831013916500994,short,-0.009146511554718,0.050370454788208,0.060225486755371
2026-04-02,496,BRK.B,-0.4225525154516243,0.985089463220676,short,0.0035685300827026,0.0185146331787109,0.0079978704452514
2026-04-02,497,SO,-0.4225525154516243,0.9870775347912524,short,-0.00123792886734,0.0067051649093627,-0.0104188323020935
2026-04-02,498,WMT,-0.4225525154516243,0.989065606361829,short,-0.0339143872261047,0.0184557437896728,-0.0175092816352844
2026-04-02,499,WRB,-0.4225525154516243,0.9910536779324056,short,0.0078597068786621,0.0158705711364746,0.0120918750762939
2026-04-02,500,TRV,-0.4225525154516243,0.993041749502982,short,-0.0016917586326599,0.0259854793548584,0.0194891691207885
2026-04-02,501,SRE,-0.4225525154516243,0.9950298210735586,short,0.0045913457870483,0.01775324344635,-0.0181614160537719
2026-04-02,502,UDR,-0.4225525154516243,0.9970178926441352,short,-0.0020126700401306,0.0023002624511718,-0.0008625388145446
2026-04-02,503,WBD,-0.4225525154516243,0.9990059642147118,short,-0.0014593005180358,0.0043779611587524,-0.0007296800613403
2026-04-06,1,APP,0.5520244468396716,0.0009940357852882,long,-0.0468764901161193,-0.0464379787445068,0.0562080144882202
2026-04-06,2,GLW,0.4835187062190046,0.0029821073558648,long,0.1116348505020141,0.1529760360717773,0.1636143922805786
2026-04-06,3,COHR,0.465080493825814,0.0049701789264413,long,0.1046257019042968,0.2054096460342407,0.2286162376403808
2026-04-06,4,LYB,0.4520376646141463,0.0069582504970178,long,-0.0752554535865783,-0.0814852118492126,-0.0873411893844604
2026-04-06,5,SNDK,0.43065870734955,0.0089463220675944,long,0.0986213684082031,0.1983258724212646,0.3287281990051269
2026-04-06,6,PSKY,0.4241164671258882,0.0109343936381709,long,-0.0073394179344177,-0.0256880521774292,0.0165138244628906
2026-04-06,7,CRL,0.4222981734193962,0.0129224652087475,long,0.0326178073883056,0.0360387563705444,0.0576266050338745
2026-04-06,8,CIEN,0.3944754054339925,0.014910536779324,long,0.1029963493347168,0.1074841022491455,0.0431141853332519
2026-04-06,9,GEN,0.3900895834870115,0.0168986083499005,long,-0.0151199698448181,-0.0672575831413269,-0.0140771865844726
2026-04-06,10,TTD,0.3893813040043849,0.0188866799204771,long,-0.0217391848564147,-0.0294686555862426,0.0154589414596557
2026-04-06,11,CF,0.3872849444722993,0.0208747514910536,long,-0.0569591522216796,-0.0931379795074462,-0.1107788681983947
2026-04-06,12,WDC,0.3759371527285772,0.0228628230616302,long,0.0859725475311279,0.100878357887268,0.1739325523376464
2026-04-06,13,AXON,0.3598759802261783,0.0248508946322067,long,0.050044298171997,-0.0722235441207885,0.0214283466339111
2026-04-06,14,NOW,0.3566778166528913,0.0268389662027833,long,-0.0306315422058105,-0.1745400428771972,-0.1269020438194275
2026-04-06,15,DASH,0.3366039336826624,0.0288270377733598,long,0.0307248830795288,-0.0212956666946411,0.0490700006484985
2026-04-06,16,COIN,0.336084291074028,0.0308151093439363,long,-0.000513732433319,-0.0418425798416137,0.052688717842102
2026-04-06,17,SMCI,0.3352600452496931,0.0328031809145129,long,0.0308778285980224,0.1142479181289672,0.1998236179351806
2026-04-06,18,HOOD,0.3284819390301957,0.0347912524850894,long,0.031299352645874,-0.0066044330596923,0.1355347633361816
2026-04-06,19,MRNA,0.3282793336588553,0.036779324055666,long,0.0397125482559204,0.0169626474380493,0.0544800758361816
2026-04-06,20,LITE,0.3271103181431719,0.0387673956262425,long,0.0984002351760864,0.0999693870544433,0.0454059839248657
2026-04-06,21,MU,0.3165917158219932,0.040755467196819,long,0.0772022008895874,0.1139097213745117,0.2332751750946045
2026-04-06,22,MKC,0.3060034221865185,0.0427435387673956,long,-0.0099961161613464,0.0527243614196777,0.0552724599838256
2026-04-06,23,STX,0.2756447228432441,0.0447316103379721,long,0.0588411092758178,0.0734126567840576,0.1380782127380371
2026-04-06,24,APA,0.2726394205816206,0.0467196819085487,long,-0.0979981422424316,-0.1007913947105407,-0.1380354166030883
2026-04-06,25,DOW,0.2681994106195621,0.0487077534791252,long,-0.0514369010925293,-0.0579570531845092,-0.0543347001075744
2026-04-06,26,TPL,0.2618587683559075,0.0506958250497017,long,-0.0033571720123291,-0.0885302424430847,-0.0835723280906677
2026-04-06,27,FDS,0.2321480045630641,0.0526838966202783,long,-0.0203427076339721,-0.0702987909317016,-0.0177943706512451
2026-04-06,28,DELL,0.2218990801811914,0.0546719681908548,long,0.0437841415405273,0.0006190538406372,0.0383814573287963
2026-04-06,29,EL,0.2011408378299516,0.0566600397614314,long,0.0328177213668823,0.0505999326705932,0.1048141717910766
2026-04-06,30,TER,0.1845808866459607,0.0586481113320079,long,0.1179792881011962,0.1482462882995605,0.1405079364776611
2026-04-06,474,T,-0.6730714577329209,0.941351888667992,short,-0.0246077179908752,-0.0563481450080871,-0.0863052606582641
2026-04-06,475,BRK.B,-0.6730714577329209,0.9433399602385686,short,0.0034931898117065,0.0038069486618041,-0.0011294484138488
2026-04-06,476,FRT,-0.6730714577329209,0.9453280318091452,short,0.0028949975967407,0.0183974504470825,0.0292304754257202
2026-04-06,477,NEE,-0.6730714577329209,0.9473161033797216,short,0.0053378343582153,0.0043771266937255,-0.0251948237419128
2026-04-06,478,FE,-0.6730714577329209,0.9493041749502982,short,0.0078431367874145,0.0084314346313476,0.0007842779159545
2026-04-06,479,PEG,-0.6730714577329209,0.9512922465208749,short,0.0133562088012695,0.0186251401901245,0.0053914785385131
2026-04-06,480,RSG,-0.6730714577329209,0.9532803180914512,short,-0.017560601234436,-0.0259552001953125,-0.0392504334449768
2026-04-06,481,PLD,-0.6730714577329209,0.955268389662028,short,0.0314517021179199,0.0298002958297729,0.0385828018188476
2026-04-06,482,ES,-0.6730714577329209,0.9572564612326044,short,0.0066196918487548,0.0069074630737304,-0.0069074034690856
2026-04-06,483,EW,-0.6730714577329209,0.9592445328031808,short,0.0107619762420654,-0.0367391705513,-0.0326570868492126
2026-04-06,484,EG,-0.6730714577329209,0.9612326043737576,short,0.017960786819458,0.0076057910919189,0.042336106300354
2026-04-06,485,REG,-0.6730714577329209,0.963220675944334,short,0.006853699684143,0.0138367414474487,0.0289667844772338
2026-04-06,486,DGX,-0.6730714577329209,0.9652087475149106,short,0.0101621150970458,-0.0269295573234558,-0.0134647488594055
2026-04-06,487,DLR,-0.6730714577329209,0.967196819085487,short,0.0175968408584594,0.0353579521179199,0.0732923746109008
2026-04-06,488,UDR,-0.6730714577329209,0.9691848906560636,short,0.0089311599731445,0.0115240812301635,0.0118122100830078
2026-04-06,489,CNP,-0.6730714577329209,0.9711729622266402,short,0.0018348693847656,-0.0048164725303649,-0.0160549879074096
2026-04-06,490,NI,-0.6750318151785563,0.9731610337972167,short,0.0094437599182128,0.0083944797515869,-0.0090241432189941
2026-04-06,491,AEE,-0.6768480165107496,0.9751491053677932,short,0.0137429237365722,0.0190424919128417,0.0047606229782104
2026-04-06,492,MRSH,-0.6768480165107496,0.9771371769383698,short,0.0182439088821411,-0.0261207818984985,0.0011004209518432
2026-04-06,493,AIZ,-0.6768480165107496,0.9791252485089464,short,0.0223491191864013,0.0027421712875366,0.0158592462539672
2026-04-06,494,DTE,-0.6768480165107496,0.9811133200795228,short,0.0034396648406982,0.0095095634460449,-0.0035745501518249
2026-04-06,495,EXC,-0.6768480165107496,0.9831013916500994,short,0.0024464130401611,-0.0097859501838684,-0.0079510807991027
2026-04-06,496,CMS,-0.6768480165107496,0.985089463220676,short,0.0029265880584716,0.01005220413208,0.0029265880584716
2026-04-06,497,SO,-0.6768480165107496,0.9870775347912524,short,0.0036149024963378,0.0034084320068359,-0.008882462978363
2026-04-06,498,SPG,-0.6768480165107496,0.989065606361829,short,0.0182085037231445,0.0524741411209106,0.065015435218811
2026-04-06,499,SRE,-0.6768480165107496,0.9910536779324056,short,0.0042656660079956,0.003656268119812,-0.0233597159385681
2026-04-06,500,SNA,-0.6768480165107496,0.993041749502982,short,0.0379601716995239,0.0355058908462524,0.0304608345031738
2026-04-06,501,TGT,-0.6768480165107496,0.9950298210735586,short,0.0301204919815063,0.0198293924331665,8.368492126464844e-05
2026-04-06,502,WBD,-0.6768480165107496,0.9970178926441352,short,0.0065765380859375,0.0025575160980224,0.0
2026-04-06,503,VTR,-0.6768480165107496,0.9990059642147118,short,0.0049020051956176,0.0157818794250488,0.0203251838684082
2026-04-07,1,APP,0.5975719985950706,0.0009940357852882,long,-0.0308282375335693,0.067101240158081,0.1877044439315796
2026-04-07,2,COIN,0.5697721995152946,0.0029821073558648,long,-0.0346678495407104,-0.0031983256340026,0.1188530921936035
2026-04-07,3,SNDK,0.5500232679715269,0.0049701789264413,long,0.0904980897903442,0.2197463512420654,0.1419130563735962
2026-04-07,4,AXON,0.532101444537907,0.0069582504970178,long,-0.102674126625061,-0.0814751982688903,0.0272009372711181
2026-04-07,5,CIEN,0.5197850298692565,0.0089463220675944,long,-0.013420820236206,-0.0285621881484985,-0.0369425415992736
2026-04-07,6,DELL,0.4973829051192952,0.0109343936381709,long,-0.0216206908226013,0.0232921838760375,-0.0441581010818481
2026-04-07,7,TTD,0.469764683614163,0.0129224652087475,long,0.0177778005599975,0.0479011535644531,0.1051851511001586
2026-04-07,8,CF,0.4598862872871208,0.014910536779324,long,-0.0537413358688354,-0.0355104804039001,-0.0424064993858337
2026-04-07,9,COHR,0.4577958638143163,0.0168986083499005,long,0.0084459781646728,0.0927640199661254,0.0937223434448242
2026-04-07,10,GLW,0.4331233208530161,0.0188866799204771,long,0.0284675359725952,0.0609933137893676,0.0192004442214965
2026-04-07,11,HOOD,0.4146891211852616,0.0208747514910536,long,-0.0238062143325805,-0.0022275447845458,0.2156480550765991
2026-04-07,12,PSKY,0.3725496965068721,0.0228628230616302,long,0.0027726888656616,-0.0083179473876953,0.0785582065582275
2026-04-07,13,TPL,0.3686899679160246,0.0248508946322067,long,-0.1568439602851867,-0.0702909231185913,-0.0691086053848266
2026-04-07,14,SMCI,0.366442250655126,0.0268389662027833,long,-0.0064185261726379,0.1112536191940307,0.1677364110946655
2026-04-07,15,LYB,0.3627800837168395,0.0288270377733598,long,-0.0262733101844787,0.0173807144165039,-0.014686107635498
2026-04-07,16,WDC,0.3312437503579769,0.0308151093439363,long,-0.0026565790176391,0.0335911512374877,0.0773953199386596
2026-04-07,17,LITE,0.3115907018820745,0.0328031809145129,long,-0.0021093487739562,-0.0277225971221923,-0.0803664922714233
2026-04-07,18,MU,0.3064685891643688,0.0347912524850894,long,0.0363385677337646,0.0487546920776367,0.1217023134231567
2026-04-07,19,DASH,0.3020559218785412,0.036779324055666,long,-0.0382102131843566,-0.006721019744873,0.1197646856307983
2026-04-07,20,OXY,0.2948397353387266,0.0387673956262425,long,-0.0207462310791015,-0.0286096334457397,-0.0659193396568298
2026-04-07,21,CNC,0.2871624381224947,0.040755467196819,long,0.0072425603866577,0.0050966739654541,0.008583664894104
2026-04-07,22,NOW,0.2843055446675429,0.0427435387673956,long,-0.0785883069038391,-0.0862829685211181,-0.0336513519287109
2026-04-07,23,DOW,0.2664344040662473,0.0447316103379721,long,-0.031568169593811,0.0211304426193237,-0.0112016201019287
2026-04-07,24,APA,0.2572383723789267,0.0467196819085487,long,0.0056774616241455,0.0190968513488769,-0.0554839372634887
2026-04-07,25,FICO,0.2499964468445487,0.0487077534791252,long,-0.0180305242538452,-0.0834493637084961,-0.0560693740844726
2026-04-07,26,PODD,0.226207978698311,0.0506958250497017,long,-0.0200972557067871,-0.0280084609985351,-0.0049628615379333
2026-04-07,27,HUM,0.2154481982363916,0.0526838966202783,long,-0.0053933858871459,-0.0008065104484558,-0.0001008510589599
2026-04-07,28,MRNA,0.2132105730213143,0.0546719681908548,long,-0.0157389640808105,-0.0272552371025085,0.0414587259292602
2026-04-07,29,CRWD,0.2085584739004538,0.0566600397614314,long,-0.074629008769989,-0.0569037795066833,-0.035989761352539
2026-04-07,30,CRL,0.2058234522608932,0.0586481113320079,long,0.0027416944503784,0.0186781883239746,0.0313588380813598
2026-04-07,474,VICI,-0.6730714577329209,0.941351888667992,short,0.0119004249572753,0.0216372013092041,0.0144248008728027
2026-04-07,475,UDR,-0.6730714577329209,0.9433399602385686,short,-0.0045688152313232,-0.0077099204063415,-0.0045688152313232
2026-04-07,476,BRK.B,-0.6730714577329209,0.9453280318091452,short,0.0113600492477417,0.0009171962738037,-0.0117978453636169
2026-04-07,477,VTR,-0.6730714577329209,0.9473161033797216,short,0.0107078552246093,0.0042831897735595,0.0097560882568359
2026-04-07,478,CNP,-0.6730714577329209,0.9493041749502982,short,0.010302186012268,-0.0217490792274475,-0.0274725556373596
2026-04-07,479,D,-0.6730714577329209,0.9512922465208749,short,0.0143986940383911,-0.0036392211914062,-0.0129746794700622
2026-04-07,480,CPT,-0.6730714577329209,0.9532803180914512,short,-0.0139825940132141,-0.0141780972480773,-0.0087024569511413
2026-04-07,481,MAA,-0.6752404741250722,0.955268389662028,short,-0.0037274360656738,-0.0015861392021179,-0.0150685310363769
2026-04-07,482,MTB,-0.6752404741250722,0.9572564612326044,short,0.0180332660675048,0.0102721452713012,-0.0088567733764648
2026-04-07,483,XEL,-0.6768480165107496,0.9592445328031808,short,0.0160814523696899,-0.0123987793922424,-0.0344954133033752
2026-04-07,484,GWW,-0.6768480165107496,0.9612326043737576,short,0.0222285985946655,0.0130285024642944,-0.0029388070106506
2026-04-07,485,AEE,-0.6768480165107496,0.963220675944334,short,0.0129363536834716,-0.0095694065093994,-0.0187843441963195
2026-04-07,486,MRSH,-0.6768480165107496,0.9652087475149106,short,-0.0151868462562561,-0.0128547549247741,-0.0051760673522949
2026-04-07,487,FRT,-0.6768480165107496,0.967196819085487,short,0.0,0.0148988962173461,0.0257006883621215
2026-04-07,488,EW,-0.6768480165107496,0.9691848906560636,short,-0.0313302874565124,-0.0439358353614807,-0.0429568290710449
2026-04-07,489,EQR,-0.6768480165107496,0.9711729622266402,short,-0.0055921077728271,-0.0003289580345153,0.0082236528396606
2026-04-07,490,FAST,-0.6768480165107496,0.9731610337972167,short,0.0190950632095336,-0.049398124217987,-0.0784557461738586
2026-04-07,491,NI,-0.6768480165107496,0.9751491053677932,short,0.0076923370361328,-0.0189189314842224,-0.0151767134666442
2026-04-07,492,FE,-0.6768480165107496,0.9771371769383698,short,0.0099221467971801,-0.0068093538284301,-0.0165370106697082
2026-04-07,493,MET,-0.6768480165107496,0.9791252485089464,short,0.0041700601577758,0.0137207508087158,0.0427764654159545
2026-04-07,494,PPL,-0.6768480165107496,0.9811133200795228,short,0.0168582201004028,0.0089399814605712,0.0053639411926269
2026-04-07,495,DOV,-0.6768480165107496,0.9831013916500994,short,0.0075223445892333,0.0117679834365844,-0.00567626953125
2026-04-07,496,SNA,-0.6768480165107496,0.985089463220676,short,0.0083022117614746,0.0028637647628784,-0.0331301093101501
2026-04-07,497,SO,-0.6768480165107496,0.9870775347912524,short,0.0043222904205322,-0.012761116027832,-0.0260368585586547
2026-04-07,498,REG,-0.6768480165107496,0.989065606361829,short,0.0062932968139648,0.0060365200042724,0.0213202238082885
2026-04-07,499,CAH,-0.6768480165107496,0.9910536779324056,short,0.0031143426895141,-0.0044159889221191,-0.0153395533561706
2026-04-07,500,CINF,-0.6768480165107496,0.993041749502982,short,0.004287838935852,0.0026339292526245,-0.0015314221382141
2026-04-07,501,UNP,-0.6768480165107496,0.9950298210735586,short,0.0081890821456909,0.0089519023895263,-0.0043354630470275
2026-04-07,502,ATO,-0.6768480165107496,0.9970178926441352,short,0.013866901397705,-0.0100706815719604,-0.0179268717765808
2026-04-07,503,WEC,-0.6768480165107496,0.9990059642147118,short,0.0127898454666137,-0.0081855058670043,-0.0207196474075317
2026-04-08,1,APA,0.2774102850715768,0.0009940357852882,long,-0.0087246894836425,-0.0497819185256958,-0.0274569988250732
2026-04-08,2,APP,0.2774102850715768,0.0029821073558648,long,0.0322835445404052,0.1434035301208496,0.2293347120285034
2026-04-08,3,INTU,0.2774102850715768,0.0049701789264413,long,-0.0297215580940246,0.0141280889511108,0.0702811479568481
2026-04-08,4,OXY,0.2774102850715768,0.0069582504970178,long,-0.0095676779747009,-0.0538185238838195,-0.0283614993095397
2026-04-08,5,LYB,0.2774102850715768,0.0089463220675944,long,0.0200637578964233,0.0135602951049804,0.0417877435684204
2026-04-08,6,HOOD,0.2774102850715768,0.0109343936381709,long,-0.0132629871368408,0.1279234886169433,0.2385909557342529
2026-04-08,7,COIN,0.2678765268418689,0.0129224652087475,long,-0.0069222450256347,0.0910543203353881,0.1822564601898193
2026-04-08,8,CIEN,0.2654519937234665,0.014910536779324,long,0.0177273750305175,-0.0414255857467651,0.0159834623336792
2026-04-08,9,GLW,0.2627488057758702,0.0168986083499005,long,0.0084805488586425,0.0177856683731079,-0.0219081044197082
2026-04-08,10,AXON,0.2547512626691887,0.0188866799204771,long,-0.0153416395187377,0.0840520858764648,0.1188341379165649
2026-04-08,11,PSKY,0.2547233180461424,0.0208747514910536,long,-0.0211982131004333,0.0211981534957885,0.0811059474945068
2026-04-08,12,CRL,0.2525625218645482,0.0228628230616302,long,0.0005695819854736,0.0214183330535888,0.0079180002212524
2026-04-08,13,SNDK,0.2512981585466033,0.0248508946322067,long,0.000234842300415,0.1090809106826782,0.0797350406646728
2026-04-08,14,DELL,0.2460648705289555,0.0268389662027833,long,-0.0201697349548339,0.0168080329895019,0.0640912055969238
2026-04-08,15,FICO,0.2404794348649351,0.0288270377733598,long,-0.1398610472679138,-0.0606797933578491,-0.0022566318511962
2026-04-08,16,DOW,0.2404794348649351,0.0308151093439363,long,0.0254994630813598,0.0294426679611206,0.0494215488433837
2026-04-08,17,TPL,0.2299392806367985,0.0328031809145129,long,0.0846627950668335,0.0905628204345703,0.1277878284454345
2026-04-08,18,SMCI,0.2208295116760969,0.0347912524850894,long,0.0878553390502929,0.1714040040969848,0.2230836153030395
2026-04-08,19,COHR,0.2146741342752758,0.036779324055666,long,0.0820987224578857,0.1029313802719116,0.1542385816574096
2026-04-08,20,TER,0.2009335787133465,0.0387673956262425,long,0.0103785991668701,0.0035693645477294,0.004695177078247
2026-04-08,21,TTD,0.1965516991973448,0.040755467196819,long,-0.0252304673194885,0.0198932886123657,0.1043182611465454
2026-04-08,22,FDS,0.1961506111491939,0.0427435387673956,long,-0.0089921355247497,0.0469745397567749,0.0858467817306518
2026-04-08,23,WDAY,0.1926254387388975,0.0447316103379721,long,-0.0049530863761901,0.0424553155899047,0.1044578552246093
2026-04-08,24,NOW,0.1903875003704656,0.0467196819085487,long,-0.0758267045021057,-0.0224918723106384,0.0738226175308227
2026-04-08,25,CF,0.1882383926280491,0.0487077534791252,long,0.0162506103515625,-0.0035181641578674,0.0446473360061645
2026-04-08,26,WDC,0.1770419304668212,0.0506958250497017,long,0.0164259672164917,0.0838758945465087,0.070468783378601
2026-04-08,27,DASH,0.169223601159042,0.0526838966202783,long,-0.0127466917037963,0.058233618736267,0.1603364944458007
2026-04-08,28,CSGP,0.1675578002556025,0.0546719681908548,long,-0.0225080251693725,0.0075026750564575,0.0728832483291626
2026-04-08,29,CVNA,0.1660561604271839,0.0566600397614314,long,0.0286911725997924,0.1446181535720825,0.1080048084259033
2026-04-08,30,VRSK,0.1575474670217735,0.0586481113320079,long,-0.0302816033363342,0.0072014331817626,0.0525351762771606
2026-04-08,474,CDNS,-0.3403706117241557,0.941351888667992,short,-0.0546244382858276,0.0404255390167236,0.0923453569412231
2026-04-08,475,SPG,-0.3403706117241557,0.9433399602385686,short,0.008041501045227,0.0200532674789428,0.0119615793228149
2026-04-08,476,SNA,-0.3403706117241557,0.9453280318091452,short,-0.0105789899826049,-0.0153994560241699,-0.0440877676010131
2026-04-08,477,CPT,-0.3403706117241557,0.9473161033797216,short,0.01100754737854,0.0093216896057128,-0.0065450072288513
2026-04-08,478,SO,-0.3403706117241557,0.9493041749502982,short,-0.0045086145401,-0.0167025327682495,-0.0275642275810241
2026-04-08,479,CNP,-0.3403706117241557,0.9512922465208749,short,-0.0167686939239501,-0.0278722047805786,-0.0208475589752197
2026-04-08,480,CSX,-0.3403706117241557,0.9532803180914512,short,-0.0058837532997131,0.0004706382751464,0.0054130554199218
2026-04-08,481,TSN,-0.3403706117241557,0.955268389662028,short,0.0033628940582275,-0.007031500339508,-0.0218586921691894
2026-04-08,482,CI,-0.3403706117241557,0.9572564612326044,short,-0.0258574485778808,-0.0210092067718505,-0.0074700117111206
2026-04-08,483,T,-0.3403706117241557,0.9592445328031808,short,-0.014158010482788,-0.0454545021057128,-0.0163934826850891
2026-04-08,484,CME,-0.3403706117241557,0.9612326043737576,short,-0.0121433138847351,-0.0063560009002685,-0.0090656280517578
2026-04-08,485,CAH,-0.3403706117241557,0.963220675944334,short,-0.0012974739074707,-0.0039388537406921,-0.0125115513801574
2026-04-08,486,BRK.B,-0.3403706117241557,0.9652087475149106,short,-0.0109233856201171,-0.0157873034477233,-0.0207749605178833
2026-04-08,487,CINF,-0.3403706117241557,0.967196819085487,short,-0.0171393752098083,-0.0036596059799194,-0.0035986304283142
2026-04-08,488,AVB,-0.3403706117241557,0.9691848906560636,short,0.0075366497039794,0.014776587486267,0.0066465139389038
2026-04-08,489,V,-0.3403706117241557,0.9711729622266402,short,-0.0127478241920471,0.0099905729293823,0.0220896005630493
2026-04-08,490,VICI,-0.3403706117241557,0.9731610337972167,short,0.001781940460205,0.0106914043426513,0.0121169090270996
2026-04-08,491,ATO,-0.3403706117241557,0.9751491053677932,short,-0.0100368857383728,-0.0214779376983642,-0.0224140286445617
2026-04-08,492,UNP,-0.3403706117241557,0.9771371769383698,short,-0.0025482773780822,0.003543734550476,-0.0003184676170349
2026-04-08,493,UDR,-0.3403706117241557,0.9791252485089464,short,0.0071715116500854,0.0074583292007446,-0.0174986124038696
2026-04-08,494,USB,-0.3403706117241557,0.9811133200795228,short,-0.0118942260742187,-0.0042606592178344,-0.0150896906852722
2026-04-08,495,ALL,-0.3403706117241557,0.9831013916500994,short,-0.0164553523063659,0.0016781091690063,-0.0030300617218017
2026-04-08,496,VLTO,-0.3403706117241557,0.985089463220676,short,-0.0013390183448791,0.0309082269668579,0.0102655887603759
2026-04-08,497,AMT,-0.3403706117241557,0.9870775347912524,short,-0.0035569071769714,-0.01956307888031,-0.0073916912078857
2026-04-08,498,VTR,-0.3403706117241557,0.989065606361829,short,0.0001177787780761,0.0045909881591796,0.0065921545028686
2026-04-08,499,WBD,-0.3403706117241557,0.9910536779324056,short,-0.0032691955566406,-0.0058118104934692,-0.0050854086875915
2026-04-08,500,YUM,-0.3403706117241557,0.993041749502982,short,0.0060327053070068,0.0048511028289794,-0.0078984498977661
2026-04-08,501,ZBH,-0.3403706117241557,0.9950298210735586,short,0.0009675025939941,0.0375148057937622,0.0188111066818237
2026-04-08,502,AAPL,-0.3403706117241557,0.9970178926441352,short,-3.832578659057617e-05,-0.0063726305961608,0.0111712217330932
2026-04-08,503,ZTS,-0.3403706117241557,0.9990059642147118,short,-0.0177514553070068,0.0093340873718261,-0.0079172849655151
2026-04-09,1,APA,0.3338671565940169,0.0009940357852882,long,0.0222624540328979,-0.0525498986244201,-0.0748122930526733
2026-04-09,2,LYB,0.3338671565940169,0.0029821073558648,long,0.0242810249328613,-0.008003294467926,-0.1010581254959106
2026-04-09,3,DOW,0.3338671565940169,0.0049701789264413,long,0.0281980037689209,-0.0043578147888183,-0.087413489818573
2026-04-09,4,OXY,0.3338671565940169,0.0069582504970178,long,0.0015525817871093,-0.0369156599044799,-0.0721062421798706
2026-04-09,5,APP,0.3319926284719052,0.0089463220675944,long,0.0666104555130004,0.1871582269668579,0.2192753553390503
2026-04-09,6,COIN,0.3319926284719052,0.0109343936381709,long,0.0397974252700805,0.1671134233474731,0.2292522192001342
2026-04-09,7,DELL,0.3290735132440689,0.0129224652087475,long,0.0674352645874023,-0.0029246807098388,0.1054555177688598
2026-04-09,8,CIEN,0.3290735132440689,0.014910536779324,long,-0.0324986577033996,-0.0408450961112976,0.0230031013488769
2026-04-09,9,HOOD,0.3290735132440689,0.0168986083499005,long,0.0358432531356811,0.2620320320129394,0.31160569190979
2026-04-09,10,GLW,0.3174005345702097,0.0188866799204771,long,0.0229501724243164,-0.017344057559967,-0.0400607585906982
2026-04-09,11,TTD,0.2963591079786873,0.0208747514910536,long,0.0562468767166137,0.1139869689941406,0.1184668540954589
2026-04-09,12,NOW,0.2897169978428117,0.0228628230616302,long,0.0730119943618774,0.1348192691802978,0.1645783185958862
2026-04-09,13,PSKY,0.2867504623864131,0.0248508946322067,long,0.0103577375411987,0.098870038986206,0.1054613590240478
2026-04-09,14,CRL,0.2719144289868138,0.0268389662027833,long,0.0153145790100097,0.0279533863067626,0.0468546152114868
2026-04-09,15,FDS,0.2658607829990252,0.0288270377733598,long,0.0700377225875854,0.0905009508132934,0.0998581647872924
2026-04-09,16,FICO,0.2642539792504226,0.0308151093439363,long,0.0851502418518066,0.1175668239593505,0.1638714075088501
2026-04-09,17,WDAY,0.2619438162382624,0.0328031809145129,long,0.0659555196762085,0.1032888889312744,0.1007111072540283
2026-04-09,18,INTU,0.2581769194736526,0.0347912524850894,long,0.0527155399322509,0.1105031967163086,0.1205619573593139
2026-04-09,19,COHR,0.2539962830484649,0.036779324055666,long,0.0013983249664306,0.0022764205932617,0.1220161914825439
2026-04-09,20,SNDK,0.2494075015326483,0.0387673956262425,long,0.1182595491409301,0.0469022989273071,0.0812660455703735
2026-04-09,21,SMCI,0.2477796366037671,0.040755467196819,long,0.0281076431274414,0.0803642272949218,0.1306413412094116
2026-04-09,22,HUM,0.2462792488950268,0.0427435387673956,long,0.0316419601440429,0.0323705673217773,0.0676034688949585
2026-04-09,23,TER,0.2190251225289606,0.0447316103379721,long,0.0058153867721557,-0.008233904838562,0.0336694717407226
2026-04-09,24,LITE,0.2102860098751524,0.0467196819085487,long,-0.0291095376014709,-0.0816783308982849,-0.0035996437072753
2026-04-09,25,CF,0.2092442683389884,0.0487077534791252,long,0.002967357635498,-0.0042037963867187,-0.0712165832519531
2026-04-09,26,WDC,0.2082952822937511,0.0506958250497017,long,0.0195964574813842,0.062807559967041,0.0847042798995971
2026-04-09,27,TPL,0.1972790442359322,0.0526838966202783,long,0.0165865421295166,0.0178793668746948,0.030758261680603
2026-04-09,28,PLTR,0.1889735541815269,0.0546719681908548,long,0.0336561203002929,0.110026478767395,0.1431360244750976
2026-04-09,29,STX,0.18438452511029,0.0566600397614314,long,0.0201737880706787,0.032734990119934,0.0886847972869873
2026-04-09,30,MU,0.176285802741526,0.0586481113320079,long,0.014194369316101,0.0847381353378295,0.0819801092147827
2026-04-09,474,CNP,-0.3977413250243709,0.941351888667992,short,-0.0152108669281005,-0.0209725499153137,-0.0089882612228393
2026-04-09,475,TSN,-0.3977413250243709,0.9433399602385686,short,-0.0181292295455932,-0.0344302058219909,-0.0124923586845397
2026-04-09,476,TMUS,-0.3977413250243709,0.9453280318091452,short,-0.0167595744132995,-0.0282050371170043,0.0100147724151611
2026-04-09,477,DOC,-0.3977413250243709,0.9473161033797216,short,-0.014336884021759,0.0274791717529296,0.0376344919204711
2026-04-09,478,CSX,-0.3977413250243709,0.9493041749502982,short,0.0026041269302368,-0.0033144950866699,0.0255681276321411
2026-04-09,479,TGT,-0.3977413250243709,0.9512922465208749,short,-0.0328985452651977,0.0080400705337524,0.0488145351409912
2026-04-09,480,UDR,-0.3977413250243709,0.9532803180914512,short,-0.0102534890174865,-0.0071204900741577,0.004841923713684
2026-04-09,481,UNP,-0.3977413250243709,0.955268389662028,short,0.0033133029937744,-0.0098997950553894,0.0025148391723632
2026-04-09,482,VICI,-0.3977413250243709,0.9572564612326044,short,0.0078263282775878,0.000711441040039,0.0320171117782592
2026-04-09,483,V,-0.3977413250243709,0.9592445328031808,short,0.0165265798568725,0.0379484891891479,0.041595458984375
2026-04-09,484,BRK.B,-0.3977413250243709,0.9612326043737576,short,0.0006042718887329,-0.0121066570281982,-0.0110856294631958
2026-04-09,485,CINF,-0.3977413250243709,0.963220675944334,short,0.0157626867294311,0.011542797088623,0.0352488756179809
2026-04-09,486,CME,-0.3977413250243709,0.9652087475149106,short,0.0179140567779541,0.0054181814193725,-0.0259058475494384
2026-04-09,487,CI,-0.3977413250243709,0.967196819085487,short,0.0142672061920166,-0.0096589922904968,0.0272443294525146
2026-04-09,488,CBOE,-0.3977413250243709,0.9691848906560636,short,0.0146983861923217,0.0305455923080444,0.0134819746017456
2026-04-09,489,CB,-0.3977413250243709,0.9711729622266402,short,0.0063127279281616,-0.0019518136978149,0.0089048147201538
2026-04-09,490,CAH,-0.3977413250243709,0.9731610337972167,short,-0.0062175989151,-0.0171213746070861,-0.0070990920066833
2026-04-09,491,BBY,-0.3977413250243709,0.9751491053677932,short,-0.0243706703186035,0.016353964805603,0.0538721084594726
2026-04-09,492,APD,-0.3977413250243709,0.9771371769383698,short,-0.000200867652893,-0.0117170214653015,-0.0230993032455444
2026-04-09,493,BMY,-0.3977413250243709,0.9791252485089464,short,-0.0095530152320861,-0.0124530792236328,0.0264414548873901
2026-04-09,494,AVB,-0.3977413250243709,0.9811133200795228,short,-0.001354694366455,0.0088938474655151,0.0242078304290771
2026-04-09,495,ATO,-0.3977413250243709,0.9831013916500994,short,-0.0137108564376831,-0.0215381979942321,-0.020067274570465
2026-04-09,496,AON,-0.3977413250243709,0.985089463220676,short,0.0410467386245727,0.0496208667755126,0.0615221261978149
2026-04-09,497,VLTO,-0.3977413250243709,0.9870775347912524,short,0.0150837898254394,0.0315083265304565,0.0165363550186157
2026-04-09,498,VRTX,-0.3977413250243709,0.989065606361829,short,0.0086643695831298,0.0124465227127075,0.0113004446029663
2026-04-09,499,WBD,-0.3977413250243709,0.9910536779324056,short,-0.0018221735954284,-0.008746325969696,0.0010932683944702
2026-04-09,500,YUM,-0.3977413250243709,0.993041749502982,short,-0.0020400881767272,0.0011128187179565,0.0063674449920654
2026-04-09,501,ZBH,-0.3977413250243709,0.9950298210735586,short,0.0238401889801025,0.0115978717803955,0.0178264379501342
2026-04-09,502,AAPL,-0.3977413250243709,0.9970178926441352,short,-0.0049139857292175,0.0228424072265625,0.0374308824539184
2026-04-09,503,ZTS,-0.3977413250243709,0.9990059642147118,short,0.0188359022140502,0.0246055126190185,0.0383505821228027
2026-04-10,1,TTD,0.2865597551282189,0.0009940357852882,long,-0.0094250440597534,0.0725730657577514,0.1333647966384887
2026-04-10,2,COIN,0.2865597551282189,0.0029821073558648,long,0.0566091537475585,0.1449321508407592,0.2125709056854248
2026-04-10,3,GLW,0.2865597551282189,0.0049701789264413,long,-0.013415515422821,-0.0518923997879028,-0.0558885335922241
2026-04-10,4,LYB,0.2825222474814493,0.0069582504970178,long,-0.0299298167228698,-0.0029135346412658,-0.0917759537696838
2026-04-10,5,APP,0.2802879651929048,0.0089463220675944,long,0.0384716987609863,0.1165169477462768,0.1760928630828857
2026-04-10,6,CIEN,0.2793026395728558,0.0109343936381709,long,-0.0264846682548522,0.0318192243576049,0.0486975908279418
2026-04-10,7,DELL,0.2762504575461352,0.0129224652087475,long,-0.0278202295303344,0.0173876285552978,0.076136827468872
2026-04-10,8,SMCI,0.2620408091792254,0.014910536779324,long,0.0473624467849731,0.0935695171356201,0.1093569993972778
2026-04-10,9,SNDK,0.2608466211061077,0.0168986083499005,long,-0.0084409117698669,-0.0346772074699401,-0.0414487719535827
2026-04-10,10,HUM,0.2541624751934668,0.0188866799204771,long,-0.0101901292800903,0.0127629041671752,0.0610907077789306
2026-04-10,11,TPL,0.2496769528912571,0.0208747514910536,long,-0.0109652280807495,0.0227943658828735,0.0433093309402465
2026-04-10,12,LITE,0.2416287351091407,0.0228628230616302,long,-0.0211093425750732,0.0230032205581665,0.0274684429168701
2026-04-10,13,PSKY,0.2403216042920432,0.0248508946322067,long,0.0326188802719116,0.0931966304779052,0.1015843152999877
2026-04-10,14,HOOD,0.2356143359018657,0.0268389662027833,long,0.1035300493240356,0.2118041515350341,0.273545503616333
2026-04-10,15,CCL,0.2301090484837744,0.0288270377733598,long,0.0338739156723022,-0.015855848789215,0.0454053878784179
2026-04-10,16,COHR,0.2246038464305923,0.0308151093439363,long,0.0178288221359252,0.0651772022247314,0.1285357475280761
2026-04-10,17,INTU,0.2108870748114321,0.0328031809145129,long,-0.0071460008621215,0.0478291511535644,0.095793604850769
2026-04-10,18,WDAY,0.1937079886377644,0.0347912524850894,long,-0.0171781182289123,0.041277527809143,0.0668779611587524
2026-04-10,19,PSX,0.1904458255627155,0.036779324055666,long,-0.0102244615554809,0.0182669162750244,-0.0289899706840515
2026-04-10,20,CVNA,0.1878886164829935,0.0387673956262425,long,0.0415843725204467,0.008266806602478,0.1189078092575073
2026-04-10,21,BF.B,0.1718260737333677,0.040755467196819,long,-0.0020499229431152,0.0064911842346191,-0.0003416538238525
2026-04-10,22,WDC,0.1718260737333677,0.0427435387673956,long,0.0458647012710571,0.0329277515411376,0.0683972835540771
2026-04-10,23,MKC,0.171154173688659,0.0447316103379721,long,-0.0049898624420166,-0.0155239105224609,-0.0232859253883361
2026-04-10,24,PLTR,0.1665776032901902,0.0467196819085487,long,0.0251567363739013,0.0784920454025268,0.1021379232406616
2026-04-10,25,NOW,0.1655543309889497,0.0487077534791252,long,-0.0142599940299987,0.0828655958175659,0.1196945905685424
2026-04-10,26,STX,0.1645689581780046,0.0506958250497017,long,0.0392767190933227,0.0361011028289794,0.051570177078247
2026-04-10,27,FICO,0.1623463195856979,0.0526838966202783,long,0.0063642263412475,0.0689573287963867,0.0624432563781738
2026-04-10,28,AKAM,0.1607014028939389,0.0546719681908548,long,-0.0642511844635009,0.0196965932846069,0.0282284021377563
2026-04-10,29,VRT,0.1606674907620503,0.0566600397614314,long,0.0351713895797729,-0.0194358825683593,0.048173189163208
2026-04-10,30,CRM,0.1541290282838451,0.0586481113320079,long,-0.0087374448776245,0.0486054420471191,0.0778266191482544
2026-04-10,474,TRV,-0.3483733553817177,0.941351888667992,short,-0.0057083964347839,-0.008197546005249,-0.0017589926719665
2026-04-10,475,TSN,-0.3483733553817177,0.9433399602385686,short,0.0079131126403808,-0.0071372389793396,-0.0121023654937744
2026-04-10,476,TMUS,-0.3483733553817177,0.9453280318091452,short,-0.0126279592514038,0.0243724584579467,0.0308164358139038
2026-04-10,477,CB,-0.3483733553817177,0.9473161033797216,short,-0.0128493309020996,-0.0047275424003601,3.027915954589844e-05
2026-04-10,478,TGT,-0.3483733553817177,0.9493041749502982,short,0.0139973163604736,0.0511537790298461,0.1043434143066406
2026-04-10,479,TKO,-0.3483733553817177,0.9512922465208749,short,-0.0005116462707519,-0.0564280748367309,-0.0550979971885681
2026-04-10,480,CAH,-0.3483733553817177,0.9532803180914512,short,0.0035951137542724,-0.0050424337387084,-0.0140069127082824
2026-04-10,481,BRK.B,-0.3483733553817177,0.955268389662028,short,-0.005518615245819,-0.0105583071708679,-0.0168891549110412
2026-04-10,482,CBOE,-0.3483733553817177,0.9572564612326044,short,0.0014985799789428,0.0302364826202392,0.0136530399322509
2026-04-10,483,SWKS,-0.3483733553817177,0.9592445328031808,short,0.0138052701950073,0.0389380455017089,0.05238938331604
2026-04-10,484,CHD,-0.3483733553817177,0.9612326043737576,short,0.0052615404129028,-0.0051562190055847,0.0159950256347656
2026-04-10,485,UDR,-0.3483733553817177,0.963220675944334,short,0.0106474161148071,-0.0143885016441345,0.0299280881881713
2026-04-10,486,TXT,-0.3483733553817177,0.9652087475149106,short,-0.004940390586853,-0.0305016040802001,-0.0172913670539855
2026-04-10,487,BMY,-0.3483733553817177,0.967196819085487,short,0.0003445148468017,0.0155011415481567,0.018429160118103
2026-04-10,488,AVB,-0.3483733553817177,0.9691848906560636,short,0.008552074432373,0.0004718303680419,0.0401651859283447
2026-04-10,489,ATO,-0.3483733553817177,0.9711729622266402,short,0.0021837949752807,0.0012249946594238,-0.0080959200859069
2026-04-10,490,APD,-0.3483733553817177,0.9731610337972167,short,-0.006763756275177,-0.0047212839126586,-0.0083709955215454
2026-04-10,491,VICI,-0.3483733553817177,0.9751491053677932,short,0.0010589361190795,0.002470850944519,0.0158842802047729
2026-04-10,492,USB,-0.3483733553817177,0.9771371769383698,short,-0.0074322819709777,-0.0182268619537353,0.0086710453033447
2026-04-10,493,V,-0.3483733553817177,0.9791252485089464,short,0.0063996315002441,0.0184556245803833,0.0147063732147216
2026-04-10,494,UNP,-0.3483733553817177,0.9811133200795228,short,0.0027850866317749,-0.001074194908142,0.0033420324325561
2026-04-10,495,AWK,-0.3483733553817177,0.9831013916500994,short,-0.0075887441635131,-0.0276021361351013,-0.0086303353309631
2026-04-10,496,VLTO,-0.3483733553817177,0.985089463220676,short,0.0169510841369628,-0.0034121870994567,-0.0061639547348022
2026-04-10,497,AMT,-0.3483733553817177,0.9870775347912524,short,-0.0250359177589416,-0.0129324197769165,0.003979206085205
2026-04-10,498,AMGN,-0.3483733553817177,0.989065606361829,short,0.0032302141189575,-0.0012291669845581,0.0009719133377075
2026-04-10,499,VTR,-0.3483733553817177,0.9910536779324056,short,0.0110175609588623,0.0130316019058227,0.0028432607650756
2026-04-10,500,WBD,-0.3483733553817177,0.993041749502982,short,-0.0007301568984985,0.0,0.0010952949523925
2026-04-10,501,YUM,-0.3483733553817177,0.9950298210735586,short,0.0008673667907714,-0.0118317008018493,0.0024160146713256
2026-04-10,502,ZBH,-0.3483733553817177,0.9970178926441352,short,0.0123767852783203,-0.005873680114746,0.001468539237976
2026-04-10,503,AAPL,-0.3483733553817177,0.9990059642147118,short,-0.0014275908470153,0.0162036418914794,0.0534335374832153
2026-04-13,1,OXY,0.1870374492560938,0.0009940357852882,long,0.0081256628036499,-0.0287107229232788,0.0171542167663574
2026-04-13,2,GLW,0.1870374492560938,0.0029821073558648,long,-0.0263279676437377,-0.0488369464874267,-0.0426455736160278
2026-04-13,3,CNC,0.1870374492560938,0.0049701789264413,long,0.0091251134872436,0.0244230031967163,0.0504562854766845
2026-04-13,4,CIEN,0.1870374492560938,0.0069582504970178,long,0.0183436870574951,0.0861319303512573,0.0829212665557861
2026-04-13,5,DELL,0.1870374492560938,0.0089463220675944,long,-0.0391848683357238,0.0652539730072021,0.1509404182434082
2026-04-13,6,APP,0.1797177573656996,0.0109343936381709,long,0.0717860460281372,0.100782036781311,0.0915087461471557
2026-04-13,7,TTD,0.1797177573656996,0.0129224652087475,long,0.0647002458572387,0.0689818859100341,0.1037107706069946
2026-04-13,8,HUM,0.1725942323669677,0.014910536779324,long,0.0110085010528564,0.0455124378204345,0.1077926158905029
2026-04-13,9,TPL,0.1725942323669677,0.0168986083499005,long,0.012372612953186,0.0251818895339965,0.0619117021560668
2026-04-13,10,SMCI,0.1642625284066703,0.0188866799204771,long,0.0033087730407714,0.0499999523162841,0.0452206134796142
2026-04-13,11,COHR,0.1606386742706731,0.0208747514910536,long,-0.0166549682617187,0.1008230447769165,0.0968986749649047
2026-04-13,12,COIN,0.1582308202800212,0.0228628230616302,long,0.0623067617416381,0.1188656091690063,0.0625779628753662
2026-04-13,13,SNDK,0.1563414011665034,0.0248508946322067,long,-0.0558415055274963,-0.0248501896858215,-0.0433793067932128
2026-04-13,14,CCL,0.1515516869865573,0.0268389662027833,long,0.0045311450958251,0.0184732675552368,-0.0463576316833496
2026-04-13,15,PSKY,0.1507852419098087,0.0288270377733598,long,0.0532491207122802,0.0595667362213134,0.0478339195251464
2026-04-13,16,GEN,0.1487030136962652,0.0308151093439363,long,0.0401903390884399,0.0639873743057251,0.0528820753097534
2026-04-13,17,MKC,0.148645661404425,0.0328031809145129,long,-0.0092867612838745,0.0091010332107543,-0.0345467925071716
2026-04-13,18,CVNA,0.1471528761651864,0.0347912524850894,long,-0.0083643198013305,0.0355950593948364,0.0713770389556884
2026-04-13,19,WDAY,0.1469820396250174,0.036779324055666,long,0.0531139373779296,0.050653338432312,0.0958764553070068
2026-04-13,20,STX,0.1460070300805848,0.0387673956262425,long,-0.0259448885917663,0.0268259048461914,0.0496026277542114
2026-04-13,21,BF.B,0.1460070300805848,0.040755467196819,long,0.012324571609497,-0.0020540952682495,-0.0157480239868164
2026-04-13,22,WDC,0.1460070300805848,0.0427435387673956,long,-0.0033313632011413,0.0172027349472045,0.048031210899353
2026-04-13,23,LITE,0.145120819914936,0.0447316103379721,long,-0.0337480306625366,0.0484058856964111,-0.0186095237731933
2026-04-13,24,KEYS,0.1431737490983869,0.0467196819085487,long,-0.015765905380249,0.011741280555725,0.0267505645751953
2026-04-13,25,INTU,0.1396623477346232,0.0487077534791252,long,0.0624864101409912,0.0721101760864257,0.1037350893020629
2026-04-13,26,NOW,0.1396623477346232,0.0506958250497017,long,0.0729012489318847,0.1010365486145019,0.1406766176223755
2026-04-13,27,CRM,0.1388721651278532,0.0526838966202783,long,0.0367170572280883,0.0632187128067016,0.0922304391860961
2026-04-13,28,FICO,0.1325388227358913,0.0546719681908548,long,0.0233600139617919,0.0657612085342407,0.0292073488235473
2026-04-13,29,CF,0.1325281595898274,0.0566600397614314,long,0.0155514478683471,-0.0527908205986022,0.0197545289993286
2026-04-13,30,CRL,0.1318873920354539,0.0586481113320079,long,0.0069711208343505,0.0254865884780883,0.0211366415023803
2026-04-13,474,COST,-0.2275473865397898,0.941351888667992,short,0.010207176208496,0.0257385969161987,0.0318117141723632
2026-04-13,475,CNP,-0.2275473865397898,0.9433399602385686,short,-0.0097902417182922,0.0023310184478759,-0.015151560306549
2026-04-13,476,CME,-0.2275473865397898,0.9453280318091452,short,-0.0004376769065856,-0.031579315662384,-0.0425209999084472
2026-04-13,477,CAH,-0.2275473865397898,0.9473161033797216,short,-0.0145149827003479,-0.0044661164283752,-0.0466620326042175
2026-04-13,478,CB,-0.2275473865397898,0.9493041749502982,short,0.0046969652175903,0.0156259536743164,0.0108983516693115
2026-04-13,479,CINF,-0.2275473865397898,0.9512922465208749,short,-0.0021426677703857,0.0212427377700805,0.0190389156341552
2026-04-13,480,CBOE,-0.2275473865397898,0.9532803180914512,short,0.014098048210144,-0.002693235874176,-0.0049875378608703
2026-04-13,481,CCI,-0.2275473865397898,0.955268389662028,short,-0.0074185729026794,0.0282833576202392,-0.0156485438346862
2026-04-13,482,UNP,-0.2275473865397898,0.9572564612326044,short,-0.0159101486206054,-0.0035708546638488,-0.0031343698501586
2026-04-13,483,UDR,-0.2275473865397898,0.9592445328031808,short,-0.0074031352996826,0.0045558214187622,-0.0039862990379333
2026-04-13,484,V,-0.2275473865397898,0.9612326043737576,short,0.0145807266235351,0.0181455612182617,-0.0045925974845886
2026-04-13,485,VICI,-0.2275473865397898,0.963220675944334,short,-0.0081100463867187,0.0229195356369018,0.0021156072616577
2026-04-13,486,BK,-0.2275473865397898,0.9652087475149106,short,0.0111103057861328,0.0351698398590087,0.0567772388458251
2026-04-13,487,CI,-0.2275473865397898,0.967196819085487,short,-0.0145634412765502,0.022157073020935,0.0150036811828613
2026-04-13,488,BKR,-0.2275473865397898,0.9691848906560636,short,-0.0230932235717773,-0.0278094410896301,-0.0201659202575683
2026-04-13,489,BMY,-0.2275473865397898,0.9711729622266402,short,-0.0032714009284973,0.0359847545623779,0.0225551128387451
2026-04-13,490,ATO,-0.2275473865397898,0.9731610337972167,short,-0.010097861289978,-0.0086097717285156,-0.0277955532073974
2026-04-13,491,BRK.B,-0.2275473865397898,0.9751491053677932,short,-0.0072245597839355,-0.0061984658241271,-0.0189303755760192
2026-04-13,492,AVB,-0.2275473865397898,0.9771371769383698,short,0.0016958713531494,0.0169005393981933,0.0066666603088378
2026-04-13,493,AWK,-0.2275473865397898,0.9791252485089464,short,-0.0230901837348938,-0.0133443474769592,-0.0100457072257995
2026-04-13,494,ALL,-0.2275473865397898,0.9811133200795228,short,0.0155900716781616,0.0059567689895629,0.0067944526672363
2026-04-13,495,AMGN,-0.2275473865397898,0.9831013916500994,short,-0.0077789425849914,0.012394905090332,-0.0173529982566833
2026-04-13,496,AMT,-0.2275473865397898,0.985089463220676,short,0.0032877922058105,0.0337282419204711,-0.0093532800674438
2026-04-13,497,APD,-0.2275473865397898,0.9870775347912524,short,-0.0047871470451354,-0.0162492394447326,-0.0062367320060729
2026-04-13,498,VTR,-0.2275473865397898,0.989065606361829,short,-0.0055072903633117,-0.0028122663497924,-0.0378485321998596
2026-04-13,499,WBD,-0.2275473865397898,0.9910536779324056,short,-0.0062111616134643,0.0036535263061523,-0.0021922588348388
2026-04-13,500,WEC,-0.2275473865397898,0.993041749502982,short,-0.0141630768775939,-0.005407691001892,-0.0250643491744995
2026-04-13,501,WELL,-0.2275473865397898,0.9950298210735586,short,0.0016114711761474,-0.0022276043891906,-0.021802008152008
2026-04-13,502,ABBV,-0.2275473865397898,0.9970178926441352,short,-0.0087510347366333,-0.0089412331581115,-0.0244459509849548
2026-04-13,503,AAPL,-0.2275473865397898,0.9990059642147118,short,0.0293629169464111,0.0440444946289062,0.0283584594726562
2026-04-14,1,APA,0.1870374492560938,0.0009940357852882,long,0.0355192422866821,-0.0173496603965759,0.0398907661437988
2026-04-14,2,CIEN,0.1870374492560938,0.0029821073558648,long,0.0407978296279907,0.0578231811523437,0.0487850904464721
2026-04-14,3,CF,0.1870374492560938,0.0049701789264413,long,0.0322821140289306,-0.0403112173080444,0.013657808303833
2026-04-14,4,GLW,0.1870374492560938,0.0069582504970178,long,-0.013014793395996,-0.0171747803688049,0.0029119253158569
2026-04-14,5,OXY,0.1870374492560938,0.0089463220675944,long,0.0186278820037841,-0.0241805911064147,0.0218520164489746
2026-04-14,6,DELL,0.1870374492560938,0.0109343936381709,long,0.0891809463500976,0.1520758867263794,0.2107964754104614
2026-04-14,7,DOW,0.1870374492560938,0.0129224652087475,long,0.027806282043457,-0.0532955527305603,-0.0007723569869995
2026-04-14,8,LITE,0.1870374492560938,0.014910536779324,long,0.0815645456314086,0.0862853527069091,0.0601812601089477
2026-04-14,9,LYB,0.1870374492560938,0.0168986083499005,long,0.029536485671997,-0.062217891216278,-0.0154519081115722
2026-04-14,10,VRT,0.1799139242573619,0.0188866799204771,long,-0.0233430862426757,0.0439965724945068,0.0132156610488891
2026-04-14,11,INTU,0.1797177573656996,0.0208747514910536,long,-0.0066971778869628,0.0387713909149169,0.0486502647399902
2026-04-14,12,TTD,0.1797177573656996,0.0228628230616302,long,0.0169794559478759,0.074620246887207,0.0527256727218627
2026-04-14,13,SMCI,0.1797177573656996,0.0248508946322067,long,0.0406742095947265,0.0556980371475219,0.0692560672760009
2026-04-14,14,CVNA,0.1659232314147623,0.0268389662027833,long,-0.0238223671913146,0.0832973718643188,0.1231811046600341
2026-04-14,15,COHR,0.1606386742706731,0.0288270377733598,long,0.0642439126968383,0.127547025680542,0.1371511220932006
2026-04-14,16,COIN,0.1582308202800212,0.0308151093439363,long,0.0200357437133789,0.0802961587905883,0.0527820587158203
2026-04-14,17,CCL,0.1565411237165043,0.0328031809145129,long,-0.052394151687622,0.0065926313400268,-0.0652324557304382
2026-04-14,18,SNDK,0.1563414011665034,0.0347912524850894,long,0.0311195850372314,0.0238864421844482,0.0979567766189575
2026-04-14,19,FDS,0.1562676653875929,0.036779324055666,long,0.0047670602798461,0.0222318172454834,0.0518742799758911
2026-04-14,20,HUM,0.1513041349162399,0.0387673956262425,long,0.0120482444763183,0.0603418350219726,0.0959318876266479
2026-04-14,21,TPL,0.151291587224674,0.040755467196819,long,0.0214953422546386,0.0419842004776001,0.0531991720199584
2026-04-14,22,WDAY,0.1469820396250174,0.0427435387673956,long,0.00604248046875,0.0307766199111938,0.0199806690216064
2026-04-14,23,STX,0.1460070300805848,0.0447316103379721,long,0.0234988927841186,0.0387798547744751,0.1160123348236084
2026-04-14,24,INTC,0.1460070300805848,0.0467196819085487,long,0.0548198223114013,0.0117030143737792,0.0050815343856811
2026-04-14,25,PSKY,0.1398761944220762,0.0487077534791252,long,0.0051413774490356,0.0128533840179443,0.0111396312713623
2026-04-14,26,NOW,0.1396623477346232,0.0506958250497017,long,0.0238878726959228,0.0587110519409179,0.0942775011062622
2026-04-14,27,WDC,0.1392096903455216,0.0526838966202783,long,-0.009068489074707,0.024958848953247,0.0660274028778076
2026-04-14,28,FIX,0.1388835050818529,0.0546719681908548,long,-0.0260709524154663,0.0188785791397094,0.0458046197891235
2026-04-14,29,CRM,0.1388721651278532,0.0566600397614314,long,0.0203828811645507,0.0488175153732299,0.0686936378479003
2026-04-14,30,FICO,0.1325388227358913,0.0586481113320079,long,0.0379507541656494,0.0316256284713745,-0.0588275790214538
2026-04-14,474,BBY,-0.2275473865397898,0.941351888667992,short,0.0201923847198486,0.0560026168823242,0.0022085905075073
2026-04-14,475,BALL,-0.2275473865397898,0.9433399602385686,short,0.0097196102142333,0.0202357769012451,-0.0014340281486511
2026-04-14,476,BAC,-0.2275473865397898,0.9453280318091452,short,-0.0149116516113281,-0.0068114399909973,-0.0220913290977478
2026-04-14,477,TSN,-0.2275473865397898,0.9473161033797216,short,0.0096244812011718,0.004575490951538,0.0184601545333862
2026-04-14,478,TRV,-0.2275473865397898,0.9493041749502982,short,-0.0016369819641113,0.0048441886901855,0.0078508853912353
2026-04-14,479,TROW,-0.2275473865397898,0.9512922465208749,short,-0.0037457346916198,0.0207054615020751,0.0429716110229492
2026-04-14,480,UNP,-0.2275473865397898,0.9532803180914512,short,0.0122566223144531,0.016731858253479,0.0055235624313354
2026-04-14,481,UDR,-0.2275473865397898,0.955268389662028,short,-0.0174986124038696,0.0266782045364379,-0.0100402235984802
2026-04-14,482,VICI,-0.2275473865397898,0.9572564612326044,short,0.0095982551574707,0.0231070518493652,0.0024884939193725
2026-04-14,483,V,-0.2275473865397898,0.9592445328031808,short,-0.0025640130043029,-0.0062359571456909,-0.0146244168281555
2026-04-14,484,BMY,-0.2275473865397898,0.9612326043737576,short,0.018483281135559,0.0214200019836425,0.0157194137573242
2026-04-14,485,TXT,-0.2275473865397898,0.963220675944334,short,-0.0024312138557434,0.01116144657135,-0.0113824605941772
2026-04-14,486,BKR,-0.2275473865397898,0.9652087475149106,short,0.0088230371475219,-0.014982521533966,0.0411187410354614
2026-04-14,487,BK,-0.2275473865397898,0.967196819085487,short,0.0218247175216674,0.0258411169052124,0.0297060012817382
2026-04-14,488,AWK,-0.2275473865397898,0.9691848906560636,short,0.0029928684234619,0.0225615501403808,0.006292700767517
2026-04-14,489,AVB,-0.2275473865397898,0.9711729622266402,short,-0.0096911191940307,0.0295989513397216,0.0001168251037597
2026-04-14,490,ATO,-0.2275473865397898,0.9731610337972167,short,0.0092344284057617,-0.0001610517501831,-0.0202404856681823
2026-04-14,491,APD,-0.2275473865397898,0.9751491053677932,short,0.0068764686584472,0.0031841993331909,0.0052505731582641
2026-04-14,492,AMGN,-0.2275473865397898,0.9771371769383698,short,0.0033600330352783,0.0055712461471557,-0.0066049695014953
2026-04-14,493,AME,-0.2275473865397898,0.9791252485089464,short,0.0006084442138671,0.0292047262191772,0.0015645027160644
2026-04-14,494,AZO,-0.2275473865397898,0.9811133200795228,short,-0.0133270025253295,0.0130301713943481,0.0151481628417968
2026-04-14,495,ALL,-0.2275473865397898,0.9831013916500994,short,-0.0199789404869079,-0.0141135454177856,-0.0186499953269958
2026-04-14,496,VLTO,-0.2275473865397898,0.985089463220676,short,-0.019280731678009,-0.0219887495040893,-0.0359618663787841
2026-04-14,497,AON,-0.2275473865397898,0.9870775347912524,short,0.0221288204193115,0.0117959976196289,-0.003718614578247
2026-04-14,498,VTR,-0.2275473865397898,0.989065606361829,short,0.0075409412384033,-0.0025922060012817,-0.0562036633491516
2026-04-14,499,VRTX,-0.2275473865397898,0.9910536779324056,short,-0.0136971473693847,-0.0057052969932556,-0.0091238617897033
2026-04-14,500,WBD,-0.2275473865397898,0.993041749502982,short,0.0069851875305175,0.0080882310867309,0.0047793388366699
2026-04-14,501,YUM,-0.2275473865397898,0.9950298210735586,short,-0.014943778514862,-0.0007410049438476,-0.0177844166755676
2026-04-14,502,AAPL,-0.2275473865397898,0.9970178926441352,short,-0.0113725662231445,0.0248470306396484,0.0252975225448608
2026-04-14,503,ZTS,-0.2275473865397898,0.9990059642147118,short,-0.0142431259155273,0.0162305831909179,-0.0268301367759704
2026-04-15,1,LITE,0.6455838412786519,0.0009940357852882,long,0.0031979084014892,-0.0609276890754699,-0.049740731716156
2026-04-15,2,GLW,0.6267941270140215,0.0029821073558648,long,-0.0102360248565673,-0.0037933588027954,0.020592451095581
2026-04-15,3,CIEN,0.6002969991295016,0.0049701789264413,long,0.0247591733932495,0.021729826927185,0.0417633056640625
2026-04-15,4,CVNA,0.590990325698041,0.0069582504970178,long,0.0698156356811523,0.1067800521850586,0.1125773191452026
2026-04-15,5,SNDK,0.5883605756176055,0.0089463220675944,long,0.0016531944274902,-0.0173795819282531,0.0140950679779052
2026-04-15,6,INTU,0.5868969614313786,0.0109343936381709,long,0.0158611536026,0.0458267927169799,-0.0098421573638916
2026-04-15,7,VRT,0.5214667139789587,0.0129224652087475,long,0.0449120998382568,0.062251329421997,0.0939040184020996
2026-04-15,8,APP,0.5086146102866994,0.014910536779324,long,0.023836612701416,0.0152117013931274,-0.0255744457244873
2026-04-15,9,NOW,0.422035489231049,0.0168986083499005,long,0.0022811889648437,0.0383658409118652,-0.1209042072296142
2026-04-15,10,COHR,0.4170916846883495,0.0188866799204771,long,0.0518902540206909,0.0481402873992919,0.0295121669769287
2026-04-15,11,TTD,0.4105658886271258,0.0208747514910536,long,-0.0127416849136352,0.0193321704864501,-0.0061511397361755
2026-04-15,12,COIN,0.3938529646167791,0.0228628230616302,long,0.0325535535812377,-0.0193919539451599,-0.0094833374023437
2026-04-15,13,WDAY,0.3854308571519557,0.0248508946322067,long,-0.0083286762237548,0.0343557596206665,-0.0816850066184997
2026-04-15,14,APA,0.379575908871986,0.0268389662027833,long,-0.0569920539855957,-0.0079156756401062,0.0200526714324951
2026-04-15,15,TPL,0.3787740151445981,0.0288270377733598,long,-0.0086565017700195,0.0268609523773193,0.0302156209945678
2026-04-15,16,INTC,0.3748329602765706,0.0308151093439363,long,0.0,-0.0327007174491882,-0.0251095294952392
2026-04-15,17,TER,0.3732649578828008,0.0328031809145129,long,0.039516806602478,0.0382870435714721,0.095840573310852
2026-04-15,18,DELL,0.3616306397119394,0.0347912524850894,long,0.0179191827774047,0.0997980833053588,0.0986586809158325
2026-04-15,19,HOOD,0.3573571435439031,0.036779324055666,long,0.0449050664901733,-0.0048359036445617,-0.0381116867065429
2026-04-15,20,SMCI,0.3549237647673719,0.0387673956262425,long,0.0056338310241699,0.0010563135147094,-0.058098554611206
2026-04-15,21,HUM,0.340465047041746,0.040755467196819,long,0.0218170881271362,0.0826858282089233,0.0706814527511596
2026-04-15,22,STX,0.3275366676950972,0.0427435387673956,long,0.0299731492996215,0.0528196096420288,0.1049435138702392
2026-04-15,23,KEYS,0.2847719151066689,0.0447316103379721,long,0.0132743120193481,0.0283064842224121,0.0502182245254516
2026-04-15,24,FIX,0.2686985337852216,0.0467196819085487,long,0.0277091264724731,0.0424603223800659,0.1045724153518676
2026-04-15,25,GEN,0.2683401623595313,0.0487077534791252,long,0.0171891450881958,0.0065722465515136,-0.0490394830703735
2026-04-15,26,PSKY,0.2631740990796929,0.0506958250497017,long,0.0008525848388671,-0.0102301836013793,-0.0392156243324279
2026-04-15,27,BF.B,0.2572514468349571,0.0526838966202783,long,-0.010522723197937,-0.0241004228591918,-0.035980999469757
2026-04-15,28,WDC,0.2559984610477637,0.0546719681908548,long,0.0299427509307861,0.0611573457717895,0.1145455837249755
2026-04-15,29,OXY,0.2426724791363062,0.0566600397614314,long,-0.0541585683822631,-0.0094953179359436,0.0168806314468383
2026-04-15,30,CRL,0.2264242943073238,0.0586481113320079,long,0.0392223596572876,0.0348141193389892,-0.0519949793815612
2026-04-15,474,DGX,-0.663865751175352,0.941351888667992,short,0.0185939073562622,0.0709285736083984,0.0421497821807861
2026-04-15,475,SO,-0.663865751175352,0.9433399602385686,short,-0.0041095614433288,-0.031401515007019,-0.0104320049285888
2026-04-15,476,ABT,-0.6648811060225072,0.9453280318091452,short,0.0140358209609985,-0.0288048386573791,-0.031318724155426
2026-04-15,477,NWSA,-0.6650546510230352,0.9473161033797216,short,0.0085303783416748,0.0244280099868774,0.02016282081604
2026-04-15,478,DPZ,-0.6651954025824957,0.9493041749502982,short,0.0082926750183105,0.0005420446395874,0.0091869831085205
2026-04-15,479,MCD,-0.6651954025824957,0.9512922465208749,short,0.0143340826034545,-0.0166797041893005,-0.0144318342208862
2026-04-15,480,KIM,-0.6656682714553105,0.9532803180914512,short,0.0185263156890869,-0.0025262832641601,0.0037894248962402
2026-04-15,481,BALL,-0.6656682714553105,0.955268389662028,short,0.0175162553787231,-0.0001577734947204,-0.0039451122283935
2026-04-15,482,CCI,-0.6656682714553105,0.9572564612326044,short,0.0211809873580932,-0.0224474072456359,0.0074824094772338
2026-04-15,483,SYK,-0.6656682714553105,0.9592445328031808,short,0.0145989656448364,-0.032744288444519,-0.0257994532585144
2026-04-15,484,CMS,-0.6656682714553105,0.9612326043737576,short,-0.0046088695526123,-0.0323901772499084,-0.0190756320953369
2026-04-15,485,OMC,-0.6668285150913101,0.963220675944334,short,-0.0011427402496337,-0.0087608098983764,-0.0246317982673645
2026-04-15,486,MAA,-0.6690476784176167,0.9652087475149106,short,0.0393176078796386,0.0214459896087646,0.0235581398010253
2026-04-15,487,WM,-0.6690476784176167,0.967196819085487,short,-0.0005801916122436,-0.0029453635215759,0.038914680480957
2026-04-15,488,NSC,-0.6690476784176167,0.9691848906560636,short,-0.0008261203765869,-0.0013548135757446,0.0621551275253295
2026-04-15,489,NI,-0.6690476784176167,0.9711729622266402,short,0.0123637914657592,-0.0165549516677856,0.0119446516036987
2026-04-15,490,LNT,-0.6690476784176167,0.9731610337972167,short,0.0008245706558227,-0.0223993062973022,-0.0019238591194152
2026-04-15,491,AIG,-0.6690476784176167,0.9751491053677932,short,0.0058808326721191,-0.0037075281143188,-0.0241625905036926
2026-04-15,492,WEC,-0.6690476784176167,0.9771371769383698,short,-0.0048097372055053,-0.0244781970977783,-0.0073864459991455
2026-04-15,493,PLD,-0.6690476784176167,0.9791252485089464,short,0.0206091403961181,-0.0017584562301635,0.0011957883834838
2026-04-15,494,EQR,-0.6690476784176167,0.9811133200795228,short,0.0362043380737304,0.0224829912185668,0.0357084274291992
2026-04-15,495,EA,-0.6690476784176167,0.9831013916500994,short,0.0022618770599365,0.0008851289749145,-0.0042287707328796
2026-04-15,496,CNP,-0.6690476784176167,0.985089463220676,short,-0.004859983921051,-0.0222170352935791,-0.0006942749023437
2026-04-15,497,REG,-0.6690476784176167,0.9870775347912524,short,0.0160702466964721,0.0045198202133178,0.013684868812561
2026-04-15,498,PFG,-0.6690476784176167,0.989065606361829,short,0.0233027935028076,0.0186209678649902,0.0321344137191772
2026-04-15,499,CAH,-0.6690476784176167,0.9910536779324056,short,0.0041764974594116,-0.0383857488632202,-0.0393242835998535
2026-04-15,500,BRK.B,-0.6690476784176167,0.993041749502982,short,-0.0011366009712219,-0.0139333009719848,-0.0096186399459838
2026-04-15,501,UDR,-0.6690476784176167,0.9950298210735586,short,0.0300729274749755,0.0213139057159423,0.0192700624465942
2026-04-15,502,VLTO,-0.6690476784176167,0.9970178926441352,short,0.0048598051071166,-0.0094985961914062,-0.0193284749984741
2026-04-15,503,VTR,-0.6690476784176167,0.9990059642147118,short,-0.0047947764396667,-0.0397614240646362,-0.0301719307899475
2026-04-16,1,CVNA,0.578660142936246,0.0009940357852882,long,0.0373132228851318,0.0755038261413574,0.0556085109710693
2026-04-16,2,LITE,0.5741650142199228,0.0029821073558648,long,0.0011632442474365,-0.022895336151123,-0.013902723789215
2026-04-16,3,GLW,0.5256758169575559,0.0049701789264413,long,0.0060834884643554,0.026645541191101,0.0700206756591796
2026-04-16,4,SNDK,0.5237513043628225,0.0069582504970178,long,-0.008653700351715,0.0630625486373901,0.0748217105865478
2026-04-16,5,APA,0.5135646129885552,0.0089463220675944,long,0.0062954425811767,0.064913272857666,0.0556797981262207
2026-04-16,6,CIEN,0.4855383055389755,0.0109343936381709,long,-0.0081982016563415,-0.0166722536087036,0.0263484716415405
2026-04-16,7,VRT,0.4825868906312029,0.0129224652087475,long,0.0230038166046142,-0.0071581602096557,0.0524500608444213
2026-04-16,8,HOOD,0.4724188844432112,0.014910536779324,long,0.0057851076126098,-0.0255647301673889,-0.0665565133094787
2026-04-16,9,DELL,0.4665927798224884,0.0168986083499005,long,0.0391249656677246,0.0920884609222412,0.0994148254394531
2026-04-16,10,INTU,0.4503873913263464,0.0188866799204771,long,0.0294468402862548,0.0392371416091918,0.0068658590316772
2026-04-16,11,NOW,0.4269772267038287,0.0208747514910536,long,0.031657338142395,0.0663148164749145,-0.0671426057815551
2026-04-16,12,WDAY,0.4145534302667746,0.0228628230616302,long,0.0331907272338867,0.022369384765625,-0.0328676104545593
2026-04-16,13,APP,0.4142918084269786,0.0248508946322067,long,0.0288348197937011,0.0136420726776123,-0.0605825781822204
2026-04-16,14,CF,0.3870844379432389,0.0268389662027833,long,0.0289314985275268,0.0867944955825805,0.0732161998748779
2026-04-16,15,SMCI,0.3868536707132186,0.0288270377733598,long,0.0087535381317138,0.0217087268829345,0.018207311630249
2026-04-16,16,COHR,0.3633696556900606,0.0308151093439363,long,0.0072170495986938,0.0157961845397949,-0.0258825421333313
2026-04-16,17,CCL,0.3480468568854591,0.0328031809145129,long,-0.0071868300437927,-0.0780286788940429,-0.0701574087142944
2026-04-16,18,INTC,0.3352532635044641,0.0347912524850894,long,-0.0408759713172912,-0.047153353691101,0.2049635648727417
2026-04-16,19,STX,0.3276933205155853,0.036779324055666,long,-0.0146052241325378,0.0586581230163574,0.0702875852584838
2026-04-16,20,WDC,0.3075559745243332,0.0387673956262425,long,0.0042681694030761,0.0445077419281005,0.084505558013916
2026-04-16,21,TTD,0.3067224298690891,0.040755467196819,long,0.0703159570693969,0.0485091209411621,0.0667556524276733
2026-04-16,22,HUM,0.3000825515645349,0.0427435387673956,long,0.0253485441207885,0.05976402759552,0.0491858720779418
2026-04-16,23,COIN,0.2998408887829052,0.0447316103379721,long,0.0256869792938232,-0.0004361867904663,-0.0317937135696411
2026-04-16,24,OXY,0.2945496423732499,0.0467196819085487,long,0.0128276348114013,0.0606060028076171,0.061907410621643
2026-04-16,25,LYB,0.2864952979317722,0.0487077534791252,long,0.0348575115203857,0.086464524269104,0.0543233156204223
2026-04-16,26,CRL,0.2767994424399224,0.0506958250497017,long,0.0090276002883911,0.0050032138824462,-0.0765717029571533
2026-04-16,27,AKAM,0.2730234022154966,0.0526838966202783,long,0.0180414915084838,0.0127229690551757,-0.0066742897033691
2026-04-16,28,CNC,0.2538100517280037,0.0546719681908548,long,0.0036678314208984,0.0199109315872192,0.0956249237060546
2026-04-16,29,AMD,0.251543904308523,0.0566600397614314,long,-0.0123567581176757,0.0900534391403198,0.2493623495101928
2026-04-16,30,FIX,0.2349943144049565,0.0586481113320079,long,0.0179463624954223,0.0448478460311889,0.0458354949951171
2026-04-16,474,EA,-0.6086198544444108,0.941351888667992,short,-0.0023058652877807,-0.0051513910293579,-0.0056910514831542
2026-04-16,475,ECL,-0.6086198544444108,0.9433399602385686,short,0.0032023191452026,-0.0213609933853149,-0.0193231105804443
2026-04-16,476,DUK,-0.6086198544444108,0.9453280318091452,short,-0.0013278126716613,-0.0217136740684509,-0.0059361457824707
2026-04-16,477,CME,-0.6086198544444108,0.9473161033797216,short,-0.0006952285766601,-0.0067443251609802,-0.00900399684906
2026-04-16,478,TSN,-0.6086198544444108,0.9493041749502982,short,-0.0177414417266845,-0.0041653513908386,-0.0121876001358032
2026-04-16,479,CINF,-0.6086198544444108,0.9512922465208749,short,-0.0049754381179809,-0.0032969713211059,-0.0140271782875061
2026-04-16,480,SYK,-0.6086198544444108,0.9532803180914512,short,-0.0145054459571838,-0.0406908988952636,-0.0460503101348876
2026-04-16,481,DGX,-0.6086198544444108,0.955268389662028,short,0.0066146850585937,0.046046495437622,0.0064096450805664
2026-04-16,482,DOV,-0.6086198544444108,0.9572564612326044,short,0.0129182338714599,-0.0132378339767456,0.0260646343231201
2026-04-16,483,TPR,-0.6086198544444108,0.9592445328031808,short,-0.0143728256225585,-0.0621110796928405,-0.0639076232910156
2026-04-16,484,CPT,-0.6086198544444108,0.9612326043737576,short,0.0131528377532958,-0.0185686349868774,-0.0159574747085571
2026-04-16,485,CTVA,-0.6086198544444108,0.963220675944334,short,-0.000622272491455,-0.0123226046562194,-0.0067213773727416
2026-04-16,486,D,-0.6086198544444108,0.9652087475149106,short,-0.0032040476799011,-0.0235500931739807,0.0025633573532104
2026-04-16,487,CMS,-0.6086198544444108,0.967196819085487,short,-0.0091318488121032,-0.0356269478797912,-0.0190353989601135
2026-04-16,488,APD,-0.6086198544444108,0.9691848906560636,short,0.014872670173645,0.0169631242752075,0.0340975522994995
2026-04-16,489,USB,-0.6086198544444108,0.9711729622266402,short,0.0012295246124267,-0.0057966113090515,-0.0237132906913757
2026-04-16,490,V,-0.6086198544444108,0.9731610337972167,short,-0.0097154378890991,-0.0180745124816894,-0.0239731669425964
2026-04-16,491,VICI,-0.6086198544444108,0.9751491053677932,short,-0.0079283118247985,-0.0279213786125183,-0.0203378200531005
2026-04-16,492,CB,-0.6086198544444108,0.9771371769383698,short,-0.002539038658142,-0.0163225531578063,-0.0142368674278259
2026-04-16,493,CAH,-0.6086198544444108,0.9791252485089464,short,-0.0131314992904663,-0.0628066658973693,-0.0660778284072876
2026-04-16,494,CCI,-0.6086198544444108,0.9811133200795228,short,-0.012963593006134,-0.0304362177848815,-0.0267162919044494
2026-04-16,495,TXT,-0.6086198544444108,0.9831013916500994,short,-0.0012007355690002,-0.0234690904617309,-0.0398428440093994
2026-04-16,496,AMGN,-0.6086198544444108,0.985089463220676,short,-0.0144665837287902,-0.0264001488685607,-0.0302561521530151
2026-04-16,497,ALL,-0.6086198544444108,0.9870775347912524,short,-0.0046725273132324,-0.0092524290084838,-0.0151739120483398
2026-04-16,498,AZO,-0.6086198544444108,0.989065606361829,short,0.0028328895568847,0.0049295425415039,0.0015480518341064
2026-04-16,499,ATO,-0.6086198544444108,0.9910536779324056,short,-0.0016618371009826,-0.0217111110687255,-0.0058432221412658
2026-04-16,500,AVB,-0.6086198544444108,0.993041749502982,short,0.0142043828964233,-0.0148369669914245,-0.0086836218833923
2026-04-16,501,VTR,-0.6086198544444108,0.9950298210735586,short,-0.0052878856658935,-0.0587543845176696,-0.0173912644386291
2026-04-16,502,WBD,-0.6086198544444108,0.9970178926441352,short,-0.0018201470375061,-0.005096435546875,-0.0145613551139831
2026-04-16,503,ZBH,-0.6086198544444108,0.9990059642147118,short,0.0073856115341186,-0.018358290195465,-0.0371385812759399
2026-04-17,1,CF,0.2826082498963861,0.0009940357852882,long,0.0463169813156127,0.0832326412200927,0.0663273334503173
2026-04-17,2,LYB,0.2826082498963861,0.0029821073558648,long,0.0414113998413085,0.0312044620513916,0.0355788469314575
2026-04-17,3,APA,0.2826082498963861,0.0049701789264413,long,0.045460820198059,0.0749340057373046,0.0685389041900634
2026-04-17,4,CVNA,0.2826082498963861,0.0069582504970178,long,-0.0026617050170898,0.0025622844696044,0.0117913484573364
2026-04-17,5,OXY,0.2782651736727192,0.0089463220675944,long,0.0339574813842773,0.0614905357360839,0.0512114763259887
2026-04-17,6,LITE,0.2763331612098401,0.0109343936381709,long,-0.0650087594985961,-0.0538704395294189,-0.0395817160606384
2026-04-17,7,SNDK,0.2631800725710606,0.0129224652087475,long,-0.0104379057884216,0.021259069442749,0.1721538305282592
2026-04-17,8,HOOD,0.2626928499527305,0.014910536779324,long,-0.0530813336372375,-0.0847439169883728,-0.0802520513534545
2026-04-17,9,VRT,0.2600786389881243,0.0168986083499005,long,-0.0062656998634338,0.0233453512191772,0.0255080461502075
2026-04-17,10,DOW,0.2561743156438216,0.0188866799204771,long,0.041882038116455,0.0478650331497192,0.0361707210540771
2026-04-17,11,GLW,0.2549141067336037,0.0208747514910536,long,0.0004231929779052,0.0249122381210327,0.0159027576446533
2026-04-17,12,CIEN,0.2505710305099368,0.0228628230616302,long,0.0052853822708129,0.0249965190887451,0.0061001777648925
2026-04-17,13,CCL,0.250369167017754,0.0248508946322067,long,-0.0568768978118896,-0.0813512802124023,-0.0772147178649902
2026-04-17,14,BX,0.2428680461476111,0.0268389662027833,long,-0.0037987828254699,-0.0516319274902343,-0.0668268799781799
2026-04-17,15,COIN,0.234323092627775,0.0288270377733598,long,-0.074091613292694,-0.0647356510162353,-0.0706422328948974
2026-04-17,16,SMCI,0.2316981220507352,0.0308151093439363,long,-0.0131898522377014,-0.0715029239654541,-0.033321738243103
2026-04-17,17,DELL,0.2180695696235401,0.0328031809145129,long,0.0397571325302124,0.0386799573898315,0.0574324131011962
2026-04-17,18,INTC,0.2173891447924361,0.0347912524850894,long,0.0085237026214599,0.0164383649826049,0.2936073541641235
2026-04-17,19,MPC,0.2116010141658614,0.036779324055666,long,0.0290958881378173,0.0325986146926879,0.0611339807510376
2026-04-17,20,ARES,0.2096827333601053,0.0387673956262425,long,0.0090090036392211,-0.0335943102836608,-0.0554853677749633
2026-04-17,21,COHR,0.2096135978665025,0.040755467196819,long,-0.010704755783081,-0.0282869935035705,-0.0747604966163635
2026-04-17,22,CNC,0.2090919947189272,0.0427435387673956,long,0.021665334701538,0.0725659132003784,0.1354737281799316
2026-04-17,23,TTD,0.2090001855501431,0.0447316103379721,long,-0.0353429913520813,-0.059459388256073,-0.0378378033638
2026-04-17,24,TPL,0.2049859723980042,0.0467196819085487,long,0.0066694021224975,0.0099581480026245,0.0047835111618041
2026-04-17,25,CRL,0.1981009977246494,0.0487077534791252,long,-0.0131507515907287,-0.095936119556427,-0.0771262049674987
2026-04-17,26,WDC,0.195284048585103,0.0506958250497017,long,0.025928258895874,0.077544093132019,0.0711556673049926
2026-04-17,27,WDAY,0.1874342924732252,0.0526838966202783,long,0.0095356702804565,-0.1037205457687377,-0.0790213942527771
2026-04-17,28,FIX,0.1832644166403387,0.0546719681908548,long,-0.0035295486450195,0.0558422803878784,0.0678237676620483
2026-04-17,29,PSKY,0.1819607485106074,0.0566600397614314,long,-0.0177664756774902,-0.0465312600135803,-0.1040608882904052
2026-04-17,30,APP,0.1804884258393887,0.0586481113320079,long,-0.0362147688865661,-0.0749347805976867,-0.0624694228172302
2026-04-17,474,CTVA,-0.3427006408081781,0.941351888667992,short,0.0007472038269042,-0.0082202553749084,-0.0108357667922973
2026-04-17,475,CSCO,-0.3427006408081781,0.9433399602385686,short,0.0226883888244628,0.0100330114364624,0.0062706470489501
2026-04-17,476,TRV,-0.3427006408081781,0.9453280318091452,short,0.0021278858184814,0.0217766761779785,0.0098410844802856
2026-04-17,477,TSN,-0.3427006408081781,0.9473161033797216,short,0.0141353607177734,0.0245014429092407,-0.0009423494338989
2026-04-17,478,TMUS,-0.3427006408081781,0.9493041749502982,short,-0.0149728059768676,-0.0216273069381713,-0.0786952972412109
2026-04-17,479,TJX,-0.3427006408081781,0.9512922465208749,short,-0.0027553439140319,-0.008391261100769,-0.0138393640518188
2026-04-17,480,EA,-0.3427006408081781,0.9532803180914512,short,0.000934362411499,-0.004179835319519,-0.0044748187065124
2026-04-17,481,TXT,-0.3427006408081781,0.955268389662028,short,-0.0077595710754394,-0.0123497247695922,-0.03300541639328
2026-04-17,482,CMCSA,-0.3427006408081781,0.9572564612326044,short,-0.022872507572174,0.0642448663711547,-0.0746720433235168
2026-04-17,483,CI,-0.3427006408081781,0.9592445328031808,short,-0.0115390419960021,-0.0007145404815673,0.0095026493072509
2026-04-17,484,UNP,-0.3427006408081781,0.9612326043737576,short,-0.0036877989768981,0.0756603479385376,0.0663415193557739
2026-04-17,485,CMS,-0.3427006408081781,0.963220675944334,short,-0.0189511775970459,-0.0054516792297363,-0.0128504633903503
2026-04-17,486,COST,-0.3427006408081781,0.9652087475149106,short,0.0079872608184814,0.016575813293457,0.000170350074768
2026-04-17,487,CNP,-0.3427006408081781,0.967196819085487,short,-0.010538637638092,0.0112411975860595,0.0044496059417724
2026-04-17,488,CB,-0.3427006408081781,0.9691848906560636,short,-0.0021212100982666,0.0087578296661376,-0.0163337588310241
2026-04-17,489,CAH,-0.3427006408081781,0.9711729622266402,short,-0.0296429395675659,-0.0305899977684021,-0.0418599843978881
2026-04-17,490,V,-0.3427006408081781,0.9731610337972167,short,-0.0127412676811218,-0.0161176919937133,-0.0136650800704956
2026-04-17,491,BRK.B,-0.3427006408081781,0.9751491053677932,short,-0.0075834393501281,-0.0032410025596618,0.0015463829040527
2026-04-17,492,ATO,-0.3427006408081781,0.9771371769383698,short,-0.0177200436592102,0.0084841251373291,-0.0032755136489868
2026-04-17,493,APD,-0.3427006408081781,0.9791252485089464,short,-0.0046260356903076,0.025325059890747,0.0210366249084472
2026-04-17,494,AMGN,-0.3427006408081781,0.9811133200795228,short,-0.0151360034942626,-0.0043979883193969,-0.028501272201538
2026-04-17,495,BIIB,-0.3427006408081781,0.9831013916500994,short,0.0142358541488647,0.024762749671936,-0.0145630836486816
2026-04-17,496,AON,-0.3427006408081781,0.985089463220676,short,0.0101521015167236,-0.0252749323844909,-0.0246121883392334
2026-04-17,497,VLTO,-0.3427006408081781,0.9870775347912524,short,-0.0067560076713562,-0.0166131258010864,-0.0347768068313598
2026-04-17,498,VTR,-0.3427006408081781,0.989065606361829,short,-0.030005931854248,-0.0203189849853515,0.0005905628204345
2026-04-17,499,VRTX,-0.3427006408081781,0.9910536779324056,short,-0.0058973431587219,-0.0092900395393371,-0.0299876928329467
2026-04-17,500,WBD,-0.3427006408081781,0.993041749502982,short,-0.0040116906166076,-0.0189642906188964,-0.021881878376007
2026-04-17,501,YUM,-0.3427006408081781,0.9950298210735586,short,-0.0091460347175598,-0.0067359805107116,-0.0410950779914855
2026-04-17,502,ZBH,-0.3427006408081781,0.9970178926441352,short,-0.0292207598686218,-0.0318391323089599,-0.0302681922912597
2026-04-17,503,ABBV,-0.3427006408081781,0.9990059642147118,short,0.0069215297698974,-0.013548731803894,-0.0310735702514648
2026-04-20,1,LYB,0.3221089444320702,0.0009940357852882,long,0.0081210136413574,-0.0217025279998779,0.0008401870727539
2026-04-20,2,LITE,0.3221089444320702,0.0029821073558648,long,0.0438274145126342,0.0534340143203735,-0.0544257164001464
2026-04-20,3,GLW,0.3221089444320702,0.0049701789264413,long,0.0200060606002807,0.0631006956100463,-0.0749470591545105
2026-04-20,4,CF,0.3221089444320702,0.0069582504970178,long,0.0094798803329467,-0.0031324625015258,0.0082433223724365
2026-04-20,5,DOW,0.3178177316365264,0.0089463220675944,long,0.0130513906478881,0.0091359615325927,-0.0078309178352355
2026-04-20,6,CIEN,0.31541372182887,0.0109343936381709,long,-0.0137568116188049,0.0293914079666137,-0.0637242197990417
2026-04-20,7,DELL,0.3111225090333261,0.0129224652087475,long,0.0107835531234741,0.0175645351409912,-0.0302788019180297
2026-04-20,8,CVNA,0.3058697198445344,0.014910536779324,long,0.0395839214324951,0.020353078842163,0.0137184858322143
2026-04-20,9,VRT,0.2921321602080612,0.0168986083499005,long,-0.0233644247055053,0.0352706909179687,-0.0237165689468383
2026-04-20,10,TPL,0.2873229467835841,0.0188866799204771,long,0.0040664672851562,0.0027186870574951,-0.0155807733535766
2026-04-20,11,SNDK,0.2844267579504037,0.0208747514910536,long,0.083653450012207,0.0956403017044067,0.1094201803207397
2026-04-20,12,SMCI,0.2767783003411579,0.0228628230616302,long,0.0263805389404296,0.0228631496429443,-0.0415054559707641
2026-04-20,13,INTC,0.2634583751630561,0.0248508946322067,long,-0.0149412155151367,0.2456986904144287,0.2755810022354126
2026-04-20,14,COIN,0.24272871251845,0.0268389662027833,long,0.0525134801864624,0.0194947719573974,-0.0094411373138427
2026-04-20,15,HOOD,0.2419414735578958,0.0288270377733598,long,0.0231400728225708,-0.0199005007743835,-0.0504454374313354
2026-04-20,16,DASH,0.2384374997229061,0.0308151093439363,long,-0.0009865164756774,-0.0310770273208618,-0.0574404001235961
2026-04-20,17,STX,0.2365137065408513,0.0328031809145129,long,0.0356849431991577,0.0470619201660156,0.0341668128967285
2026-04-20,18,WDAY,0.2272553749754273,0.0347912524850894,long,-0.0198203921318054,-0.0727779865264892,-0.0617838501930236
2026-04-20,19,COHR,0.2207182372024352,0.036779324055666,long,0.01943039894104,-0.0223973989486694,-0.1158265471458435
2026-04-20,20,TTD,0.2197439946322955,0.0387673956262425,long,0.015517234802246,0.0331895351409912,0.0012930631637573
2026-04-20,21,APA,0.2188389402883836,0.040755467196819,long,0.012234091758728,0.0034574270248413,0.0279256105422973
2026-04-20,22,INTU,0.213668860779095,0.0427435387673956,long,0.0094602108001708,-0.0219834446907043,-0.0110411047935485
2026-04-20,23,BF.B,0.2110123553298305,0.0447316103379721,long,-0.0076521635055541,-0.0153043866157531,-0.0354782938957214
2026-04-20,24,AMD,0.208101311789553,0.0467196819085487,long,0.0666807889938354,0.2225737571716308,0.1361031532287597
2026-04-20,25,WDC,0.2061573932367068,0.0487077534791252,long,0.0137828588485717,0.0526041984558105,0.0187071561813354
2026-04-20,26,TER,0.2047175592900397,0.0506958250497017,long,0.0138183832168579,0.1004132032394409,0.0005264282226562
2026-04-20,27,NFLX,0.1948989395162873,0.0526838966202783,long,0.0071289539337158,-0.0015121698379516,-0.0033485293388366
2026-04-20,28,APP,0.1830399538928146,0.0546719681908548,long,0.0222536325454711,-0.0526015162467956,-0.0510376691818237
2026-04-20,29,NOW,0.170340164158924,0.0566600397614314,long,0.0292590856552124,-0.0995606184005737,-0.0963650941848754
2026-04-20,30,EL,0.165163777788723,0.0586481113320079,long,0.0105457305908203,0.0258370637893676,0.0163458585739135
2026-04-20,474,CCI,-0.3778903149351627,0.941351888667992,short,0.0128356218338012,0.0167216062545776,0.0147197246551513
2026-04-20,475,TXT,-0.3778903149351627,0.9433399602385686,short,-0.014649212360382,-0.0311708450317382,-0.0291882753372192
2026-04-20,476,UDR,-0.3778903149351627,0.9453280318091452,short,-0.0134362578392028,-0.0060033798217773,0.0351629257202148
2026-04-20,477,UNP,-0.3778903149351627,0.9473161033797216,short,-0.0073632001876831,0.0694527626037597,0.0656317472457885
2026-04-20,478,USB,-0.3778903149351627,0.9493041749502982,short,-0.0042223930358886,-0.0221674442291259,-0.0110837817192077
2026-04-20,479,V,-0.3778903149351627,0.9512922465208749,short,0.0043556690216064,-0.0016776919364929,-0.0020649433135986
2026-04-20,480,VICI,-0.3778903149351627,0.9532803180914512,short,-0.0077409744262695,0.0,0.0080928802490234
2026-04-20,481,VLTO,-0.3778903149351627,0.955268389662028,short,-0.0075825452804565,-0.0118197798728942,-0.0454950928688049
2026-04-20,482,BALL,-0.3778903149351627,0.9572564612326044,short,-0.0108901858329772,-0.0321969985961914,-0.0304608345031738
2026-04-20,483,BG,-0.3778903149351627,0.9592445328031808,short,-0.0004768967628479,-0.0073909163475036,0.0042120218276977
2026-04-20,484,BLK,-0.3778903149351627,0.9612326043737576,short,0.0188138484954834,0.0020328760147094,0.0066261291503906
2026-04-20,485,BMY,-0.3778903149351627,0.963220675944334,short,-0.0099343061447143,-0.0114497542381286,-0.0190268158912658
2026-04-20,486,BRK.B,-0.3778903149351627,0.9652087475149106,short,-0.0066168904304504,0.0017502307891845,0.0206190347671508
2026-04-20,487,ATO,-0.3778903149351627,0.967196819085487,short,-0.0024052262306213,0.0137758255004882,0.0229597091674804
2026-04-20,488,AVB,-0.3778903149351627,0.9691848906560636,short,-0.0048216581344604,0.0013942718505859,0.0659928321838378
2026-04-20,489,AZO,-0.3778903149351627,0.9711729622266402,short,-0.0044894814491271,-0.0078393220901489,-0.0119488835334777
2026-04-20,490,ALL,-0.3778903149351627,0.9731610337972167,short,-0.0100767016410827,-0.0159932971000671,0.0002772808074951
2026-04-20,491,AME,-0.3778903149351627,0.9751491053677932,short,-0.0131882429122924,-0.0025263428688049,-0.0196539759635925
2026-04-20,492,AMGN,-0.3778903149351627,0.9771371769383698,short,0.0030738115310668,-0.0008988976478576,-0.0153394937515258
2026-04-20,493,AMT,-0.3778903149351627,0.9791252485089464,short,0.0088692903518676,0.019741415977478,0.0208286046981811
2026-04-20,494,AON,-0.3778903149351627,0.9811133200795228,short,-0.0252296924591064,-0.0422879457473754,-0.0406776070594787
2026-04-20,495,APD,-0.3778903149351627,0.9831013916500994,short,0.0067169666290283,0.0236786603927612,0.0290725231170654
2026-04-20,496,VMC,-0.3778903149351627,0.985089463220676,short,-0.0020983219146728,0.0046436786651611,0.0025453567504882
2026-04-20,497,VRTX,-0.3778903149351627,0.9870775347912524,short,0.0024737119674682,-0.0144299864768981,-0.0147735476493835
2026-04-20,498,VTR,-0.3778903149351627,0.989065606361829,short,-0.0244793891906738,0.0183899402618408,0.0664961338043212
2026-04-20,499,WBD,-0.3778903149351627,0.9910536779324056,short,0.0007323026657104,-0.008787989616394,-0.0131819248199462
2026-04-20,500,WEC,-0.3778903149351627,0.993041749502982,short,-0.0017609000205993,0.008980393409729,0.0193696022033691
2026-04-20,501,WELL,-0.3778903149351627,0.9950298210735586,short,-0.0324143767356872,0.0114346742630004,0.0379862785339355
2026-04-20,502,A,-0.3778903149351627,0.9970178926441352,short,-0.0132688879966735,-0.0535669922828674,-0.0591366291046142
2026-04-20,503,ZTS,-0.3778903149351627,0.9990059642147118,short,-0.005584716796875,-0.0110847949981689,-0.0129463672637939
2026-04-21,1,APA,0.3221089444320702,0.0009940357852882,long,0.0157645940780639,0.0097215175628662,0.0593799352645874
2026-04-21,2,LYB,0.3221089444320702,0.0029821073558648,long,-0.0177777409553527,-0.0136111378669738,0.0179166793823242
2026-04-21,3,LITE,0.3221089444320702,0.0049701789264413,long,-0.0305745601654052,-0.0159340500831604,-0.017490804195404
2026-04-21,4,OXY,0.3178177316365264,0.0069582504970178,long,0.0136722326278686,0.0038563013076782,0.0650306940078735
2026-04-21,5,CF,0.3178177316365264,0.0089463220675944,long,0.0255593061447143,0.0095541477203369,0.0352767705917358
2026-04-21,6,DELL,0.3111225090333261,0.0109343936381709,long,-0.0116934180259704,0.0061495304107666,-0.0418820977210998
2026-04-21,7,VRT,0.3039876099311022,0.0129224652087475,long,0.0544339418411254,0.0566624402999877,0.0034081935882568
2026-04-21,8,CVNA,0.2952017836926531,0.014910536779324,long,-0.0330382585525512,-0.0241368412971496,-0.0484656691551208
2026-04-21,9,ARES,0.2898836226485859,0.0168986083499005,long,-0.0517967939376831,-0.0732755064964294,-0.0841801166534423
2026-04-21,10,SNDK,0.2890109857440844,0.0188866799204771,long,-0.0476370453834533,0.0930780172348022,0.0869600772857666
2026-04-21,11,HOOD,0.2774003637565805,0.0208747514910536,long,-0.0552979707717895,-0.050661563873291,-0.1948434114456176
2026-04-21,12,COHR,0.2535934538469644,0.0228628230616302,long,-0.0364938974380493,-0.0825748443603515,-0.1299397945404052
2026-04-21,13,AXON,0.2437864048464438,0.0248508946322067,long,-0.0260696411132812,-0.0013890266418457,-0.006473958492279
2026-04-21,14,COIN,0.24272871251845,0.0268389662027833,long,-0.0402929186820983,-0.0463538169860839,-0.1188421845436096
2026-04-21,15,STX,0.2410554887430313,0.0288270377733598,long,0.0133476257324218,0.027557373046875,0.1093673706054687
2026-04-21,16,AKAM,0.2394879081959297,0.0308151093439363,long,-0.0095767974853515,-0.0121511816978454,0.0277005434036254
2026-04-21,17,KKR,0.2338957175207262,0.0328031809145129,long,-0.0404078364372253,-0.0492824912071228,-0.0623111724853515
2026-04-21,18,FDS,0.2338957175207262,0.0347912524850894,long,-0.0603163838386535,-0.0716463327407836,-0.0428476929664611
2026-04-21,19,INTU,0.2335860812319415,0.036779324055666,long,-0.0621023774147033,-0.0459038615226745,-0.0332778692245483
2026-04-21,20,SMCI,0.2325508151749977,0.0387673956262425,long,-0.0832762122154235,-0.0455791354179382,-0.0980123281478881
2026-04-21,21,CIEN,0.2248361811266931,0.040755467196819,long,0.0338296890258789,0.0147703886032104,-0.0472573041915893
2026-04-21,22,DASH,0.2203855103801975,0.0427435387673956,long,-0.0289131999015808,-0.0450431108474731,-0.0709936022758483
2026-04-21,23,BX,0.2203855103801975,0.0447316103379721,long,-0.0570415258407592,-0.0721498131752014,-0.0763123035430908
2026-04-21,24,TTD,0.217965543441072,0.0467196819085487,long,-0.0398980975151062,-0.0178268551826477,0.0343803167343139
2026-04-21,25,GLW,0.2131819186045109,0.0487077534791252,long,0.0043849945068359,-0.0044441819190979,-0.0999051928520202
2026-04-21,26,WDAY,0.2086625648654467,0.0506958250497017,long,-0.0942338109016418,-0.069273293018341,-0.0329383611679077
2026-04-21,27,WDC,0.203559529587373,0.0526838966202783,long,0.0360318422317504,0.0298894643783569,0.0608069896697998
2026-04-21,28,DOW,0.2006658079510737,0.0546719681908548,long,-0.0072147250175476,-0.018294334411621,0.0190671682357788
2026-04-21,29,FIX,0.1987139737922097,0.0566600397614314,long,0.0286577939987182,0.0403307676315307,-0.0002029538154602
2026-04-21,30,XYZ,0.1981485622412681,0.0586481113320079,long,-0.0354482531547546,-0.0168275833129882,-0.0419310331344604
2026-04-21,474,SRE,-0.3778903149351627,0.941351888667992,short,0.0165621042251586,0.0008660554885864,0.0028145313262939
2026-04-21,475,CNP,-0.3778903149351627,0.9433399602385686,short,0.0251662731170654,0.0182811021804809,0.0166192054748535
2026-04-21,476,BKR,-0.3778903149351627,0.9453280318091452,short,0.0311800241470336,0.0933802127838134,0.1002557277679443
2026-04-21,477,TDY,-0.3778903149351627,0.9473161033797216,short,-0.0075225830078125,-0.0018273591995239,-0.0397904515266418
2026-04-21,478,BRK.B,-0.3778903149351627,0.9493041749502982,short,0.0110657215118408,0.0159218311309814,0.0214439630508422
2026-04-21,479,CB,-0.3778903149351627,0.9512922465208749,short,0.0228928327560424,-0.0025504231452941,0.0009833574295043
2026-04-21,480,CINF,-0.3778903149351627,0.9532803180914512,short,0.0114872455596923,-0.0037890672683715,-0.0183436870574951
2026-04-21,481,TJX,-0.3778903149351627,0.955268389662028,short,-0.0007572174072265,-0.0062472820281982,-0.0151447653770446
2026-04-21,482,TRGP,-0.3778903149351627,0.9572564612326044,short,0.0134330987930297,0.0192624330520629,0.0566468238830566
2026-04-21,483,TRV,-0.3778903149351627,0.9592445328031808,short,0.0187283754348754,0.0068284273147583,0.0018894672393798
2026-04-21,484,CBOE,-0.3778903149351627,0.9612326043737576,short,0.0089762210845947,0.0033282041549682,0.0273995399475097
2026-04-21,485,USB,-0.3778903149351627,0.963220675944334,short,0.0005301237106323,-0.0111306905746459,-0.0075972080230712
2026-04-21,486,UNP,-0.3778903149351627,0.9652087475149106,short,0.0876504182815551,0.0782277584075927,0.0616680383682251
2026-04-21,487,TXT,-0.3778903149351627,0.967196819085487,short,0.0101721286773681,-0.0109545588493347,0.0035769939422607
2026-04-21,488,ALL,-0.3778903149351627,0.9691848906560636,short,0.0112065076828002,0.000186800956726,-0.0085450410842895
2026-04-21,489,AZO,-0.3778903149351627,0.9711729622266402,short,0.002008318901062,-0.0077242255210876,-0.0185042023658752
2026-04-21,490,AWK,-0.3778903149351627,0.9731610337972167,short,0.0292838811874389,0.0063296556472778,0.0064058303833007
2026-04-21,491,AVB,-0.3778903149351627,0.9751491053677932,short,0.0119082927703857,0.0173369646072387,0.0762360095977783
2026-04-21,492,APD,-0.3778903149351627,0.9771371769383698,short,0.0232173204421997,0.0189378261566162,0.0193421840667724
2026-04-21,493,ATO,-0.3778903149351627,0.9791252485089464,short,0.0291522741317749,0.0171515941619873,0.0176447629928588
2026-04-21,494,V,-0.3778903149351627,0.9811133200795228,short,-0.0077419877052307,-0.0052684545516967,0.0757170915603637
2026-04-21,495,VICI,-0.3778903149351627,0.9831013916500994,short,0.0109928846359252,0.0085105895996093,0.0141843557357788
2026-04-21,496,UDR,-0.3778903149351627,0.985089463220676,short,0.011590838432312,0.0008693933486938,0.0478122234344482
2026-04-21,497,UBER,-0.3778903149351627,0.9870775347912524,short,-0.0116433501243591,0.0091292858123779,-0.0146864056587219
2026-04-21,498,AME,-0.3778903149351627,0.989065606361829,short,0.0196996927261352,0.0108911991119384,-0.0112384557723999
2026-04-21,499,AON,-0.3778903149351627,0.9910536779324056,short,-0.0100960135459899,-0.0094229578971862,-0.0133696198463439
2026-04-21,500,VLTO,-0.3778903149351627,0.993041749502982,short,-0.0023595690727233,-0.0207865238189697,0.0052809715270996
2026-04-21,501,VZ,-0.3778903149351627,0.9950298210735586,short,0.026968240737915,0.0243583917617797,0.0137016773223876
2026-04-21,502,WBD,-0.3778903149351627,0.9970178926441352,short,-0.0157336592674255,-0.0186608433723449,-0.0102452039718627
2026-04-21,503,YUM,-0.3778903149351627,0.9990059642147118,short,0.0104991197586059,-0.0244562029838562,0.0049037933349609
2026-04-22,1,LITE,0.3221089444320702,0.0009940357852882,long,0.0410324335098266,-0.0655575394630432,0.0654512643814086
2026-04-22,2,INTC,0.3178177316365264,0.0029821073558648,long,0.2359988689422607,0.2656483650207519,0.414794921875
2026-04-22,3,DELL,0.31541372182887,0.0049701789264413,long,0.0186197757720947,-0.0292731523513793,-0.0150372385978698
2026-04-22,4,CCL,0.2708031314476864,0.0069582504970178,long,0.0195121765136718,-0.0131332278251647,-0.005253255367279
2026-04-22,5,SNDK,0.268187533362868,0.0089463220675944,long,0.0616346597671508,0.0749868154525756,0.1759703159332275
2026-04-22,6,TPL,0.2638593331064215,0.0109343936381709,long,-0.0005465149879455,-0.0187863111495971,0.010292649269104
2026-04-22,7,VRT,0.2604111716163478,0.0129224652087475,long,0.0053147077560424,-0.0519658327102661,0.0209479331970214
2026-04-22,8,COHR,0.2592093660101057,0.014910536779324,long,-0.0047085881233215,-0.0998282432556152,-0.0532160401344299
2026-04-22,9,BSX,0.2527911645104199,0.0168986083499005,long,-0.0551073551177978,-0.1102146506309509,-0.1230019927024841
2026-04-22,10,WDC,0.2328637912023583,0.0188866799204771,long,0.0021829605102539,-0.03009033203125,0.0778924226760864
2026-04-22,11,COIN,0.2290424594497907,0.0208747514910536,long,0.0092962980270385,-0.0193502306938171,-0.0513312220573425
2026-04-22,12,AXON,0.2243049550045894,0.0228628230616302,long,0.0114098787307739,0.0348155498504638,0.0232273340225219
2026-04-22,13,APP,0.214548412808685,0.0248508946322067,long,-0.0129467248916625,-0.0113173723220825,-0.0172182321548461
2026-04-22,14,ARES,0.2120661952618105,0.0268389662027833,long,0.003920555114746,-0.0154207944869995,0.0228263139724731
2026-04-22,15,TECH,0.2116764377150391,0.0288270377733598,long,0.0380268096923828,0.0250957012176513,0.0597701072692871
2026-04-22,16,AMD,0.2063183611387399,0.0308151093439363,long,0.1391282081604004,0.0585596561431884,0.1610060930252075
2026-04-22,17,STX,0.2055369896440138,0.0328031809145129,long,-0.0023314356803894,-0.0146182179450988,0.1463871002197265
2026-04-22,18,CIEN,0.2016669436262505,0.0347912524850894,long,0.0095958709716796,-0.0817291140556335,0.022739291191101
2026-04-22,19,FICO,0.1996844664811906,0.036779324055666,long,0.0254756212234497,0.0313750505447387,0.0461745262145996
2026-04-22,20,WDAY,0.1947352605974842,0.0387673956262425,long,0.0443882942199707,0.0567716360092163,0.0674108266830444
2026-04-22,21,NOW,0.1812226917505086,0.040755467196819,long,0.063576340675354,0.0673507452011108,0.0416371822357177
2026-04-22,22,EXPE,0.1809138859728351,0.0427435387673956,long,0.0042736530303955,-0.0327515006065368,-0.007988154888153
2026-04-22,23,GLW,0.179278721098849,0.0447316103379721,long,0.0376991033554077,-0.097050130367279,-0.0310324430465698
2026-04-22,24,GEV,0.1737853783154224,0.0467196819085487,long,-0.000295877456665,-0.0527171492576599,-0.057475745677948
2026-04-22,25,HOOD,0.1654363208336919,0.0487077534791252,long,0.0140053033828735,-0.0175963640213012,-0.12748384475708
2026-04-22,26,CSGP,0.1654148494588347,0.0506958250497017,long,-0.0251471996307373,-0.0379883050918579,-0.074103832244873
2026-04-22,27,CF,0.1644308043973976,0.0526838966202783,long,-0.037104845046997,-0.0261167287826538,-0.0110677480697631
2026-04-22,28,BAX,0.1625907361453785,0.0546719681908548,long,-0.0135795474052429,-0.0255295634269714,-0.0450841784477233
2026-04-22,29,LYB,0.1588283621636985,0.0566600397614314,long,-0.0120192170143127,0.0107465982437133,0.0548641681671142
2026-04-22,30,CVNA,0.1558679323240025,0.0586481113320079,long,0.0150364637374877,0.0084363222122192,-0.0179147720336914
2026-04-22,474,CMCSA,-0.3778903149351627,0.941351888667992,short,-0.1289507150650024,-0.1264222264289856,-0.1453855633735656
2026-04-22,475,CINF,-0.3778903149351627,0.9433399602385686,short,-0.0220001935958862,-0.0191460847854614,-0.0272326469421386
2026-04-22,476,TSN,-0.3778903149351627,0.9453280318091452,short,-0.0183964967727661,-0.0171700716018676,-0.0177832841873168
2026-04-22,477,CI,-0.3778903149351627,0.9473161033797216,short,-0.0145859718322753,0.0185900926589965,0.038824439048767
2026-04-22,478,TRMB,-0.3778903149351627,0.9493041749502982,short,0.0046240091323852,-0.0059666037559509,0.0041766166687011
2026-04-22,479,CCI,-0.3778903149351627,0.9512922465208749,short,-0.0134826302528381,-0.0154250264167785,0.0143967866897583
2026-04-22,480,V,-0.3778903149351627,0.9532803180914512,short,0.0017483234405517,0.0013597011566162,0.0678579807281494
2026-04-22,481,VICI,-0.3778903149351627,0.955268389662028,short,-0.0031567811965942,0.0049105882644653,0.0242021083831787
2026-04-22,482,BALL,-0.3778903149351627,0.9572564612326044,short,-0.0285171270370483,-0.0267744064331054,-0.0323193669319152
2026-04-22,483,BLK,-0.3778903149351627,0.9592445328031808,short,-0.008068561553955,-0.0035216808319091,0.0115143060684204
2026-04-22,484,BMY,-0.3778903149351627,0.9612326043737576,short,-0.0052524805068969,-0.0128770470619201,0.0266011953353881
2026-04-22,485,TXT,-0.3778903149351627,0.963220675944334,short,-0.0266681909561157,-0.0246763825416564,0.0618567466735839
2026-04-22,486,UNP,-0.3778903149351627,0.9652087475149106,short,-0.0094374418258667,-0.0129765272140502,-0.0065619945526123
2026-04-22,487,USB,-0.3778903149351627,0.967196819085487,short,-0.018541395664215,-0.0074166059494018,0.0005297660827636
2026-04-22,488,AVB,-0.3778903149351627,0.9691848906560636,short,-0.0055956244468688,0.0585520267486572,0.0556676387786865
2026-04-22,489,ATO,-0.3778903149351627,0.9711729622266402,short,-0.0125659108161926,-0.0036206245422363,0.0115542411804199
2026-04-22,490,APD,-0.3778903149351627,0.9731610337972167,short,-0.0062242150306701,-0.000987946987152,-0.0118557810783386
2026-04-22,491,AZO,-0.3778903149351627,0.9751491053677932,short,-0.0053625106811523,-0.0094823241233825,0.0296981334686279
2026-04-22,492,ALL,-0.3778903149351627,0.9771371769383698,short,-0.0169929265975952,-0.0007388591766357,0.0032323598861694
2026-04-22,493,AME,-0.3778903149351627,0.9791252485089464,short,-0.0087234377861022,-0.0257446765899658,0.0021276473999023
2026-04-22,494,AMGN,-0.3778903149351627,0.9811133200795228,short,-0.0116746425628662,-0.0259594917297363,-0.0067982077598571
2026-04-22,495,AWK,-0.3778903149351627,0.9831013916500994,short,-0.0188931226730346,-0.0170408487319946,-0.0485293269157409
2026-04-22,496,AMT,-0.3778903149351627,0.985089463220676,short,-0.0044689774513244,-0.0034076571464538,0.0206693410873413
2026-04-22,497,VLTO,-0.3778903149351627,0.9870775347912524,short,-0.001914620399475,-0.0359274744987487,-0.0066449642181396
2026-04-22,498,VZ,-0.3778903149351627,0.989065606361829,short,-0.0177890658378601,0.0004235506057739,0.0171537399291992
2026-04-22,499,WBD,-0.3778903149351627,0.9910536779324056,short,0.0063197612762451,0.0018588304519653,0.0055762529373168
2026-04-22,500,YUM,-0.3778903149351627,0.993041749502982,short,-0.0027996897697448,-0.026566207408905,-0.0067193508148193
2026-04-22,501,ZBH,-0.3778903149351627,0.9950298210735586,short,-0.0127650499343872,-0.10428386926651,-0.1082864999771118
2026-04-22,502,AAPL,-0.3778903149351627,0.9970178926441352,short,-0.0086676478385925,-0.0099477171897888,-0.0076070427894592
2026-04-22,503,A,-0.3778903149351627,0.9990059642147118,short,0.0098758935928344,0.0039329528808593,0.0098758935928344
2026-04-23,1,LITE,0.288504534285488,0.0009940357852882,long,-0.0249081254005432,-0.0264506936073303,0.0774579048156738
2026-04-23,2,CCL,0.288504534285488,0.0029821073558648,long,-0.0147221088409423,-0.0585204362869262,-0.018770694732666
2026-04-23,3,TTD,0.288504534285488,0.0049701789264413,long,-0.0346266031265258,0.0166876316070556,0.0112640857696533
2026-04-23,4,DELL,0.288504534285488,0.0069582504970178,long,-0.0005552768707275,-0.0482668876647949,-0.0273959636688232
2026-04-23,5,COHR,0.2808705250242826,0.0089463220675944,long,-0.0433217287063598,-0.0927132964134216,-0.0196078419685363
2026-04-23,6,ARES,0.2752466637080524,0.0109343936381709,long,-0.026468813419342,-0.0379241704940795,0.0327171087265014
2026-04-23,7,SMCI,0.2735524314269671,0.0129224652087475,long,-0.0422971248626709,-0.0949106216430664,-0.0684319138526916
2026-04-23,8,LYB,0.2686931693854974,0.014910536779324,long,0.0164591073989868,0.048948049545288,0.0732789039611816
2026-04-23,9,INTC,0.2679183245127011,0.0168986083499005,long,0.0296825170516967,0.147928237915039,0.2069300413131714
2026-04-23,10,SNDK,0.2651808819828575,0.0188866799204771,long,0.0811191797256469,0.0750681161880493,0.1991109848022461
2026-04-23,11,CF,0.2625226898883827,0.0208747514910536,long,0.0223269462585449,0.048375129699707,0.0145539045333862
2026-04-23,12,AXON,0.259826280632702,0.0228628230616302,long,0.0137741565704345,0.008612036705017,0.0130691528320312
2026-04-23,13,CVNA,0.2444090866087579,0.0248508946322067,long,-0.0057445168495178,-0.030531883239746,-0.0647305846214294
2026-04-23,14,PSKY,0.2371620050727911,0.0268389662027833,long,-0.0346399545669555,-0.0574293732643127,0.0109388828277587
2026-04-23,15,BX,0.2371620050727911,0.0288270377733598,long,-0.0105220079421997,-0.0149609446525573,0.0386353731155395
2026-04-23,16,CRL,0.2349892165601184,0.0308151093439363,long,0.0084216594696044,-0.0351001620292663,-0.0236749649047851
2026-04-23,17,CIEN,0.2349376347198637,0.0328031809145129,long,-0.0277649760246276,-0.0871927142143249,0.0278226137161254
2026-04-23,18,HOOD,0.2328567105813767,0.0347912524850894,long,-0.0089718103408813,-0.1594853401184082,-0.1304450035095214
2026-04-23,19,MPWR,0.2285847882492568,0.036779324055666,long,-0.0272601246833801,-0.0644707083702087,-0.0297660827636718
2026-04-23,20,FIX,0.2270792144920806,0.0387673956262425,long,0.0393483638763427,-0.0011470913887023,0.0816282033920288
2026-04-23,21,APP,0.2268981536201775,0.040755467196819,long,0.0267683267593383,-0.0108412504196167,0.0261214971542358
2026-04-23,22,COIN,0.2268981536201775,0.0427435387673956,long,-0.0154678225517272,-0.090303897857666,-0.0426490902900695
2026-04-23,23,DASH,0.2268981536201775,0.0447316103379721,long,-0.0153863430023193,-0.0421427488327026,-0.0053173303604125
2026-04-23,24,POOL,0.2244380312531212,0.0467196819085487,long,-0.0312620997428894,-0.0986454486846923,-0.1051816940307617
2026-04-23,25,FICO,0.2231421893903029,0.0487077534791252,long,0.0090672969818115,0.0386674404144287,0.0306354761123657
2026-04-23,26,TER,0.2174660780818959,0.0506958250497017,long,-0.0384615063667297,-0.2672933340072632,-0.1737944483757019
2026-04-23,27,APO,0.2129783745629307,0.0526838966202783,long,-0.0074843168258666,-0.0159343481063842,0.0498954057693481
2026-04-23,28,ON,0.2095056142634961,0.0546719681908548,long,-0.0036585330963134,0.0046747922897338,0.0470528602600097
2026-04-23,29,INTU,0.2086080178359829,0.0566600397614314,long,-0.0152291655540466,-0.0021973252296447,0.0078040361404418
2026-04-23,30,KKR,0.2061574940363153,0.0586481113320079,long,-0.0110969543457031,-0.0246489644050598,0.018167495727539
2026-04-23,474,BG,-0.3453745849196203,0.941351888667992,short,-0.0068855285644531,0.0112890005111694,-0.0023218393325805
2026-04-23,475,BALL,-0.3453745849196203,0.9433399602385686,short,-0.0040769577026367,-0.016797125339508,0.0001630783081054
2026-04-23,476,TRV,-0.3453745849196203,0.9453280318091452,short,0.0033361911773681,-0.0015856027603149,0.0065734386444091
2026-04-23,477,TSN,-0.3453745849196203,0.9473161033797216,short,-0.0065593719482421,-0.0070279240608215,-0.0054661631584167
2026-04-23,478,TGT,-0.3453745849196203,0.9493041749502982,short,0.0035587549209594,-0.0107534527778625,-0.0028623938560485
2026-04-23,479,TRGP,-0.3453745849196203,0.9512922465208749,short,0.0024927854537963,0.039262056350708,0.0564626455307006
2026-04-23,480,TJX,-0.3453745849196203,0.9532803180914512,short,0.0028656721115112,-0.0061134099960327,-0.0012736320495605
2026-04-23,481,BRK.B,-0.3453745849196203,0.955268389662028,short,0.0074362754821777,0.0129122734069824,0.0078624486923217
2026-04-23,482,TDY,-0.3453745849196203,0.9572564612326044,short,0.0104982852935791,-0.027933657169342,-0.0128722786903381
2026-04-23,483,STZ,-0.3453745849196203,0.9592445328031808,short,-0.0058974027633666,-0.0358974933624267,-0.0203845500946044
2026-04-23,484,BRO,-0.3453745849196203,0.9612326043737576,short,0.0033384561538696,-0.0646434426307678,-0.1254931688308715
2026-04-23,485,USB,-0.3453745849196203,0.963220675944334,short,0.007016897201538,0.0106152296066284,0.0129542350769042
2026-04-23,486,TXT,-0.3453745849196203,0.9652087475149106,short,0.0059118270874023,0.0206912755966186,0.0768531560897827
2026-04-23,487,BMY,-0.3453745849196203,0.967196819085487,short,-0.0158405900001525,-0.0190768241882324,-0.0083460807800292
2026-04-23,488,AMGN,-0.3453745849196203,0.9691848906560636,short,-0.0126832127571105,-0.0189522504806518,-0.0427513718605041
2026-04-23,489,AME,-0.3453745849196203,0.9711729622266402,short,8.58306884765625e-05,-0.0218072533607482,-0.010603129863739
2026-04-23,490,ALL,-0.3453745849196203,0.9731610337972167,short,0.0062006711959838,-0.002583622932434,0.0174275636672973
2026-04-23,491,AZO,-0.3453745849196203,0.9751491053677932,short,-0.0043740272521972,-0.0151903629302978,0.0045194625854492
2026-04-23,492,AVB,-0.3453745849196203,0.9771371769383698,short,0.0110220909118652,0.0695555210113525,0.064218521118164
2026-04-23,493,V,-0.3453745849196203,0.9791252485089464,short,0.0007432699203491,0.0822182893753051,0.0601447820663452
2026-04-23,494,VICI,-0.3453745849196203,0.9811133200795228,short,0.0007036924362182,0.006333589553833,0.0056297779083251
2026-04-23,495,APD,-0.3453745849196203,0.9831013916500994,short,0.0020545721054077,0.0024522542953491,-0.0022866129875183
2026-04-23,496,UDR,-0.3453745849196203,0.985089463220676,short,-0.006614863872528,0.039976954460144,0.0465918779373168
2026-04-23,497,AON,-0.3453745849196203,0.9870775347912524,short,0.0082206726074218,0.0042036771774291,-0.0299869179725646
2026-04-23,498,AMT,-0.3453745849196203,0.989065606361829,short,-0.0163290500640869,-0.000112235546112,0.0190786123275756
2026-04-23,499,WBD,-0.3453745849196203,0.9910536779324056,short,-0.0092353224754333,-0.0007388591766357,-0.0036941170692443
2026-04-23,500,YUM,-0.3453745849196203,0.993041749502982,short,-0.0318816900253295,-0.0027452111244201,-0.0119790434837341
2026-04-23,501,ZBH,-0.3453745849196203,0.9950298210735586,short,0.0145736932754516,-0.122616708278656,-0.0916063785552978
2026-04-23,502,AAPL,-0.3453745849196203,0.9970178926441352,short,-0.0127278566360473,-0.0032833218574523,0.0334981679916381
2026-04-23,503,ZTS,-0.3453745849196203,0.9990059642147118,short,0.0085564851760864,-0.0260118246078491,-0.0231881737709045
2026-04-24,1,COHR,0.3901313017095654,0.0009940357852882,long,-0.0546138882637023,-0.0056604743003845,0.0260007381439209
2026-04-24,2,DELL,0.3878755505311897,0.0029821073558648,long,-0.0464879870414733,-0.0325045585632324,-0.0200490951538085
2026-04-24,3,APA,0.3745979412453792,0.0049701789264413,long,0.0057246685028076,0.0598490238189697,0.0934165716171264
2026-04-24,4,LITE,0.3672312935060656,0.0069582504970178,long,-0.0794597864151001,0.0495998859405517,0.1355155706405639
2026-04-24,5,TTD,0.3534096052272373,0.0089463220675944,long,0.0038893222808837,0.019446849822998,0.0414866209030151
2026-04-24,6,SNDK,0.3335418459949621,0.0109343936381709,long,-0.0633993744850158,0.0245842933654785,0.1734815835952758
2026-04-24,7,SMCI,0.3295085442602057,0.0129224652087475,long,-0.0215439796447753,-0.0161580443382263,0.0025134086608886
2026-04-24,8,WDAY,0.3290229875634328,0.014910536779324,long,0.0284308195114135,0.0387847423553466,0.0853772163391113
2026-04-24,9,LYB,0.3163474993026431,0.0168986083499005,long,0.0064771175384521,0.0504083633422851,0.0706844329833984
2026-04-24,10,INTC,0.3034822192897363,0.0188866799204771,long,-0.0055300593376159,0.1116602420806884,0.1269561052322387
2026-04-24,11,AXON,0.29624408838249,0.0208747514910536,long,0.0092401504516601,-0.0020616054534912,-0.0219578146934509
2026-04-24,12,CF,0.2908123120881118,0.0228628230616302,long,-0.0106770396232604,0.004610538482666,0.0182803869247436
2026-04-24,13,WDC,0.2829310928696786,0.0248508946322067,long,-0.0243057012557983,0.0843210220336914,0.1038852930068969
2026-04-24,14,APP,0.2826128605406402,0.0268389662027833,long,-0.024462878704071,-0.0302852392196655,0.0319581031799316
2026-04-24,15,PSKY,0.2817763052021126,0.0288270377733598,long,-0.0066099762916564,-0.0330500602722168,0.0509915351867675
2026-04-24,16,TER,0.280031677178391,0.0308151093439363,long,-0.0544029474258422,-0.1455970406532287,-0.160597026348114
2026-04-24,17,TECH,0.279604277997108,0.0328031809145129,long,-0.0290328860282897,0.0038105249404907,-0.0067138075828552
2026-04-24,18,CVNA,0.2788231789567829,0.0347912524850894,long,-0.0007621645927429,-0.0268729329109191,-0.0742016434669494
2026-04-24,19,VRT,0.2696914159674476,0.036779324055666,long,-0.0539652109146118,0.0187947750091552,0.0264863967895507
2026-04-24,20,CIEN,0.2687440087205307,0.0387673956262425,long,-0.0644823312759399,0.0419480800628662,0.0635343790054321
2026-04-24,21,MPWR,0.2675831116754585,0.040755467196819,long,-0.0525897741317749,0.0169063806533813,-0.0089884996414184
2026-04-24,22,CNC,0.2648893308150372,0.0427435387673956,long,0.1395401954650879,0.2342528104782104,0.2312643527984619
2026-04-24,23,FICO,0.2583246217944761,0.0447316103379721,long,-0.0032845735549926,0.0110175609588623,0.0455402135848999
2026-04-24,24,ON,0.2564504345231516,0.0467196819085487,long,-0.0483475923538208,0.0282537937164306,0.0407996177673339
2026-04-24,25,AMD,0.2555457866906078,0.0487077534791252,long,-0.0341272950172424,0.0593490600585937,0.0206496715545654
2026-04-24,26,GEV,0.2520991865524045,0.0506958250497017,long,-0.0279406309127807,-0.032823622226715,-0.0413129925727844
2026-04-24,27,FIX,0.2487619642725914,0.0526838966202783,long,-0.0417103767395019,0.0257574319839477,0.0545750856399536
2026-04-24,28,INTU,0.2456526614621732,0.0546719681908548,long,0.0268260240554809,-0.0036417841911315,0.0437781810760498
2026-04-24,29,NOW,0.2429210325080464,0.0566600397614314,long,0.0004422664642333,-0.0236594676971435,0.0168049335479736
2026-04-24,30,CCL,0.2402484499620566,0.0586481113320079,long,-0.0175570249557495,-0.0097123980522155,-0.0410907864570617
2026-04-24,474,CBOE,-0.4539115754746275,0.941351888667992,short,0.0174239873886108,0.0055286884307861,0.1356050968170166
2026-04-24,475,CB,-0.4539115754746275,0.9433399602385686,short,0.0176832675933837,0.0073937177658081,0.0016019344329833
2026-04-24,476,BRK.B,-0.4539115754746275,0.9453280318091452,short,0.0113153457641601,0.0016708374023437,-0.0090734362602233
2026-04-24,477,BRO,-0.4539115754746275,0.9473161033797216,short,-0.0450696349143981,-0.090290367603302,-0.1282517313957214
2026-04-24,478,TRMB,-0.4539115754746275,0.9493041749502982,short,-0.0078904032707214,0.0022331476211547,0.0200982093811035
2026-04-24,479,TRV,-0.4539115754746275,0.9512922465208749,short,0.0206755399703979,0.0046092271804809,-0.0072759389877319
2026-04-24,480,TJX,-0.4539115754746275,0.9532803180914512,short,-0.0017780065536499,-0.0046354532241821,-0.0180340409278869
2026-04-24,481,TRGP,-0.4539115754746275,0.955268389662028,short,0.0293422937393188,0.0778731107711792,0.0733143091201782
2026-04-24,482,VICI,-0.4539115754746275,0.9572564612326044,short,0.0073839426040649,0.0267229080200195,-0.0123066306114196
2026-04-24,483,V,-0.4539115754746275,0.9592445328031808,short,-0.0011303424835205,0.0652027130126953,0.0555466413497924
2026-04-24,484,UDR,-0.4539115754746275,0.9612326043737576,short,0.0483497381210327,0.0521134138107299,0.0526925325393676
2026-04-24,485,BMY,-0.4539115754746275,0.963220675944334,short,0.0083073377609252,0.0486327409744262,-0.0069227814674377
2026-04-24,486,TTWO,-0.4539115754746275,0.9652087475149106,short,-0.0035552978515625,-4.684925079345703e-05,0.0533751249313354
2026-04-24,487,UBER,-0.4539115754746275,0.967196819085487,short,-0.0283203721046447,-0.0217647552490234,-0.0306804180145263
2026-04-24,488,ALL,-0.4539115754746275,0.9691848906560636,short,0.0102707147598266,0.0142856836318969,0.0264705419540405
2026-04-24,489,AWK,-0.4539115754746275,0.9711729622266402,short,0.0053803920745849,-0.0268263816833496,-0.0387239456176757
2026-04-24,490,ATO,-0.4539115754746275,0.9731610337972167,short,0.0081349611282348,0.0234888792037963,0.0115828514099121
2026-04-24,491,AVB,-0.4539115754746275,0.9751491053677932,short,0.052903413772583,0.0500344038009643,0.0468212366104126
2026-04-24,492,APD,-0.4539115754746275,0.9771371769383698,short,0.0032079219818115,-0.0077055692672729,-0.0133275985717773
2026-04-24,493,USB,-0.4539115754746275,0.9791252485089464,short,0.0042879581451416,0.012328028678894,-0.0130426883697509
2026-04-24,494,AON,-0.4539115754746275,0.9811133200795228,short,-0.0064858794212341,-0.0374637246131897,-0.0273641943931579
2026-04-24,495,AME,-0.4539115754746275,0.9831013916500994,short,-0.0172554850578308,0.010859727859497,-0.0109027028083801
2026-04-24,496,VLTO,-0.4539115754746275,0.985089463220676,short,-0.0177854895591735,0.0120481252670288,0.0125070810317993
2026-04-24,497,AMGN,-0.4539115754746275,0.9870775347912524,short,-0.0017931461334228,0.01784348487854,-0.0480039715766906
2026-04-24,498,AMT,-0.4539115754746275,0.989065606361829,short,0.0176838636398315,0.0422704219818115,0.03183114528656
2026-04-24,499,VZ,-0.4539115754746275,0.9910536779324056,short,0.0029724836349487,0.0197452306747436,0.0099787712097167
2026-04-24,500,WBD,-0.4539115754746275,0.993041749502982,short,0.0048471689224243,0.0085756778717041,0.0052199363708496
2026-04-24,501,WAB,-0.4539115754746275,0.9950298210735586,short,-0.015118658542633,0.0099917650222778,-0.0187111496925354
2026-04-24,502,YUM,-0.4539115754746275,0.9970178926441352,short,0.0083135366439819,0.0288715362548828,-0.0049623250961303
2026-04-24,503,AAPL,-0.4539115754746275,0.9990059642147118,short,0.0115840435028076,0.0139756202697753,0.0344531536102294
2026-04-27,1,INTC,0.316980085141634,0.0009940357852882,long,0.1210365295410156,0.1786559820175171,0.2795789241790771
2026-04-27,2,COHR,0.316980085141634,0.0029821073558648,long,0.0031582117080688,0.0839885473251342,0.1044840812683105
2026-04-27,3,DELL,0.3139019506859478,0.0049701789264413,long,-0.0013110637664794,0.0205895900726318,0.0504541397094726
2026-04-27,4,LITE,0.2984807660298274,0.0069582504970178,long,0.0846000909805297,0.2003613710403442,0.2567572593688965
2026-04-27,5,SMCI,0.2847796508536366,0.0089463220675944,long,-0.0341284275054931,-0.0058715343475341,0.0212843418121337
2026-04-27,6,AMD,0.2716215970379458,0.0109343936381709,long,0.0430060625076293,0.1154977083206176,0.0991616249084472
2026-04-27,7,TTD,0.2679577337915257,0.0129224652087475,long,0.0490745306015014,0.04347825050354,0.059406042098999
2026-04-27,8,VRT,0.2617820016887237,0.014910536779324,long,0.003770112991333,0.0763204097747802,0.1179883480072021
2026-04-27,9,FICO,0.2612477295886862,0.0168986083499005,long,0.0327262878417968,0.0247402191162109,0.0551905632019043
2026-04-27,10,MPWR,0.2605468981524769,0.0188866799204771,long,0.015132188796997,0.0527898073196411,0.0558747053146362
2026-04-27,11,WDC,0.2588081038403092,0.0208747514910536,long,0.0556792020797729,0.103659987449646,0.1899538040161132
2026-04-27,12,TER,0.2537591551698357,0.0228628230616302,long,-0.1941441297531128,-0.0913108587265014,-0.060584545135498
2026-04-27,13,MCHP,0.2536723859987613,0.0248508946322067,long,0.07014000415802,0.1150010824203491,0.1687633991241455
2026-04-27,14,WDAY,0.2527008062134543,0.0268389662027833,long,0.0103151798248291,0.0476976633071899,0.0635005235671997
2026-04-27,15,APP,0.2503056591066344,0.0288270377733598,long,-0.012471318244934,0.0244303941726684,0.0647617578506469
2026-04-27,16,CNC,0.2489389943592693,0.0308151093439363,long,0.0889650583267211,0.0760540962219238,0.0687916278839111
2026-04-27,17,COIN,0.2474335234873284,0.0328031809145129,long,-0.0637300610542297,-0.014683187007904,0.0188046693801879
2026-04-27,18,GEV,0.2472862867127405,0.0347912524850894,long,-0.0237113833427429,-0.023858368396759,0.0057669878005981
2026-04-27,19,SNDK,0.2470844718013513,0.036779324055666,long,0.0617150068283081,0.184217095375061,0.4030228853225708
2026-04-27,20,Q,0.2406659364842956,0.0387673956262425,long,0.0269641876220703,0.0417182445526123,0.0645395517349243
2026-04-27,21,FIX,0.2368303945723155,0.040755467196819,long,0.002867579460144,0.0859755277633667,0.1442698240280151
2026-04-27,22,PSKY,0.2301337431322197,0.0427435387673956,long,-0.0171102881431579,0.0541825294494628,0.0133079290390014
2026-04-27,23,HOOD,0.2269497724896493,0.0447316103379721,long,-0.1324479579925537,-0.1024734377861023,-0.0614110231399536
2026-04-27,24,NOW,0.2226812383793268,0.0467196819085487,long,-0.0176814794540405,0.0074042081832885,0.0167975425720214
2026-04-27,25,INTU,0.2204189209920992,0.0487077534791252,long,-0.0132374763488769,-0.0033468008041381,-0.0051451325416564
2026-04-27,26,ON,0.2191251536200638,0.0506958250497017,long,0.0595927238464355,0.1042871475219726,0.1004287004470825
2026-04-27,27,DASH,0.2161320519211248,0.0526838966202783,long,-0.0153515338897705,0.0225038528442382,-0.0339012742042541
2026-04-27,28,BX,0.2053646391032444,0.0546719681908548,long,-0.0139071345329284,0.0397465229034423,0.009874939918518
2026-04-27,29,LYB,0.1999964555810039,0.0566600397614314,long,0.0253217220306396,0.0491045713424682,0.0878567695617675
2026-04-27,30,TECH,0.1997421135747155,0.0586481113320079,long,-0.0291534066200256,0.0282191038131713,0.0592412948608398
2026-04-27,474,CHD,-0.3769152459033357,0.941351888667992,short,-0.0090647339820861,-0.0109188556671142,-0.0365678071975708
2026-04-27,475,CINF,-0.3769152459033357,0.9433399602385686,short,-0.0105480551719665,-0.0176406502723693,-0.0279461741447448
2026-04-27,476,TPR,-0.3769152459033357,0.9453280318091452,short,-0.0155727863311767,-0.0076473355293273,-0.0170328021049499
2026-04-27,477,TRGP,-0.3769152459033357,0.9473161033797216,short,0.0071264505386352,0.0237951278686523,0.0456979274749755
2026-04-27,478,TRMB,-0.3769152459033357,0.9493041749502982,short,-0.0054021477699279,0.0267106294631958,0.0259604454040527
2026-04-27,479,TRV,-0.3769152459033357,0.9512922465208749,short,-0.0250628590583801,-0.0170956254005432,-0.0279659032821655
2026-04-27,480,TJX,-0.3769152459033357,0.9532803180914512,short,-0.0071882009506225,-0.0023536682128906,-0.0142493247985839
2026-04-27,481,CPT,-0.3769152459033357,0.955268389662028,short,-0.00575852394104,-0.0139715075492858,-0.0113282203674316
2026-04-27,482,COST,-0.3769152459033357,0.9572564612326044,short,0.0046981573104858,0.0178068876266479,0.0225553512573242
2026-04-27,483,DIS,-0.3769152459033357,0.9592445328031808,short,-0.0016753673553466,0.0158667564392089,-0.0097565650939941
2026-04-27,484,DD,-0.3769152459033357,0.9612326043737576,short,-0.0156629681587219,0.0200749635696411,0.0862563848495483
2026-04-27,485,BALL,-0.3769152459033357,0.963220675944334,short,-0.0185577273368835,-0.0016278624534606,-0.0703239440917968
2026-04-27,486,BG,-0.3769152459033357,0.9652087475149106,short,-0.0003957152366638,-0.0138493180274963,0.0318138599395751
2026-04-27,487,CB,-0.3769152459033357,0.967196819085487,short,-0.0138947367668151,-0.0124719738960266,-0.0235211849212646
2026-04-27,488,AWK,-0.3769152459033357,0.9691848906560636,short,-0.0052762031555175,-0.0398733615875244,-0.0498982071876525
2026-04-27,489,AVB,-0.3769152459033357,0.9711729622266402,short,0.0047410726547241,-0.000272512435913,0.0095367431640625
2026-04-27,490,ATO,-0.3769152459033357,0.9731610337972167,short,-0.0075883269309997,0.0075348615646362,0.0006412267684936
2026-04-27,491,APD,-0.3769152459033357,0.9751491053677932,short,-0.0028020739555358,-0.0075160861015319,0.0019119977951049
2026-04-27,492,V,-0.3769152459033357,0.9771371769383698,short,0.0826382637023925,0.0605561733245849,0.0411574840545654
2026-04-27,493,VICI,-0.3769152459033357,0.9791252485089464,short,-0.0017451643943786,-0.002443253993988,-0.0132635235786437
2026-04-27,494,USB,-0.3769152459033357,0.9811133200795228,short,-0.0007116198539733,0.0016010999679565,-0.0108521580696105
2026-04-27,495,TXT,-0.3769152459033357,0.9831013916500994,short,0.0186067819595336,0.0746539831161499,0.0395960807800293
2026-04-27,496,CBOE,-0.3769152459033357,0.985089463220676,short,0.0064549446105957,0.0768014192581176,0.1328547000885009
2026-04-27,497,BLK,-0.3769152459033357,0.9870775347912524,short,-0.0098879933357238,0.0113550424575805,-0.0008096694946289
2026-04-27,498,AZO,-0.3769152459033357,0.989065606361829,short,-0.011094331741333,0.008697509765625,-0.0062221884727478
2026-04-27,499,AME,-0.3769152459033357,0.9910536779324056,short,-0.0047171711921691,0.0066826343536376,0.0244158506393432
2026-04-27,500,AON,-0.3769152459033357,0.993041749502982,short,0.0025180578231811,-0.0316151976585388,-0.0221648812294006
2026-04-27,501,WAB,-0.3769152459033357,0.9950298210735586,short,-0.0068774223327636,0.0067255496978759,0.0009880065917968
2026-04-27,502,WBD,-0.3769152459033357,0.9970178926441352,short,0.0037105083465576,0.0007420778274536,0.0100184679031372
2026-04-27,503,AAPL,-0.3769152459033357,0.9990059642147118,short,-0.0019946694374084,0.0348343849182128,0.0497580766677856
2026-04-28,1,INTC,0.316980085141634,0.0009940357852882,long,-0.0028495788574218,0.0108706951141357,0.1927176713943481
2026-04-28,2,ON,0.316980085141634,0.0029821073558648,long,0.0197248458862304,0.0321667194366455,0.0698968172073364
2026-04-28,3,COHR,0.316980085141634,0.0049701789264413,long,0.048470139503479,0.0818549394607544,0.1303250789642334
2026-04-28,4,AMD,0.316980085141634,0.0069582504970178,long,0.0515558719635009,0.0131411552429199,0.2500075101852417
2026-04-28,5,VRT,0.316980085141634,0.0089463220675944,long,0.072865605354309,0.080965518951416,0.1722517013549804
2026-04-28,6,DELL,0.3121599243310676,0.0109343936381709,long,0.015997290611267,0.0290770530700683,0.1611397266387939
2026-04-28,7,LITE,0.29604614238287,0.0129224652087475,long,0.0512629747390747,0.1373146772384643,0.1001491546630859
2026-04-28,8,WDC,0.2789195058892337,0.014910536779324,long,0.0527182817459106,0.0717122554779052,0.1705348491668701
2026-04-28,9,GLW,0.2660959710270245,0.0168986083499005,long,0.08123779296875,0.0530613660812377,0.1953259706497192
2026-04-28,10,CIEN,0.259386642811132,0.0188866799204771,long,0.1097835302352905,0.1327751874923706,0.2132984399795532
2026-04-28,11,SMCI,0.2574991904531479,0.0208747514910536,long,0.041033387184143,0.0607903003692626,0.3168692588806152
2026-04-28,12,SNDK,0.2544226902154502,0.0228628230616302,long,0.0303511619567871,0.180086612701416,0.3249076604843139
2026-04-28,13,TER,0.2537591551698357,0.0248508946322067,long,0.121241807937622,0.1015572547912597,0.2485882043838501
2026-04-28,14,MCHP,0.2537591551698357,0.0268389662027833,long,0.0303871631622314,0.0568926334381103,0.1413996219635009
2026-04-28,15,APP,0.2503056591066344,0.0288270377733598,long,0.0065850019454956,0.0711950063705444,0.0572807788848876
2026-04-28,16,KLAC,0.2477551017325936,0.0308151093439363,long,-0.0362623333930969,-0.0566509366035461,4.410743713378906e-05
2026-04-28,17,GEV,0.24479793915531,0.0328031809145129,long,0.0191419124603271,0.0101964473724365,0.0525345802307128
2026-04-28,18,COIN,0.2427336400843662,0.0347912524850894,long,0.0332361459732055,0.1169867515563964,0.0893083810806274
2026-04-28,19,PSKY,0.2424832125807738,0.036779324055666,long,-0.0096712112426757,0.0764023065567016,0.0551257133483886
2026-04-28,20,Q,0.2386300729708775,0.0387673956262425,long,-0.0045293569564819,-0.0016985535621643,0.057607889175415
2026-04-28,21,FICO,0.2339672691881975,0.040755467196819,long,-0.0177946090698242,0.0157440900802612,0.0224518775939941
2026-04-28,22,FIX,0.2279255735760984,0.0427435387673956,long,0.0673437118530273,0.0973296165466308,0.1666628122329712
2026-04-28,23,MU,0.2222668951859558,0.0447316103379721,long,-0.0025075078010559,0.1118505001068115,0.2857115268707275
2026-04-28,24,NXPI,0.2222668951859558,0.0467196819085487,long,0.015004277229309,0.0052204132080078,0.0494381189346313
2026-04-28,25,MPWR,0.2222209851938699,0.0487077534791252,long,0.0573538541793823,0.0304288864135742,0.0822024345397949
2026-04-28,26,CVNA,0.2222163808501572,0.0506958250497017,long,-0.0019919872283935,-0.0505307912826538,-0.0181799530982971
2026-04-28,27,CNC,0.2184678120968936,0.0526838966202783,long,-0.005372405052185,-0.0077806115150451,0.025009274482727
2026-04-28,28,FCX,0.2166621425903273,0.0546719681908548,long,0.0149306058883667,-0.0238890051841735,0.069559097290039
2026-04-28,29,TECH,0.213382263441037,0.0566600397614314,long,0.064869999885559,0.0537054538726806,-0.0874879956245422
2026-04-28,30,HPE,0.2093391728484417,0.0586481113320079,long,0.0166077613830566,0.0144876241683959,0.0731449127197265
2026-04-28,474,GWW,-0.3769152459033357,0.941351888667992,short,0.0144476890563964,-0.002332329750061,0.0218813419342041
2026-04-28,475,HIG,-0.3769152459033357,0.9433399602385686,short,0.0012441873550415,-0.0207113623619079,-0.023053228855133
2026-04-28,476,PNC,-0.3769152459033357,0.9453280318091452,short,0.0196149349212646,-0.0030634999275207,0.0169630050659179
2026-04-28,477,ED,-0.3769152459033357,0.9473161033797216,short,0.0239713191986084,0.0068882703781127,-0.0184606313705444
2026-04-28,478,CHD,-0.3769152459033357,0.9493041749502982,short,0.0089397430419921,-0.0344074368476867,-0.0128898024559021
2026-04-28,479,BRK.B,-0.3769152459033357,0.9512922465208749,short,-0.00374436378479,-0.0144305825233459,-0.0116748809814453
2026-04-28,480,D,-0.3769152459033357,0.9532803180914512,short,0.0319999456405639,0.007200002670288,-0.0137600302696228
2026-04-28,481,CTVA,-0.3769152459033357,0.955268389662028,short,0.0206626653671264,0.0292302370071411,0.0302380323410034
2026-04-28,482,STZ,-0.3769152459033357,0.9572564612326044,short,0.0410904884338378,-0.015026569366455,0.0125664472579956
2026-04-28,483,CI,-0.3769152459033357,0.9592445328031808,short,-0.0059524774551391,-0.0443691611289978,-0.0353721976280212
2026-04-28,484,TRMB,-0.3769152459033357,0.9612326043737576,short,0.0156910419464111,0.033795952796936,-0.0431503057479858
2026-04-28,485,TJX,-0.3769152459033357,0.963220675944334,short,0.0043569803237915,-0.0091626048088073,-0.0039726495742797
2026-04-28,486,TRV,-0.3769152459033357,0.9652087475149106,short,0.0095616579055786,-0.0023821592330932,-0.0021836161613464
2026-04-28,487,CNP,-0.3769152459033357,0.967196819085487,short,0.0193835496902465,0.0116767883300781,-0.0114431977272033
2026-04-28,488,CB,-0.3769152459033357,0.9691848906560636,short,0.0038373470306396,-0.001933991909027,-0.0118188858032226
2026-04-28,489,AWK,-0.3769152459033357,0.9711729622266402,short,-0.0269000530242919,-0.0387967228889465,-0.0476623773574829
2026-04-28,490,APD,-0.3769152459033357,0.9731610337972167,short,-0.0080991983413696,-0.0137189626693725,-0.0075702667236328
2026-04-28,491,VICI,-0.3769152459033357,0.9751491053677932,short,0.0209790468215942,-0.0178321599960327,0.0017482042312622
2026-04-28,492,USB,-0.3769152459033357,0.9771371769383698,short,0.008723497390747,-0.0165567994117736,-0.0001779794692993
2026-04-28,493,BLK,-0.3769152459033357,0.9791252485089464,short,0.0252265930175781,0.0123823881149292,0.0328946113586425
2026-04-28,494,BMY,-0.3769152459033357,0.9811133200795228,short,0.052092432975769,-0.003646433353424,-0.0173641443252563
2026-04-28,495,TTWO,-0.3769152459033357,0.9831013916500994,short,-0.0073372721672058,0.0456951856613159,0.0309278964996337
2026-04-28,496,CBOE,-0.3769152459033357,0.985089463220676,short,-0.0180301070213317,0.1089986562728881,0.1321989297866821
2026-04-28,497,ATO,-0.3769152459033357,0.9870775347912524,short,0.022992730140686,0.0110925436019897,-0.0051155686378479
2026-04-28,498,ALL,-0.3769152459033357,0.989065606361829,short,0.0232185125350952,0.035510778427124,0.0263268947601318
2026-04-28,499,WAB,-0.3769152459033357,0.9910536779324056,short,0.032597541809082,0.0032521486282348,0.0348930358886718
2026-04-28,500,WBD,-0.3769152459033357,0.993041749502982,short,0.0,-0.003327190876007,0.0055453777313232
2026-04-28,501,YUM,-0.3769152459033357,0.9950298210735586,short,-0.0011886954307556,-0.0340340733528137,-0.0238988399505615
2026-04-28,502,AAPL,-0.3769152459033357,0.9970178926441352,short,0.0043675899505615,0.0246510505676269,0.0641818046569824
2026-04-28,503,ZTS,-0.3769152459033357,0.9990059642147118,short,0.0100148916244506,-0.0101028084754943,-0.0229289531707763
2026-04-29,1,AMD,0.316980085141634,0.0009940357852882,long,0.0170668363571167,0.0021722316741943,0.1522469520568847
2026-04-29,2,ON,0.316980085141634,0.0029821073558648,long,0.0220216512680053,0.0184504985809326,-0.0019838809967041
2026-04-29,3,COHR,0.3101978968299091,0.0049701789264413,long,0.0306215286254882,0.0501079559326171,-0.001626431941986
2026-04-29,4,TER,0.3095220343303605,0.0069582504970178,long,0.0056773424148559,0.0396832227706909,0.0309779644012451
2026-04-29,5,GLW,0.3047477057786153,0.0089463220675944,long,-0.0364102125167846,-0.0130296945571899,0.1105698347091674
2026-04-29,6,INTC,0.3041305271162667,0.0109343936381709,long,0.0544030666351318,0.1446866989135742,0.1602455377578735
2026-04-29,7,LITE,0.29604614238287,0.0129224652087475,long,0.0527639389038085,0.1022253036499023,-0.0107944011688232
2026-04-29,8,STX,0.290138695788792,0.014910536779324,long,0.0791075229644775,0.1445430517196655,0.1377589702606201
2026-04-29,9,WDC,0.2780832337833456,0.0168986083499005,long,-0.0069041848182678,0.0707447528839111,0.0676379203796386
2026-04-29,10,VRT,0.2659894849782785,0.0188866799204771,long,-0.0005479454994201,0.0381442308425903,0.0350695848464965
2026-04-29,11,SMCI,0.2574991904531479,0.0208747514910536,long,-0.0113138556480407,0.0156934261322021,0.2270072698593139
2026-04-29,12,SNDK,0.2544226902154502,0.0228628230616302,long,0.0825254917144775,0.2825418710708618,0.222022533416748
2026-04-29,13,MCHP,0.2536723859987613,0.0248508946322067,long,0.0111935138702392,0.0599504709243774,0.0933160781860351
2026-04-29,14,COIN,0.2525105836274197,0.0268389662027833,long,0.0185332298278808,0.0531500577926635,0.0276402235031127
2026-04-29,15,CVNA,0.2511431320142833,0.0288270377733598,long,-0.0333501100540161,-0.042218267917633,0.0106619596481323
2026-04-29,16,GEV,0.2472862867127405,0.0308151093439363,long,-0.0189300775527954,0.0108448266983032,-0.0349158644676208
2026-04-29,17,HOOD,0.2463236383662754,0.0328031809145129,long,0.0105639696121215,0.0567978620529174,0.0465084314346313
2026-04-29,18,MAS,0.2392072706469298,0.0347912524850894,long,-0.0080757737159729,-0.019632339477539,0.0015316009521484
2026-04-29,19,PSKY,0.235701024269049,0.036779324055666,long,0.0830078125,0.041015625,0.05078125
2026-04-29,20,OXY,0.2327022048481937,0.0387673956262425,long,-0.0308682918548584,-0.0204688310623168,-0.1096071600914001
2026-04-29,21,CNC,0.224245594685069,0.040755467196819,long,-0.0065189003944396,-0.0132240653038024,0.024026870727539
2026-04-29,22,BF.B,0.2239051474819355,0.0427435387673956,long,-0.0085371136665344,0.0190143585205078,0.0624756813049316
2026-04-29,23,MU,0.2222668951859558,0.0447316103379721,long,0.0484377145767211,0.2379148006439209,0.2503480911254883
2026-04-29,24,TECH,0.2133434467882836,0.0467196819085487,long,-0.0054230093955993,0.0245842933654785,-0.079717993736267
2026-04-29,25,POOL,0.2106342097494487,0.0487077534791252,long,-0.0245171785354614,-0.1231952905654907,-0.1072567105293273
2026-04-29,26,CIEN,0.209694897893442,0.0506958250497017,long,0.0146138668060302,0.0325448513031005,0.021191120147705
2026-04-29,27,URI,0.2090329860643539,0.0526838966202783,long,-0.01105397939682,-0.0269732475280761,-0.0163777470588684
2026-04-29,28,WDAY,0.2060032525885188,0.0546719681908548,long,0.0372549295425415,0.0529003143310546,0.0692811012268066
2026-04-29,29,NCLH,0.2050524151326715,0.0566600397614314,long,0.0346534252166748,-0.068206787109375,-0.0528053045272827
2026-04-29,30,APP,0.1999061026868331,0.0586481113320079,long,0.0305813550949096,0.0711548328399658,0.1176655292510986
2026-04-29,474,ROP,-0.3769152459033357,0.941351888667992,short,0.0096107721328735,0.004932165145874,-0.0066795945167541
2026-04-29,475,HST,-0.3769152459033357,0.9433399602385686,short,0.0,0.0085186958312988,0.0255560874938964
2026-04-29,476,ROST,-0.3769152459033357,0.9453280318091452,short,0.00460946559906,-0.0016242861747741,-0.0145308971405029
2026-04-29,477,RSG,-0.3769152459033357,0.9473161033797216,short,-0.0127139091491699,-0.0255233645439147,-0.0366599559783935
2026-04-29,478,CCI,-0.3769152459033357,0.9493041749502982,short,0.0054066181182861,0.0036044120788574,0.0257941484451293
2026-04-29,479,TJX,-0.3769152459033357,0.9512922465208749,short,0.0005103349685668,-0.0114194154739379,-0.0144816637039184
2026-04-29,480,CAH,-0.3769152459033357,0.9532803180914512,short,0.0122356414794921,0.0213603973388671,-0.0394027829170227
2026-04-29,481,BRK.B,-0.3769152459033357,0.955268389662028,short,-0.0012457966804504,-0.0170608758926391,0.0031249523162841
2026-04-29,482,BMY,-0.3769152459033357,0.9572564612326044,short,-0.0391153693199157,-0.0600759387016296,-0.071628987789154
2026-04-29,483,SRE,-0.3769152459033357,0.9592445328031808,short,-0.0047309398651123,-0.0078848004341125,-0.0373213291168212
2026-04-29,484,CBOE,-0.3769152459033357,0.9612326043737576,short,0.0895397663116455,0.1462562084197998,0.1284947395324707
2026-04-29,485,TGT,-0.3769152459033357,0.963220675944334,short,-0.0066281557083129,-0.0071675777435302,-0.0298265814781188
2026-04-29,486,TRGP,-0.3769152459033357,0.9652087475149106,short,-0.0223007798194885,-0.0013841390609741,-0.0293754935264587
2026-04-29,487,CB,-0.3769152459033357,0.967196819085487,short,-0.0023853182792663,-0.0135473608970642,-0.0174923539161682
2026-04-29,488,BLK,-0.3769152459033357,0.9691848906560636,short,-0.0036786198616027,-0.0156624913215637,0.002008318901062
2026-04-29,489,AZO,-0.3769152459033357,0.9711729622266402,short,-0.0296838879585266,-0.0440358519554138,-0.040266990661621
2026-04-29,490,TSN,-0.3769152459033357,0.9731610337972167,short,-0.0060870647430419,0.0682066679000854,0.0604027509689331
2026-04-29,491,TRMB,-0.3769152459033357,0.9751491053677932,short,0.016339898109436,0.0155972242355346,-0.081253707408905
2026-04-29,492,WRB,-0.3769152459033357,0.9771371769383698,short,-0.0067335963249206,-0.0050876140594482,-0.0044890642166137
2026-04-29,493,XEL,-0.3769152459033357,0.9791252485089464,short,-0.0044604539871215,-0.0180831551551818,-0.0303797125816345
2026-04-29,494,WYNN,-0.3769152459033357,0.9811133200795228,short,-0.0105499029159545,-0.0081225037574768,-0.0024274587631225
2026-04-29,495,WMB,-0.3769152459033357,0.9831013916500994,short,-0.0100903511047363,-0.0024898052215576,-0.0440309643745422
2026-04-29,496,FTNT,-0.3769152459033357,0.985089463220676,short,0.0234848260879516,0.0665401220321655,0.2806310653686523
2026-04-29,497,WMT,-0.3769152459033357,0.9870775347912524,short,-0.0025012493133544,-0.0086409449577331,-0.0131129622459411
2026-04-29,498,AWK,-0.3769152459033357,0.989065606361829,short,-0.0080984234809875,-0.0184550285339355,-0.0172870159149169
2026-04-29,499,APD,-0.3769152459033357,0.9910536779324056,short,0.0033994913101196,0.0129312276840209,-0.0168638229370117
2026-04-29,500,ATO,-0.3769152459033357,0.993041749502982,short,-0.0075797438621521,-0.0143699049949646,-0.0427412986755371
2026-04-29,501,UNP,-0.3769152459033357,0.9950298210735586,short,-0.0117263197898864,-0.0202983617782592,-0.0170328021049499
2026-04-29,502,USB,-0.3769152459033357,0.9970178926441352,short,-0.0063536763191223,-0.0187081098556518,-0.0238263010978698
2026-04-29,503,AME,-0.3769152459033357,0.9990059642147118,short,-0.0213163495063781,-0.0040764808654785,-0.0032696723937988
2026-04-30,1,CIEN,0.233318519296668,0.0009940357852882,long,0.0060155391693115,0.0775281190872192,0.023949623107910156
2026-04-30,2,STX,0.233318519296668,0.0029821073558648,long,0.015971302986145,0.0818372964859008,0.0766373872756958
2026-04-30,3,ON,0.233318519296668,0.0049701789264413,long,-0.0096088051795959,0.0265941619873046,0.0016499757766723633
2026-04-30,4,COHR,0.233318519296668,0.0069582504970178,long,0.0011836290359497,0.0460394620895385,0.017481088638305664
2026-04-30,5,INTC,0.233318519296668,0.0089463220675944,long,-0.0385465025901794,0.1344107389450073,0.25396502017974854
2026-04-30,6,DELL,0.2264859491412378,0.0109343936381709,long,0.0069943666458129,0.1362230777740478,0.239282488822937
2026-04-30,7,AMD,0.2187451584338951,0.0129224652087475,long,-0.0526987314224243,0.1687746047973632,0.26252281665802
2026-04-30,8,CCL,0.2135503004409465,0.014910536779324,long,-0.0371342897415161,0.0322580337524414,-0.010502636432647705
2026-04-30,9,APA,0.2130871669995629,0.0168986083499005,long,0.0470969676971435,-0.0456018447875976,-0.11387985944747925
2026-04-30,10,WDC,0.2092945486622215,0.0188866799204771,long,0.0251204967498779,0.1196467876434326,0.11234712600708008
2026-04-30,11,EPAM,0.206700304165044,0.0208747514910536,long,-0.0154010653495788,-0.0477165579795837,-0.11662065982818604
2026-04-30,12,LYB,0.2061440754440936,0.0228628230616302,long,0.0140019655227661,-0.0201359391212463,-0.04307234287261963
2026-04-30,13,MPWR,0.206077189607276,0.0248508946322067,long,-0.006428837776184,0.0434927940368652,0.010963201522827148
2026-04-30,14,GLW,0.2045848329316719,0.0268389662027833,long,0.0107419490814208,0.1472893953323364,0.1812208890914917
2026-04-30,15,TER,0.2023662612153116,0.0288270377733598,long,-0.0231023430824279,0.1072896718978881,0.04154360294342041
2026-04-30,16,SNDK,0.2008065559843922,0.0308151093439363,long,0.058011770248413,0.1878516674041748,0.31620895862579346
2026-04-30,17,HOOD,0.1931150085453234,0.0328031809145129,long,0.0392342805862426,0.0731739997863769,0.04575073719024658
2026-04-30,18,COIN,0.1931150085453234,0.0347912524850894,long,0.0613856315612793,0.0350849628448486,0.05181705951690674
2026-04-30,19,MU,0.1931150085453234,0.036779324055666,long,0.0631489753723144,0.2293945550918579,0.3773444890975952
2026-04-30,20,NCLH,0.1927832372820475,0.0387673956262425,long,-0.0855926871299743,-0.0563529729843139,-0.09197235107421875
2026-04-30,21,MCHP,0.190636488986178,0.040755467196819,long,0.0143693685531616,0.0954763889312744,0.05470991134643555
2026-04-30,22,TXN,0.18962923422032,0.0427435387673956,long,-0.000462532043457,0.0299623012542724,0.024126410484313965
2026-04-30,23,KLAC,0.1848763846030743,0.0447316103379721,long,-0.0074959993362426,0.0521532297134399,0.08279740810394287
2026-04-30,24,BF.B,0.1779691507241907,0.0467196819085487,long,-0.0348336100578308,0.0559687614440918,0.0833660364151001
2026-04-30,25,VRT,0.1775829194656953,0.0487077534791252,long,0.0081020593643188,0.0932351350784301,0.0355151891708374
2026-04-30,26,NOW,0.1727603171984141,0.0506958250497017,long,0.0088855028152465,-0.0231460928916931,0.0002193450927734375
2026-04-30,27,SMCI,0.1725159998726402,0.0526838966202783,long,0.030638575553894,0.279438853263855,0.3056478500366211
2026-04-30,28,IP,0.1714171226487549,0.0546719681908548,long,-0.017632246017456,0.0554156303405761,0.03998732566833496
2026-04-30,29,OXY,0.1711192988364622,0.0566600397614314,long,0.0265712738037109,-0.0611480474472045,-0.09674674272537231
2026-04-30,30,CHTR,0.1685459621079796,0.0586481113320079,long,-0.037265658378601,-0.0886223316192627,-0.09828811883926392
2026-04-30,474,KIM,-0.2845455818724985,0.941351888667992,short,0.0008554458618164,0.0179641246795654,0.004277229309082031
2026-04-30,475,KHC,-0.2845455818724985,0.9433399602385686,short,-0.0031124949455261,0.0257892608642578,0.06536233425140381
2026-04-30,476,JPM,-0.2845455818724985,0.9453280318091452,short,-0.0154255032539367,0.0077767372131347,-0.033187150955200195
2026-04-30,477,JCI,-0.2845455818724985,0.9473161033797216,short,-0.0046871304512023,-0.0133719444274902,-0.03832364082336426
2026-04-30,478,DAL,-0.2845455818724985,0.9493041749502982,short,-0.0069586038589477,0.063206672668457,0.06306171417236328
2026-04-30,479,ISRG,-0.2845455818724985,0.9512922465208749,short,-0.0118615627288818,-0.0132158994674682,-0.016864001750946045
2026-04-30,480,TRV,-0.2845455818724985,0.9532803180914512,short,-0.0104686617851257,-0.0102717280387878,-0.021921753883361816
2026-04-30,481,TSN,-0.2845455818724985,0.955268389662028,short,0.0796167850494384,0.0692524909973144,0.0738065242767334
2026-04-30,482,HST,-0.2845455818724985,0.9572564612326044,short,-0.0127779841423034,0.026029348373413,0.05395174026489258
2026-04-30,483,DRI,-0.2845455818724985,0.9592445328031808,short,-0.0137091875076293,0.0048264265060424,0.007547736167907715
2026-04-30,484,EA,-0.2845455818724985,0.9612326043737576,short,-0.0013359785079956,-0.0064327716827392,-0.008164644241333008
2026-04-30,485,TGT,-0.2845455818724985,0.963220675944334,short,-0.0087671279907226,0.010086178779602,-0.02824115753173828
2026-04-30,486,TJX,-0.2845455818724985,0.9652087475149106,short,-0.0139641761779785,-0.0087993741035461,-0.02212589979171753
2026-04-30,487,TPR,-0.2845455818724985,0.967196819085487,short,-0.0210172533988952,0.0426650047302246,-0.06487327814102173
2026-04-30,488,GWW,-0.2845455818724985,0.9691848906560636,short,-0.0056415200233459,0.0184917449951171,0.07408022880554199
2026-04-30,489,GS,-0.2845455818724985,0.9711729622266402,short,-0.0221281647682189,0.0147664546966552,0.01382458209991455
2026-04-30,490,GM,-0.2845455818724985,0.9731610337972167,short,-0.0009238719940185,0.0386697053909301,0.039989471435546875
2026-04-30,491,HIG,-0.2845455818724985,0.9751491053677932,short,-0.0147264599800109,-0.0170826315879821,-0.027906596660614014
2026-04-30,492,EQR,-0.2845455818724985,0.9771371769383698,short,0.0010740756988525,0.0151910781860351,0.005677461624145508
2026-04-30,493,EVRG,-0.2845455818724985,0.9791252485089464,short,-0.0064156651496887,-0.0196102261543273,-0.01004725694656372
2026-04-30,494,FRT,-0.2845455818724985,0.9811133200795228,short,-0.0073707699775695,0.0125737190246582,0.0031217336654663086
2026-04-30,495,GL,-0.2845455818724985,0.9831013916500994,short,-0.0004584193229675,0.0109350681304931,-0.010738611221313477
2026-04-30,496,ATO,-0.2845455818724985,0.985089463220676,short,-0.0040839314460754,-0.0200487971305847,-0.04068100452423096
2026-04-30,497,EXPD,-0.2845455818724985,0.9870775347912524,short,-0.0510764718055725,0.0272363424301147,0.06425321102142334
2026-04-30,498,USB,-0.2845455818724985,0.989065606361829,short,-0.0188276767730712,-0.0024866461753845,-0.013676762580871582
2026-04-30,499,TTWO,-0.2845455818724985,0.9910536779324056,short,0.0423551797866821,0.0276350975036621,0.020460128784179688
2026-04-30,500,AEP,-0.2845455818724985,0.993041749502982,short,-0.0164341330528259,-0.0317727327346801,-0.04930245876312256
2026-04-30,501,YUM,-0.2845455818724985,0.9950298210735586,short,-0.025006353855133,-0.0147764086723327,-0.04047739505767822
2026-04-30,502,AEE,-0.2845455818724985,0.9970178926441352,short,-0.0103029012680053,-0.0349594950675964,-0.039538562297821045
2026-04-30,503,ZTS,-0.2845455818724985,0.9990059642147118,short,-0.0129643082618713,-0.025753378868103,-0.27443939447402954
2026-05-01,1,INTC,0.3047389119013394,0.0009940357852882,long,0.1291501522064209,0.1444978713989257,
2026-05-01,2,COHR,0.3047389119013394,0.0029821073558648,long,0.0177028179168701,-0.032435119152069,
2026-05-01,3,ON,0.2985907522676757,0.0049701789264413,long,0.0061739683151245,-0.0140141248703002,
2026-05-01,4,CIEN,0.2925798011035991,0.0069582504970178,long,0.0115875005722045,0.0004642009735107,
2026-05-01,5,STX,0.2915010715279454,0.0089463220675944,long,0.0439652204513549,0.037777304649353,
2026-05-01,6,SMCI,0.2890248226285922,0.0109343936381709,long,-0.0032234787940979,0.2041547298431396,
2026-05-01,7,WDC,0.285207786463645,0.0129224652087475,long,0.0517678260803222,0.0487160682678222,
2026-05-01,8,MPWR,0.2789999589860369,0.014910536779324,long,0.0094196796417236,0.0016906261444091,
2026-05-01,9,APA,0.2671071010375155,0.0168986083499005,long,-0.012851059436798,-0.1375535130500793,
2026-05-01,10,AMD,0.2613830942774632,0.0188866799204771,long,0.0401710271835327,0.1959359645843505,
2026-05-01,11,TER,0.248363635324496,0.0208747514910536,long,0.0582622289657592,0.0494012832641601,
2026-05-01,12,SNDK,0.2452962758391873,0.0228628230616302,long,0.1198062896728515,0.0669660568237304,
2026-05-01,13,GLW,0.2391957289314904,0.0248508946322067,long,0.0133783817291259,0.1402850151062011,
2026-05-01,14,NCLH,0.2387194554673373,0.0268389662027833,long,-0.015116274356842,0.0011626482009887,
2026-05-01,15,LITE,0.2373008754863715,0.0288270377733598,long,0.0188285112380981,-0.0856398940086364,
2026-05-01,16,DLTR,0.2369385379619627,0.0308151093439363,long,-0.0038277506828308,0.0288144350051879,
2026-05-01,17,IP,0.2337160663213501,0.0328031809145129,long,0.0211538076400756,0.0602564811706543,
2026-05-01,18,CHTR,0.2314413293094449,0.0347912524850894,long,-0.0430023074150085,-0.0308454632759094,
2026-05-01,19,EPAM,0.2305517520242217,0.036779324055666,long,-0.0086799263954162,-0.0575045347213745,
2026-05-01,20,PSKY,0.2274887952892681,0.0387673956262425,long,-0.0422282218933105,-0.0332434773445129,
2026-05-01,21,BF.B,0.2170145275705741,0.040755467196819,long,0.0648823976516723,0.110300064086914,
2026-05-01,22,CVNA,0.2133686737916657,0.0427435387673956,long,0.0067454576492309,0.0623290538787841,
2026-05-01,23,ARE,0.2088622297605788,0.0447316103379721,long,0.0646572113037109,0.1079242229461669,
2026-05-01,24,MU,0.2063865693802098,0.0467196819085487,long,0.1105906963348388,0.1217451095581054,
2026-05-01,25,BLDR,0.2059867548348825,0.0487077534791252,long,0.0109829902648925,0.076745867729187,
2026-05-01,26,NOW,0.2037374136147084,0.0506958250497017,long,0.0004348754882812,0.0176143646240234,
2026-05-01,27,NXPI,0.2020950660305892,0.0526838966202783,long,0.0054683685302734,-0.0018572211265563,
2026-05-01,28,FIX,0.1882176818207773,0.0546719681908548,long,0.039794921875,0.026464819908142,
2026-05-01,29,CSGP,0.1859597590783422,0.0566600397614314,long,-0.0135669708251953,-0.0113058686256408,
2026-05-01,30,ARES,0.1842226248652079,0.0586481113320079,long,0.0248374938964843,0.0264210700988769,
2026-05-01,474,CNP,-0.362882938678169,0.941351888667992,short,0.0048476457595825,-0.024930715560913,
2026-05-01,475,CMS,-0.362882938678169,0.9433399602385686,short,-0.0100409984588623,-0.0228564143180847,
2026-05-01,476,TRV,-0.362882938678169,0.9453280318091452,short,-0.0005969405174255,-0.0085895061492919,
2026-05-01,477,CINF,-0.362882938678169,0.9473161033797216,short,0.0048881769180297,0.0155417919158935,
2026-05-01,478,CME,-0.362882938678169,0.9493041749502982,short,-0.011953592300415,-0.0118502378463745,
2026-05-01,479,CB,-0.362882938678169,0.9512922465208749,short,-0.0078431963920593,-0.0118110179901123,
2026-05-01,480,UBER,-0.362882938678169,0.9532803180914512,short,-0.0132558345794677,0.0378737449645996,
2026-05-01,481,UDR,-0.362882938678169,0.955268389662028,short,0.0159515142440795,0.0156766176223754,
2026-05-01,482,UNP,-0.362882938678169,0.9572564612326044,short,0.0022778511047363,0.0056186914443969,
2026-05-01,483,USB,-0.362882938678169,0.9592445328031808,short,0.0065169334411621,0.0012671947479248,
2026-05-01,484,BALL,-0.362882938678169,0.9612326043737576,short,-0.0626949071884155,-0.0413589477539062,
2026-05-01,485,BIIB,-0.362882938678169,0.963220675944334,short,0.0102558135986328,0.0222744941711425,
2026-05-01,486,BLK,-0.362882938678169,0.9652087475149106,short,-0.0031741261482238,0.0147207975387573,
2026-05-01,487,BRK.B,-0.362882938678169,0.967196819085487,short,-0.0064031481742858,0.0140014886856079,
2026-05-01,488,AWK,-0.362882938678169,0.9691848906560636,short,-0.0063066482543945,-0.0051241517066955,
2026-05-01,489,AVB,-0.362882938678169,0.9711729622266402,short,0.0154023170471191,0.0183621644973754,
2026-05-01,490,ATO,-0.362882938678169,0.9731610337972167,short,-0.0027693510055541,-0.0314747095108032,
2026-05-01,491,VLTO,-0.362882938678169,0.9751491053677932,short,-0.0012466311454772,0.005553126335144,
2026-05-01,492,ALL,-0.362882938678169,0.9771371769383698,short,-0.0061854720115661,-0.0281984806060791,
2026-05-01,493,AMT,-0.362882938678169,0.9791252485089464,short,-0.0152587890625,-0.0061366558074951,
2026-05-01,494,BAC,-0.362882938678169,0.9811133200795228,short,0.0178195238113403,0.0107300281524658,
2026-05-01,495,AXP,-0.362882938678169,0.9831013916500994,short,-0.0102126598358154,-0.0016289949417114,
2026-05-01,496,VTR,-0.362882938678169,0.985089463220676,short,-0.0115047693252563,-0.014124572277069,
2026-05-01,497,APD,-0.362882938678169,0.9870775347912524,short,0.0187028646469116,-0.0112619996070861,
2026-05-01,498,VTRS,-0.362882938678169,0.989065606361829,short,0.0210527181625366,0.1440789699554443,
2026-05-01,499,VZ,-0.362882938678169,0.9910536779324056,short,-0.0048349499702453,-0.0100904107093811,
2026-05-01,500,WBD,-0.362882938678169,0.993041749502982,short,0.0096439123153686,0.0059348344802856,
2026-05-01,501,WAB,-0.362882938678169,0.9950298210735586,short,0.0046526193618774,0.0128135681152343,
2026-05-01,502,WELL,-0.362882938678169,0.9970178926441352,short,-0.0130791068077087,-0.0192962884902954,
2026-05-01,503,WEC,-0.362882938678169,0.9990059642147118,short,-0.0104774832725524,-0.0314325094223022,
2026-05-04,1,COHR,0.3379882409111469,0.0009940357852882,long,0.0266284942626953,-0.0013999342918395996,
2026-05-04,2,AMD,0.3379882409111469,0.0029821073558648,long,0.1861454248428344,0.28128695487976074,
2026-05-04,3,SMCI,0.3335612325511564,0.0049701789264413,long,0.2454186677932739,0.2709306478500366,
2026-05-04,4,WDC,0.3247756062588108,0.0069582504970178,long,0.0384515523910522,0.031681180000305176,
2026-05-04,5,NCLH,0.320858129948685,0.0089463220675944,long,0.0478157997131347,0.008264422416687012,
2026-05-04,6,INTC,0.3204817204977839,0.0109343936381709,long,0.0449376106262207,0.15506243705749512,
2026-05-04,7,CIEN,0.3202735347429998,0.0129224652087475,long,0.0588159561157226,0.006167888641357422,
2026-05-04,8,ON,0.3196251457694431,0.014910536779324,long,0.03019380569458,0.0051621198654174805,
2026-05-04,9,IP,0.2954423432790533,0.0168986083499005,long,0.0521029233932495,0.03672313690185547,
2026-05-04,10,CVNA,0.2826638616572811,0.0188866799204771,long,0.0271439552307128,-0.7944023609161377,
2026-05-04,11,MPWR,0.2758062483279204,0.0208747514910536,long,0.040444016456604,0.00800943374633789,
2026-05-04,12,APA,0.2687296107839951,0.0228628230616302,long,-0.0766634345054626,-0.1427193284034729,
2026-05-04,13,ARE,0.2541779712967451,0.0248508946322067,long,0.0463471412658691,0.05616438388824463,
2026-05-04,14,CHTR,0.2458289279948909,0.0268389662027833,long,-0.0108069777488708,-0.02129805088043213,
2026-05-04,15,BLDR,0.239583507031108,0.0288270377733598,long,0.0733637809753418,0.03809022903442383,
2026-05-04,16,VRT,0.2388446951501103,0.0308151093439363,long,0.0524896383285522,-0.003078937530517578,
2026-05-04,17,PSKY,0.2376486004131308,0.0328031809145129,long,0.0234521627426147,0.04033768177032471,
2026-05-04,18,NXPI,0.2353686829626253,0.0347912524850894,long,0.038310170173645,0.00820934772491455,
2026-05-04,19,GLW,0.2319377006454442,0.036779324055666,long,0.1201109886169433,0.15323865413665771,
2026-05-04,20,CSGP,0.229220981628913,0.0387673956262425,long,-0.0237823128700256,-0.0610315203666687,
2026-05-04,21,TER,0.2284318395556562,0.040755467196819,long,0.0710725784301757,0.007476806640625,
2026-05-04,22,NOW,0.2267894422289778,0.0427435387673956,long,-0.0321704149246215,-0.009020805358886719,
2026-05-04,23,STX,0.2230208151519881,0.0447316103379721,long,0.0199867486953735,0.015084147453308105,
2026-05-04,24,EPAM,0.2214679760111474,0.0467196819085487,long,-0.0243524312973022,-0.09494704008102417,
2026-05-04,25,MAS,0.2165834774274695,0.0487077534791252,long,0.02187180519104,0.018889307975769043,
2026-05-04,26,MU,0.2152974647226052,0.0506958250497017,long,0.0412214994430542,0.16652607917785645,
2026-05-04,27,KLAC,0.213469020372247,0.0526838966202783,long,0.048121690750122,0.07864844799041748,
2026-05-04,28,CCL,0.2053240092274726,0.0546719681908548,long,0.0679084062576294,0.02367091178894043,
2026-05-04,29,GEV,0.199493619220549,0.0566600397614314,long,0.0216853618621826,-0.05027341842651367,
2026-05-04,30,LITE,0.1979377068600298,0.0586481113320079,long,-0.0505549907684326,-0.09125643968582153,
2026-05-04,474,TRMB,-0.405916356889725,0.941351888667992,short,-0.0724002122879028,-0.11072111129760742,
2026-05-04,475,TRV,-0.405916356889725,0.9433399602385686,short,0.0007964372634887,-0.010983884334564209,
2026-05-04,476,CME,-0.405916356889725,0.9453280318091452,short,0.0052994489669799,-0.019419848918914795,
2026-05-04,477,CINF,-0.405916356889725,0.9473161033797216,short,0.0004987716674804,0.007171750068664551,
2026-05-04,478,CI,-0.405916356889725,0.9493041749502982,short,0.0229268074035644,0.04498291015625,
2026-05-04,479,TJX,-0.405916356889725,0.9512922465208749,short,0.0031620264053344,-0.010325312614440918,
2026-05-04,480,CMS,-0.405916356889725,0.9532803180914512,short,-0.0117442607879638,-0.030962228775024414,
2026-05-04,481,CNP,-0.405916356889725,0.955268389662028,short,-0.0275671482086181,-0.0415804386138916,
2026-05-04,482,D,-0.405916356889725,0.9572564612326044,short,-0.0214319825172424,-0.01746314764022827,
2026-05-04,483,TDY,-0.405916356889725,0.9592445328031808,short,0.0194027423858642,-0.016601502895355225,
2026-05-04,484,COST,-0.405916356889725,0.9612326043737576,short,-0.0203360915184021,-0.007506728172302246,
2026-05-04,485,UBER,-0.405916356889725,0.963220675944334,short,0.0852638483047485,0.03427004814147949,
2026-05-04,486,BLK,-0.405916356889725,0.9652087475149106,short,0.0235099792480468,0.03424501419067383,
2026-05-04,487,BIIB,-0.405916356889725,0.967196819085487,short,0.0081954002380371,0.022841334342956543,
2026-05-04,488,AWK,-0.405916356889725,0.9691848906560636,short,-0.0029353499412536,-0.007933378219604492,
2026-05-04,489,AVB,-0.405916356889725,0.9711729622266402,short,0.0064237117767333,-0.006315767765045166,
2026-05-04,490,ATO,-0.405916356889725,0.9731610337972167,short,-0.0132977366447448,-0.03407210111618042,
2026-05-04,491,APD,-0.405916356889725,0.9751491053677932,short,-0.0122396349906921,-0.02803272008895874,
2026-05-04,492,USB,-0.405916356889725,0.9771371769383698,short,0.0100719928741455,-0.0012589693069458008,
2026-05-04,493,VICI,-0.405916356889725,0.9791252485089464,short,0.0134418010711669,0.02016270160675049,
2026-05-04,494,UDR,-0.405916356889725,0.9811133200795228,short,0.0027071237564086,-0.0008121132850646973,
2026-05-04,495,UNP,-0.405916356889725,0.9831013916500994,short,0.015984296798706,0.0024241209030151367,
2026-05-04,496,VLTO,-0.405916356889725,0.985089463220676,short,-0.0141835808753967,-0.014637470245361328,
2026-05-04,497,AMT,-0.405916356889725,0.9870775347912524,short,0.0114530324935913,-0.008926570415496826,
2026-05-04,498,AME,-0.405916356889725,0.989065606361829,short,0.0291634798049926,-0.009124219417572021,
2026-05-04,499,VTR,-0.405916356889725,0.9910536779324056,short,-0.0018436908721923,0.00553131103515625,
2026-05-04,500,WBD,-0.405916356889725,0.993041749502982,short,-0.0007346868515014,-0.004041075706481934,
2026-05-04,501,WAB,-0.405916356889725,0.9950298210735586,short,0.0267612934112548,0.00861668586730957,
2026-05-04,502,VZ,-0.405916356889725,0.9970178926441352,short,0.0021123886108398,-0.002534806728363037,
2026-05-04,503,AAPL,-0.405916356889725,0.9990059642147118,short,0.0117180347442626,0.03216278553009033,
2026-05-05,1,INTC,0.3335612325511564,0.0009940357852882,long,-0.0299973487854003,,
2026-05-05,2,AMD,0.330996038076362,0.0029821073558648,long,-0.0306842327117919,,
2026-05-05,3,ON,0.3288886226797143,0.0049701789264413,long,-0.0487850904464721,,
2026-05-05,4,COHR,0.3272651954805958,0.0069582504970178,long,-0.0739257931709289,,
2026-05-05,5,STX,0.3271382509892583,0.0089463220675944,long,-0.0254062414169311,,
2026-05-05,6,IP,0.3221903402442375,0.0109343936381709,long,-0.0131264328956604,,
2026-05-05,7,WDC,0.3203485978988204,0.0129224652087475,long,-0.039821982383728,,
2026-05-05,8,SMCI,0.3196251457694431,0.014910536779324,long,-0.0300058126449584,,
2026-05-05,9,BLDR,0.3089777055919015,0.0168986083499005,long,-0.0077470541000366,,
2026-05-05,10,CNC,0.2901688818285908,0.0188866799204771,long,-0.0063257217407226,,
2026-05-05,11,NCLH,0.287793511692518,0.0208747514910536,long,-0.029859185218811,,
2026-05-05,12,PSKY,0.2760942143307079,0.0228628230616302,long,-0.013748824596405,,
2026-05-05,13,CVNA,0.2680126887625422,0.0248508946322067,long,0.0273253917694091,,
2026-05-05,14,MPWR,0.2668142003733652,0.0268389662027833,long,-0.0462311506271362,,
2026-05-05,15,CSGP,0.2650297359642246,0.0288270377733598,long,0.0267096757888793,,
2026-05-05,16,MCHP,0.2421206769091718,0.0308151093439363,long,-0.0130198001861572,,
2026-05-05,17,TER,0.2388815845923726,0.0328031809145129,long,-0.0741738677024841,,
2026-05-05,18,BF.B,0.2365565990058165,0.0347912524850894,long,0.0148258209228515,,
2026-05-05,19,MU,0.2363163901175782,0.036779324055666,long,-0.0299434661865234,,
2026-05-05,20,ARE,0.227105932862728,0.0387673956262425,long,-0.0054549574851989,,
2026-05-05,21,EPAM,0.2214679760111474,0.040755467196819,long,-0.0255212187767028,,
2026-05-05,22,CIEN,0.2191981786956369,0.0427435387673956,long,-0.0659338235855102,,
2026-05-05,23,NOW,0.2143760295734008,0.0447316103379721,long,0.0509824752807617,,
2026-05-05,24,VRT,0.2142931332147234,0.0467196819085487,long,-0.0526858568191528,,
2026-05-05,25,LITE,0.2115889806247922,0.0487077534791252,long,-0.0547507405281066,,
2026-05-05,26,CHTR,0.2106604970087392,0.0506958250497017,long,0.0237669944763183,,
2026-05-05,27,POOL,0.2043593222272657,0.0526838966202783,long,0.0124940872192382,,
2026-05-05,28,FIX,0.2031171918216089,0.0546719681908548,long,-0.034536600112915,,
2026-05-05,29,COIN,0.2024226453280554,0.0566600397614314,long,-0.0252576470375061,,
2026-05-05,30,SNDK,0.1845415575526245,0.0586481113320079,long,-0.0496602654457092,,
2026-05-05,474,PEP,-0.405916356889725,0.941351888667992,short,0.0021158456802368,,
2026-05-05,475,PEG,-0.405916356889725,0.9433399602385686,short,-0.0191556215286254,,
2026-05-05,476,SLB,-0.405916356889725,0.9453280318091452,short,-0.039158821105957,,
2026-05-05,477,CPT,-0.405916356889725,0.9473161033797216,short,-0.0070603489875793,,
2026-05-05,478,TRMB,-0.405916356889725,0.9493041749502982,short,-0.0247555971145629,,
2026-05-05,479,TGT,-0.405916356889725,0.9512922465208749,short,-0.0331054925918579,,
2026-05-05,480,CINF,-0.405916356889725,0.9532803180914512,short,0.0100979804992675,,
2026-05-05,481,TDY,-0.405916356889725,0.955268389662028,short,-0.0207256078720092,,
2026-05-05,482,CFG,-0.405916356889725,0.9572564612326044,short,-0.0213350057601928,,
2026-05-05,483,CME,-0.405916356889725,0.9592445328031808,short,-0.0051674842834472,,
2026-05-05,484,BRK.B,-0.405916356889725,0.9612326043737576,short,0.011174201965332,,
2026-05-05,485,CB,-0.405916356889725,0.963220675944334,short,-0.0019260644912719,,
2026-05-05,486,TJX,-0.405916356889725,0.9652087475149106,short,-0.0062399506568908,,
2026-05-05,487,TMUS,-0.405916356889725,0.967196819085487,short,0.005384087562561,,
2026-05-05,488,WRB,-0.405916356889725,0.9691848906560636,short,0.0062007904052734,,
2026-05-05,489,WMT,-0.405916356889725,0.9711729622266402,short,0.0009224414825439,,
2026-05-05,490,BAC,-0.405916356889725,0.9731610337972167,short,-0.0158581733703613,,
2026-05-05,491,TRV,-0.405916356889725,0.9751491053677932,short,-0.0087867379188537,,
2026-05-05,492,BLK,-0.405916356889725,0.9771371769383698,short,-0.0054304599761962,,
2026-05-05,493,BIIB,-0.405916356889725,0.9791252485089464,short,0.0036711692810058,,
2026-05-05,494,XEL,-0.405916356889725,0.9811133200795228,short,-0.0014898180961608,,
2026-05-05,495,UDR,-0.405916356889725,0.9831013916500994,short,-0.0029698014259338,,
2026-05-05,496,VICI,-0.405916356889725,0.985089463220676,short,0.0048866271972656,,
2026-05-05,497,V,-0.405916356889725,0.9870775347912524,short,0.0077792406082153,,
2026-05-05,498,USB,-0.405916356889725,0.989065606361829,short,-0.0151352882385253,,
2026-05-05,499,UNP,-0.405916356889725,0.9910536779324056,short,-0.0124520063400268,,
2026-05-05,500,WBD,-0.405916356889725,0.993041749502982,short,-0.0029411911964416,,
2026-05-05,501,WAB,-0.405916356889725,0.9950298210735586,short,-0.0181522369384765,,
2026-05-05,502,VZ,-0.405916356889725,0.9970178926441352,short,-0.0073776841163635,,
2026-05-05,503,YUM,-0.405916356889725,0.9990059642147118,short,0.0078835487365722,,
2026-05-06,1,COHR,0.3379882409111469,0.0009940357852882,long,0.0503462553024292,,
2026-05-06,2,NCLH,0.3335612325511564,0.0029821073558648,long,-0.008130073547363281,,
2026-05-06,3,CIEN,0.3316444270499187,0.0049701789264413,long,0.017354607582092285,,
2026-05-06,4,INTC,0.3315652593492488,0.0069582504970178,long,0.13957297801971436,,
2026-05-06,5,STX,0.3315652593492488,0.0089463220675944,long,0.02113664150238037,,
2026-05-06,6,AMD,0.330996038076362,0.0109343936381709,long,0.11440539360046387,,
2026-05-06,7,APA,0.3279012400119241,0.0129224652087475,long,-0.01876378059387207,,
2026-05-06,8,BLDR,0.3190647064911243,0.014910536779324,long,-0.025311708450317383,,
2026-05-06,9,DELL,0.3167320881135079,0.0168986083499005,long,0.13110685348510742,,
2026-05-06,10,ON,0.3067708237756971,0.0188866799204771,long,0.02574288845062256,,
2026-05-06,11,SNDK,0.3052044600800311,0.0208747514910536,long,0.1659601926803589,,
2026-05-06,12,WDC,0.3049774003181363,0.0228628230616302,long,0.0346834659576416,,
2026-05-06,13,IP,0.2997558159730589,0.0248508946322067,long,-0.0015115737915039062,,
2026-05-06,14,CNC,0.2842686507271268,0.0268389662027833,long,0.017824649810791016,,
2026-05-06,15,MPWR,0.2758654997169413,0.0288270377733598,long,0.015787243843078613,,
2026-05-06,16,SMCI,0.2727346070846987,0.0308151093439363,long,0.05205237865447998,,
2026-05-06,17,ANET,0.2621119114521119,0.0328031809145129,long,0.000141143798828125,,
2026-05-06,18,VRT,0.2424992123582856,0.0347912524850894,long,-0.0001176595687866211,,
2026-05-06,19,FIX,0.2424992123582856,0.036779324055666,long,0.005329489707946777,,
2026-05-06,20,MCHP,0.2421206769091718,0.0387673956262425,long,-0.024512767791748047,,
2026-05-06,21,CLX,0.2379641339254545,0.040755467196819,long,0.0005428791046142578,,
2026-05-06,22,HUM,0.2376936685491814,0.0427435387673956,long,0.11265778541564941,,
2026-05-06,23,TER,0.2370125558818024,0.0447316103379721,long,0.0159837007522583,,
2026-05-06,24,MU,0.2370125558818024,0.0467196819085487,long,0.15492630004882812,,
2026-05-06,25,PSKY,0.2282831834372689,0.0487077534791252,long,0.030669093132019043,,
2026-05-06,26,CVNA,0.2282455200128192,0.0506958250497017,long,-0.8051597476005554,,
2026-05-06,27,TXN,0.2249599810320726,0.0526838966202783,long,0.008974909782409668,,
2026-05-06,28,NXPI,0.2246456375320742,0.0546719681908548,long,0.015608787536621094,,
2026-05-06,29,CSGP,0.2231075293921345,0.0566600397614314,long,-0.06317895650863647,,
2026-05-06,30,UHS,0.2197024561724389,0.0586481113320079,long,-0.003517746925354004,,
2026-05-06,474,EVRG,-0.405916356889725,0.941351888667992,short,-0.011483192443847656,,
2026-05-06,475,ESS,-0.405916356889725,0.9433399602385686,short,-0.014287352561950684,,
2026-05-06,476,TGT,-0.405916356889725,0.9453280318091452,short,-0.005004763603210449,,
2026-05-06,477,TJX,-0.405916356889725,0.9473161033797216,short,-0.007250070571899414,,
2026-05-06,478,TRV,-0.405916356889725,0.9493041749502982,short,-0.0030106306076049805,,
2026-05-06,479,ETR,-0.405916356889725,0.9512922465208749,short,-0.0038385987281799316,,
2026-05-06,480,APD,-0.405916356889725,0.9532803180914512,short,0.0014238357543945312,,
2026-05-06,481,FITB,-0.405916356889725,0.955268389662028,short,-0.00684511661529541,,
2026-05-06,482,FOXA,-0.405916356889725,0.9572564612326044,short,0.003987908363342285,,
2026-05-06,483,FOX,-0.405916356889725,0.9592445328031808,short,0.0017699003219604492,,
2026-05-06,484,FRT,-0.405916356889725,0.9612326043737576,short,8.64267349243164e-05,,
2026-05-06,485,GL,-0.405916356889725,0.963220675944334,short,-0.00898653268814087,,
2026-05-06,486,WY,-0.405916356889725,0.9652087475149106,short,-0.007173001766204834,,
2026-05-06,487,WYNN,-0.405916356889725,0.967196819085487,short,-0.04145997762680054,,
2026-05-06,488,XEL,-0.405916356889725,0.9691848906560636,short,-0.012930512428283691,,
2026-05-06,489,FAST,-0.405916356889725,0.9711729622266402,short,-0.00428318977355957,,
2026-05-06,490,FE,-0.405916356889725,0.9731610337972167,short,-0.018596351146697998,,
2026-05-06,491,FIS,-0.405916356889725,0.9751491053677932,short,-0.07957667112350464,,
2026-05-06,492,AVB,-0.405916356889725,0.9771371769383698,short,-0.009203910827636719,,
2026-05-06,493,AWK,-0.405916356889725,0.9791252485089464,short,-0.00911247730255127,,
2026-05-06,494,AXP,-0.405916356889725,0.9811133200795228,short,-0.00834667682647705,,
2026-05-06,495,UDR,-0.405916356889725,0.9831013916500994,short,-0.0005415678024291992,,
2026-05-06,496,UNP,-0.405916356889725,0.985089463220676,short,-0.0009061098098754883,,
2026-05-06,497,USB,-0.405916356889725,0.9870775347912524,short,0.003977537155151367,,
2026-05-06,498,V,-0.405916356889725,0.989065606361829,short,-0.007750213146209717,,
2026-05-06,499,ALL,-0.405916356889725,0.9910536779324056,short,-0.0024336576461791992,,
2026-05-06,500,YUM,-0.405916356889725,0.993041749502982,short,-0.03370434045791626,,
2026-05-06,501,ACGL,-0.405916356889725,0.9950298210735586,short,-0.007617354393005371,,
2026-05-06,502,A,-0.405916356889725,0.9970178926441352,short,-0.025537312030792236,,
2026-05-06,503,ABBV,-0.405916356889725,0.9990059642147118,short,-0.005722463130950928,,
2026-05-07,1,WDC,0.2522749327689798,0.0009960159362549,long,,,
2026-05-07,2,AMD,0.2522749327689798,0.0029880478087649,long,,,
2026-05-07,3,APA,0.2522749327689798,0.0049800796812749,long,,,
2026-05-07,4,SMCI,0.2522749327689798,0.0069721115537848,long,,,
2026-05-07,5,STX,0.2522749327689798,0.0089641434262948,long,,,
2026-05-07,6,ON,0.2522749327689798,0.0109561752988047,long,,,
2026-05-07,7,NCLH,0.2522749327689798,0.0129482071713147,long,,,
2026-05-07,8,CIEN,0.2455362451147535,0.0149402390438247,long,,,
2026-05-07,9,BLDR,0.2455250844553394,0.0169322709163346,long,,,
2026-05-07,10,COHR,0.2455061808303794,0.0189243027888446,long,,,
2026-05-07,11,SNDK,0.2441094406316087,0.0209163346613545,long,,,
2026-05-07,12,DELL,0.2373707529773825,0.0229083665338645,long,,,
2026-05-07,13,IP,0.2328650905837401,0.0249003984063745,long,,,
2026-05-07,14,MPWR,0.2323829538657425,0.0268924302788844,long,,,
2026-05-07,15,ANET,0.2275099806404679,0.0288844621513944,long,,,
2026-05-07,16,NXPI,0.2263433150322713,0.0308764940239043,long,,,
2026-05-07,17,MU,0.2263433150322713,0.0328685258964143,long,,,
2026-05-07,18,INTC,0.2206915675590156,0.0348605577689243,long,,,
2026-05-07,19,GLW,0.2057914714233701,0.0368525896414342,long,,,
2026-05-07,20,BF.B,0.2057914714233701,0.0388446215139442,long,,,
2026-05-07,21,PWR,0.2057914714233701,0.0408366533864541,long,,,
2026-05-07,22,VRT,0.2057686687535313,0.0428286852589641,long,,,
2026-05-07,23,TER,0.2028731677998575,0.0448207171314741,long,,,
2026-05-07,24,FIX,0.2026939276857685,0.046812749003984,long,,,
2026-05-07,25,QCOM,0.20163070822863,0.048804780876494,long,,,
2026-05-07,26,HUM,0.20163070822863,0.0507968127490039,long,,,
2026-05-07,27,COIN,0.20163070822863,0.0527888446215139,long,,,
2026-05-07,28,GEV,0.2016079055587913,0.0547808764940239,long,,,
2026-05-07,29,JBL,0.2016079055587913,0.0567729083665338,long,,,
2026-05-07,30,PSKY,0.2008467498246747,0.0587649402390438,long,,,
2026-05-07,473,SO,-0.3061498518318833,0.9412350597609562,short,,,
2026-05-07,474,TMUS,-0.3061498518318833,0.9432270916334662,short,,,
2026-05-07,475,BIIB,-0.3061498518318833,0.945219123505976,short,,,
2026-05-07,476,BG,-0.3061498518318833,0.947211155378486,short,,,
2026-05-07,477,BRK.B,-0.3061498518318833,0.949203187250996,short,,,
2026-05-07,478,CB,-0.3061498518318833,0.951195219123506,short,,,
2026-05-07,479,STZ,-0.3061498518318833,0.953187250996016,short,,,
2026-05-07,480,CME,-0.3061498518318833,0.955179282868526,short,,,
2026-05-07,481,CL,-0.3061498518318833,0.957171314741036,short,,,
2026-05-07,482,TRV,-0.3061498518318833,0.959163346613546,short,,,
2026-05-07,483,TJX,-0.3061498518318833,0.9611553784860558,short,,,
2026-05-07,484,CINF,-0.3061498518318833,0.9631474103585658,short,,,
2026-05-07,485,BMY,-0.3061498518318833,0.9651394422310756,short,,,
2026-05-07,486,BLK,-0.3061498518318833,0.9671314741035856,short,,,
2026-05-07,487,ALL,-0.3061498518318833,0.9691235059760956,short,,,
2026-05-07,488,VICI,-0.3061498518318833,0.9711155378486056,short,,,
2026-05-07,489,APD,-0.3061498518318833,0.9731075697211156,short,,,
2026-05-07,490,AVB,-0.3061498518318833,0.9750996015936256,short,,,
2026-05-07,491,UDR,-0.3061498518318833,0.9770916334661356,short,,,
2026-05-07,492,UNP,-0.3061498518318833,0.9790836653386454,short,,,
2026-05-07,493,USB,-0.3061498518318833,0.9810756972111554,short,,,
2026-05-07,494,V,-0.3061498518318833,0.9830677290836654,short,,,
2026-05-07,495,TXT,-0.3061498518318833,0.9850597609561752,short,,,
2026-05-07,496,AMT,-0.3061498518318833,0.9870517928286852,short,,,
2026-05-07,497,VZ,-0.3061498518318833,0.9890438247011952,short,,,
2026-05-07,498,VTR,-0.3061498518318833,0.9910358565737052,short,,,
2026-05-07,499,WBD,-0.3061498518318833,0.9930278884462151,short,,,
2026-05-07,500,WEC,-0.3061498518318833,0.9950199203187252,short,,,
2026-05-07,501,AAPL,-0.3061498518318833,0.9970119521912352,short,,,
2026-05-07,502,A,-0.3061498518318833,0.999003984063745,short,,,
2026-05-08,1,COHR,0.3289616898756885,0.0009960159362549,long,,,
2026-05-08,2,STX,0.3242819320156354,0.0029880478087649,long,,,
2026-05-08,3,CIEN,0.3219587089431646,0.0049800796812749,long,,,
2026-05-08,4,CNC,0.3218692755562597,0.0069721115537848,long,,,
2026-05-08,5,SMCI,0.3217662093341766,0.0089641434262948,long,,,
2026-05-08,6,INTC,0.3215940516906664,0.0109561752988047,long,,,
2026-05-08,7,AMD,0.315004662413141,0.0129482071713147,long,,,
2026-05-08,8,DELL,0.3008183986520194,0.0149402390438247,long,,,
2026-05-08,9,MU,0.3008136913116059,0.0169322709163346,long,,,
2026-05-08,10,MCHP,0.2971270150002625,0.0189243027888446,long,,,
2026-05-08,11,BLDR,0.2954131970335757,0.0209163346613545,long,,,
2026-05-08,12,NCLH,0.2912656816261771,0.0229083665338645,long,,,
2026-05-08,13,SNDK,0.2821369118300508,0.0249003984063745,long,,,
2026-05-08,14,APA,0.2762619993629889,0.0268924302788844,long,,,
2026-05-08,15,GLW,0.2427122531342924,0.0288844621513944,long,,,
2026-05-08,16,LITE,0.2336747044982496,0.0308764940239043,long,,,
2026-05-08,17,CVNA,0.2336699381486457,0.0328685258964143,long,,,
2026-05-08,18,ANET,0.2281271438024668,0.0348605577689243,long,,,
2026-05-08,19,HUM,0.2273873950207411,0.0368525896414342,long,,,
2026-05-08,20,PSKY,0.2266738185006693,0.0388446215139442,long,,,
2026-05-08,21,HPE,0.226334496406262,0.0408366533864541,long,,,
2026-05-08,22,TER,0.2260600071856174,0.0428286852589641,long,,,
2026-05-08,23,QCOM,0.2216082538991902,0.0448207171314741,long,,,
2026-05-08,24,GEV,0.2167136879390303,0.046812749003984,long,,,
2026-05-08,25,POOL,0.21523736542205,0.048804780876494,long,,,
2026-05-08,26,CHTR,0.2082240268261483,0.0507968127490039,long,,,
2026-05-08,27,VRT,0.1891136804014334,0.0527888446215139,long,,,
2026-05-08,28,EPAM,0.1847266006448854,0.0547808764940239,long,,,
2026-05-08,29,BF.B,0.1824717741542923,0.0567729083665338,long,,,
2026-05-08,30,CSGP,0.1804981338519848,0.0587649402390438,long,,,
2026-05-08,473,FTV,-0.4037523748467371,0.9412350597609562,short,,,
2026-05-08,474,FRT,-0.4037523748467371,0.9432270916334662,short,,,
2026-05-08,475,FOX,-0.4037523748467371,0.945219123505976,short,,,
2026-05-08,476,FOXA,-0.4037523748467371,0.947211155378486,short,,,
2026-05-08,477,TJX,-0.4037523748467371,0.949203187250996,short,,,
2026-05-08,478,TFC,-0.4037523748467371,0.951195219123506,short,,,
2026-05-08,479,AWK,-0.4037523748467371,0.953187250996016,short,,,
2026-05-08,480,AVB,-0.4037523748467371,0.955179282868526,short,,,
2026-05-08,481,FITB,-0.4037523748467371,0.957171314741036,short,,,
2026-05-08,482,HAS,-0.4037523748467371,0.959163346613546,short,,,
2026-05-08,483,APD,-0.4037523748467371,0.9611553784860558,short,,,
2026-05-08,484,ATO,-0.4037523748467371,0.9631474103585658,short,,,
2026-05-08,485,TRGP,-0.4037523748467371,0.9651394422310756,short,,,
2026-05-08,486,TRV,-0.4037523748467371,0.9671314741035856,short,,,
2026-05-08,487,EVRG,-0.4037523748467371,0.9691235059760956,short,,,
2026-05-08,488,ESS,-0.4037523748467371,0.9711155378486056,short,,,
2026-05-08,489,EQR,-0.4037523748467371,0.9731075697211156,short,,,
2026-05-08,490,EQIX,-0.4037523748467371,0.9750996015936256,short,,,
2026-05-08,491,AXP,-0.4037523748467371,0.9770916334661356,short,,,
2026-05-08,492,XEL,-0.4037523748467371,0.9790836653386454,short,,,
2026-05-08,493,FAST,-0.4037523748467371,0.9810756972111554,short,,,
2026-05-08,494,EXR,-0.4037523748467371,0.9830677290836654,short,,,
2026-05-08,495,TXT,-0.4037523748467371,0.9850597609561752,short,,,
2026-05-08,496,UDR,-0.4037523748467371,0.9870517928286852,short,,,
2026-05-08,497,USB,-0.4037523748467371,0.9890438247011952,short,,,
2026-05-08,498,UNP,-0.4037523748467371,0.9910358565737052,short,,,
2026-05-08,499,V,-0.4037523748467371,0.9930278884462151,short,,,
2026-05-08,500,VICI,-0.4037523748467371,0.9950199203187252,short,,,
2026-05-08,501,ALL,-0.4037523748467371,0.9970119521912352,short,,,
2026-05-08,502,ACGL,-0.4037523748467371,0.999003984063745,short,,,
